{"Point T0-335-26072019155110-GenNb1": {"Lambda": -0.07900000000000001, "Kappa": 0.9536, "tanBeta": 9.858249999999998, "mBottom": 9.661084999999998, "ChiSquared": null, "LogL": null, "testCalc": 14.237610699999998, "extTest": {"res1": 813.7920985301016, "res2": 662257.5796300266}}, "Point T0-930-26072019155106-GenNb0": {"Lambda": 0.0562, "Kappa": 0.5089, "tanBeta": 14.2874, "mBottom": 14.001652, "ChiSquared": null, "LogL": null, "testCalc": 14.2748423, "extTest": {"res1": 165.38237215807453, "res2": 27351.329020631867}}, "Point T0-760-26072019155111-GenNb1": {"Lambda": 0.3513, "Kappa": 0.4547, "tanBeta": 7.8632124999999995, "mBottom": 7.70594825, "ChiSquared": null, "LogL": null, "testCalc": 7.5517885387499994, "extTest": {"res1": 3482.4139433374125, "res2": 12127206.872750828}}, "Point T1-222-26072019153828": {"Lambda": 0.5844, "Kappa": 0.7007, "tanBeta": 12.6636, "mBottom": 12.410328, "ChiSquared": null, "LogL": null, "testCalc": 15.42007188, "extTest": {"res1": -173.7053210376819, "res2": 30173.538556804135}}, "Point T0-951-26072019155107-GenNb0": {"Lambda": 0.6566000000000001, "Kappa": 0.6376499999999999, "tanBeta": 6.263275, "mBottom": 6.1380095, "ChiSquared": null, "LogL": null, "testCalc": 7.49390561375, "extTest": {"res1": 25.12963516334438, "res2": 631.4985634427942}}, "Point T4-490-26072019153835-GenNb1": {"Lambda": 0.7342, "Kappa": 0.76365, "tanBeta": 28.751749999999998, "mBottom": 28.176714999999998, "ChiSquared": null, "LogL": null, "testCalc": 36.5836810275, "extTest": {"res1": -649.3846274222844, "res2": 421700.39433237916}}, "Point T0-408-26072019155112-GenNb1": {"Lambda": 0.1417, "Kappa": 0.3071, "tanBeta": 18.205699999999997, "mBottom": 17.841585999999996, "ChiSquared": null, "LogL": null, "testCalc": 14.531842359999997, "extTest": {"res1": 12804.035215874881, "res2": 163943317.8093641}}, "Point T0-949-26072019155112-GenNb1": {"Lambda": 0.4567, "Kappa": 0.0209, "tanBeta": 15.909675, "mBottom": 15.5914815, "ChiSquared": null, "LogL": null, "testCalc": 8.3368278475, "extTest": {"res1": 401.09605031270604, "res2": 160878.04157645282}}, "Point T3-596-26072019153835-GenNb1": {"Lambda": 0.2006, "Kappa": 0.3828, "tanBeta": 16.989649999999997, "mBottom": 16.649856999999997, "ChiSquared": null, "LogL": null, "testCalc": 14.868806879999998, "extTest": {"res1": -1488.529678976021, "res2": 2215720.605192456}}, "Point T0-412-26072019155112-GenNb1": {"Lambda": 0.1379, "Kappa": 0.09727499999999997, "tanBeta": 14.96975, "mBottom": 14.670354999999999, "ChiSquared": null, "LogL": null, "testCalc": 8.810376341249999, "extTest": {"res1": -260.68132731103793, "res2": 67954.7544086445}}, "Point T5-503-26072019153827": {"Lambda": 0.6971, "Kappa": 0.133, "tanBeta": 36.7007, "mBottom": 35.966685999999996, "ChiSquared": null, "LogL": null, "testCalc": 23.350484509999998, "extTest": {"res1": -4346.923457021933, "res2": 18895743.541207515}}, "Point T0-913-26072019155113-GenNb1": {"Lambda": -0.17875000000000002, "Kappa": 0.2877, "tanBeta": 7.427150000000001, "mBottom": 7.278607000000001, "ChiSquared": null, "LogL": null, "testCalc": 5.808046117500001, "extTest": {"res1": 129.06028938573732, "res2": 16656.558296330262}}, "Point T0-304-26072019155110-GenNb0": {"Lambda": 0.8606, "Kappa": 0.7322500000000001, "tanBeta": 23.609524999999998, "mBottom": 23.137334499999998, "ChiSquared": null, "LogL": null, "testCalc": 29.59737429125, "extTest": {"res1": 833.0796629077099, "res2": 694021.7247504236}}}