{"Point T1-226-26072019153827": {"Lambda": 0.0493, "Kappa": 0.6147, "tanBeta": 24.2679, "mBottom": 23.782542, "ChiSquared": null, "LogL": null, "testCalc": 26.81117962, "extTest": {"res1": -29842.399802674427, "res2": 890568825.9826627}}, "Point T6-594-26072019153834-GenNb1": {"Lambda": 0.8702, "Kappa": 0.7385, "tanBeta": 17.069674999999997, "mBottom": 16.728281499999998, "ChiSquared": null, "LogL": null, "testCalc": 21.727343777499996, "extTest": {"res1": -2043.1035807380981, "res2": 4174272.241624838}}, "Point T6-163-26072019153833-GenNb0": {"Lambda": 0.2291, "Kappa": 0.4654, "tanBeta": 9.60075, "mBottom": 9.408735, "ChiSquared": null, "LogL": null, "testCalc": 9.22504336, "extTest": {"res1": 93.06181294115983, "res2": 8660.501027895423}}, "Point T2-847-26072019153827": {"Lambda": 0.4426, "Kappa": 0.443, "tanBeta": 22.5457, "mBottom": 22.094786, "ChiSquared": null, "LogL": null, "testCalc": 21.23103286, "extTest": {"res1": 390.5613793208716, "res2": 152538.19101702175}}, "Point T5-750-26072019153825": {"Lambda": 0.8402, "Kappa": 0.0969, "tanBeta": 26.2972, "mBottom": 25.771256, "ChiSquared": null, "LogL": null, "testCalc": 16.13976272, "extTest": {"res1": 626.8377837571309, "res2": 392925.60714555153}}, "Point T4-146-26072019153836-GenNb1": {"Lambda": 0.1497, "Kappa": 0.026399999999999924, "tanBeta": 13.941400000000002, "mBottom": 13.662572, "ChiSquared": null, "LogL": null, "testCalc": 7.22174905, "extTest": {"res1": 203.6409622952289, "res2": 41469.641524526836}}, "Point T5-444-26072019155111-GenNb1": {"Lambda": 0.996, "Kappa": 0.8723, "tanBeta": 24.110225, "mBottom": 23.628020499999998, "ChiSquared": null, "LogL": null, "testCalc": 33.83737551749999, "extTest": {"res1": 763.6498638043279, "res2": 583161.1144883685}}, "Point T5-21-26072019155115-GenNb2": {"Lambda": 0.0802, "Kappa": 0.40354999999999996, "tanBeta": 21.89235, "mBottom": 21.454503, "ChiSquared": null, "LogL": null, "testCalc": 19.568341382499998, "extTest": {"res1": 1657.6726071079822, "res2": 2747878.4723561746}}, "Point T5-533-26072019155112-GenNb1": {"Lambda": 0.0779, "Kappa": 0.7938, "tanBeta": 14.6691, "mBottom": 14.375717999999999, "ChiSquared": null, "LogL": null, "testCalc": 18.83825899, "extTest": {"res1": 340.4342604089213, "res2": 115895.48566016926}}, "Point T5-46-26072019153826": {"Lambda": 0.8614, "Kappa": 0.0898, "tanBeta": 29.964, "mBottom": 29.36472, "ChiSquared": null, "LogL": null, "testCalc": 18.11513716, "extTest": {"res1": 689.6896232309642, "res2": 475671.7763924694}}, "Point T2-164-26072019153834-GenNb0": {"Lambda": 0.49134999999999995, "Kappa": 0.1805, "tanBeta": 23.4788, "mBottom": 23.009224, "ChiSquared": null, "LogL": null, "testCalc": 15.983960222499999, "extTest": {"res1": 1628.915747868932, "res2": 2653366.5136554018}}, "Point T5-657-26072019155113-GenNb1": {"Lambda": 0.0925, "Kappa": 0.1953, "tanBeta": 24.664624999999997, "mBottom": 24.1713325, "ChiSquared": null, "LogL": null, "testCalc": 16.9112237625, "extTest": {"res1": 3156.461449256875, "res2": 9963248.880644811}}}