{"Point T6-493-26072019155110-GenNb1": {"Lambda": 0.7779, "Kappa": 0.40895, "tanBeta": 16.163137499999998, "mBottom": 15.839874749999998, "ChiSquared": null, "LogL": null, "testCalc": 15.134980865624998, "extTest": {"res1": 390.17669437031105, "res2": 152237.85282974312}}, "Point T6-537-26072019155114-GenNb2": {"Lambda": 0.6319, "Kappa": 0.5185, "tanBeta": 1.3716749999999998, "mBottom": 1.3442414999999996, "ChiSquared": null, "LogL": null, "testCalc": 1.7826318474999996, "extTest": {"res1": -4.073370891996017, "res2": 16.59235042376043}}, "Point T6-49-26072019153833-GenNb0": {"Lambda": 0.9824, "Kappa": 0.1492, "tanBeta": 17.81835, "mBottom": 17.461983, "ChiSquared": null, "LogL": null, "testCalc": 12.35459908, "extTest": {"res1": -342.98598269011916, "res2": 117639.38432190672}}, "Point T5-865-26072019153834-GenNb1": {"Lambda": 0.1114, "Kappa": 0.022300000000000014, "tanBeta": 6.0867, "mBottom": 5.964966, "ChiSquared": null, "LogL": null, "testCalc": 3.1306263700000003, "extTest": {"res1": 177.42916617351736, "res2": 31481.10900902964}}, "Point T6-615-26072019155107-GenNb0": {"Lambda": -0.07435000000000003, "Kappa": 0.0792, "tanBeta": 6.986799999999999, "mBottom": 6.847063999999999, "ChiSquared": null, "LogL": null, "testCalc": 3.9824144824999994, "extTest": {"res1": 31.02521888307217, "res2": 962.564206742538}}, "Point T4-28-26072019153837-GenNb1": {"Lambda": 0.5174, "Kappa": 0.555, "tanBeta": 1.5217500000000008, "mBottom": 1.4913150000000008, "ChiSquared": null, "LogL": null, "testCalc": 1.8579315100000011, "extTest": {"res1": 7.531319777692693, "res2": 56.720777593865115}}, "Point T6-731-26072019153827": {"Lambda": 0.9146, "Kappa": 0.279, "tanBeta": 19.5146, "mBottom": 19.124308000000003, "ChiSquared": null, "LogL": null, "testCalc": 15.843220560000002, "extTest": {"res1": -1232.9978102146574, "res2": 1520283.5999941404}}, "Point T6-397-26072019155116-GenNb2": {"Lambda": 0.44615, "Kappa": 0.6656, "tanBeta": 14.50621875, "mBottom": 14.216094375, "ChiSquared": null, "LogL": null, "testCalc": 16.96243621, "extTest": {"res1": 728.094037634456, "res2": 530120.9276388446}}, "Point T2-771-26072019153828": {"Lambda": 0.0743, "Kappa": 0.7587, "tanBeta": 12.9523, "mBottom": 12.693254, "ChiSquared": null, "LogL": null, "testCalc": 16.1790575, "extTest": {"res1": -181.5268105659189, "res2": 32951.982954235005}}, "Point T5-385-26072019153827": {"Lambda": 0.8392, "Kappa": 0.4856, "tanBeta": 29.6643, "mBottom": 29.071014, "ChiSquared": null, "LogL": null, "testCalc": 29.64474772, "extTest": {"res1": -44591.56214271169, "res2": 1988407414.3273187}}, "Point T5-399-26072019153829": {"Lambda": 0.4199, "Kappa": 0.7711, "tanBeta": 39.4844, "mBottom": 38.694712, "ChiSquared": null, "LogL": null, "testCalc": 49.97009285, "extTest": {"res1": -10930.68488320404, "res2": 119479872.0159053}}, "Point T6-490-26072019155110-GenNb0": {"Lambda": 0.4064, "Kappa": 0.8189, "tanBeta": 24.439375, "mBottom": 23.950587499999997, "ChiSquared": null, "LogL": null, "testCalc": 32.153858897499994, "extTest": {"res1": 721.1125580892126, "res2": 520003.321433968}}}