{"Point T2-72-26072019155110-GenNb1": {"Lambda": 0.0427, "Kappa": 0.0636, "tanBeta": 2.5092499999999998, "mBottom": 2.459065, "ChiSquared": null, "LogL": null, "testCalc": 1.3909440899999999, "extTest": {"res1": 52.76016957571637, "res2": 2783.635493658347}}, "Point T2-644-26072019155114-GenNb2": {"Lambda": 0.2007, "Kappa": 0.4038, "tanBeta": 5.340625000000001, "mBottom": 5.233812500000001, "ChiSquared": null, "LogL": null, "testCalc": 4.813731115, "extTest": {"res1": 47.22831605810182, "res2": 2230.513837683958}}, "Point T2-263-26072019155114-GenNb2": {"Lambda": 0.1648, "Kappa": 0.7345, "tanBeta": 11.85715, "mBottom": 11.620007000000001, "ChiSquared": null, "LogL": null, "testCalc": 14.546239215, "extTest": {"res1": 399.311079855403, "res2": 159449.33849528804}}, "Point T5-743-26072019153831-GenNb0": {"Lambda": 0.5598, "Kappa": 0.0951, "tanBeta": 13.962650000000002, "mBottom": 13.683397000000001, "ChiSquared": null, "LogL": null, "testCalc": 8.482922555, "extTest": {"res1": 176.7706337021945, "res2": 31247.856939475416}}, "Point T0-295-26072019153828": {"Lambda": 0.6374, "Kappa": 0.0916, "tanBeta": 34.3213, "mBottom": 33.634874, "ChiSquared": null, "LogL": null, "testCalc": 20.367546840000003, "extTest": {"res1": 990.4060870065953, "res2": 980904.2171797155}}, "Point T7-652-26072019153827": {"Lambda": 0.8454, "Kappa": 0.4513, "tanBeta": 28.8272, "mBottom": 28.250656, "ChiSquared": null, "LogL": null, "testCalc": 27.84974452, "extTest": {"res1": 4850.385604958347, "res2": 23526240.516787153}}, "Point T5-323-26072019153826": {"Lambda": 0.1624, "Kappa": 0.3132, "tanBeta": 24.5724, "mBottom": 24.080951999999996, "ChiSquared": null, "LogL": null, "testCalc": 19.762925439999997, "extTest": {"res1": -1473.61713556555, "res2": 2171547.4622324165}}, "Point T4-410-26072019153828": {"Lambda": 0.7384, "Kappa": 0.9348, "tanBeta": 33.8057, "mBottom": 33.129586, "ChiSquared": null, "LogL": null, "testCalc": 48.71159592000001, "extTest": {"res1": -1033.950314523192, "res2": 1069053.2529026077}}, "Point T3-295-26072019153827": {"Lambda": 0.5222, "Kappa": 0.457, "tanBeta": 23.4169, "mBottom": 22.948562, "ChiSquared": null, "LogL": null, "testCalc": 22.44849714, "extTest": {"res1": 421.37171400368686, "res2": 177554.12136240487}}, "Point T2-670-26072019155112-GenNb1": {"Lambda": 0.2035, "Kappa": 0.0106, "tanBeta": 6.313975, "mBottom": 6.1876955, "ChiSquared": null, "LogL": null, "testCalc": 3.202188135, "extTest": {"res1": -46.16273100768801, "res2": 2130.99773408816}}, "Point T2-891-26072019153833-GenNb0": {"Lambda": 0.9269, "Kappa": 0.95505, "tanBeta": 28.658549999999998, "mBottom": 28.085378999999996, "ChiSquared": null, "LogL": null, "testCalc": 42.2721812875, "extTest": {"res1": 756.3187388435605, "res2": 572018.0347259139}}, "Point T4-586-26072019153826": {"Lambda": 0.7712, "Kappa": 0.808, "tanBeta": 10.8989, "mBottom": 10.680921999999999, "ChiSquared": null, "LogL": null, "testCalc": 14.741521639999998, "extTest": {"res1": 92.54949435895794, "res2": 8565.408906098788}}, "Point T2-318-26072019155110-GenNb0": {"Lambda": 0.1636, "Kappa": 0.3694, "tanBeta": 16.73995, "mBottom": 16.405151, "ChiSquared": null, "LogL": null, "testCalc": 14.41307799, "extTest": {"res1": 418.9514925483492, "res2": 175520.3531084895}}}