{"Point T4-882-26072019155109-GenNb1": {"Lambda": 0.2993, "Kappa": 0.25120000000000003, "tanBeta": 8.59635, "mBottom": 8.424422999999999, "ChiSquared": null, "LogL": null, "testCalc": 6.46119511, "extTest": {"res1": 110.44267812378699, "res2": 12197.585151154417}}, "Point T4-304-26072019153829": {"Lambda": 0.9105, "Kappa": 0.8373, "tanBeta": 16.2136, "mBottom": 15.889327999999999, "ChiSquared": null, "LogL": null, "testCalc": 22.349321529999997, "extTest": {"res1": -30944.046404519402, "res2": 957534007.8850502}}, "Point T6-659-26072019153832-GenNb0": {"Lambda": 0.428, "Kappa": 0.8407, "tanBeta": 14.137450000000001, "mBottom": 13.854701, "ChiSquared": null, "LogL": null, "testCalc": 18.995888715, "extTest": {"res1": 1167.5684192124788, "res2": 1363216.0135423266}}, "Point T3-613-26072019153827": {"Lambda": 0.03, "Kappa": 0.2469, "tanBeta": 10.5981, "mBottom": 10.386138, "ChiSquared": null, "LogL": null, "testCalc": 7.810639890000001, "extTest": {"res1": 131.21481802028978, "res2": 17217.328468097763}}, "Point T4-626-26072019155108-GenNb0": {"Lambda": 0.5173, "Kappa": 0.9266, "tanBeta": 10.18865, "mBottom": 9.984877000000001, "ChiSquared": null, "LogL": null, "testCalc": 14.700840880000001, "extTest": {"res1": 66.79776471256612, "res2": 4461.941370595344}}, "Point T5-920-26072019153828": {"Lambda": 0.6357, "Kappa": 0.6966, "tanBeta": 10.5217, "mBottom": 10.311266, "ChiSquared": null, "LogL": null, "testCalc": 12.88916371, "extTest": {"res1": 646.55765630904, "res2": 418036.80293183867}}, "Point T7-472-26072019153827": {"Lambda": 0.0496, "Kappa": 0.9034, "tanBeta": 14.2392, "mBottom": 13.954416, "ChiSquared": null, "LogL": null, "testCalc": 19.84336144, "extTest": {"res1": 156.76898587770327, "res2": 24576.51493312353}}, "Point T0-344-26072019153829": {"Lambda": 0.2681, "Kappa": 0.3631, "tanBeta": 25.2183, "mBottom": 24.713934, "ChiSquared": null, "LogL": null, "testCalc": 21.585609339999998, "extTest": {"res1": 1878.7560605582566, "res2": 3529724.3350843797}}, "Point T4-302-26072019153827": {"Lambda": 0.7796, "Kappa": 0.0141, "tanBeta": 13.0987, "mBottom": 12.836725999999999, "ChiSquared": null, "LogL": null, "testCalc": 7.21083083, "extTest": {"res1": 144.69596556841807, "res2": 20936.92245177683}}, "Point T3-328-26072019153826": {"Lambda": 0.0811, "Kappa": 0.2578, "tanBeta": 12.4164, "mBottom": 12.168071999999999, "ChiSquared": null, "LogL": null, "testCalc": 9.291561129999998, "extTest": {"res1": 139.5529511281912, "res2": 19475.026168587323}}, "Point T4-265-26072019155115-GenNb2": {"Lambda": 0.14655, "Kappa": 0.6694, "tanBeta": 13.973849999999999, "mBottom": 13.694372999999999, "ChiSquared": null, "LogL": null, "testCalc": 16.2227585925, "extTest": {"res1": 207.2357218170608, "res2": 42946.64439703821}}, "Point T4-291-26072019155116-GenNb2": {"Lambda": 0.836, "Kappa": -0.035999999999999976, "tanBeta": 22.460924999999996, "mBottom": 22.011706499999995, "ChiSquared": null, "LogL": null, "testCalc": 10.896155949999997, "extTest": {"res1": -226.27764554489704, "res2": 51201.57287334206}}}