{"Point T3-488-26072019155106-GenNb0": {"Lambda": 0.2811, "Kappa": 0.7238, "tanBeta": 16.38005, "mBottom": 16.052449, "ChiSquared": null, "LogL": null, "testCalc": 19.961121900000002, "extTest": {"res1": 161.66025258247797, "res2": 26134.037265030573}}, "Point T0-16-26072019153828": {"Lambda": 0.0383, "Kappa": 0.5531, "tanBeta": 27.7461, "mBottom": 27.191177999999997, "ChiSquared": null, "LogL": null, "testCalc": 28.943423799999998, "extTest": {"res1": -697.8351413945429, "res2": 486973.8845651417}}, "Point T6-884-26072019153832-GenNb0": {"Lambda": 0.1369, "Kappa": 0.9554, "tanBeta": 17.6253, "mBottom": 17.272793999999998, "ChiSquared": null, "LogL": null, "testCalc": 25.49435023, "extTest": {"res1": -1009.6936197837981, "res2": 1019481.2058321091}}, "Point T0-996-26072019153826": {"Lambda": 0.002, "Kappa": 0.1584, "tanBeta": 31.8059, "mBottom": 31.169782, "ChiSquared": null, "LogL": null, "testCalc": 20.622949560000002, "extTest": {"res1": 1190.9225044382836, "res2": 1418296.4115775535}}, "Point T2-872-26072019153828": {"Lambda": 0.3868, "Kappa": 0.3705, "tanBeta": 24.0975, "mBottom": 23.61555, "ChiSquared": null, "LogL": null, "testCalc": 20.88551299, "extTest": {"res1": 1715.5391213581588, "res2": 2943074.4769103234}}, "Point T3-679-26072019155114-GenNb2": {"Lambda": 0.1895, "Kappa": 0.9173, "tanBeta": 12.0887375, "mBottom": 11.846962750000001, "ChiSquared": null, "LogL": null, "testCalc": 17.048390533750002, "extTest": {"res1": 505.8279955992248, "res2": 255861.96113192936}}, "Point T7-4-26072019153831-GenNb0": {"Lambda": 0.66, "Kappa": 0.9371, "tanBeta": 4.9894, "mBottom": 4.889612, "ChiSquared": null, "LogL": null, "testCalc": 7.55597274, "extTest": {"res1": 15.538346854727159, "res2": 241.44022297780938}}, "Point T5-718-26072019153828": {"Lambda": 0.2599, "Kappa": 0.9328, "tanBeta": 19.7406, "mBottom": 19.345788, "ChiSquared": null, "LogL": null, "testCalc": 28.15447369, "extTest": {"res1": 1149.5453440802753, "res2": 1321454.4980966386}}, "Point T3-506-26072019153827": {"Lambda": 0.4799, "Kappa": 0.2122, "tanBeta": 20.8626, "mBottom": 20.445348, "ChiSquared": null, "LogL": null, "testCalc": 14.88002173, "extTest": {"res1": -22056.752898597108, "res2": 486500348.4297719}}, "Point T2-662-26072019153835-GenNb1": {"Lambda": 0.9315, "Kappa": 0.929, "tanBeta": 4.972900000000001, "mBottom": 4.873442000000001, "ChiSquared": null, "LogL": null, "testCalc": 7.924237350000002, "extTest": {"res1": -2907.511384277842, "res2": 8453622.449705252}}, "Point T3-816-26072019155109-GenNb0": {"Lambda": 0.1182, "Kappa": 0.9724, "tanBeta": 5.541925000000001, "mBottom": 5.431086500000001, "ChiSquared": null, "LogL": null, "testCalc": 8.118482360000002, "extTest": {"res1": -108.2865619465021, "res2": 11725.979498193637}}, "Point T1-249-26072019153836-GenNb1": {"Lambda": 0.7657, "Kappa": 0.3041, "tanBeta": 20.87865, "mBottom": 20.461077, "ChiSquared": null, "LogL": null, "testCalc": 17.166032455, "extTest": {"res1": 2087.1143745054765, "res2": 4356046.412267386}}, "Point T3-656-26072019155116-GenNb2": {"Lambda": 0.2739, "Kappa": 0.2328, "tanBeta": 21.9899, "mBottom": 21.550102, "ChiSquared": null, "LogL": null, "testCalc": 15.969320929999999, "extTest": {"res1": -204.32880856381118, "res2": 41750.2620091066}}}