{"Point T1-557-07082019113451-GenNb0": {"Lambda": 0.5061, "Kappa": 0.5651, "tanBeta": 24.086266000000002, "mBottom": 23.604540680000003, "ChiSquared": null, "LogL": null, "testCalc": 25.669556466600007, "extTest": {"res1": 1938.491225887084, "res2": 3757748.23284121}},"Point T1-421-07082019113453-GenNb0": {"Lambda": 0.7845, "Kappa": 0.661292, "tanBeta": 8.838035999999999, "mBottom": 8.661275279999998, "ChiSquared": null, "LogL": null, "testCalc": 10.790600392511998, "extTest": {"res1": 40.47141264775456, "res2": 1637.9352417048278}},"Point T1-936-07082019113454-GenNb0": {"Lambda": 0.2082, "Kappa": 0.6015, "tanBeta": 20.537318, "mBottom": 20.126571639999998, "ChiSquared": null, "LogL": null, "testCalc": 22.459829837, "extTest": {"res1": -383.11055789836905, "res2": 146773.69957319958}},"Point T1-302-07082019113455-GenNb0": {"Lambda": 0.363806, "Kappa": 0.192, "tanBeta": 17.452598000000002, "mBottom": 17.10354604, "ChiSquared": null, "LogL": null, "testCalc": 12.035026641636001, "extTest": {"res1": 430.10400217764135, "res2": 184989.4526892245}},"Point T1-70-07082019113456-GenNb1": {"Lambda": 0.5061, "Kappa": 0.5651, "tanBeta": 21.7373682, "mBottom": 21.302620836, "ChiSquared": null, "LogL": null, "testCalc": 23.19123439782, "extTest": {"res1": -334.5622752129507, "res2": 111931.91599566616}},"Point T1-767-07082019113456-GenNb1": {"Lambda": 0.3071, "Kappa": 0.0209, "tanBeta": 19.234135560000002, "mBottom": 18.849452848800002, "ChiSquared": null, "LogL": null, "testCalc": 9.921030267604001, "extTest": {"res1": 5156.405142573308, "res2": 26588513.994356453}},"Point T1-362-07082019113457-GenNb1": {"Lambda": 0.1763, "Kappa": 0.716996, "tanBeta": 1.4318459999999993, "mBottom": 1.4032090799999992, "ChiSquared": null, "LogL": null, "testCalc": 1.7593140846159991, "extTest": {"res1": -4.275438542096202, "res2": 18.2793747272417}},"Point T1-814-07082019113457-GenNb1": {"Lambda": 0.5787, "Kappa": 0.203054, "tanBeta": 5.85866268, "mBottom": 5.7414894264, "ChiSquared": null, "LogL": null, "testCalc": 4.39526329502472, "extTest": {"res1": -253.58050909190663, "res2": 64303.07459131054}},"Point T1-801-07082019113459-GenNb2": {"Lambda": 0.5061, "Kappa": 0.5651, "tanBeta": 8.687056199999997, "mBottom": 8.513315075999998, "ChiSquared": null, "LogL": null, "testCalc": 9.421850206619997, "extTest": {"res1": -99.25768211211542, "res2": 9852.087458269758}},"Point T1-891-07082019113501-GenNb2": {"Lambda": 0.4073, "Kappa": 0.30626999999999993, "tanBeta": 18.518704000000003, "mBottom": 18.148329920000002, "ChiSquared": null, "LogL": null, "testCalc": 14.91178172408, "extTest": {"res1": -144.98230656699482, "res2": 21019.86921748607}},"Point T1-915-07082019113502-GenNb3": {"Lambda": 0.45928476272008073, "Kappa": 0.4767530676069721, "tanBeta": 13.45213374829044, "mBottom": 13.183091073324631, "ChiSquared": null, "LogL": null, "testCalc": 13.2158340602859, "extTest": {"res1": 315.34627344919045, "res2": 99443.27217829159}},"Point T1-459-07082019113503-GenNb3": {"Lambda": 0.3071, "Kappa": 0.0209, "tanBeta": 1.7415875687999964, "mBottom": 1.7067558174239965, "ChiSquared": null, "LogL": null, "testCalc": 0.9840874988999181, "extTest": {"res1": -6.703432016990825, "res2": 44.93600080641768}},"Point T1-561-07082019113504-GenNb3": {"Lambda": 0.638891552520606, "Kappa": 0.7283548888366586, "tanBeta": 5.634822254218729, "mBottom": 5.522125809134355, "ChiSquared": null, "LogL": null, "testCalc": 7.27339565703518, "extTest": {"res1": -34.50883261263903, "res2": 1190.8595282871393}},"Point T1-202-07082019113506-GenNb4": {"Lambda": 0.26957704199567045, "Kappa": -0.10626428900537238, "tanBeta": 7.920986916771188, "mBottom": 7.762567178435764, "ChiSquared": null, "LogL": null, "testCalc": 3.1122373278574704, "extTest": {"res1": -154.03743287067903, "res2": 23727.530725388948}},"Point T1-408-07082019113508-GenNb4": {"Lambda": 0.4073, "Kappa": 0.840962, "tanBeta": 6.096937879999999, "mBottom": 5.974999122399999, "ChiSquared": null, "LogL": null, "testCalc": 8.280685924640558, "extTest": {"res1": -335.71303648022763, "res2": 112703.24286277464}},"Point T1-674-07082019113509-GenNb4": {"Lambda": 0.363806, "Kappa": 0.30277199999999993, "tanBeta": 15.483822908000002, "mBottom": 15.174146449840002, "ChiSquared": null, "LogL": null, "testCalc": 12.407496060056976, "extTest": {"res1": 167.47465518424127, "res2": 28047.76012908051}},"Point T1-591-07082019113509-GenNb4": {"Lambda": 0.72, "Kappa": 0.904968, "tanBeta": 17.506767091999997, "mBottom": 17.156631750159995, "ChiSquared": null, "LogL": null, "testCalc": 24.93977987679305, "extTest": {"res1": -164.0991555099293, "res2": 26928.532839071955}},"Point T1-710-07082019113509-GenNb5": {"Lambda": 0.26957704199567045, "Kappa": -0.06771363992915935, "tanBeta": 2.835201891691315, "mBottom": 2.778497853857489, "ChiSquared": null, "LogL": null, "testCalc": 1.2699388684794228, "extTest": {"res1": 7.640104342840205, "res2": 58.371194369485764}},"Point T1-597-07082019113511-GenNb5": {"Lambda": 0.8772, "Kappa": 0.8643, "tanBeta": 3.017026811279999, "mBottom": 2.956686275054399, "ChiSquared": null, "LogL": null, "testCalc": 4.855439250516502, "extTest": {"res1": 19.583338795458722, "res2": 383.50715837771867}},"Point T1-27-07082019113512-GenNb5": {"Lambda": 0.22799704199567045, "Kappa": -0.3475602890053724, "tanBeta": 7.754468916771188, "mBottom": 7.599379538435764, "ChiSquared": null, "LogL": null, "testCalc": 1.1565269625804868, "extTest": {"res1": -30.252563790327255, "res2": 915.2176158878198}},"Point T1-924-07082019113513-GenNb6": {"Lambda": 0.16, "Kappa": 0.4709, "tanBeta": 6.033862275270768, "mBottom": 5.913185029765352, "ChiSquared": null, "LogL": null, "testCalc": 5.82353826030768, "extTest": {"res1": -27.190566729256812, "res2": 739.3269190581675}},"Point T1-937-07082019113514-GenNb6": {"Lambda": 0.8724995552113736, "Kappa": 0.22874007232141103, "tanBeta": 0.24833272844676557, "mBottom": 0.24336607387783027, "ChiSquared": null, "LogL": null, "testCalc": 0.9397421570476463, "extTest": {"res1": 1.2053776175534339, "res2": 1.4529352008987924}}}