{"Point T3-271-07082019113453-GenNb0": {"Lambda": 0.5936279999999999, "Kappa": 0.11811200000000001, "tanBeta": 15.279945999999999, "mBottom": 14.97434708, "ChiSquared": null, "LogL": null, "testCalc": 9.644312724336, "extTest": {"res1": 307.8644351242075, "res2": 94780.51041434736}},"Point T3-660-07082019113453-GenNb0": {"Lambda": 0.765334, "Kappa": 0.4158, "tanBeta": 36.243972, "mBottom": 35.51909256, "ChiSquared": null, "LogL": null, "testCalc": 33.415525969156, "extTest": {"res1": -2232.3292434802297, "res2": 4983293.851297014}},"Point T3-922-07082019113454-GenNb0": {"Lambda": 0.9314, "Kappa": 0.1774, "tanBeta": 0.6625799999999984, "mBottom": 0.6493283999999984, "ChiSquared": null, "LogL": null, "testCalc": 1.3097118519999988, "extTest": {"res1": 2.0634004968398094, "res2": 4.257621610358773}},"Point T3-837-07082019113456-GenNb1": {"Lambda": 0.5014, "Kappa": 0.6627, "tanBeta": 10.571888799999998, "mBottom": 10.360451023999998, "ChiSquared": null, "LogL": null, "testCalc": 12.437618179759998, "extTest": {"res1": 138.7637422870122, "res2": 19255.37617349634}},"Point T3-664-07082019113456-GenNb1": {"Lambda": 0.29630999999999996, "Kappa": 0.1991, "tanBeta": 8.088083999999998, "mBottom": 7.926322319999999, "ChiSquared": null, "LogL": null, "testCalc": 5.661298300499999, "extTest": {"res1": 911.9507843500209, "res2": 831654.2330766183}},"Point T3-80-07082019113457-GenNb1": {"Lambda": 0.85616556, "Kappa": 0.11811200000000001, "tanBeta": 6.04982648, "mBottom": 5.9288299504, "ChiSquared": null, "LogL": null, "testCalc": 4.411991546535874, "extTest": {"res1": -70.15358056998272, "res2": 4921.524866789057}},"Point T3-725-07082019113457-GenNb1": {"Lambda": 0.09486599999999995, "Kappa": 0.4158, "tanBeta": 10.743039999999999, "mBottom": 10.528179199999999, "ChiSquared": null, "LogL": null, "testCalc": 9.740045189956, "extTest": {"res1": -847.3399429464147, "res2": 717984.9789124333}},"Point T3-261-07082019113458-GenNb1": {"Lambda": 0.6106, "Kappa": 0.256, "tanBeta": 23.19578564, "mBottom": 22.7318699272, "ChiSquared": null, "LogL": null, "testCalc": 17.67688844744, "extTest": {"res1": 5326.598632809048, "res2": 28372652.995043214}},"Point T3-830-07082019113502-GenNb3": {"Lambda": 0.811, "Kappa": 0.8119, "tanBeta": 14.108235872000002, "mBottom": 13.826071154560001, "ChiSquared": null, "LogL": null, "testCalc": 19.0252332817568, "extTest": {"res1": 349.0498484046004, "res2": 121835.79667127454}},"Point T3-498-07082019113502-GenNb3": {"Lambda": 0.7271, "Kappa": 0.6961, "tanBeta": 0.3335634767999984, "mBottom": 0.3268922072639984, "ChiSquared": null, "LogL": null, "testCalc": 0.924314049832478, "extTest": {"res1": -136.31107217741868, "res2": 18580.708398157443}},"Point T3-672-07082019113503-GenNb3": {"Lambda": 0.4385, "Kappa": 0.4798, "tanBeta": 11.2965874776, "mBottom": 11.070655728048, "ChiSquared": null, "LogL": null, "testCalc": 11.147712785776479, "extTest": {"res1": -566.7465504578349, "res2": 321201.6524558552}},"Point T3-226-07082019113505-GenNb3": {"Lambda": 0.9314, "Kappa": 0.33937200000000006, "tanBeta": 2.9476479999999974, "mBottom": 2.8886950399999973, "ChiSquared": null, "LogL": null, "testCalc": 3.312202677055998, "extTest": {"res1": 62.81298958338811, "res2": 3945.471660402823}},"Point T3-170-07082019113505-GenNb3": {"Lambda": 0.029798355436234714, "Kappa": 0.39523914151761597, "tanBeta": 8.061484485087142, "mBottom": 7.900254795385399, "ChiSquared": null, "LogL": null, "testCalc": 7.137229546922827, "extTest": {"res1": 62.33020016633044, "res2": 3885.0538527748195}},"Point T3-428-07082019113506-GenNb4": {"Lambda": 0.5014, "Kappa": 0.17060571743289332, "tanBeta": 6.811636600220303, "mBottom": 6.675403868215897, "ChiSquared": null, "LogL": null, "testCalc": 4.751208043180688, "extTest": {"res1": -53.86095121995567, "res2": 2901.0020663184446}},"Point T3-408-07082019113508-GenNb4": {"Lambda": 1.013664, "Kappa": 0.1622, "tanBeta": 16.78381715312, "mBottom": 16.448140810057602, "ChiSquared": null, "LogL": null, "testCalc": 11.973920252160864, "extTest": {"res1": -274.57492677380884, "res2": 75391.39041284249}},"Point T3-496-07082019113508-GenNb4": {"Lambda": 0.5770163544776514, "Kappa": 0.9534920930263948, "tanBeta": 8.191764703835393, "mBottom": 8.027929409758684, "ChiSquared": null, "LogL": null, "testCalc": 12.157695451253774, "extTest": {"res1": -623.4105741891894, "res2": 388640.74401089485}},"Point T3-231-07082019113508-GenNb4": {"Lambda": 0.6106, "Kappa": 0.256, "tanBeta": 7.6961431498711415, "mBottom": 7.542220286873719, "ChiSquared": null, "LogL": null, "testCalc": 6.114155149803872, "extTest": {"res1": 41.98044407068014, "res2": 1762.3576843715036}},"Point T3-617-07082019113509-GenNb5": {"Lambda": 0.38859320604475, "Kappa": -0.03690500789171103, "tanBeta": 10.38570292921404, "mBottom": 10.177988870629758, "ChiSquared": null, "LogL": null, "testCalc": 4.856714666535407, "extTest": {"res1": 95.03296662277354, "res2": 9031.26474512519}},"Point T3-405-07082019113510-GenNb5": {"Lambda": 0.249846, "Kappa": 0.4798, "tanBeta": 2.363663675519999, "mBottom": 2.3163904020095987, "ChiSquared": null, "LogL": null, "testCalc": 2.3547040562352946, "extTest": {"res1": 17.791999205397328, "res2": 316.55523572485913}},"Point T3-469-07082019113511-GenNb5": {"Lambda": 0.8814, "Kappa": 0.43781408, "tanBeta": 11.550946258415998, "mBottom": 11.319927333247678, "ChiSquared": null, "LogL": null, "testCalc": 11.493996535881681, "extTest": {"res1": -82.38877134400717, "res2": 6787.909643575097}},"Point T3-192-07082019113513-GenNb6": {"Lambda": 0.249846, "Kappa": 0.4798, "tanBeta": 5.094243780635393, "mBottom": 4.9923589050226855, "ChiSquared": null, "LogL": null, "testCalc": 5.0028206421762045, "extTest": {"res1": -9.385416273395387, "res2": 88.08603862491496}},"Point T3-167-07082019113513-GenNb6": {"Lambda": 0.69013992, "Kappa": 0.32218022649429046, "tanBeta": 3.1141643496977993, "mBottom": 3.0518810627038433, "ChiSquared": null, "LogL": null, "testCalc": 3.00555581605561, "extTest": {"res1": -4.280332488314806, "res2": 18.321246210523217}},"Point T3-305-07082019113515-GenNb7": {"Lambda": 0.17195072203428502, "Kappa": -0.45456208660594993, "tanBeta": 9.536083228749906, "mBottom": 9.345361564174908, "ChiSquared": null, "LogL": null, "testCalc": 0.3675059423870044, "extTest": {"res1": -395.0836273715131, "res2": 156091.07261703262}}}