{"Point T2-475-07082019113452-GenNb0": {"Lambda": 0.9229, "Kappa": 1.373952, "tanBeta": 26.465856, "mBottom": 25.936538879999997, "ChiSquared": null, "LogL": null, "testCalc": 50.182829632912004, "extTest": {"res1": -432.55483178462356, "res2": 187103.68250022398}},"Point T2-181-07082019113453-GenNb0": {"Lambda": 0.396, "Kappa": -0.174048, "tanBeta": 15.786086, "mBottom": 15.470364279999998, "ChiSquared": null, "LogL": null, "testCalc": 5.144461443871999, "extTest": {"res1": 331.01638401937555, "res2": 109571.84648926271}},"Point T2-86-07082019113458-GenNb2": {"Lambda": 0.1105, "Kappa": 0.6935, "tanBeta": 28.0890410651393, "mBottom": 27.527260243836512, "ChiSquared": null, "LogL": null, "testCalc": 33.25559035059236, "extTest": {"res1": -16748.140698987183, "res2": 280500216.8730709}},"Point T2-664-07082019113459-GenNb2": {"Lambda": 0.19635000000000002, "Kappa": 1.373952, "tanBeta": 12.76982, "mBottom": 12.514423599999999, "ChiSquared": null, "LogL": null, "testCalc": 23.84088485114, "extTest": {"res1": 3130.562570135469, "res2": 9800422.005533192}},"Point T2-435-07082019113502-GenNb3": {"Lambda": 0.9778, "Kappa": 0.08621832000000007, "tanBeta": 13.205849657008063, "mBottom": 12.941732663867901, "ChiSquared": null, "LogL": null, "testCalc": 8.565545343533763, "extTest": {"res1": -180.3988116823988, "res2": 32543.731256421583}},"Point T2-547-07082019113503-GenNb3": {"Lambda": 0.5159484096853006, "Kappa": 1.6789915655153886, "tanBeta": 25.09110786469852, "mBottom": 24.58928570740455, "ChiSquared": null, "LogL": null, "testCalc": 54.68860408942472, "extTest": {"res1": -684.9496350939539, "res2": 469156.00261534064}},"Point T2-508-07082019113503-GenNb3": {"Lambda": 0.6507, "Kappa": 0.4403, "tanBeta": 18.943817102991936, "mBottom": 18.564940760932096, "ChiSquared": null, "LogL": null, "testCalc": 18.0468435409134, "extTest": {"res1": -361.6814932058514, "res2": 130813.50252761431}},"Point T2-102-07082019113505-GenNb3": {"Lambda": 0.592746, "Kappa": 0.26392800000000005, "tanBeta": 17.56637, "mBottom": 17.2150426, "ChiSquared": null, "LogL": null, "testCalc": 13.595126021876002, "extTest": {"res1": -207.4631709984143, "res2": 43040.9673207173}},"Point T2-410-07082019113506-GenNb3": {"Lambda": 0.31848593516265433, "Kappa": -0.05952172076529039, "tanBeta": 29.90639528366666, "mBottom": 29.308267377993328, "ChiSquared": null, "LogL": null, "testCalc": 12.97548687072229, "extTest": {"res1": 860.8673858098538, "res2": 741092.6559510917}},"Point T2-476-07082019113506-GenNb4": {"Lambda": 0.0202, "Kappa": 0.8082, "tanBeta": 18.218277, "mBottom": 17.85391146, "ChiSquared": null, "LogL": null, "testCalc": 23.6513752414, "extTest": {"res1": 371.9626010091699, "res2": 138356.1765495069}},"Point T2-732-07082019113509-GenNb4": {"Lambda": 0.7173243460563388, "Kappa": 0.9712, "tanBeta": 20.555773019988877, "mBottom": 20.1446575595891, "ChiSquared": null, "LogL": null, "testCalc": 30.550649754252902, "extTest": {"res1": 281.14441060895035, "res2": 79042.17961665407}},"Point T2-244-07082019113509-GenNb4": {"Lambda": 0.403422118408564, "Kappa": 1.6498885534724033, "tanBeta": 20.14895500774254, "mBottom": 19.745975907587688, "ChiSquared": null, "LogL": null, "testCalc": 43.279267591119975, "extTest": {"res1": -211.82853611536342, "res2": 44871.328712777824}},"Point T2-523-07082019113513-GenNb5": {"Lambda": 0.4448547708498503, "Kappa": 0.9981679176341249, "tanBeta": 16.334967146146965, "mBottom": 16.008267803224026, "ChiSquared": null, "LogL": null, "testCalc": 24.50706980965125, "extTest": {"res1": -375.45301456669057, "res2": 140964.96614721557}},"Point T2-760-07082019113513-GenNb6": {"Lambda": 0.26288568481765795, "Kappa": 0.6935, "tanBeta": 20.7771959714824, "mBottom": 20.36165205205275, "ChiSquared": null, "LogL": null, "testCalc": 24.658920315531468, "extTest": {"res1": 2400.1200889691495, "res2": 5760576.441473278}},"Point T2-563-07082019113513-GenNb6": {"Lambda": 0.0202, "Kappa": 0.8082, "tanBeta": 11.360758897008061, "mBottom": 11.1335437190679, "ChiSquared": null, "LogL": null, "testCalc": 14.748945240095864, "extTest": {"res1": 80.02990517512121, "res2": 6404.785722338894}}}