{"Point T0-102-07082019113454-GenNb0": {"Lambda": 0.7882, "Kappa": 0.4705998388134309, "tanBeta": 18.058474195631245, "mBottom": 17.69730471171862, "ChiSquared": null, "LogL": null, "testCalc": 17.968226641539875, "extTest": {"res1": 186.08759183611156, "res2": 34628.59183536325}},"Point T0-994-07082019113456-GenNb1": {"Lambda": 0.570136, "Kappa": 0.0601, "tanBeta": 21.460378195631243, "mBottom": 21.031170631718616, "ChiSquared": null, "LogL": null, "testCalc": 12.130409103912745, "extTest": {"res1": 572.3423693922072, "res2": 327575.7878014857}},"Point T0-943-07082019113456-GenNb1": {"Lambda": 0.25045000000000006, "Kappa": 0.7916, "tanBeta": 27.783520000000003, "mBottom": 27.227849600000003, "ChiSquared": null, "LogL": null, "testCalc": 35.6700844345, "extTest": {"res1": 10759.60885249065, "res2": 115769182.65859516}},"Point T0-861-07082019113458-GenNb1": {"Lambda": 0.644478, "Kappa": 0.657, "tanBeta": 35.03193496911662, "mBottom": 34.33129626973429, "ChiSquared": null, "LogL": null, "testCalc": 40.59698130206077, "extTest": {"res1": 22954.75609255311, "res2": 526920827.26860416}},"Point T0-917-07082019113500-GenNb2": {"Lambda": 0.5879, "Kappa": 0.5317393426888934, "tanBeta": 18.913767269023655, "mBottom": 18.535491923643182, "ChiSquared": null, "LogL": null, "testCalc": 19.670566547222936, "extTest": {"res1": 977.0011925654704, "res2": 954531.3302743514}},"Point T0-970-07082019113501-GenNb2": {"Lambda": 0.7699, "Kappa": 0.5158, "tanBeta": 7.0686589203830295, "mBottom": 6.927285741975369, "ChiSquared": null, "LogL": null, "testCalc": 7.702403152121251, "extTest": {"res1": -58.30131276582025, "res2": 3399.043070217995}},"Point T0-593-07082019113502-GenNb2": {"Lambda": 0.0015, "Kappa": 0.379, "tanBeta": 15.796063999999998, "mBottom": 15.480142719999998, "ChiSquared": null, "LogL": null, "testCalc": 13.726781865999998, "extTest": {"res1": -238.56377618320633, "res2": 56912.67530679097}},"Point T0-345-07082019113506-GenNb3": {"Lambda": 1.1464886194355253, "Kappa": 0.2214113914369515, "tanBeta": 7.869275886267899, "mBottom": 7.711890368542541, "ChiSquared": null, "LogL": null, "testCalc": 6.912728662346272, "extTest": {"res1": 28.50523878340286, "res2": 812.5486380988145}},"Point T0-212-07082019113506-GenNb3": {"Lambda": 0.9105049213971854, "Kappa": 0.7283820321056215, "tanBeta": 15.810423896237081, "mBottom": 15.49421541831234, "ChiSquared": null, "LogL": null, "testCalc": 20.092155607037107, "extTest": {"res1": 328.4538203532661, "res2": 107881.91210465561}},"Point T0-190-07082019113508-GenNb4": {"Lambda": 0.9835, "Kappa": 0.1004, "tanBeta": 6.611265767566138, "mBottom": 6.479040452214815, "ChiSquared": null, "LogL": null, "testCalc": 4.870563559171048, "extTest": {"res1": 47.774559992449134, "res2": 2282.4085824721215}},"Point T0-819-07082019113508-GenNb4": {"Lambda": 0.5879, "Kappa": 0.5317393426888934, "tanBeta": 15.802710908458302, "mBottom": 15.486656690289136, "ChiSquared": null, "LogL": null, "testCalc": 16.491877866310794, "extTest": {"res1": 115.91003260398368, "res2": 13435.13565825656}},"Point T0-106-07082019113509-GenNb4": {"Lambda": 0.6024447518778575, "Kappa": 0.0804, "tanBeta": 10.779384228483526, "mBottom": 10.563796543913854, "ChiSquared": null, "LogL": null, "testCalc": 6.511500442992176, "extTest": {"res1": -106.04023840850245, "res2": 11244.532161732037}},"Point T0-497-07082019113510-GenNb4": {"Lambda": 0.644478, "Kappa": 0.657, "tanBeta": 28.3629, "mBottom": 27.795642, "ChiSquared": null, "LogL": null, "testCalc": 32.947598192484, "extTest": {"res1": 536.5773316801059, "res2": 287915.23287294235}},"Point T0-879-07082019113512-GenNb5": {"Lambda": 0.508804, "Kappa": 0.8004839661746697, "tanBeta": 13.135012713371857, "mBottom": 12.87231245910442, "ChiSquared": null, "LogL": null, "testCalc": 17.209404812522823, "extTest": {"res1": 435.230122621822, "res2": 189425.25963740618}},"Point T0-385-07082019113513-GenNb5": {"Lambda": 0.5956554536584939, "Kappa": 0.379, "tanBeta": 11.861022932367806, "mBottom": 11.623802473720449, "ChiSquared": null, "LogL": null, "testCalc": 10.662034347700729, "extTest": {"res1": 613.1095286515518, "res2": 375903.29412332806}},"Point T0-498-07082019113514-GenNb5": {"Lambda": 0.8574651317563644, "Kappa": 0.06773286927689876, "tanBeta": 7.285430376998067, "mBottom": 7.139721769458106, "ChiSquared": null, "LogL": null, "testCalc": 4.798570440258169, "extTest": {"res1": -234.1404943282368, "res2": 54821.77108427109}},"Point T0-914-07082019113515-GenNb6": {"Lambda": 1.0564835843115898, "Kappa": 0.3541512543497528, "tanBeta": 9.106215049431082, "mBottom": 8.92409074844246, "ChiSquared": null, "LogL": null, "testCalc": 8.803180420275709, "extTest": {"res1": 465.1283522005544, "res2": 216344.38402080297}}}