{"Point T6-142-07082019113451-GenNb0": {"Lambda": 0.5119, "Kappa": 0.4064, "tanBeta": 19.404771999999998, "mBottom": 19.016676559999997, "ChiSquared": null, "LogL": null, "testCalc": 17.6564792308, "extTest": {"res1": 462.6172335371459, "res2": 214014.7047655622}},"Point T6-188-07082019113451-GenNb0": {"Lambda": 0.6142, "Kappa": 0.6451479999999999, "tanBeta": 4.615397999999998, "mBottom": 4.523090039999998, "ChiSquared": null, "LogL": null, "testCalc": 5.616401448903997, "extTest": {"res1": 77.4867341231, "res2": 6004.193965063991}},"Point T6-877-07082019113458-GenNb1": {"Lambda": 0.7545, "Kappa": 0.4344, "tanBeta": 15.258702679999999, "mBottom": 14.953528626399999, "ChiSquared": null, "LogL": null, "testCalc": 14.674415007392, "extTest": {"res1": 175.21034879317534, "res2": 30698.66632422616}},"Point T6-251-07082019113458-GenNb1": {"Lambda": 0.5981420000000001, "Kappa": -0.12118799999999999, "tanBeta": 15.546863519999999, "mBottom": 15.235926249599999, "ChiSquared": null, "LogL": null, "testCalc": 6.091643680702239, "extTest": {"res1": 4520.722128457129, "res2": 20436928.562721953}},"Point T6-511-07082019113502-GenNb3": {"Lambda": 0.8347634409683644, "Kappa": 0.4245, "tanBeta": 9.316502840827377, "mBottom": 9.13017278401083, "ChiSquared": null, "LogL": null, "testCalc": 9.21677185031398, "extTest": {"res1": 143.08046398603489, "res2": 20472.019174459027}},"Point T6-154-07082019113502-GenNb3": {"Lambda": 0.9232, "Kappa": 0.3216, "tanBeta": 7.854545999999999, "mBottom": 7.697455079999999, "ChiSquared": null, "LogL": null, "testCalc": 7.227047773599999, "extTest": {"res1": 112.64355384014786, "res2": 12688.57022173829}},"Point T6-484-07082019113503-GenNb3": {"Lambda": 0.568, "Kappa": 0.6196, "tanBeta": 14.993516731139792, "mBottom": 14.693646396516996, "ChiSquared": null, "LogL": null, "testCalc": 16.959430164872714, "extTest": {"res1": -227.7757042409072, "res2": 51881.77144244123}},"Point T6-313-07082019113503-GenNb3": {"Lambda": 0.1044, "Kappa": 0.4684, "tanBeta": 6.17275464054614, "mBottom": 6.049299547735217, "ChiSquared": null, "LogL": null, "testCalc": 5.9268674074994205, "extTest": {"res1": -81.40128636297759, "res2": 6626.169421547481}},"Point T6-406-07082019113504-GenNb3": {"Lambda": 0.8234, "Kappa": 0.23916386337637593, "tanBeta": 14.5427889576521, "mBottom": 14.251933178499057, "ChiSquared": null, "LogL": null, "testCalc": 11.282063740628903, "extTest": {"res1": -213.37625785072925, "res2": 45529.427414380894}},"Point T6-598-07082019113505-GenNb4": {"Lambda": 0.979696, "Kappa": 0.3216, "tanBeta": 3.888538679999998, "mBottom": 3.810767906399998, "ChiSquared": null, "LogL": null, "testCalc": 4.115742245103998, "extTest": {"res1": 14.880728572706486, "res2": 221.4360828545632}},"Point T6-438-07082019113505-GenNb4": {"Lambda": 0.8532, "Kappa": 0.8682, "tanBeta": 14.403247332525263, "mBottom": 14.115182385874757, "ChiSquared": null, "LogL": null, "testCalc": 20.29044076703581, "extTest": {"res1": -508.1247118206442, "res2": 258190.72276281274}},"Point T6-146-07082019113507-GenNb5": {"Lambda": 0.7655219999999999, "Kappa": 0.4971, "tanBeta": 9.46372316, "mBottom": 9.2744486968, "ChiSquared": null, "LogL": null, "testCalc": 9.927665063720001, "extTest": {"res1": -88.35607639636297, "res2": 7806.796236159928}},"Point T6-753-07082019113515-GenNb7": {"Lambda": 0.8890080431421409, "Kappa": 0.23107151623462804, "tanBeta": 9.68558250470025, "mBottom": 9.491870854606244, "ChiSquared": null, "LogL": null, "testCalc": 7.774332963051214, "extTest": {"res1": -316.2054921030301, "res2": 99985.91323611944}}}