{"Point T7-308-07082019113453-GenNb0": {"Lambda": 0.622626, "Kappa": 0.57036, "tanBeta": 18.751438, "mBottom": 18.37640924, "ChiSquared": null, "LogL": null, "testCalc": 20.270937933556, "extTest": {"res1": -599.0648515049655, "res2": 358878.6963086664}},"Point T7-575-07082019113455-GenNb1": {"Lambda": 0.6859, "Kappa": 0.4999, "tanBeta": 34.896621456350786, "mBottom": 34.19868902722377, "ChiSquared": null, "LogL": null, "testCalc": 35.01462438964164, "extTest": {"res1": -862.7422860477529, "res2": 744324.2521349028}},"Point T7-562-07082019113456-GenNb1": {"Lambda": 0.296322, "Kappa": 0.5173, "tanBeta": 23.222872, "mBottom": 22.75841456, "ChiSquared": null, "LogL": null, "testCalc": 23.480205693284, "extTest": {"res1": -834.0225058464594, "res2": 695593.5402584074}},"Point T7-540-07082019113500-GenNb2": {"Lambda": 0.38226000000000004, "Kappa": 0.0035339999999999816, "tanBeta": 27.683958161191516, "mBottom": 27.130278997967686, "ChiSquared": null, "LogL": null, "testCalc": 13.809097314725493, "extTest": {"res1": -732.2114095212415, "res2": 536133.5482330833}},"Point T7-326-07082019113501-GenNb3": {"Lambda": 0.42823200000000006, "Kappa": 0.1771, "tanBeta": 16.47286, "mBottom": 16.1434028, "ChiSquared": null, "LogL": null, "testCalc": 11.172427551824, "extTest": {"res1": 641.8863944659569, "res2": 412018.143400506}},"Point T7-394-07082019113504-GenNb3": {"Lambda": 0.8275888126160774, "Kappa": -0.05177071818466514, "tanBeta": 22.782507736541383, "mBottom": 22.326857581810554, "ChiSquared": null, "LogL": null, "testCalc": 10.66886524610413, "extTest": {"res1": -298.079202772665, "res2": 88851.21112558754}},"Point T7-479-07082019113508-GenNb5": {"Lambda": 0.6859, "Kappa": 0.5886061470807105, "tanBeta": 22.451360106555114, "mBottom": 22.002332904424012, "ChiSquared": null, "LogL": null, "testCalc": 24.686633831252983, "extTest": {"res1": 335.4795158525743, "res2": 112546.50555667766}},"Point T7-412-07082019113511-GenNb5": {"Lambda": 0.38226000000000004, "Kappa": 0.24275843999999996, "tanBeta": 13.991080225194882, "mBottom": 13.711258620690984, "ChiSquared": null, "LogL": null, "testCalc": 10.39820482732865, "extTest": {"res1": 100.10860895382235, "res2": 10021.733586669321}},"Point T7-760-07082019113511-GenNb5": {"Lambda": 0.3891445480196332, "Kappa": 0.41077781254096135, "tanBeta": 14.44381009069501, "mBottom": 14.154933888881109, "ChiSquared": null, "LogL": null, "testCalc": 13.16209713750672, "extTest": {"res1": 2108.566550478438, "res2": 4446052.897796539}},"Point T7-576-07082019113511-GenNb6": {"Lambda": 0.580036, "Kappa": 1.1203021470807104, "tanBeta": 29.572694106555115, "mBottom": 28.981240224424013, "ChiSquared": null, "LogL": null, "testCalc": 47.95741457604277, "extTest": {"res1": -545.4071245018641, "res2": 297468.93145739194}},"Point T7-467-07082019113512-GenNb6": {"Lambda": 0.6859, "Kappa": 0.5886061470807105, "tanBeta": 22.084820302183022, "mBottom": 21.64312389613936, "ChiSquared": null, "LogL": null, "testCalc": 24.291281745107483, "extTest": {"res1": -2158.533733974425, "res2": 4659267.8807055745}},"Point T7-589-07082019113513-GenNb6": {"Lambda": 0.070212, "Kappa": 0.36202043999999994, "tanBeta": 10.890268225194882, "mBottom": 10.672462860690985, "ChiSquared": null, "LogL": null, "testCalc": 9.283660849892561, "extTest": {"res1": -157.0581516192854, "res2": 24667.262990066443}},"Point T7-136-07082019113514-GenNb6": {"Lambda": 0.479807401692958, "Kappa": -0.06876464372296551, "tanBeta": 11.862040659858707, "mBottom": 11.624799846661533, "ChiSquared": null, "LogL": null, "testCalc": 5.2269260662476, "extTest": {"res1": -65.92937756995038, "res2": 4346.682826761075}},"Point T7-888-07082019113515-GenNb7": {"Lambda": 0.7850738234316107, "Kappa": 1.1203021470807104, "tanBeta": 23.189813617271867, "mBottom": 22.72601734492643, "ChiSquared": null, "LogL": null, "testCalc": 37.958947566531904, "extTest": {"res1": 642.1912185706619, "res2": 412409.56120927166}}}