{"Point T1-386-19082019103224-GenNb16": {"x": -2.752187064157713, "y": 0.626246807436224, "fAckley": 8.59171181339024, "ChiSquared": null}, "Point T1-338-19082019103217-GenNb10": {"x": 0.9374405151784094, "y": 1.9576274030239977, "fAckley": 5.4337320166380465, "ChiSquared": null}, "Point T1-399-19082019103221-GenNb13": {"x": 1.12127554558755, "y": -2.887000411999999, "fAckley": 7.713869752264177, "ChiSquared": null}, "Point T1-399-19082019103223-GenNb15": {"x": -0.5265499320596752, "y": -2.887400293105773, "fAckley": 8.61936048181003, "ChiSquared": null}, "Point T1-506-19082019103222-GenNb14": {"x": -0.0644, "y": -0.409158306665902, "fAckley": 2.8165049473011377, "ChiSquared": null}, "Point T1-292-19082019103220-GenNb12": {"x": 2.179971759999999, "y": -0.6237252838339233, "fAckley": 7.338555140967705, "ChiSquared": null}, "Point T1-861-19082019103225-GenNb16": {"x": 0.7255515225167901, "y": -1.1300660190395462, "fAckley": 4.8735353478524175, "ChiSquared": null}, "Point T1-638-19082019103225-GenNb16": {"x": 2.8005849937741356, "y": 2.2186466745995723, "fAckley": 9.362290263759007, "ChiSquared": null}, "Point T1-225-19082019103221-GenNb13": {"x": 0.17218956945254116, "y": -1.3936387085161632, "fAckley": 5.466366584972512, "ChiSquared": null}, "Point T1-46-19082019103225-GenNb16": {"x": -0.2147715589591742, "y": 1.216813386390326, "fAckley": 4.687104411597911, "ChiSquared": null}}