{"Point T6-811-19082019103223-GenNb14": {"x": -3.465914631489278, "y": 0.15492721848447855, "fAckley": 9.660901421393682, "ChiSquared": null}, "Point T6-387-19082019103219-GenNb11": {"x": -1.8789612999027172, "y": 0.16948600000000047, "fAckley": 5.5714220848944365, "ChiSquared": null}, "Point T6-172-19082019103218-GenNb10": {"x": -1.5781723937920038, "y": 3.0028, "fAckley": 9.278563941989558, "ChiSquared": null}, "Point T6-922-19082019103222-GenNb13": {"x": -0.3773301891357934, "y": 0.5041952380295934, "fAckley": 3.9986922885569887, "ChiSquared": null}, "Point T6-89-19082019103223-GenNb14": {"x": -0.48676946193579385, "y": 1.8517309498828753, "fAckley": 6.643729970427319, "ChiSquared": null}, "Point T6-650-19082019103224-GenNb14": {"x": 0.6588586569452837, "y": 0.16988747651167585, "fAckley": 3.5823870022777133, "ChiSquared": null}, "Point T6-330-19082019103218-GenNb10": {"x": 0.5930057312000043, "y": 0.527503341327999, "fAckley": 4.4390344462975655, "ChiSquared": null}, "Point T6-438-19082019103222-GenNb13": {"x": -0.288248783902723, "y": -0.21119839894496373, "fAckley": 2.7021918434178755, "ChiSquared": null}, "Point T6-206-19082019103218-GenNb10": {"x": -0.6781, "y": -0.7382973830597661, "fAckley": 4.5869124865637225, "ChiSquared": null}, "Point T6-21-19082019103224-GenNb14": {"x": -0.48676946193579385, "y": -0.0813642267920005, "fAckley": 3.1268814876475415, "ChiSquared": null}}