{"Point T5-560-19082019103223-GenNb15": {"x": 0.0019321754164680627, "y": 1.4443228000000001, "fAckley": 5.382536287358821, "ChiSquared": null}, "Point T5-917-19082019103219-GenNb11": {"x": 0.39022874160703014, "y": 0.7278834400000012, "fAckley": 4.288524306983426, "ChiSquared": null}, "Point T5-639-19082019103224-GenNb15": {"x": 2.060803208515259, "y": -0.2915366038399996, "fAckley": 6.420015906690768, "ChiSquared": null}, "Point T5-28-19082019103223-GenNb14": {"x": 1.0465229131752674, "y": -4.882714241599999, "fAckley": 10.51054332931269, "ChiSquared": null}, "Point T5-832-19082019103219-GenNb11": {"x": -0.21846132343996172, "y": -1.7824982479999996, "fAckley": 5.982786345918445, "ChiSquared": null}, "Point T5-821-19082019103220-GenNb12": {"x": 0.1482194386365394, "y": 1.3698840653440036, "fAckley": 5.301981393236289, "ChiSquared": null}, "Point T5-442-19082019103222-GenNb13": {"x": 1.1110228091344128, "y": 1.636345709056, "fAckley": 6.540975271590849, "ChiSquared": null}, "Point T5-226-19082019103225-GenNb15": {"x": 0.47765625998454075, "y": -0.2457958015999986, "fAckley": 3.5637746213306376, "ChiSquared": null}, "Point T5-457-19082019103221-GenNb12": {"x": 1.1045113235758994, "y": 1.2987800224000026, "fAckley": 5.725402979202734, "ChiSquared": null}, "Point T5-874-19082019103225-GenNb15": {"x": -4.037437458114882, "y": -0.3144465241395178, "fAckley": 10.102940688341146, "ChiSquared": null}}