{"Point T3-499-19082019103222-GenNb14": {"x": -0.3278046235947274, "y": 0.4659923137751918, "fAckley": 3.7814595115763656, "ChiSquared": null}, "Point T3-804-19082019103224-GenNb15": {"x": 2.148365160000001, "y": -0.9408950757480323, "fAckley": 6.217283327194696, "ChiSquared": null}, "Point T3-702-19082019103221-GenNb13": {"x": 1.1522082168960002, "y": 0.0687509767112846, "fAckley": 3.6296701887612604, "ChiSquared": null}, "Point T3-240-19082019103223-GenNb14": {"x": -0.9010697861667984, "y": -0.2698152742419633, "fAckley": 3.798224310831085, "ChiSquared": null}, "Point T3-802-19082019103222-GenNb13": {"x": -0.49446669102859353, "y": -0.9159206238364785, "fAckley": 4.521484138378359, "ChiSquared": null}, "Point T3-677-19082019103221-GenNb12": {"x": 1.0989911625788753, "y": -1.927750559631436, "fAckley": 5.752128708338059, "ChiSquared": null}, "Point T3-188-19082019103225-GenNb15": {"x": -1.037842213154262, "y": -0.12059259289825344, "fAckley": 3.12789270259005, "ChiSquared": null}, "Point T3-288-19082019103222-GenNb13": {"x": -1.9846902411451337, "y": -0.2730873181233604, "fAckley": 6.122520058789057, "ChiSquared": null}, "Point T3-710-19082019103225-GenNb15": {"x": -0.5424419415638573, "y": -0.2062926989595768, "fAckley": 3.5871979004328414, "ChiSquared": null}, "Point T3-256-19082019103222-GenNb13": {"x": -0.9136359018912124, "y": -1.2990511464000005, "fAckley": 5.423061702637945, "ChiSquared": null}}