{"Point T0-371-19082019103221-GenNb13": {"x": -0.23401063926572863, "y": 0.9258484668120457, "fAckley": 3.601334083146537, "ChiSquared": null}, "Point T0-950-19082019103220-GenNb12": {"x": 1.277853332220799, "y": -0.8972435585772807, "fAckley": 5.314410784069089, "ChiSquared": null}, "Point T0-671-19082019103220-GenNb12": {"x": -2.759426007923458, "y": -0.0897263976571141, "fAckley": 7.611413079266487, "ChiSquared": null}, "Point T0-345-19082019103221-GenNb13": {"x": -0.8348113519177265, "y": -1.0319705581510403, "fAckley": 4.037043605854535, "ChiSquared": null}, "Point T0-413-19082019103221-GenNb13": {"x": 0.045185889389871225, "y": 0.13381557953674172, "fAckley": 0.858189666760421, "ChiSquared": null}, "Point T0-270-19082019103222-GenNb13": {"x": 0.43741984236281484, "y": -0.45355768137465524, "fAckley": 4.033074169899468, "ChiSquared": null}, "Point T0-140-19082019103222-GenNb13": {"x": 0.12887336077370581, "y": -4.34171949482624, "fAckley": 10.82262997893331, "ChiSquared": null}, "Point T0-466-19082019103222-GenNb13": {"x": 1.3445585011044, "y": 0.007880226399999302, "fAckley": 4.936175921287322, "ChiSquared": null}, "Point T0-357-19082019103217-GenNb9": {"x": 0.26053442066239985, "y": -0.7259605482559996, "fAckley": 3.8877134597181535, "ChiSquared": null}, "Point T0-89-19082019103220-GenNb11": {"x": 0.5898365599999984, "y": 0.1421108498790402, "fAckley": 3.465918600585749, "ChiSquared": null}}