{"Point T2-37-19082019103205-GenNb0": {"x": -0.08363600000000027, "y": 1.1885, "fAckley": 3.958835250815931, "ChiSquared": null}, "Point T2-754-19082019103210-GenNb4": {"x": -13.499927256, "y": -3.9106127968000024, "fAckley": 19.051918562721674, "ChiSquared": null}, "Point T2-747-19082019103220-GenNb12": {"x": 0.12135195680000121, "y": 0.11500541662208463, "fAckley": 1.0967820973026474, "ChiSquared": null}, "Point T2-551-19082019103217-GenNb10": {"x": -0.6211151999999984, "y": -0.6723256025740816, "fAckley": 4.595909483702808, "ChiSquared": null}, "Point T2-161-19082019103217-GenNb10": {"x": -5.574211309119999, "y": -1.5975717786880024, "fAckley": 13.485043856125138, "ChiSquared": null}, "Point T2-379-19082019103217-GenNb10": {"x": -1.9643362719999988, "y": -2.1622110021120005, "fAckley": 7.370752648213191, "ChiSquared": null}, "Point T2-351-19082019103218-GenNb10": {"x": -4.332949129599999, "y": 0.23012403411199933, "fAckley": 11.06098182751215, "ChiSquared": null}, "Point T2-677-19082019103220-GenNb12": {"x": 2.2988815244992, "y": -0.6722637248028969, "fAckley": 7.784822691779073, "ChiSquared": null}, "Point T2-13-19082019103217-GenNb9": {"x": 2.1250787983999997, "y": -1.0912738198259166, "fAckley": 6.2850244106446524, "ChiSquared": null}, "Point T2-898-19082019103220-GenNb12": {"x": -1.1439646336192006, "y": 0.028025834714247466, "fAckley": 3.4781558768317393, "ChiSquared": null}}