{"Point T7-64-19082019103220-GenNb12": {"x": -0.5985684789284929, "y": 2.0028381318079993, "fAckley": 6.739696705577778, "ChiSquared": null}, "Point T7-226-19082019103219-GenNb11": {"x": 1.1351752348440205, "y": 1.0596523992959943, "fAckley": 4.446068503167687, "ChiSquared": null}, "Point T7-320-19082019103219-GenNb11": {"x": 1.489773446535208, "y": 1.9009271007455968, "fAckley": 7.593559537448156, "ChiSquared": null}, "Point T7-452-19082019103221-GenNb12": {"x": -1.168861296597053, "y": 0.13412372917968185, "fAckley": 4.003713859084527, "ChiSquared": null}, "Point T7-357-19082019103221-GenNb12": {"x": -0.18738026755236964, "y": 1.1158755107627, "fAckley": 3.9164071904181843, "ChiSquared": null}, "Point T7-572-19082019103221-GenNb12": {"x": -0.05018812165504083, "y": 0.23585040923729983, "fAckley": 1.7072173956224153, "ChiSquared": null}, "Point T7-356-19082019103221-GenNb12": {"x": 0.03387657410267214, "y": 3.0235669471999964, "fAckley": 7.004032851407789, "ChiSquared": null}, "Point T7-937-19082019103221-GenNb12": {"x": 0.9979830889466916, "y": 0.00925438076824281, "fAckley": 2.635088499148996, "ChiSquared": null}, "Point T7-914-19082019103218-GenNb10": {"x": 0.17106872000000095, "y": 0.8273864214079979, "fAckley": 3.3682125955528837, "ChiSquared": null}, "Point T7-577-19082019103220-GenNb11": {"x": -1.102888647723226, "y": -1.3278098756519046, "fAckley": 5.8716775874209475, "ChiSquared": null}}