{"Point T4-539-19082019103221-GenNb14": {"x": 1.046681712691183, "y": 0.3760546107632773, "fAckley": 4.498495119571217, "ChiSquared": null}, "Point T4-383-19082019103217-GenNb11": {"x": 1.5109519441932167, "y": -0.18589200000000083, "fAckley": 5.853428253607937, "ChiSquared": null}, "Point T4-578-19082019103223-GenNb15": {"x": -0.15336953192301706, "y": 0.8972249146545788, "fAckley": 3.1510552002007057, "ChiSquared": null}, "Point T4-67-19082019103220-GenNb13": {"x": 2.2289515902439367, "y": -0.8623272871665172, "fAckley": 6.976879931316928, "ChiSquared": null}, "Point T4-230-19082019103220-GenNb13": {"x": 0.32684161511073895, "y": -0.4140801912428759, "fAckley": 3.639742557233227, "ChiSquared": null}, "Point T4-672-19082019103217-GenNb10": {"x": -0.883894485267918, "y": -0.17306298967487876, "fAckley": 3.2786866155072443, "ChiSquared": null}, "Point T4-210-19082019103223-GenNb15": {"x": 2.921004152782582, "y": 1.4600471915505795, "fAckley": 9.159280101444955, "ChiSquared": null}, "Point T4-595-19082019103223-GenNb15": {"x": 0.12034865113648019, "y": 0.10995108330960246, "fAckley": 1.059005865834035, "ChiSquared": null}, "Point T4-823-19082019103222-GenNb14": {"x": 0.8665257429447577, "y": -1.1289373549148984, "fAckley": 4.39257854500195, "ChiSquared": null}, "Point T4-696-19082019103218-GenNb11": {"x": 1.2082269027284802, "y": 1.9851341911105584, "fAckley": 6.447374190305943, "ChiSquared": null}}