{"Point T3-431-13082019042858-GenNb25097": {"k": 168298.2339302676, "zL": 37.0553577121656, "c0": 0.1437576431415649, "c1": 0.13826770424801377, "c2": -0.8715009678239999, "c0Prime": 0.5442897079999999, "Mu1": 12.86622733256418, "Mu11": 0.30540447502074014, "Mu11Prime": 0.28891762680727084, "Mu2Tilde": 1.3771055604053992, "mWpm": 72.03358035668856, "mTop": 176.98184913202067, "mZ0": 82.1539244247751, "mZprime": 16723.051209735448, "mPsiDark": 3480.4515288541747, "mTau": 1.7262670004052179, "mBottom": 4.265319966276156, "Higgs": 128.03710891831224, "ThetaHiggs": 0.0778333963620694, "mNeutrino": 0.0388547163108561, "Triviality": 0, "ChiSquared": null, "LogL": null}, "Point T3-249-14082019033729-GenNb27043": {"k": 173948.53474868202, "zL": 37.75276402172201, "c0": 0.2683581503789369, "c1": 0.14297034681268864, "c2": -0.8777262742226615, "c0Prime": 0.6049548792000001, "Mu1": 14.136680557015556, "Mu11": 0.23454463000365575, "Mu11Prime": 0.34460156750771836, "Mu2Tilde": 1.2412357591999996, "mWpm": 77.63392596956487, "mTop": 180.2199354234158, "mZ0": 88.54108952131246, "mZprime": 16956.32565628353, "mPsiDark": 3147.788954036659, "mTau": 1.6716473495565505, "mBottom": 4.322194922133525, "Higgs": 116.97668802980853, "ThetaHiggs": 0.08349562443924682, "mNeutrino": 0.08545821919295943, "Triviality": 0, "ChiSquared": null, "LogL": null}, "Point T3-762-13082019124927-GenNb25798": {"k": 199940.09744831978, "zL": 36.18798838783617, "c0": 0.20871321948209928, "c1": 0.04220670818457202, "c2": -0.76894502997216, "c0Prime": 0.7435401480000001, "Mu1": 13.95077109709498, "Mu11": 0.1792382953367972, "Mu11Prime": 0.05866113350548474, "Mu2Tilde": 0.5173517403032748, "mWpm": 87.15365750430256, "mTop": 205.69378743816065, "mZ0": 99.39829391371318, "mZprime": 20356.898362279953, "mPsiDark": 2903.2163449207765, "mTau": 1.2606274405546471, "mBottom": 4.230115607942141, "Higgs": 114.12009432625402, "ThetaHiggs": 0.07647274004997495, "mNeutrino": 0.07370743364763334, "Triviality": 0, "ChiSquared": null, "LogL": null}, "Point T3-765-10082019062155-GenNb19176": {"k": 153518.25150407842, "zL": 35.84602940429419, "c0": 0.15272973147178331, "c1": 0.016947728287979073, "c2": -0.858732804624, "c0Prime": 0.5342478656048, "Mu1": 11.622506439398501, "Mu11": 0.18007327837102421, "Mu11Prime": 0.19868415740234915, "Mu2Tilde": 1.027512797489564, "mWpm": 75.77303519664557, "mTop": 182.66604054622118, "mZ0": 86.41875325586292, "mZprime": 15783.499429593032, "mPsiDark": 3360.711972783361, "mTau": 1.6837329903773208, "mBottom": 4.124588345546447, "Higgs": 131.80771695550104, "ThetaHiggs": 0.08537530580411018, "mNeutrino": 0.041709122113464225, "Triviality": 0, "ChiSquared": null, "LogL": null}, "Point T3-178-12082019095737-GenNb23524": {"k": 213722.48978350806, "zL": 37.53076, "c0": 0.29072596960000013, "c1": 0.1546708477840942, "c2": -0.974494, "c0Prime": 0.6143, "Mu1": 12.604146532799998, "Mu11": 0.18478052539144124, "Mu11Prime": 0.3975108743823801, "Mu2Tilde": 1.124978, "mWpm": 83.21422355411876, "mTop": 189.52075108600368, "mZ0": 94.90538994563015, "mZprime": 20960.56333867465, "mPsiDark": 3828.528178962658, "mTau": 1.5402253979608902, "mBottom": 4.149474216899596, "Higgs": 124.24964109259288, "ThetaHiggs": 0.07217378518632596, "mNeutrino": 0.10702728381461431, "Triviality": 0, "ChiSquared": null, "LogL": null}, "Point T3-957-11082019215110-GenNb22505": {"k": 105123.90466801466, "zL": 35.23605174583553, "c0": 0.500370295264, "c1": 0.12541422312062592, "c2": -0.31714596, "c0Prime": 0.38716000000000006, "Mu1": 13.913676076456463, "Mu11": 0.15266052325533097, "Mu11Prime": 0.2452, "Mu2Tilde": 2.31916254248294, "mWpm": 70.80029713421327, "mTop": 126.94558104920499, "mZ0": 80.74737131229789, "mZprime": 10999.605997969053, "mPsiDark": 2975.7832741893867, "mTau": 1.7634458396672585, "mBottom": 4.206237711725932, "Higgs": 151.7108848628285, "ThetaHiggs": 0.11360967296663897, "mNeutrino": 0.15296200831868376, "Triviality": 0, "ChiSquared": null, "LogL": null}, "Point T3-650-13082019200645-GenNb26409": {"k": 92565.62197732364, "zL": 34.74566014238066, "c0": 0.40326529888517687, "c1": 0.094287062772386, "c2": -0.47179853360000007, "c0Prime": 0.45231111271999996, "Mu1": 17.42333437973939, "Mu11": 0.19786887307887138, "Mu11Prime": 0.16544681440000003, "Mu2Tilde": 1.3450685744575988, "mWpm": 75.42691379299858, "mTop": 150.58328834767963, "mZ0": 86.02400359193939, "mZprime": 9825.520946289871, "mPsiDark": 2404.7044338495866, "mTau": 1.8512830178753747, "mBottom": 4.175122013871588, "Higgs": 139.85363004952558, "ThetaHiggs": 0.13468038922265385, "mNeutrino": 0.11636202679613962, "Triviality": 0, "ChiSquared": null, "LogL": null}, "Point T3-106-14082019012551-GenNb26856": {"k": 282689.82030457736, "zL": 35.79691286466324, "c0": 0.29596552480000005, "c1": 0.05509277602170545, "c2": -0.8589652778888833, "c0Prime": 0.646468, "Mu1": 15.934906769301746, "Mu11": 0.20656092734396236, "Mu11Prime": 0.4666994158848954, "Mu2Tilde": 1.4927431237158353, "mWpm": 79.706340665243, "mTop": 176.9231659992792, "mZ0": 90.90466772251354, "mZprime": 29107.0016042982, "mPsiDark": 5053.298244012286, "mTau": 1.9983776432986027, "mBottom": 4.567874663215672, "Higgs": 116.09386350809594, "ThetaHiggs": 0.04863106484085976, "mNeutrino": 0.08926458496027458, "Triviality": 0, "ChiSquared": null, "LogL": null}, "Point T3-484-13082019200106-GenNb26401": {"k": 90415.04619054082, "zL": 34.365580535069824, "c0": 0.22354758236800004, "c1": 0.010807514093074365, "c2": -0.6018, "c0Prime": 0.40300649653279985, "Mu1": 16.85302243295409, "Mu11": 0.2177649168128135, "Mu11Prime": 0.108, "Mu2Tilde": 1.3985166944575986, "mWpm": 78.10055852801725, "mTop": 178.8789047429584, "mZ0": 89.07328153164168, "mZprime": 9706.304749044635, "mPsiDark": 2567.0938545263366, "mTau": 1.3620105463016672, "mBottom": 4.161465508431662, "Higgs": 150.23470445314223, "ThetaHiggs": 0.14044784654997555, "mNeutrino": 0.05635822944183288, "Triviality": 0, "ChiSquared": null, "LogL": null}}