{"Point T1-386-31072019150420-GenNb0": {"k": 241378.1085, "zL": 35.6364, "c0": 0.442, "c1": 0.0842, "c2": -0.5035, "c0Prime": 0.5439019999999999, "Mu1": 12.9551, "Mu11": 0.4793, "Mu11Prime": 0.466, "Mu2Tilde": 0.2169, "mWpm": 1271.9604890829617, "mTop": 3234.156470204689, "mZ0": 1450.6643342450318, "mZprime": 21765.666220042178, "mPsiDark": 2588.6971690203623, "mTau": 3812.772200152105, "mBottom": 230.54375460818977, "Higgs": 2352.061324055412, "ThetaHiggs": 1.4301182228726566, "mNeutrino": 73.67325712923243, "Triviality": 0, "ChiSquared": null, "LogL": null}, "Point T1-692-31072019150535-GenNb2": {"k": 289380.245, "zL": 35.800846, "c0": 0.514152, "c1": 0.208786, "c2": -0.5187, "c0Prime": 0.5847, "Mu1": 12.8442, "Mu11": 0.0275, "Mu11Prime": 0.17144199999999996, "Mu2Tilde": 0.0647, "mWpm": 1101.4655857994114, "mTop": 2094.933286751863, "mZ0": 1256.215782197382, "mZprime": 29607.38615868521, "mPsiDark": 5379.468883129513, "mTau": 2125.8610169402896, "mBottom": 10.96642667798847, "Higgs": 1650.5775762317103, "ThetaHiggs": 0.7139060215014001, "mNeutrino": 46.81600432425313, "Triviality": 0, "ChiSquared": null, "LogL": null}, "Point T1-35-31072019150540-GenNb2": {"k": 280289.8421, "zL": 35.725, "c0": 0.653588, "c1": 0.1619, "c2": -0.8844, "c0Prime": 0.5975, "Mu1": 14.05242, "Mu11": 0.162048, "Mu11Prime": 0.12180999999999999, "Mu2Tilde": 0.810176, "mWpm": 2.04966363551453e-05, "mTop": 4956.5380519878845, "mZ0": 2.3376307351996712e-05, "mZprime": 28920.66599793754, "mPsiDark": 23150.744770820584, "mTau": 4.417418863821664, "mBottom": 217.13109188018467, "Higgs": 2555.8558098681806, "ThetaHiggs": 3.1415926410202872, "mNeutrino": 621.8354274245193, "Triviality": 0, "ChiSquared": null, "LogL": null}, "Point T6-715-31072019150320": {"k": 121228.3206, "zL": 33.5809, "c0": 0.4094, "c0Prime": 0.635, "c2": -0.7278, "Mu2Tilde": 0.3082, "Mu11Prime": 0.4107, "c1": 0.118, "Mu1": 12.9489, "Mu11": 0.1761, "mWpm": 2.3789242822478943e-06, "mTop": 3511.5316068484526, "mZ0": 2.713150793398107e-06, "mZprime": 13331.65902007629, "mPsiDark": 10732.16779184691, "mTau": 3464.5201260865697, "mBottom": 91.51014770073314, "Higgs": 510.07563711368965, "ThetaHiggs": 3.1415926505186573, "mNeutrino": 61.69983076818889, "Triviality": 0, "ChiSquared": null, "LogL": null}, "Point T4-448-31072019150331": {"k": 273952.7707, "zL": 34.3372, "c0": 0.4709, "c0Prime": 0.5771, "c2": -0.5926, "Mu2Tilde": 1.2665, "Mu11Prime": 0.2686, "c1": 0.1496, "Mu1": 12.175, "Mu11": 0.0612, "mWpm": 0.00012356751172068844, "mTop": 7023.631286145172, "mZ0": 0.00014092810560007577, "mZprime": 29443.522232168834, "mPsiDark": 23560.244388715913, "mTau": 53.37897283958254, "mBottom": 75.32133167104514, "Higgs": 1805.7085919656424, "ThetaHiggs": 3.1415925805756406, "mNeutrino": 371.95138070618367, "Triviality": 0, "ChiSquared": null, "LogL": null}, "Point T2-588-31072019150339": {"k": 179927.9278, "zL": 36.8643, "c0": 0.3301, "c0Prime": 0.5168, "c2": -0.8284, "Mu2Tilde": 1.0374, "Mu11Prime": 0.2563, "c1": 0.1745, "Mu1": 12.4246, "Mu11": 0.352, "mWpm": 6.5107787860975e-06, "mTop": 5281.187347273193, "mZ0": 7.425509403959775e-06, "mZprime": 17975.434833993208, "mPsiDark": 14315.337995315595, "mTau": 4768.453306966894, "mBottom": 187.87642480284845, "Higgs": 1138.7954463980977, "ThetaHiggs": 3.141592647067181, "mNeutrino": 102.23533595061794, "Triviality": 0, "ChiSquared": null, "LogL": null}, "Point T1-668-31072019150441-GenNb0": {"k": 170770.0083, "zL": 34.8183, "c0": 0.4816, "c1": 0.1678, "c2": -0.5891, "c0Prime": 0.6639, "Mu1": 13.135614, "Mu11": 0.1302, "Mu11Prime": 0.2152, "Mu2Tilde": 0.6774, "mWpm": 547.8944337841447, "mTop": 1045.2736707865135, "mZ0": 624.8707572631168, "mZprime": 18016.187572625367, "mPsiDark": 2925.3543601054143, "mTau": 17.271533394311074, "mBottom": 25.822545963362728, "Higgs": 550.4427186797855, "ThetaHiggs": 0.5580912759824119, "mNeutrino": 9.032149278811138, "Triviality": 0, "ChiSquared": null, "LogL": null}, "Point T1-848-31072019150604-GenNb2": {"k": 131299.523008, "zL": 35.2609, "c0": 0.1326, "c1": 0.23503387999999997, "c2": -1.086328, "c0Prime": 0.513748, "Mu1": 11.814, "Mu11": 0.78125, "Mu11Prime": 0.0408, "Mu2Tilde": 0.9996, "mWpm": 259.03410352610825, "mTop": 634.8469480149124, "mZ0": 295.4270502611118, "mZprime": 13708.489550942915, "mPsiDark": 2984.697147233175, "mTau": 649.5194865791673, "mBottom": 31.122245904734196, "Higgs": 345.9172719567278, "ThetaHiggs": 0.3386888656519608, "mNeutrino": 0.44079180542008306, "Triviality": 0, "ChiSquared": null, "LogL": null}, "Point T1-672-31072019150451-GenNb0": {"k": 167698.7073, "zL": 36.8463, "c0": 0.4665, "c1": 0.175918, "c2": -0.8943, "c0Prime": 0.6773640000000001, "Mu1": 11.34483, "Mu11": 0.3267, "Mu11Prime": 0.30047199999999996, "Mu2Tilde": 0.4183, "mWpm": 0.00017968385367342566, "mTop": 3991.5138397565415, "mZ0": 0.00020492850226163002, "mZprime": 16762.105321311865, "mPsiDark": 13537.247403918072, "mTau": 5.986866474683615, "mBottom": 223.8953390964315, "Higgs": 606.2920530726722, "ThetaHiggs": 3.141592460595077, "mNeutrino": 134.06080549553147, "Triviality": 0, "ChiSquared": null, "LogL": null}}