{"Point T5-625-13082019104825-GenNb24704": {"k": 25958.50355585399, "zL": 35.55381513397881, "c0": 1.0924366690442504, "c1": 0.24330325987395077, "c2": -0.6821277799590959, "c0Prime": 1.0607565004727206, "Mu1": 42.18842565516391, "Mu11": 0.07523047701610285, "Mu11Prime": 0.25124739821167225, "Mu2Tilde": 0.41973854956687623, "mWpm": 4.3981314977537614e-07, "mTop": 173.45417051921467, "mZ0": 5.016046139696503e-07, "mZprime": 2691.701104990369, "mPsiDark": 2407.8290979282106, "mTau": 1.7884955725341654, "mBottom": 4.177331255275747, "Higgs": 124.59561065137203, "ThetaHiggs": 3.141592650698632, "mNeutrino": 12.533503608948708, "Triviality": 0, "ChiSquared": null, "LogL": null}, "Point T5-831-13082019223745-GenNb25695": {"k": 27655.66163515641, "zL": 37.22318030985015, "c0": 1.0831237754982392, "c1": 0.5243090489031976, "c2": -0.6662641566509155, "c0Prime": 1.0651305442266632, "Mu1": 30.12366681500692, "Mu11": 0.16874094469059445, "Mu11Prime": 0.27719347899165864, "Mu2Tilde": 0.5023492244752026, "mWpm": 1.3096894813464195e-05, "mTop": 175.75326956218265, "mZ0": 1.4936940540463638e-05, "mZprime": 2735.5248269934646, "mPsiDark": 2451.1863830465154, "mTau": 1.7708799098591463, "mBottom": 4.145295336078954, "Higgs": 124.67670948134064, "ThetaHiggs": 3.1415926299618504, "mNeutrino": 14.00442567678944, "Triviality": 0, "ChiSquared": null, "LogL": null}, "Point T5-375-14082019004109-GenNb25866": {"k": 119838.83184275693, "zL": 33.25153348297145, "c0": 0.29034012052880154, "c1": 0.027704994564563008, "c2": -0.9126, "c0Prime": 0.5783, "Mu1": 13.377649677981303, "Mu11": 0.14751101664066368, "Mu11Prime": 0.07028911499029264, "Mu2Tilde": 1.2275693762892568, "mWpm": 86.17219398872305, "mTop": 186.08255184417584, "mZ0": 98.27893986959471, "mZprime": 13310.828912046603, "mPsiDark": 2655.921517861268, "mTau": 0.3431594161482967, "mBottom": 4.250107325030836, "Higgs": 121.29668448162818, "ThetaHiggs": 0.11108788287603164, "mNeutrino": 0.0850127285150941, "Triviality": 0, "ChiSquared": null, "LogL": null}, "Point T5-873-13082019154312-GenNb25114": {"k": 23708.835049654972, "zL": 35.70664182147567, "c0": 1.0478204217055356, "c1": 0.46613994789053337, "c2": -0.7247859948204238, "c0Prime": 2.6208183716044857, "Mu1": 28.757671430042254, "Mu11": 0.1429536008888037, "Mu11Prime": 0.23560786582447465, "Mu2Tilde": 0.23925250389298214, "mWpm": 1.1964355883438775e-07, "mTop": 175.77129739537912, "mZ0": 1.3645285770497943e-07, "mZprime": 2447.602041027497, "mPsiDark": 3511.525022908772, "mTau": 1.7825412246583403, "mBottom": 4.202082078479162, "Higgs": 120.48695453055427, "ThetaHiggs": 3.141592652723063, "mNeutrino": 9.757029473237607, "Triviality": 0, "ChiSquared": null, "LogL": null}, "Point T5-223-13082019181137-GenNb25322": {"k": 25980.628950119797, "zL": 32.747974742929, "c0": 1.1435122320745434, "c1": 0.3571689235997479, "c2": -0.6793595084948602, "c0Prime": 1.1134289823335033, "Mu1": 23.30460125383933, "Mu11": 0.061953453025023364, "Mu11Prime": 0.26523415174002396, "Mu2Tilde": 0.5219626714066963, "mWpm": 5.304187088311564e-06, "mTop": 174.82917985162973, "mZ0": 6.049397836818122e-06, "mZprime": 2932.0867790111306, "mPsiDark": 2668.388796820276, "mTau": 1.7723904320495154, "mBottom": 4.167647057849072, "Higgs": 124.1567038981289, "ThetaHiggs": 3.141592622831671, "mNeutrino": 13.561017318961408, "Triviality": 0, "ChiSquared": null, "LogL": null}, "Point T5-524-14082019005807-GenNb25889": {"k": 24802.381398635356, "zL": 31.314297134510884, "c0": 1.1699665949096927, "c1": 0.2807779236641156, "c2": -0.7010403812862414, "c0Prime": 1.1339359521497512, "Mu1": 20.029390578067556, "Mu11": 0.04029765901972003, "Mu11Prime": 0.25491206036447356, "Mu2Tilde": 0.4573229459364201, "mWpm": 5.659281018506999e-06, "mTop": 168.48631727850432, "mZ0": 6.4543806206880804e-06, "mZprime": 2931.494365479868, "mPsiDark": 2685.2516453768826, "mTau": 1.769636962218529, "mBottom": 4.080451028614282, "Higgs": 123.68271487044122, "ThetaHiggs": 3.141592621469345, "mNeutrino": 12.837814591064927, "Triviality": 0, "ChiSquared": null, "LogL": null}, "Point T5-904-13082019233221-GenNb25769": {"k": 24301.615148307956, "zL": 36.98521781145965, "c0": 1.0395116532228266, "c1": 0.33143826140829047, "c2": -0.6664556750265355, "c0Prime": 1.7073934424865267, "Mu1": 41.61129532093081, "Mu11": 0.11430221004911913, "Mu11Prime": 0.33269700680594116, "Mu2Tilde": 0.6217381381273744, "mWpm": 1.6368059571571763e-05, "mTop": 174.05386051678235, "mZ0": 1.8667686964393173e-05, "mZprime": 2419.659127583293, "mPsiDark": 2701.8023193336053, "mTau": 1.7952613876315784, "mBottom": 4.1830150986335, "Higgs": 118.43416336249258, "ThetaHiggs": 3.1415926335291164, "mNeutrino": 10.101100224340211, "Triviality": 0, "ChiSquared": null, "LogL": null}, "Point T5-598-12082019222004-GenNb23656": {"k": 26646.605800797006, "zL": 34.28797372127353, "c0": 1.1330233151448885, "c1": 0.050586709550081765, "c2": -0.7363394708356903, "c0Prime": 1.1760085013130732, "Mu1": 35.931872090681715, "Mu11": 0.03343763176068126, "Mu11Prime": 0.2677148121583335, "Mu2Tilde": 0.347766530739012, "mWpm": 1.0398721407970134e-05, "mTop": 170.60116170598266, "mZ0": 1.1859687779428073e-05, "mZprime": 2868.1226726029004, "mPsiDark": 2668.142129978594, "mTau": 1.7805704448967596, "mBottom": 4.159910970368725, "Higgs": 122.94007012743553, "ThetaHiggs": 3.141592650227329, "mNeutrino": 14.034772610529059, "Triviality": 0, "ChiSquared": null, "LogL": null}, "Point T5-975-09082019174648-GenNb17440": {"k": 28936.57919617623, "zL": 36.280296846786904, "c0": 1.1291261061460909, "c1": 0.030504885252190667, "c2": -0.6745024857890201, "c0Prime": 1.0243896867753048, "Mu1": 18.340090095817324, "Mu11": 0.01630055491985359, "Mu11Prime": 0.18695058092096442, "Mu2Tilde": 0.26896984772857857, "mWpm": 5.280906479177365e-07, "mTop": 170.4979832385729, "mZ0": 6.022846422964984e-07, "mZprime": 2938.7195588753325, "mPsiDark": 2597.3330245367565, "mTau": 1.7923843690525936, "mBottom": 4.178973484984738, "Higgs": 121.0468625747411, "ThetaHiggs": 3.141592650378736, "mNeutrino": 16.4313692069619, "Triviality": 0, "ChiSquared": null, "LogL": null}}