{"Point T4-722-11082019201839-GenNb24196": {"k": 162620.3474467177, "zL": 33.526935594560506, "c0": 0.04362087372800004, "c1": 0.010591593124780686, "c2": -0.9509213224263097, "c0Prime": 0.5356505065846656, "Mu1": 20.15693750396234, "Mu11": 0.4206379660704661, "Mu11Prime": 0.259345287344, "Mu2Tilde": 1.3690843193328999, "mWpm": 76.02432042507901, "mTop": 182.18336465167664, "mZ0": 86.7053427543102, "mZprime": 17911.760438714286, "mPsiDark": 3846.7510751060195, "mTau": 1.7013079732703529, "mBottom": 4.147927086671436, "Higgs": 132.11239800305705, "ThetaHiggs": 0.07304901059615326, "mNeutrino": 0.021212029657049332, "Triviality": 0, "ChiSquared": null, "LogL": null}, "Point T4-742-09082019025842-GenNb18368": {"k": 122458.12425278524, "zL": 32.851992398591605, "c0": 0.07164471440000006, "c1": 0.1424993517579169, "c2": -0.7787468645125504, "c0Prime": 0.4868649165242007, "Mu1": 11.992085548188765, "Mu11": 0.3381415343181745, "Mu11Prime": 0.14423531267103362, "Mu2Tilde": 1.2473702588761018, "mWpm": 76.19186460686075, "mTop": 180.193554525311, "mZ0": 86.89642602380408, "mZprime": 13773.10404828343, "mPsiDark": 3216.1808260778366, "mTau": 1.7235861291343824, "mBottom": 4.187803379519413, "Higgs": 131.98598444124923, "ThetaHiggs": 0.09432356068908594, "mNeutrino": 0.023475254780492855, "Triviality": 0, "ChiSquared": null, "LogL": null}, "Point T4-589-10082019191644-GenNb21905": {"k": 88831.87198150512, "zL": 32.67756472581421, "c0": 0.2841555346880001, "c1": 0.11020146211026867, "c2": -0.5300175129429703, "c0Prime": 0.44280970211463805, "Mu1": 16.682148180070435, "Mu11": 0.26358061782079206, "Mu11Prime": 0.159242, "Mu2Tilde": 1.5992398451801249, "mWpm": 75.61784220079375, "mTop": 162.82984899638117, "mZ0": 86.24175644979927, "mZprime": 10044.879803194914, "mPsiDark": 2514.3300998868676, "mTau": 1.820905435189209, "mBottom": 4.179449629724033, "Higgs": 133.90695317422774, "ThetaHiggs": 0.12816687840311097, "mNeutrino": 0.06113211132192464, "Triviality": 0, "ChiSquared": null, "LogL": null}, "Point T4-610-12082019224658-GenNb26613": {"k": 120939.3836419114, "zL": 30.678643448726344, "c0": 0.3741196352000001, "c1": 0.24546630896370517, "c2": -0.36664086197728, "c0Prime": 0.42283852, "Mu1": 12.515949359319686, "Mu11": 0.24972778111463675, "Mu11Prime": 0.27087572, "Mu2Tilde": 3.060444315498681, "mWpm": 75.22770436574048, "mTop": 146.38265238202445, "mZ0": 85.79680627437409, "mZprime": 14598.640557243381, "mPsiDark": 3799.9767153834423, "mTau": 2.0476694672229283, "mBottom": 4.194327685173034, "Higgs": 135.27867831493845, "ThetaHiggs": 0.08498019568237572, "mNeutrino": 0.0743263360577234, "Triviality": 0, "ChiSquared": null, "LogL": null}, "Point T4-479-12082019081210-GenNb25286": {"k": 81766.14426547292, "zL": 32.329628251621756, "c0": 0.12604393452800006, "c1": 0.034632240087052873, "c2": -0.6126325953681369, "c0Prime": 0.42212870702502625, "Mu1": 17.1792709351765, "Mu11": 0.3178224790400664, "Mu11Prime": 0.13535303267103363, "Mu2Tilde": 1.8241306951389071, "mWpm": 76.66812522563146, "mTop": 177.89554181756017, "mZ0": 87.43959878694098, "mZprime": 9348.120510912602, "mPsiDark": 2417.204954668529, "mTau": 1.6595783990115656, "mBottom": 4.198852473873603, "Higgs": 136.82938814264475, "ThetaHiggs": 0.1389681467604505, "mNeutrino": 0.0299410537286391, "Triviality": 0, "ChiSquared": null, "LogL": null}, "Point T4-588-12082019080544-GenNb25276": {"k": 79237.59183860611, "zL": 31.76159236906875, "c0": 0.06617957534343683, "c1": 0.08543891942160908, "c2": -0.610998235408, "c0Prime": 0.4113914800000001, "Mu1": 13.810924845154869, "Mu11": 0.34967862622789625, "Mu11Prime": 0.1395949816, "Mu2Tilde": 2.031275330593431, "mWpm": 74.45583793723168, "mTop": 173.6654826080287, "mZ0": 84.91649661990826, "mZprime": 9226.407105622313, "mPsiDark": 2429.578172284825, "mTau": 1.7670989650766604, "mBottom": 4.173326073152282, "Higgs": 133.12661545501888, "ThetaHiggs": 0.13555109910471605, "mNeutrino": 0.020396451622753088, "Triviality": 0, "ChiSquared": null, "LogL": null}, "Point T4-391-14082019020656-GenNb29109": {"k": 249093.69418685432, "zL": 31.37599104, "c0": 0.3585848414604801, "c1": 0.23788343177901478, "c2": -0.591702026608, "c0Prime": 0.6321, "Mu1": 17.06149616692044, "Mu11": 0.29409142307266606, "Mu11Prime": 0.24787076, "Mu2Tilde": 1.902587554084937, "mWpm": 84.92956528964392, "mTop": 169.05029829576586, "mZ0": 96.8617282895691, "mZprime": 29380.443856207083, "mPsiDark": 5394.239412558498, "mTau": 1.8262452983756599, "mBottom": 4.100348021737468, "Higgs": 117.89322541245797, "ThetaHiggs": 0.048157919281313216, "mNeutrino": 0.09430820210231868, "Triviality": 0, "ChiSquared": null, "LogL": null}, "Point T4-654-11082019145249-GenNb23702": {"k": 194365.23569618285, "zL": 32.28876884511792, "c0": 0.1558952192, "c1": 0.25699817300521355, "c2": -0.7854819999999999, "c0Prime": 0.56578452, "Mu1": 10.030001478741518, "Mu11": 0.3052998282342459, "Mu11Prime": 0.25748972292896, "Mu2Tilde": 1.7658720946849515, "mWpm": 78.18652987515247, "mTop": 179.02183435631278, "mZ0": 89.17133140671758, "mZprime": 22256.050658810604, "mPsiDark": 4568.772925339378, "mTau": 1.815170234118115, "mBottom": 4.107176288516595, "Higgs": 123.32942680645043, "ThetaHiggs": 0.059354362012749, "mNeutrino": 0.035557062672487115, "Triviality": 0, "ChiSquared": null, "LogL": null}, "Point T4-480-12082019075907-GenNb25265": {"k": 147251.79943847161, "zL": 34.228844847457445, "c0": 0.14909912, "c1": 0.13749465281602125, "c2": -0.754, "c0Prime": 0.517734089824, "Mu1": 13.237247640714969, "Mu11": 0.29768534757382953, "Mu11Prime": 0.1727, "Mu2Tilde": 1.2991517857804815, "mWpm": 76.42405058901532, "mTop": 180.4644251953365, "mZ0": 87.16123293102659, "mZprime": 15876.015162571925, "mPsiDark": 3502.6448529679183, "mTau": 1.75171521112901, "mBottom": 4.189713726548231, "Higgs": 131.16625265484743, "ThetaHiggs": 0.08370626352978552, "mNeutrino": 0.037567000493512956, "Triviality": 0, "ChiSquared": null, "LogL": null}}