{"Point T0-525-07082019121041-GenNb13350": {"k": 134227.60643893565, "zL": 37.13462613465821, "c0": 0.1385, "c1": 0.1377982936, "c2": -0.9735635600000001, "c0Prime": 0.5471, "Mu1": 12.85660993939788, "Mu11": 0.2887778355475329, "Mu11Prime": 0.4274411252125311, "Mu2Tilde": 1.4376, "mWpm": 75.397400086789, "mTop": 185.91667128930416, "mZ0": 85.99034336323176, "mZprime": 13307.508775140104, "mPsiDark": 2753.140330233337, "mTau": 1.737099572707199, "mBottom": 4.1814140921045775, "Higgs": 127.99591462901903, "ThetaHiggs": 0.10255165403895189, "mNeutrino": 0.04173233158908951, "Triviality": 0, "ChiSquared": null, "LogL": null}, "Point T0-374-11082019172044-GenNb21591": {"k": 135820.82335194453, "zL": 35.08809404312695, "c0": 0.015236149600000026, "c1": 0.101375934333644, "c2": -0.8270311769376002, "c0Prime": 0.496856, "Mu1": 11.42057581446619, "Mu11": 0.3319294232238055, "Mu11Prime": 0.16648592175803367, "Mu2Tilde": 1.3068324348385754, "mWpm": 73.2705741462959, "mTop": 179.9508039673899, "mZ0": 83.56470941980251, "mZprime": 14274.25503886726, "mPsiDark": 3249.3025119644967, "mTau": 1.735325207127699, "mBottom": 4.131591408057361, "Higgs": 134.42031351723526, "ThetaHiggs": 0.09035346280468251, "mNeutrino": 0.018747123163353318, "Triviality": 0, "ChiSquared": null, "LogL": null}, "Point T0-589-13082019152642-GenNb25414": {"k": 102464.2067841736, "zL": 31.38192396651227, "c0": 0.28483699955873926, "c1": 0.10067058687472934, "c2": -0.5271894423999999, "c0Prime": 0.25786477759999993, "Mu1": 19.418333162902453, "Mu11": 0.3195640685619682, "Mu11Prime": 0.09133093550400002, "Mu2Tilde": 0.9799785530991357, "mWpm": 72.34099864045054, "mTop": 152.73758884424467, "mZ0": 82.50453338140224, "mZprime": 12081.66326148525, "mPsiDark": 3945.3668180966315, "mTau": 1.6568161750392911, "mBottom": 4.169189409898961, "Higgs": 152.18741462108008, "ThetaHiggs": 0.099871554637749, "mNeutrino": 0.05067577721963911, "Triviality": 0, "ChiSquared": null, "LogL": null}, "Point T0-457-14082019000719-GenNb26135": {"k": 105624.94847160052, "zL": 33.09425102856721, "c0": 0.23413080302723205, "c1": 0.03713415675883558, "c2": -0.650085040050496, "c0Prime": 0.5111110907840001, "Mu1": 17.908935606477026, "Mu11": 0.2456884135945246, "Mu11Prime": 0.1598402698090231, "Mu2Tilde": 1.3330061008743663, "mWpm": 78.2606899265987, "mTop": 174.90049717679415, "mZ0": 89.25591056038012, "mZprime": 11789.428352578849, "mPsiDark": 2641.206918625821, "mTau": 1.7964451200385925, "mBottom": 4.122454325889382, "Higgs": 125.7422704105158, "ThetaHiggs": 0.11365634315360794, "mNeutrino": 0.05414919414161012, "Triviality": 0, "ChiSquared": null, "LogL": null}, "Point T0-913-13082019073658-GenNb24759": {"k": 125306.8750807648, "zL": 38.95537074601505, "c0": 0.37115698960000004, "c1": 0.021268577062410907, "c2": -0.6781431610140415, "c0Prime": 0.5285781640000001, "Mu1": 13.362583182087478, "Mu11": 0.1129903130016974, "Mu11Prime": 0.10364052000000001, "Mu2Tilde": 0.5974630475349736, "mWpm": 79.81701081870483, "mTop": 172.65470392626713, "mZ0": 91.03088645797776, "mZprime": 11826.423194958434, "mPsiDark": 2507.4701363841577, "mTau": 1.461159248850566, "mBottom": 4.1061717856277955, "Higgs": 137.9855058007994, "ThetaHiggs": 0.12513382684764787, "mNeutrino": 0.1541406358221597, "Triviality": 0, "ChiSquared": null, "LogL": null}, "Point T0-425-10082019044111-GenNb18544": {"k": 81707.57038434598, "zL": 34.98327732002437, "c0": 0.41206736399999994, "c1": 0.000771662936126058, "c2": -0.4521894952556798, "c0Prime": 0.353376884, "Mu1": 15.426254673154604, "Mu11": 0.14212199208646997, "Mu11Prime": 0.13023382559009983, "Mu2Tilde": 1.062962605388936, "mWpm": 70.71673717588209, "mTop": 140.34662030751272, "mZ0": 80.65207161363394, "mZprime": 8611.994023500387, "mPsiDark": 2446.795180061289, "mTau": 1.7813525647952153, "mBottom": 4.186547641528917, "Higgs": 149.98727738773133, "ThetaHiggs": 0.14459913512218975, "mNeutrino": 0.1078886027354903, "Triviality": 0, "ChiSquared": null, "LogL": null}, "Point T0-189-14082019001903-GenNb26151": {"k": 61011.76252479169, "zL": 27.566119359271962, "c0": 0.03526871573087989, "c1": 0.07539025541601503, "c2": -0.6525857070237975, "c0Prime": 0.1931160417663735, "Mu1": 6.841778826343697, "Mu11": 0.18574679580226397, "Mu11Prime": 0.06037337715871682, "Mu2Tilde": 0.795721648071152, "mWpm": 75.79313879729254, "mTop": 165.80121235566438, "mZ0": 86.44168130803027, "mZprime": 8225.317623088426, "mPsiDark": 2913.8174278185124, "mTau": 1.7765500825636524, "mBottom": 4.066314515835204, "Higgs": 143.27514270781253, "ThetaHiggs": 0.14459380127597204, "mNeutrino": 0.01364484474954561, "Triviality": 0, "ChiSquared": null, "LogL": null}, "Point T0-664-13082019215212-GenNb25948": {"k": 112400.56018917158, "zL": 27.6032392603961, "c0": 0.3918737487856193, "c1": 0.1993029709880605, "c2": -0.5515089593515196, "c0Prime": 0.38326340000000003, "Mu1": 22.35587347982855, "Mu11": 0.39241328789848956, "Mu11Prime": 0.1076328700453035, "Mu2Tilde": 0.7057912627557092, "mWpm": 76.48808235395423, "mTop": 140.10587308840334, "mZ0": 87.2342608265099, "mZprime": 15136.454584739335, "mPsiDark": 4219.320185990358, "mTau": 2.076580436144939, "mBottom": 4.137329385143191, "Higgs": 127.73728040403066, "ThetaHiggs": 0.07918284559477665, "mNeutrino": 0.06241762075061341, "Triviality": 0, "ChiSquared": null, "LogL": null}, "Point T0-531-13082019010235-GenNb24208": {"k": 106512.87749277882, "zL": 33.89465703952633, "c0": 0.170187488032, "c1": 0.01386124228702286, "c2": -0.6175347577651201, "c0Prime": 0.428348, "Mu1": 15.627059427059216, "Mu11": 0.25277503771086385, "Mu11Prime": 0.1361891843205504, "Mu2Tilde": 1.3421397342192145, "mWpm": 71.98501075719881, "mTop": 167.9131572968552, "mZ0": 82.09853104871264, "mZprime": 11599.565062507783, "mPsiDark": 2959.288899140861, "mTau": 1.8354353436397406, "mBottom": 4.159891196370349, "Higgs": 135.324908192674, "ThetaHiggs": 0.1074706253506378, "mNeutrino": 0.036083760873571714, "Triviality": 0, "ChiSquared": null, "LogL": null}, "Point T0-536-14082019013226-GenNb26253": {"k": 71420.87271259942, "zL": 28.56859032068993, "c0": 0.20898009683199997, "c1": 0.05948128167329925, "c2": -0.6412954080571935, "c0Prime": 0.40862289943999996, "Mu1": 12.555653306293792, "Mu11": 0.21418581429124944, "Mu11Prime": 0.11117737733801236, "Mu2Tilde": 1.0768014437902211, "mWpm": 79.72798181283693, "mTop": 168.84050540670646, "mZ0": 90.92934933899149, "mZprime": 9279.003711161056, "mPsiDark": 2480.8083118085374, "mTau": 1.8068016093967403, "mBottom": 4.250816818265864, "Higgs": 127.90244039132317, "ThetaHiggs": 0.1371300112930497, "mNeutrino": 0.03557137482955921, "Triviality": 0, "ChiSquared": null, "LogL": null}}