{"Point T6-981-13082019200901-GenNb27886": {"k": 74561.09047393462, "zL": 30.703569285884505, "c0": 0.35490648826314924, "c1": 0.20795748449634427, "c2": -0.4370448426080001, "c0Prime": 0.3572320800756609, "Mu1": 18.9892655858316, "Mu11": 0.36425550930485157, "Mu11Prime": 0.16459964115136, "Mu2Tilde": 1.7611153535974127, "mWpm": 74.04401347889348, "mTop": 146.84016183379754, "mZ0": 84.44681296321566, "mZprime": 8990.99594070327, "mPsiDark": 2568.9928721480173, "mTau": 1.8362029865238843, "mBottom": 4.245669060453409, "Higgs": 139.4657573747017, "ThetaHiggs": 0.13608411922300626, "mNeutrino": 0.0671390114624522, "Triviality": 0, "ChiSquared": null, "LogL": null}, "Point T6-863-13082019230220-GenNb28144": {"k": 81193.1930825244, "zL": 30.55363591663621, "c0": 0.3502904897159604, "c1": 0.1494219017099513, "c2": -0.5309007874257621, "c0Prime": 0.37640340249218895, "Mu1": 16.61156789640802, "Mu11": 0.2576297977578222, "Mu11Prime": 0.11550202852576, "Mu2Tilde": 1.0524771511096211, "mWpm": 77.80617861924296, "mTop": 154.54847149081488, "mZ0": 88.73754277399752, "mZprime": 9840.64781624095, "mPsiDark": 2738.3452730012623, "mTau": 1.7407876375027058, "mBottom": 4.177695057658315, "Higgs": 140.40186581882347, "ThetaHiggs": 0.13031425112484302, "mNeutrino": 0.07184902068196414, "Triviality": 0, "ChiSquared": null, "LogL": null}, "Point T6-875-12082019001031-GenNb23976": {"k": 103189.9371710173, "zL": 33.89448688774959, "c0": 0.44588282052332817, "c1": 0.1259217454789801, "c2": -0.4641340040145732, "c0Prime": 0.533451424880976, "Mu1": 15.564784276082726, "Mu11": 0.16194677557652748, "Mu11Prime": 0.2053861044270016, "Mu2Tilde": 1.997977968895912, "mWpm": 84.23301910871027, "mTop": 158.98121191967115, "mZ0": 96.06732098642752, "mZprime": 11236.81703504925, "mPsiDark": 2414.1498521344383, "mTau": 1.5726607695085864, "mBottom": 4.173377546264806, "Higgs": 136.8855273571948, "ThetaHiggs": 0.12991645640040106, "mNeutrino": 0.15991488299595719, "Triviality": 0, "ChiSquared": null, "LogL": null}, "Point T6-963-07082019024220-GenNb13790": {"k": 99650.34671898166, "zL": 31.764374283966756, "c0": 0.3292632073599999, "c1": 0.04355638213128968, "c2": -0.4217774371773251, "c0Prime": 0.40923699174368, "Mu1": 13.325412001695309, "Mu11": 0.16405486293247729, "Mu11Prime": 0.208324, "Mu2Tilde": 2.629800327970202, "mWpm": 75.44861899350077, "mTop": 154.96869402116656, "mZ0": 86.04875826042668, "mZprime": 11603.459930161804, "mPsiDark": 3068.617391110979, "mTau": 1.7683958510372948, "mBottom": 4.1880847169390165, "Higgs": 140.68742608536348, "ThetaHiggs": 0.10912255867200409, "mNeutrino": 0.06842144541160687, "Triviality": 0, "ChiSquared": null, "LogL": null}, "Point T6-19-11082019140618-GenNb23085": {"k": 99692.48961626057, "zL": 31.640409015623995, "c0": 0.3076282204860159, "c1": 0.0067593845371263575, "c2": -0.412537786185325, "c0Prime": 0.3990358448000001, "Mu1": 17.000544590710575, "Mu11": 0.20258175725887584, "Mu11Prime": 0.2166, "Mu2Tilde": 2.862156165052165, "mWpm": 74.01677200974595, "mTop": 154.3269135021374, "mZ0": 84.41574420908066, "mZprime": 11655.438474378203, "mPsiDark": 3130.967723200458, "mTau": 1.8127286280907506, "mBottom": 4.1711056628305, "Higgs": 140.08818773689987, "ThetaHiggs": 0.10636362101187202, "mNeutrino": 0.059612396176922926, "Triviality": 0, "ChiSquared": null, "LogL": null}, "Point T6-167-13082019085343-GenNb26883": {"k": 75966.42090944159, "zL": 32.261295076538445, "c0": 0.300328235795776, "c1": 0.28691667686463407, "c2": -0.6475634995354477, "c0Prime": 0.36676402062252805, "Mu1": 10.93611258918055, "Mu11": 0.2698393152817921, "Mu11Prime": 0.07323784000000003, "Mu2Tilde": 0.4848103005221709, "mWpm": 75.81024894057624, "mTop": 160.56280549633036, "mZ0": 86.46119533761572, "mZprime": 8703.685309494282, "mPsiDark": 2441.6824561087074, "mTau": 1.72105853003347, "mBottom": 4.110378696115223, "Higgs": 140.68221867017346, "ThetaHiggs": 0.14748826787302477, "mNeutrino": 0.06386928670314836, "Triviality": 0, "ChiSquared": null, "LogL": null}, "Point T6-631-12082019001513-GenNb23982": {"k": 151335.5565540908, "zL": 32.91095563020681, "c0": 0.3158, "c1": 0.12639452448908056, "c2": -0.5892994712000001, "c0Prime": 0.5360592799999999, "Mu1": 13.512065402286362, "Mu11": 0.19162013582787374, "Mu11Prime": 0.17894355999999997, "Mu2Tilde": 1.4820825611724695, "mWpm": 80.17023733558084, "mTop": 168.91627790518456, "mZ0": 91.43373946665183, "mZprime": 16990.219293839848, "mPsiDark": 3656.6857557218036, "mTau": 1.782916102723125, "mBottom": 4.085062817470879, "Higgs": 128.07496260473056, "ThetaHiggs": 0.08049762809791912, "mNeutrino": 0.07977027335908311, "Triviality": 0, "ChiSquared": null, "LogL": null}, "Point T6-36-11082019092421-GenNb22667": {"k": 98294.97884650217, "zL": 30.310838273493957, "c0": 0.3915003847275521, "c1": 0.214661668006353, "c2": -0.4991506232162905, "c0Prime": 0.5229392935327999, "Mu1": 18.700673447360412, "Mu11": 0.29706920115974034, "Mu11Prime": 0.19706651689599997, "Mu2Tilde": 1.9195363887989307, "mWpm": 84.25628817708005, "mTop": 160.66346649777196, "mZ0": 96.09385923809876, "mZprime": 12012.828754475639, "mPsiDark": 2675.023397669224, "mTau": 1.7329940374624033, "mBottom": 4.1853333941828055, "Higgs": 127.05472522653854, "ThetaHiggs": 0.11509367088954034, "mNeutrino": 0.09678143074312463, "Triviality": 0, "ChiSquared": null, "LogL": null}, "Point T6-871-13082019230628-GenNb28149": {"k": 98307.76999013248, "zL": 31.505171815788994, "c0": 0.28515801039999994, "c1": 0.0982009302824404, "c2": -0.5753, "c0Prime": 0.5186037526253917, "Mu1": 18.50492187065744, "Mu11": 0.2589297119223147, "Mu11Prime": 0.17749174, "Mu2Tilde": 1.834136859781504, "mWpm": 83.66028026781684, "mTop": 177.03653208226237, "mZ0": 95.41411531183937, "mZprime": 11543.836148437189, "mPsiDark": 2572.8400214890235, "mTau": 1.7254429195970655, "mBottom": 4.14236574150072, "Higgs": 129.44196079331923, "ThetaHiggs": 0.12119122820062661, "mNeutrino": 0.06862633033064383, "Triviality": 0, "ChiSquared": null, "LogL": null}}