{"Point T7-455-13082019022009-GenNb26573": {"k": 107015.18192063934, "zL": 34.91186552965528, "c0": 0.010176877641307855, "c1": 0.07000854561874044, "c2": -0.5804380503762067, "c0Prime": 0.3566251786634177, "Mu1": 12.42149730168065, "Mu11": 0.3617289394552741, "Mu11Prime": 0.12592098126065995, "Mu2Tilde": 2.216884526505956, "mWpm": 68.87841639360691, "mTop": 168.86729418223186, "mZ0": 78.5554763053389, "mZprime": 11304.7687547215, "mPsiDark": 3202.8169086968696, "mTau": 1.7059253777053298, "mBottom": 4.179467516894151, "Higgs": 147.1090491641966, "ThetaHiggs": 0.10703784832168528, "mNeutrino": 0.01600065261290853, "Triviality": 0, "ChiSquared": null, "LogL": null}, "Point T7-741-12082019080111-GenNb24946": {"k": 28656.24380019149, "zL": 35.872729498481, "c0": 1.1095926282519932, "c1": 0.09324794128836296, "c2": -0.4036187598806201, "c0Prime": 0.736004146968667, "Mu1": 12.620503974851646, "Mu11": 0.01524696673289938, "Mu11Prime": 0.27243664386193117, "Mu2Tilde": 1.3285609425318934, "mWpm": 4.478285637704082e-06, "mTop": 180.75876762950452, "mZ0": 5.107461520178837e-06, "mZprime": 2944.2623654126896, "mPsiDark": 2404.1174863682268, "mTau": 1.7496796721571983, "mBottom": 4.190644067442732, "Higgs": 125.15594087892477, "ThetaHiggs": 3.141592626559573, "mNeutrino": 15.665580863187825, "Triviality": 0, "ChiSquared": null, "LogL": null}, "Point T7-67-11082019235627-GenNb24228": {"k": 162216.83670120212, "zL": 27.764743572489557, "c0": 0.3000342106745191, "c1": 0.13961057777397487, "c2": -0.6314384036195696, "c0Prime": 0.5676422499153064, "Mu1": 17.499731804375863, "Mu11": 0.25529967595936226, "Mu11Prime": 0.1760236022247798, "Mu2Tilde": 1.87518647654839, "mWpm": 90.03069519933484, "mTop": 177.93140353143568, "mZ0": 102.67954046836905, "mZprime": 21714.027172424736, "mPsiDark": 4566.4303834891825, "mTau": 1.5395816424795152, "mBottom": 3.972983496088483, "Higgs": 124.2433913974581, "ThetaHiggs": 0.06513405584984709, "mNeutrino": 0.06158490982399817, "Triviality": 0, "ChiSquared": null, "LogL": null}, "Point T7-953-12082019164946-GenNb25730": {"k": 33118.111491346805, "zL": 40.790389050913106, "c0": 1.0789577734903921, "c1": 0.11930563631345956, "c2": -0.3957594425465414, "c0Prime": 0.6788877834141828, "Mu1": 13.38381620023377, "Mu11": 0.01713787219020504, "Mu11Prime": 0.23249033908763075, "Mu2Tilde": 1.0785858296754294, "mWpm": 1.061729651972102e-05, "mTop": 183.80866906688516, "mZ0": 1.2108971559617846e-05, "mZprime": 2982.15741163714, "mPsiDark": 2402.779219810909, "mTau": 1.7476536642400433, "mBottom": 4.196938427252848, "Higgs": 126.55878970085058, "ThetaHiggs": 3.141592586238414, "mNeutrino": 19.89555954678428, "Triviality": 0, "ChiSquared": null, "LogL": null}, "Point T7-30-14082019035212-GenNb28845": {"k": 88446.38053309944, "zL": 27.190748623708306, "c0": 0.10509088, "c1": 0.13364866504201686, "c2": -0.6342196800000001, "c0Prime": 0.45441993876039605, "Mu1": 14.430856309513237, "Mu11": 0.37149381272156784, "Mu11Prime": 0.1515651091085874, "Mu2Tilde": 2.060360152470359, "mWpm": 80.75247945300987, "mTop": 173.26435902740445, "mZ0": 92.09778357879132, "mZprime": 12097.141738090584, "mPsiDark": 3045.416077505571, "mTau": 1.798150146021534, "mBottom": 4.143789824720039, "Higgs": 123.65087081631302, "ThetaHiggs": 0.103911193361855, "mNeutrino": 0.020601423117924678, "Triviality": 0, "ChiSquared": null, "LogL": null}, "Point T7-547-13082019220618-GenNb28333": {"k": 30725.41820000297, "zL": 35.95504898444852, "c0": 1.1659749807608124, "c1": 0.14220351837202022, "c2": -0.3945882634244134, "c0Prime": 0.7157910273868057, "Mu1": 15.759182115071402, "Mu11": 0.01895238188291638, "Mu11Prime": 0.2531876718502635, "Mu2Tilde": 1.090694018379633, "mWpm": 2.9291229162141104e-05, "mTop": 167.13568795986384, "mZ0": 3.3406494790063113e-05, "mZprime": 3149.423567405343, "mPsiDark": 2561.6480669739876, "mTau": 1.8041739912770016, "mBottom": 4.108987834429445, "Higgs": 118.99664046344402, "ThetaHiggs": 3.14159246354636, "mNeutrino": 19.524190052307812, "Triviality": 0, "ChiSquared": null, "LogL": null}, "Point T7-893-11082019032250-GenNb22387": {"k": 28574.448681625363, "zL": 33.53863310943599, "c0": 1.1903640940289941, "c1": 0.1494418599984223, "c2": -0.3939238001354573, "c0Prime": 0.7536145087764237, "Mu1": 11.631426086684467, "Mu11": 0.016292703364514702, "Mu11Prime": 0.29002761006958316, "Mu2Tilde": 1.3098545619557311, "mWpm": 2.3469382462602728e-05, "mTop": 164.21905978203142, "mZ0": 2.676670885414036e-05, "mZprime": 3146.4565592591607, "mPsiDark": 2582.0405835160045, "mTau": 1.7738336492123299, "mBottom": 4.176023716488726, "Higgs": 124.61667951861656, "ThetaHiggs": 3.1415925252925194, "mNeutrino": 17.4867896679454, "Triviality": 0, "ChiSquared": null, "LogL": null}, "Point T7-105-13082019223307-GenNb28373": {"k": 90025.55810538637, "zL": 28.816269504531814, "c0": 0.1407, "c1": 0.07393724349456675, "c2": -0.647902250388192, "c0Prime": 0.42379400000000006, "Mu1": 17.63107620866872, "Mu11": 0.3581895237462569, "Mu11Prime": 0.1224, "Mu2Tilde": 1.5474834636319281, "mWpm": 80.44888359959066, "mTop": 175.70689395883582, "mZ0": 91.75153408412547, "mZprime": 11593.397857382866, "mPsiDark": 3032.0395545913366, "mTau": 1.6554063196491007, "mBottom": 4.2414890204094595, "Higgs": 132.24856109903195, "ThetaHiggs": 0.11110764391585166, "mNeutrino": 0.027270413803918644, "Triviality": 0, "ChiSquared": null, "LogL": null}, "Point T7-905-12082019112403-GenNb25247": {"k": 93024.37555980252, "zL": 31.9769075450832, "c0": 0.26308100875303175, "c1": 0.12018322697751894, "c2": -0.5197986583847198, "c0Prime": 0.49504615756132975, "Mu1": 15.096058458922544, "Mu11": 0.2535961554808089, "Mu11Prime": 0.20738319731967786, "Mu2Tilde": 2.2352302669668704, "mWpm": 76.698874778771, "mTop": 165.8191485183371, "mZ0": 87.47466849265618, "mZprime": 10757.171173496445, "mPsiDark": 2486.1892231800375, "mTau": 1.8986685176759341, "mBottom": 4.1344968773415225, "Higgs": 126.08657774036027, "ThetaHiggs": 0.12008842889226387, "mNeutrino": 0.05441416793878787, "Triviality": 0, "ChiSquared": null, "LogL": null}}