{"Point T0-373-19082019082110": {"x": -1.3375952860643525, "y": 14.856119474287905, "fAckley": 19.243362742640794, "ChiSquared": null},"Point T0-470-19082019082111": {"x": -1.3380383752384761, "y": 14.859638731614208, "fAckley": 19.236760264181783, "ChiSquared": null},"Point T0-420-19082019082111": {"x": -1.335889404273966, "y": 14.882864489906316, "fAckley": 19.18093484097924, "ChiSquared": null},"Point T0-710-19082019082112": {"x": -1.3386998159619647, "y": 14.9543388369219, "fAckley": 19.085610691101312, "ChiSquared": null},"Point T0-799-19082019082113": {"x": -1.3394105886958056, "y": 14.996638144748497, "fAckley": 19.076777187620156, "ChiSquared": null},"Point T0-342-19082019082115": {"x": -1.3366250307677592, "y": 14.993959357686617, "fAckley": 19.06667194240462, "ChiSquared": null},"Point T0-803-19082019082115": {"x": -1.3309827774927372, "y": 15.023573562093485, "fAckley": 19.06335538213417, "ChiSquared": null},"Point T0-220-19082019082115": {"x": -1.3308143803568473, "y": 15.022874608270989, "fAckley": 19.062112344927844, "ChiSquared": null},"Point T0-678-19082019082115": {"x": -1.3293014290202898, "y": 15.026062037935159, "fAckley": 19.059743090593166, "ChiSquared": null},"Point T0-56-19082019082117": {"x": -1.3311560773292648, "y": 15.010466795046748, "fAckley": 19.053935186166854, "ChiSquared": null},"Point T0-514-19082019082117": {"x": -1.3292395744032364, "y": 15.014428905097258, "fAckley": 19.049642960922544, "ChiSquared": null},"Point T0-636-19082019082117": {"x": -1.329226477539682, "y": 15.013991919576505, "fAckley": 19.04929101345265, "ChiSquared": null},"Point T0-900-19082019082118": {"x": -1.3297338539841377, "y": 14.99028586876929, "fAckley": 19.041886062743774, "ChiSquared": null},"Point T0-943-19082019082119": {"x": -1.3282454309747307, "y": 15.003929961968051, "fAckley": 19.040062325127906, "ChiSquared": null},"Point T0-930-19082019082120": {"x": -1.3279898266791574, "y": 15.000484386258767, "fAckley": 19.03778313652084, "ChiSquared": null},"Point T0-910-19082019082120": {"x": -1.3260901755540078, "y": 14.997425549747357, "fAckley": 19.029883743505124, "ChiSquared": null},"Point T0-106-19082019082122": {"x": -1.3247241692363438, "y": 14.978702214926908, "fAckley": 19.02432856011695, "ChiSquared": null},"Point T0-622-19082019082123": {"x": -1.3237824088101544, "y": 14.994368569219192, "fAckley": 19.02062683550968, "ChiSquared": null},"Point T0-24-19082019082125": {"x": -1.3170340521524722, "y": 14.972437870726328, "fAckley": 18.99716271725203, "ChiSquared": null},"Point T0-596-19082019082127": {"x": -1.314675355131092, "y": 14.979178410962085, "fAckley": 18.985965453528163, "ChiSquared": null},"Point T0-581-19082019082130": {"x": -1.3142468604573092, "y": 14.980447055191567, "fAckley": 18.984030826880815, "ChiSquared": null},"Point T0-513-19082019082131": {"x": -1.3140094181506734, "y": 14.997552302259765, "fAckley": 18.98381782207222, "ChiSquared": null},"Point T0-619-19082019082132": {"x": -1.309756529428678, "y": 14.993191090401318, "fAckley": 18.965914330781814, "ChiSquared": null},"Point T0-432-19082019082135": {"x": -1.3075334831623646, "y": 14.98496256459649, "fAckley": 18.95656631475113, "ChiSquared": null},"Point T0-327-19082019082136": {"x": -1.3073498306753628, "y": 14.991752202672231, "fAckley": 18.955943793763748, "ChiSquared": null},"Point T0-528-19082019082136": {"x": -1.2988355702689227, "y": 15.02857726934496, "fAckley": 18.943065659594637, "ChiSquared": null},"Point T0-210-19082019082136": {"x": -1.2927821669987878, "y": 14.979561791152465, "fAckley": 18.894969098960676, "ChiSquared": null},"Point T0-786-19082019082137": {"x": -1.2906607024525136, "y": 15.011649140365408, "fAckley": 18.892358070054296, "ChiSquared": null},"Point T0-270-19082019082137": {"x": -1.2900022318147875, "y": 15.015482625653796, "fAckley": 18.892202703193416, "ChiSquared": null},"Point T0-391-19082019082138": {"x": -1.291333363772222, "y": 14.995700408994805, "fAckley": 18.888321603299417, "ChiSquared": null},"Point T0-436-19082019082139": {"x": -1.2855098283322446, "y": 14.999732898452404, "fAckley": 18.863253976996877, "ChiSquared": null},"Point T0-314-19082019082139": {"x": -1.2827191805996232, "y": 15.006810915344662, "fAckley": 18.853527150344597, "ChiSquared": null},"Point T0-249-19082019082139": {"x": -1.2728853414633243, "y": 15.047264571450915, "fAckley": 18.853320136152664, "ChiSquared": null},"Point T0-394-19082019082140": {"x": -1.2758514657609263, "y": 14.975464371791583, "fAckley": 18.819204901763694, "ChiSquared": null},"Point T0-439-19082019082142": {"x": -1.2755013156562809, "y": 14.973421415558883, "fAckley": 18.818417465981046, "ChiSquared": null},"Point T0-105-19082019082144": {"x": -1.2546435622857568, "y": 14.932307933711222, "fAckley": 18.76164602476121, "ChiSquared": null},"Point T0-576-19082019082144": {"x": -1.2550066150147947, "y": 15.005796038824458, "fAckley": 18.71800583133662, "ChiSquared": null},"Point T0-209-19082019082145": {"x": -1.2553854701761848, "y": 14.990236692461599, "fAckley": 18.71571222522335, "ChiSquared": null},"Point T0-157-19082019082148": {"x": -1.2522942319907768, "y": 14.989108190572644, "fAckley": 18.699822464977373, "ChiSquared": null},"Point T0-87-19082019082150": {"x": -1.2391683242623837, "y": 15.024229660771885, "fAckley": 18.65028371190156, "ChiSquared": null},"Point T0-801-19082019082151": {"x": -1.235531034932503, "y": 15.035885561530025, "fAckley": 18.64639886388539, "ChiSquared": null},"Point T0-183-19082019082152": {"x": -1.2386374925246373, "y": 15.016730533064038, "fAckley": 18.639793907173797, "ChiSquared": null},"Point T0-290-19082019082152": {"x": -1.2359093506326486, "y": 15.004851184698085, "fAckley": 18.616770863206202, "ChiSquared": null},"Point T0-885-19082019082153": {"x": -1.235781761686882, "y": 14.998998061107914, "fAckley": 18.613732974936593, "ChiSquared": null},"Point T0-359-19082019082154": {"x": -1.2315717683200913, "y": 14.986019291614221, "fAckley": 18.589774617130516, "ChiSquared": null},"Point T0-172-19082019082155": {"x": -1.223678261954109, "y": 15.02280922477536, "fAckley": 18.56426779113505, "ChiSquared": null},"Point T0-441-19082019082157": {"x": -1.2119376844886431, "y": 15.049273515923234, "fAckley": 18.54138320583985, "ChiSquared": null},"Point T0-117-19082019082157": {"x": -1.203983824478314, "y": 15.039027663410621, "fAckley": 18.47707135617231, "ChiSquared": null},"Point T0-712-19082019082158": {"x": -1.205042070629828, "y": 15.022904951059378, "fAckley": 18.459309735598744, "ChiSquared": null},"Point T0-247-19082019082200": {"x": -1.191804063754979, "y": 14.975065555463944, "fAckley": 18.368967852780557, "ChiSquared": null},"Point T0-978-19082019082204": {"x": -1.1842719092129677, "y": 15.01477292236449, "fAckley": 18.33077409400674, "ChiSquared": null},"Point T0-295-19082019082205": {"x": -1.1781297135219477, "y": 14.946732204053234, "fAckley": 18.323866113081507, "ChiSquared": null},"Point T0-434-19082019082205": {"x": -1.1682233362811583, "y": 14.968869697576839, "fAckley": 18.237664483627118, "ChiSquared": null},"Point T0-232-19082019082206": {"x": -1.1642694042198858, "y": 14.993894924140301, "fAckley": 18.20400527390257, "ChiSquared": null},"Point T0-89-19082019082207": {"x": -1.1541528591298527, "y": 15.031097925209512, "fAckley": 18.178401268980455, "ChiSquared": null},"Point T0-330-19082019082207": {"x": -1.149765003214465, "y": 14.971459071463272, "fAckley": 18.13044572883463, "ChiSquared": null},"Point T0-83-19082019082208": {"x": -1.1351929143864257, "y": 15.023995026861568, "fAckley": 18.06255896515539, "ChiSquared": null},"Point T0-552-19082019082209": {"x": -1.1345296538625051, "y": 15.001380377129761, "fAckley": 18.0384411841623, "ChiSquared": null},"Point T0-455-19082019082210": {"x": -1.1285162958456088, "y": 14.954604709125379, "fAckley": 18.036921612395567, "ChiSquared": null},"Point T0-658-19082019082210": {"x": -1.1288136063635694, "y": 15.007634197853749, "fAckley": 18.011123479554627, "ChiSquared": null},