{"Point T0-737-23072019104239-GenNb34": {"Lambda": 0.3236, "Kappa": 0.8286, "tanBeta": 5.552122589111324, "mBottom": 5.441080137329098, "ChiSquared": null, "testCalc": 7.425745806002192, "extTest": {"res1": -54.55264501073916, "res2": 2975.9910776677243}}, "Point T0-459-23072019104237-GenNb32": {"Lambda": 0.384084375, "Kappa": -0.14949999999999997, "tanBeta": 5.786510778808589, "mBottom": 5.670780563232417, "ChiSquared": null, "testCalc": 2.117827727303465, "extTest": {"res1": 34.92282506661501, "res2": 1219.6037106333938}}, "Point T0-727-23072019104231-GenNb27": {"Lambda": 0.6447875, "Kappa": 0.42465, "tanBeta": 5.854138940429683, "mBottom": 5.73705616162109, "ChiSquared": null, "testCalc": 5.77023910202026, "extTest": {"res1": 149.13188409629095, "res2": 22240.318854109555}}, "Point T0-73-23072019104238-GenNb33": {"Lambda": 0.92635, "Kappa": 0.1198, "tanBeta": 5.68622372436523, "mBottom": 5.572499249877925, "ChiSquared": null, "testCalc": 4.325583549617917, "extTest": {"res1": 26.110984676415363, "res2": 681.7835207719979}}}