{"Point T1-345-23072019104242-GenNb36": {"Lambda": 1.270925, "Kappa": 0.42549999999999993, "tanBeta": 5.377359326171867, "mBottom": 5.269812139648429, "ChiSquared": null, "testCalc": 6.538222818735343, "extTest": {"res1": 167.93672703793064, "res2": 28202.744288212423}}, "Point T1-699-23072019104237-GenNb32": {"Lambda": 0.03837499999999999, "Kappa": 0.6651499999999999, "tanBeta": 5.652284863281243, "mBottom": 5.5392391660156175, "ChiSquared": null, "testCalc": 6.530709500444327, "extTest": {"res1": 34.24213988864663, "res2": 1172.5241441536448}}, "Point T1-198-23072019104242-GenNb36": {"Lambda": 0.54645, "Kappa": 0.6507, "tanBeta": 5.927210400390619, "mBottom": 5.808666192382806, "ChiSquared": null, "testCalc": 7.059776506225578, "extTest": {"res1": 181.5084516160873, "res2": 32945.31800806951}}, "Point T1-302-23072019104240-GenNb34": {"Lambda": 0.9228, "Kappa": 0.566, "tanBeta": 5.652284863281243, "mBottom": 5.5392391660156175, "ChiSquared": null, "testCalc": 6.8203726556249915, "extTest": {"res1": -42.60674757885654, "res2": 1815.3349392483979}}}