{"Point T7-882-07082019112349-GenNb0": {"Lambda": 0.7838, "Kappa": 0.4774, "tanBeta": 23.5977, "mBottom": 23.125746, "ChiSquared": null, "LogL": null, "testCalc": 23.44275742, "extTest": {"res1": 5736.523630034344, "res2": 32907703.357942406}},"Point T7-596-07082019112351-GenNb0": {"Lambda": 0.7315, "Kappa": 0.4374, "tanBeta": 24.0755, "mBottom": 23.59399, "ChiSquared": null, "LogL": null, "testCalc": 22.86271095, "extTest": {"res1": 2872.731369373711, "res2": 8252585.520583757}},"Point T7-619-07082019112352-GenNb1": {"Lambda": 0.5754000000000001, "Kappa": 0.9487, "tanBeta": 24.50155, "mBottom": 24.011519, "ChiSquared": null, "LogL": null, "testCalc": 35.581465145, "extTest": {"res1": -792.8752072586258, "res2": 628651.0942854087}},"Point T7-458-07082019112353-GenNb1": {"Lambda": 0.5699, "Kappa": 0.88, "tanBeta": 34.3589, "mBottom": 33.671721999999995, "ChiSquared": null, "LogL": null, "testCalc": 47.39647900999999, "extTest": {"res1": 906.4169017237843, "res2": 821591.5997305445}},"Point T7-877-07082019112354-GenNb1": {"Lambda": 0.3057, "Kappa": 0.2544, "tanBeta": 21.14025, "mBottom": 20.717445, "ChiSquared": null, "LogL": null, "testCalc": 15.830254590000003, "extTest": {"res1": 12087.349158185289, "res2": 146104009.6718826}},"Point T7-333-07082019112356-GenNb2": {"Lambda": 0.8181, "Kappa": 0.5173, "tanBeta": 23.627049999999997, "mBottom": 23.154508999999997, "ChiSquared": null, "LogL": null, "testCalc": 24.468815074999995, "extTest": {"res1": 351.4472952287309, "res2": 123515.20132359075}},"Point T7-184-07082019112358-GenNb3": {"Lambda": 0.7259, "Kappa": 0.5208, "tanBeta": 23.823375000000006, "mBottom": 23.346907500000004, "ChiSquared": null, "LogL": null, "testCalc": 24.607598260000003, "extTest": {"res1": 238.98467415365928, "res2": 57113.6744803307}},"Point T7-589-07082019112400-GenNb3": {"Lambda": 0.7303, "Kappa": 0.0744, "tanBeta": 23.016975000000002, "mBottom": 22.556635500000002, "ChiSquared": null, "LogL": null, "testCalc": 13.52411878, "extTest": {"res1": 3496.440862046818, "res2": 12225098.701790696}},"Point T7-842-07082019112403-GenNb4": {"Lambda": 0.7838, "Kappa": 0.4774, "tanBeta": 21.4452875, "mBottom": 21.016381749999997, "ChiSquared": null, "LogL": null, "testCalc": 21.3605135675, "extTest": {"res1": -2212.6515919953763, "res2": 4895827.067559673}},"Point T7-44-07082019112403-GenNb4": {"Lambda": 0.51465, "Kappa": 0.88, "tanBeta": 27.736825, "mBottom": 27.1820885, "ChiSquared": null, "LogL": null, "testCalc": 38.264314872499995, "extTest": {"res1": 14134.148748610742, "res2": 199774160.84785458}},"Point T7-319-07082019112403-GenNb4": {"Lambda": 0.7303, "Kappa": 0.0744, "tanBeta": 17.358875000000005, "mBottom": 17.011697500000004, "ChiSquared": null, "LogL": null, "testCalc": 10.330687140000002, "extTest": {"res1": 404.0399197229299, "res2": 163248.25672971163}},"Point T7-254-07082019112403-GenNb4": {"Lambda": 0.17625000000000005, "Kappa": 0.2544, "tanBeta": 14.675750000000003, "mBottom": 14.382235000000001, "ChiSquared": null, "LogL": null, "testCalc": 10.9556923625, "extTest": {"res1": 152.33422062744395, "res2": 23205.71477417077}},"Point T7-666-07082019112404-GenNb4": {"Lambda": 0.7315, "Kappa": 0.4374, "tanBeta": 23.533012500000005, "mBottom": 23.062352250000004, "ChiSquared": null, "LogL": null, "testCalc": 22.359608042500007, "extTest": {"res1": 1270.8372711041964, "res2": 1615027.3696275607}}}