{"Point T0-86-07082019112349-GenNb0": {"Lambda": 0.7699, "Kappa": 0.5662499999999999, "tanBeta": 15.12685, "mBottom": 14.824312999999998, "ChiSquared": null, "LogL": null, "testCalc": 16.570481322499997, "extTest": {"res1": -301.42542461433885, "res2": 90857.28660393448}},"Point T0-958-07082019112350-GenNb0": {"Lambda": 0.2949, "Kappa": 0.4751, "tanBeta": 13.347399999999999, "mBottom": 13.080451999999998, "ChiSquared": null, "LogL": null, "testCalc": 12.96854175, "extTest": {"res1": 1835.6576646146273, "res2": 3369639.0616584276}},"Point T0-279-07082019112351-GenNb1": {"Lambda": 0.9835, "Kappa": 0.1004, "tanBeta": 8.4711, "mBottom": 8.301677999999999, "ChiSquared": null, "LogL": null, "testCalc": 5.968609689999999, "extTest": {"res1": -43.86516689810477, "res2": 1924.1528669985862}},"Point T0-206-07082019112352-GenNb1": {"Lambda": 0.5879, "Kappa": 0.3872, "tanBeta": 24.42015, "mBottom": 23.931746999999998, "ChiSquared": null, "LogL": null, "testCalc": 21.766981989999998, "extTest": {"res1": -780.3672509255679, "res2": 608973.0463171282}},"Point T0-285-07082019112356-GenNb2": {"Lambda": 0.3261, "Kappa": 0.7916, "tanBeta": 19.6004, "mBottom": 19.208392, "ChiSquared": null, "LogL": null, "testCalc": 25.22621385, "extTest": {"res1": 241.49718342804488, "res2": 58320.889603678756}},"Point T0-81-07082019112357-GenNb2": {"Lambda": 0.25735, "Kappa": 0.379, "tanBeta": 33.48035, "mBottom": 32.810743, "ChiSquared": null, "LogL": null, "testCalc": 29.1606531725, "extTest": {"res1": 748.210816467605, "res2": 559819.4258791201}},"Point T0-187-07082019112359-GenNb3": {"Lambda": 0.3261, "Kappa": 0.7916, "tanBeta": 15.340325, "mBottom": 15.0335185, "ChiSquared": null, "LogL": null, "testCalc": 19.76650173, "extTest": {"res1": 161.01275675961236, "res2": 25925.107839330096}},"Point T0-188-07082019112400-GenNb3": {"Lambda": 0.25735, "Kappa": 0.379, "tanBeta": 13.0012, "mBottom": 12.741176000000001, "ChiSquared": null, "LogL": null, "testCalc": 11.364271822500001, "extTest": {"res1": -813.2270715433702, "res2": 661338.2698910058}},"Point T0-528-07082019112401-GenNb3": {"Lambda": 0.1597, "Kappa": 0.657, "tanBeta": 10.838924999999998, "mBottom": 10.622146499999998, "ChiSquared": null, "LogL": null, "testCalc": 12.457751064999998, "extTest": {"res1": 122.38107153267244, "res2": 14977.126669485087}},"Point T0-676-07082019112402-GenNb4": {"Lambda": 0.7699, "Kappa": 0.5662499999999999, "tanBeta": 15.070387499999999, "mBottom": 14.768979749999998, "ChiSquared": null, "LogL": null, "testCalc": 16.510842806874997, "extTest": {"res1": 304.88605056673623, "res2": 92955.50383018244}}}