{"Point T1-796-07082019112348-GenNb0": {"Lambda": 0.6502, "Kappa": 0.0209, "tanBeta": 19.25255, "mBottom": 18.867499, "ChiSquared": null, "LogL": null, "testCalc": 10.258887835, "extTest": {"res1": 602.441555085448, "res2": 362935.82729377295}},"Point T1-79-07082019112349-GenNb0": {"Lambda": 0.1763, "Kappa": 0.50315, "tanBeta": 4.2699, "mBottom": 4.184502, "ChiSquared": null, "LogL": null, "testCalc": 4.271732875, "extTest": {"res1": -24.152769782095657, "res2": 583.3562881469131}},"Point T1-673-07082019112349-GenNb0": {"Lambda": 0.3836, "Kappa": 0.1645, "tanBeta": 19.231650000000002, "mBottom": 18.847017, "ChiSquared": null, "LogL": null, "testCalc": 12.734263885, "extTest": {"res1": 3810.243611313296, "res2": 14517956.377553785}}}