{"Point T5-489-07082019112349-GenNb0": {"Lambda": 0.4166, "Kappa": 0.6024, "tanBeta": 25.44815, "mBottom": 24.939186999999997, "ChiSquared": null, "LogL": null, "testCalc": 27.973114619999997, "extTest": {"res1": 1079.791858449006, "res2": 1165950.4575727582}},"Point T5-924-07082019112349-GenNb0": {"Lambda": 0.5584, "Kappa": 0.9663, "tanBeta": 36.62495, "mBottom": 35.892451, "ChiSquared": null, "LogL": null, "testCalc": 53.648725245, "extTest": {"res1": -1319.3096755122424, "res2": 1740578.0199002184}},"Point T5-585-07082019112350-GenNb0": {"Lambda": 0.7243, "Kappa": 0.208, "tanBeta": 11.16025, "mBottom": 10.937045, "ChiSquared": null, "LogL": null, "testCalc": 8.31446499, "extTest": {"res1": 18887.604824558934, "res2": 356741616.0087019}},"Point T5-748-07082019112350-GenNb0": {"Lambda": 0.8481, "Kappa": 0.4299, "tanBeta": 16.76905, "mBottom": 16.433669, "ChiSquared": null, "LogL": null, "testCalc": 16.145122705, "extTest": {"res1": 1394.9867657405534, "res2": 1945988.0765912896}},"Point T5-274-07082019112350-GenNb1": {"Lambda": 0.82155, "Kappa": 0.9702, "tanBeta": 11.371725, "mBottom": 11.1442905, "ChiSquared": null, "LogL": null, "testCalc": 17.2799372475, "extTest": {"res1": 97.17836112013973, "res2": 9443.633869996285}},"Point T5-949-07082019112352-GenNb1": {"Lambda": 0.23390000000000005, "Kappa": 0.7929, "tanBeta": 16.21845, "mBottom": 15.894081, "ChiSquared": null, "LogL": null, "testCalc": 20.861358715, "extTest": {"res1": 635.892094338676, "res2": 404358.7556424276}},"Point T5-612-07082019112354-GenNb2": {"Lambda": 0.3113, "Kappa": 0.1896, "tanBeta": 14.523024999999999, "mBottom": 14.232564499999999, "ChiSquared": null, "LogL": null, "testCalc": 9.96675548, "extTest": {"res1": 269.9247981470023, "res2": 72859.39665469994}},"Point T5-783-07082019112355-GenNb2": {"Lambda": 0.23390000000000005, "Kappa": 0.7929, "tanBeta": 15.431674999999998, "mBottom": 15.123041499999998, "ChiSquared": null, "LogL": null, "testCalc": 19.8520050675, "extTest": {"res1": -169.5970056323102, "res2": 28763.144319445862}},"Point T5-922-07082019112356-GenNb2": {"Lambda": 0.7243, "Kappa": 0.208, "tanBeta": 5.7341750000000005, "mBottom": 5.6194915000000005, "ChiSquared": null, "LogL": null, "testCalc": 4.527064640000001, "extTest": {"res1": 23.262096066453577, "res2": 541.1251134049149}},"Point T5-835-07082019112356-GenNb3": {"Lambda": 0.5772, "Kappa": 0.6505, "tanBeta": 10.752875000000001, "mBottom": 10.537817500000001, "ChiSquared": null, "LogL": null, "testCalc": 12.596813777500001, "extTest": {"res1": 81.71536270637482, "res2": 6677.400502234393}},"Point T5-783-07082019112357-GenNb3": {"Lambda": 0.3113, "Kappa": 0.1896, "tanBeta": 4.413550000000001, "mBottom": 4.325279000000001, "ChiSquared": null, "LogL": null, "testCalc": 3.0963562700000007, "extTest": {"res1": -65.5784401660376, "res2": 4300.531814610573}},"Point T5-544-07082019112358-GenNb3": {"Lambda": 0.4954, "Kappa": 0.9956, "tanBeta": 8.47545, "mBottom": 8.305941, "ChiSquared": null, "LogL": null, "testCalc": 12.836549680000001, "extTest": {"res1": 474.391939694083, "res2": 225047.7124467145}},"Point T5-108-07082019112359-GenNb4": {"Lambda": 0.0713, "Kappa": 0.5364, "tanBeta": 5.414325000000001, "mBottom": 5.3060385000000005, "ChiSquared": null, "LogL": null, "testCalc": 5.562346870000001, "extTest": {"res1": 30.18641665537697, "res2": 911.2197504920201}},"Point T5-143-07082019112403-GenNb4": {"Lambda": 0.8481, "Kappa": 0.4299, "tanBeta": 3.042912500000001, "mBottom": 2.982054250000001, "ChiSquared": null, "LogL": null, "testCalc": 3.518448818750001, "extTest": {"res1": 21.22841002122395, "res2": 450.64539202920145}}}