{"Point T3-654-07082019112348-GenNb0": {"Lambda": 0.5014, "Kappa": 0.6627, "tanBeta": 5.37565, "mBottom": 5.268137, "ChiSquared": null, "LogL": null, "testCalc": 6.447913715, "extTest": {"res1": -68.22860542964206, "res2": 4655.142598873782}},"Point T3-766-07082019112353-GenNb1": {"Lambda": 0.9314, "Kappa": 0.1774, "tanBeta": 16.196399999999997, "mBottom": 15.872471999999997, "ChiSquared": null, "LogL": null, "testCalc": 11.676983319999998, "extTest": {"res1": -304.2552894327795, "res2": 92571.28114782441}},"Point T3-532-07082019112353-GenNb1": {"Lambda": 0.4686, "Kappa": 0.493, "tanBeta": 6.457650000000001, "mBottom": 6.3284970000000005, "ChiSquared": null, "LogL": null, "testCalc": 6.5674559100000005, "extTest": {"res1": 437.15385136473816, "res2": 191103.4897630236}},"Point T3-954-07082019112355-GenNb2": {"Lambda": 0.625, "Kappa": 0.4798, "tanBeta": 5.9331000000000005, "mBottom": 5.814438, "ChiSquared": null, "LogL": null, "testCalc": 6.14454538, "extTest": {"res1": -404.97376484544503, "res2": 164003.75021309382}},"Point T3-342-07082019112357-GenNb2": {"Lambda": 0.6106, "Kappa": 0.256, "tanBeta": 25.7971, "mBottom": 25.281158, "ChiSquared": null, "LogL": null, "testCalc": 19.61746896, "extTest": {"res1": -1938.7721740909433, "res2": 3758837.5430293228}},"Point T3-954-07082019112358-GenNb3": {"Lambda": 0.811, "Kappa": 0.8119, "tanBeta": 8.073224999999997, "mBottom": 7.911760499999997, "ChiSquared": null, "LogL": null, "testCalc": 11.168252627499996, "extTest": {"res1": 101.15529293542397, "res2": 10232.393288851435}},"Point T3-991-07082019112400-GenNb3": {"Lambda": 0.8814, "Kappa": 0.1892, "tanBeta": 3.355475000000001, "mBottom": 3.288365500000001, "ChiSquared": null, "LogL": null, "testCalc": 3.055904580000001, "extTest": {"res1": -48.19946501121163, "res2": 2323.188427367014}},"Point T3-127-07082019112403-GenNb4": {"Lambda": 0.1257, "Kappa": 0.1991, "tanBeta": 15.50735, "mBottom": 15.197203, "ChiSquared": null, "LogL": null, "testCalc": 10.701915375, "extTest": {"res1": -1155.6649556520329, "res2": 1335561.489722215}}}