{"Point T1-114-28082019085110-GenNb0": {"x": -16.824408000000005, "y": -5.7804, "fAckley": 19.724901446392675, "ChiSquared": null},"Point T1-795-28082019085110-GenNb0": {"x": 8.761908000000002, "y": -20.0167, "fAckley": 20.101535402380307, "ChiSquared": null},"Point T1-381-28082019085110-GenNb0": {"x": -23.1118, "y": -20.989598, "fAckley": 20.064199359205645, "ChiSquared": null},"Point T1-97-28082019085110-GenNb0": {"x": -23.889214, "y": 6.6332, "fAckley": 21.068092781100415, "ChiSquared": null},"Point T1-599-28082019085111-GenNb0": {"x": 14.206878000000001, "y": -13.6733, "fAckley": 20.58132740280442, "ChiSquared": null},"Point T1-516-28082019085111-GenNb0": {"x": 14.015044000000003, "y": -10.8196, "fAckley": 19.050018727729967, "ChiSquared": null},"Point T1-790-28082019085111-GenNb0": {"x": -19.1522, "y": -25.922148000000004, "fAckley": 20.434291567263454, "ChiSquared": null},"Point T1-749-28082019085112-GenNb1": {"x": 13.4178, "y": -0.7815293199999989, "fAckley": 19.014886205920618, "ChiSquared": null},"Point T1-151-28082019085112-GenNb1": {"x": 0.614503040000006, "y": -15.0568, "fAckley": 19.24739704141124, "ChiSquared": null},"Point T1-622-28082019085112-GenNb1": {"x": 7.67930904, "y": -13.6733, "fAckley": 19.90150201204006, "ChiSquared": null},"Point T1-913-28082019085112-GenNb1": {"x": 0.31312528000000484, "y": -10.8196, "fAckley": 17.37210136715569, "ChiSquared": null},"Point T1-541-28082019085113-GenNb2": {"x": -24.013881281599996, "y": -20.0167, "fAckley": 19.77220769829889, "ChiSquared": null},"Point T1-468-28082019085113-GenNb2": {"x": 2.926461280000004, "y": -20.989598, "fAckley": 19.142960268984528, "ChiSquared": null},"Point T1-630-28082019085114-GenNb2": {"x": -5.064161993599993, "y": -10.8196, "fAckley": 17.06830401660454, "ChiSquared": null},"Point T1-923-28082019085114-GenNb3": {"x": 2.926461280000004, "y": -14.364471351199999, "fAckley": 19.077135536983352, "ChiSquared": null},"Point T1-299-28082019085114-GenNb3": {"x": 13.4178, "y": -2.0277413199999987, "fAckley": 18.724195299329264, "ChiSquared": null},"Point T1-301-28082019085115-GenNb3": {"x": 0.614503040000006, "y": 7.411446680000003, "fAckley": 15.282618946517864, "ChiSquared": null},"Point T1-679-28082019085115-GenNb3": {"x": -19.1522, "y": -0.33597467119999536, "fAckley": 20.354532434481165, "ChiSquared": null},"Point T1-154-28082019085115-GenNb4": {"x": 13.039037364224011, "y": -5.7804, "fAckley": 18.271433872691066, "ChiSquared": null},"Point T1-151-28082019085116-GenNb4": {"x": 6.153416601600001, "y": -2.0277413199999987, "fAckley": 12.541837186458173, "ChiSquared": null},"Point T1-538-28082019085117-GenNb4": {"x": -19.1522, "y": -11.854822671199996, "fAckley": 20.07932313466515, "ChiSquared": null},"Point T1-337-28082019085117-GenNb5": {"x": -11.892311690079998, "y": 1.341360680000002, "fAckley": 17.911455454607857, "ChiSquared": null},"Point T1-394-28082019085117-GenNb5": {"x": 0.8796052410240023, "y": 0.3118737717920008, "fAckley": 4.00096897029044, "ChiSquared": null},"Point T1-331-28082019085118-GenNb5": {"x": 7.67930904, "y": 2.4465559999999993, "fAckley": 15.817513882742432, "ChiSquared": null},"Point T1-128-28082019085118-GenNb6": {"x": 12.2676, "y": -2.503572151199998, "fAckley": 18.739828938937336, "ChiSquared": null},"Point T1-173-28082019085119-GenNb6": {"x": -3.692119036092153, "y": 6.6332, "fAckley": 15.283922106347973, "ChiSquared": null},"Point T1-368-28082019085119-GenNb6": {"x": 7.67930904, "y": -2.2538060488000022, "fAckley": 15.472324729743018, "ChiSquared": null},"Point T1-865-28082019085119-GenNb6": {"x": -5.064161993599993, "y": -4.088430279999998, "fAckley": 12.329188139651517, "ChiSquared": null},"Point T1-318-28082019085119-GenNb6": {"x": -13.493627168128633, "y": -10.140138640582718, "fAckley": 20.04602467596606, "ChiSquared": null},"Point T1-539-28082019085119-GenNb7": {"x": 0.34324200685184625, "y": -5.7804, "fAckley": 13.066067761114072, "ChiSquared": null},"Point T1-998-28082019085119-GenNb7": {"x": 5.769546479123178, "y": 1.341360680000002, "fAckley": 13.253800853070187, "ChiSquared": null},"Point T1-222-28082019085119-GenNb7": {"x": 3.136078578703338, "y": 2.144333990617281, "fAckley": 9.142191502864723, "ChiSquared": null},"Point T1-877-28082019085119-GenNb7": {"x": 12.2676, "y": 4.2901063797919985, "fAckley": 18.699948895061684, "ChiSquared": null},"Point T1-674-28082019085120-GenNb7": {"x": -19.917536891392004, "y": -10.140138640582718, "fAckley": 19.747611197701023, "ChiSquared": null},"Point T1-336-28082019085121-GenNb8": {"x": 3.136078578703338, "y": -2.1349336949925943, "fAckley": 9.09003874116872, "ChiSquared": null},"Point T1-224-28082019085121-GenNb8": {"x": 0.23076733875968358, "y": 4.2901063797919985, "fAckley": 10.887405680710977, "ChiSquared": null},"Point T1-975-28082019085121-GenNb8": {"x": -3.692119036092153, "y": -4.388488277008001, "fAckley": 13.259338886052793, "ChiSquared": null},"Point T1-966-28082019085122-GenNb8": {"x": 10.257350986447335, "y": -10.140138640582718, "fAckley": 18.773625452646492, "ChiSquared": null},"Point T1-213-28082019085122-GenNb9": {"x": -0.858483573253092, "y": -2.1349336949925943, "fAckley": 6.366227887397908, "ChiSquared": null},"Point T1-442-28082019085122-GenNb9": {"x": 0.23076733875968358, "y": -2.0609362692160023, "fAckley": 6.113153348842847, "ChiSquared": null},"Point T1-288-28082019085122-GenNb9": {"x": 0.614503040000006, "y": -0.6067879653827186, "fAckley": 4.5535618679566205, "ChiSquared": null},"Point T1-51-28082019085123-GenNb9": {"x": 7.67930904, "y": -0.3519880015907202, "fAckley": 15.37658420398342, "ChiSquared": null},"Point T1-589-28082019085123-GenNb9": {"x": -0.11075808439307444, "y": -4.088430279999998, "fAckley": 9.257839058346084, "ChiSquared": null},"Point T1-448-28082019085123-GenNb9": {"x": -1.029675951419019, "y": 6.662916420800002, "fAckley": 13.750097289443051, "ChiSquared": null},"Point T1-620-28082019085123-GenNb10": {"x": 0.34324200685184625, "y": 2.7779256755421247, "fAckley": 8.428427675795005, "ChiSquared": null},"Point T1-391-28082019085124-GenNb10": {"x": 1.1496852057856284, "y": -4.388488277008001, "fAckley": 11.272777049945597, "ChiSquared": null},"Point T1-475-28082019085124-GenNb10": {"x": 1.6036852970305489, "y": -0.3519880015907202, "fAckley": 6.364117730549037, "ChiSquared": null},"Point T1-544-28082019085125-GenNb11": {"x": 0.11746266600386335, "y": -2.1349336949925943, "fAckley": 5.9219896900034605, "ChiSquared": null},"Point T1-330-28082019085125-GenNb11": {"x": -1.0838903525339123, "y": -2.0609362692160023, "fAckley": 5.880273554505148, "ChiSquared": null},"Point T1-941-28082019085126-GenNb11": {"x": -1.029675951419019, "y": -1.986010155855404, "fAckley": 5.45284485975737, "ChiSquared": null},"Point T1-708-28082019085126-GenNb12": {"x": 1.906796693284731, "y": 1.341360680000002, "fAckley": 7.179260230361702, "ChiSquared": null},"Point T1-171-28082019085127-GenNb12": {"x": -0.11075808439307444, "y": -1.4243400982245924, "fAckley": 5.436051390461891, "ChiSquared": null},"Point T1-35-28082019085127-GenNb13": {"x": 1.2504650676120381, "y": 2.143934204081966, "fAckley": 7.278434195346243, "ChiSquared": null},"Point T1-933-28082019085127-GenNb13": {"x": 1.906796693284731, "y": -2.103801457641873, "fAckley": 7.075501649615765, "ChiSquared": null},"Point T1-509-28082019085127-GenNb13": {"x": -0.5170295917395855, "y": 0.3118737717920008, "fAckley": 3.8519729029938756, "ChiSquared": null},"Point T1-397-28082019085129-GenNb14": {"x": 1.906796693284731, "y": -0.15711800207488047, "fAckley": 5.461371608494485, "ChiSquared": null},"Point T1-832-28082019085129-GenNb14": {"x": -1.0838903525339123, "y": -1.1935148119299006, "fAckley": 4.9629870436871535, "ChiSquared": null},"Point T1-217-28082019085129-GenNb14": {"x": 0.24037493787575032, "y": -0.6067879653827186, "fAckley": 3.7849579550917487, "ChiSquared": null},"Point T1-570-28082019085129-GenNb14": {"x": -0.11075808439307444, "y": 0.11184422691812701, "fAckley": 1.008994255816877, "ChiSquared": null}}