{"Point T3-614-28082019085110-GenNb0": {"x": 9.689418, "y": -3.2331, "fAckley": 17.12561944169141, "ChiSquared": null},"Point T3-93-28082019085110-GenNb0": {"x": 1.9739240000000005, "y": 18.6187, "fAckley": 20.167876380167627, "ChiSquared": null},"Point T3-684-28082019085110-GenNb0": {"x": -23.316423999999998, "y": 5.639734000000001, "fAckley": 21.452493651420173, "ChiSquared": null},"Point T3-914-28082019085110-GenNb0": {"x": 42.283088, "y": 12.8723, "fAckley": 21.40296810845772, "ChiSquared": null},"Point T3-691-28082019085111-GenNb0": {"x": 7.7734960000000015, "y": -17.4914, "fAckley": 20.730170774145062, "ChiSquared": null},"Point T3-796-28082019085111-GenNb0": {"x": -16.444, "y": -0.12204399999999982, "fAckley": 19.867325814984266, "ChiSquared": null},"Point T3-72-28082019085111-GenNb0": {"x": -2.427660000000003, "y": 2.1737, "fAckley": 9.299526774337165, "ChiSquared": null},"Point T3-157-28082019085111-GenNb0": {"x": -27.2998, "y": -11.332244, "fAckley": 21.742679957016982, "ChiSquared": null}}