{"Point T4-523-28082019085110-GenNb0": {"x": 11.5859, "y": 10.427102000000001, "fAckley": 20.09596539537144, "ChiSquared": null},"Point T4-100-28082019085110-GenNb0": {"x": 8.9952, "y": 11.635854000000002, "fAckley": 19.032868403520485, "ChiSquared": null},"Point T4-682-28082019085111-GenNb0": {"x": 11.791486, "y": -10.8507, "fAckley": 19.115242169972728, "ChiSquared": null},"Point T4-725-28082019085111-GenNb1": {"x": 6.0679, "y": -11.514240000000001, "fAckley": 18.58586757983599, "ChiSquared": null},"Point T4-166-28082019085112-GenNb1": {"x": 4.235338, "y": -3.4501, "fAckley": 12.830805655716665, "ChiSquared": null},"Point T4-868-28082019085112-GenNb1": {"x": 2.3033199999999994, "y": 3.5896546799999998, "fAckley": 11.220909162001961, "ChiSquared": null},"Point T4-417-28082019085113-GenNb2": {"x": 6.0679, "y": 11.33224932, "fAckley": 18.23959392352612, "ChiSquared": null},"Point T4-379-28082019085113-GenNb2": {"x": 3.944476, "y": 10.427102000000001, "fAckley": 17.5630999961125, "ChiSquared": null},"Point T4-532-28082019085114-GenNb2": {"x": 14.6173, "y": 3.20223468, "fAckley": 19.50798452176327, "ChiSquared": null},"Point T4-73-28082019085114-GenNb2": {"x": 1.5285591999999992, "y": -8.021591551200002, "fAckley": 15.412663744339637, "ChiSquared": null},"Point T4-363-28082019085114-GenNb2": {"x": 4.895149239999999, "y": -2.7111, "fAckley": 12.338022675856392, "ChiSquared": null},"Point T4-998-28082019085114-GenNb2": {"x": 3.944476, "y": -15.2531, "fAckley": 18.979271024677956, "ChiSquared": null},"Point T4-664-28082019085114-GenNb3": {"x": 8.9952, "y": 14.817642888800002, "fAckley": 18.969133677584832, "ChiSquared": null},"Point T4-708-28082019085114-GenNb3": {"x": -2.808725840000001, "y": 3.20223468, "fAckley": 10.379772427354292, "ChiSquared": null},"Point T4-846-28082019085115-GenNb3": {"x": -2.829055688000002, "y": -8.021591551200002, "fAckley": 14.629166303803121, "ChiSquared": null},"Point T4-958-28082019085115-GenNb3": {"x": 2.1113510799999995, "y": -10.8507, "fAckley": 16.559070566021365, "ChiSquared": null},"Point T4-637-28082019085115-GenNb4": {"x": 0.9833424471999992, "y": 11.33224932, "fAckley": 17.43079980195374, "ChiSquared": null},"Point T4-834-28082019085115-GenNb4": {"x": 3.944476, "y": 8.434492333392, "fAckley": 16.346803727668593, "ChiSquared": null},"Point T4-81-28082019085115-GenNb4": {"x": 2.6939497455999994, "y": -3.4501, "fAckley": 11.42602338524404, "ChiSquared": null},"Point T4-418-28082019085115-GenNb4": {"x": 2.3033199999999994, "y": -2.1794866799999983, "fAckley": 8.894735712408918, "ChiSquared": null},"Point T4-951-28082019085115-GenNb4": {"x": 8.9952, "y": 6.606839103792002, "fAckley": 17.477754624565396, "ChiSquared": null},"Point T4-32-28082019085116-GenNb4": {"x": -2.829055688000002, "y": 3.20223468, "fAckley": 10.317737172162968, "ChiSquared": null},"Point T4-517-28082019085116-GenNb4": {"x": 6.29660908, "y": -2.1137027688000005, "fAckley": 13.637440292571897, "ChiSquared": null},"Point T4-565-28082019085116-GenNb4": {"x": 5.9783121999999995, "y": -15.1473180888, "fAckley": 18.502306333860215, "ChiSquared": null},"Point T4-771-28082019085116-GenNb5": {"x": 0.9833424471999992, "y": 8.315064896208, "fAckley": 15.250148618168582, "ChiSquared": null},"Point T4-564-28082019085117-GenNb5": {"x": 2.6939497455999994, "y": -3.917351131536, "fAckley": 11.209149437460743, "ChiSquared": null},"Point T4-709-28082019085117-GenNb5": {"x": -2.003708360096002, "y": -2.1794866799999983, "fAckley": 7.517525338989161, "ChiSquared": null},"Point T4-302-28082019085117-GenNb5": {"x": 4.305463131999999, "y": -2.1137027688000005, "fAckley": 11.338749698151465, "ChiSquared": null},"Point T4-464-28082019085118-GenNb5": {"x": 5.9783121999999995, "y": 0.896154208799997, "fAckley": 11.770225821531003, "ChiSquared": null},"Point T4-135-28082019085118-GenNb6": {"x": 1.329769479903999, "y": -1.075625995883521, "fAckley": 5.788503124703102, "ChiSquared": null},"Point T4-220-28082019085118-GenNb6": {"x": -2.829055688000002, "y": 5.232157666607997, "fAckley": 12.752173079006145, "ChiSquared": null},"Point T4-748-28082019085119-GenNb6": {"x": -0.1230221864000014, "y": -2.7111, "fAckley": 7.825609592878415, "ChiSquared": null},"Point T4-912-28082019085120-GenNb7": {"x": 3.176462315055999, "y": -3.917351131536, "fAckley": 10.98825227319702, "ChiSquared": null},"Point T4-197-28082019085120-GenNb7": {"x": -2.2907014063040014, "y": 6.606839103792002, "fAckley": 14.682961913644288, "ChiSquared": null},"Point T4-721-28082019085120-GenNb7": {"x": 1.0643298351673587, "y": -0.8781117449088764, "fAckley": 3.993062269336335, "ChiSquared": null},"Point T4-517-28082019085120-GenNb7": {"x": 2.877857850240638, "y": 0.896154208799997, "fAckley": 7.527279185819772, "ChiSquared": null},"Point T4-357-28082019085121-GenNb8": {"x": -0.4562126311520016, "y": 4.166924064077757, "fAckley": 10.869854837762636, "ChiSquared": null},"Point T4-646-28082019085121-GenNb8": {"x": 2.0770731879999995, "y": -3.917351131536, "fAckley": 9.632326965705634, "ChiSquared": null},"Point T4-468-28082019085121-GenNb8": {"x": 0.4316377042393582, "y": 3.20223468, "fAckley": 9.318342778185245, "ChiSquared": null},"Point T4-857-28082019085121-GenNb8": {"x": 0.13303323942399725, "y": -0.8781117449088764, "fAckley": 3.0739062233142715, "ChiSquared": null},"Point T4-603-28082019085122-GenNb9": {"x": 1.8623059893759983, "y": 4.166924064077757, "fAckley": 10.455366765411213, "ChiSquared": null},"Point T4-178-28082019085122-GenNb9": {"x": 1.9977141217590386, "y": 2.4991805023300415, "fAckley": 8.997310811524393, "ChiSquared": null},"Point T4-810-28082019085123-GenNb9": {"x": -0.8115264570713621, "y": 3.259634315536314, "fAckley": 9.109770730951436, "ChiSquared": null},"Point T4-203-28082019085124-GenNb10": {"x": -0.5243293021240654, "y": 6.606839103792002, "fAckley": 14.472058496473451, "ChiSquared": null},"Point T4-182-28082019085124-GenNb10": {"x": 1.0237590682125737, "y": 1.398053725516137, "fAckley": 5.967006467174251, "ChiSquared": null},"Point T4-510-28082019085124-GenNb10": {"x": -0.8115264570713621, "y": 0.20130109780799987, "fAckley": 3.5449962629669156, "ChiSquared": null},"Point T4-136-28082019085124-GenNb11": {"x": 3.183868261932063, "y": 0.44097441110102653, "fAckley": 9.255964419502835, "ChiSquared": null},"Point T4-114-28082019085125-GenNb11": {"x": 1.9977141217590386, "y": 0.7657948031567315, "fAckley": 6.207519054980903, "ChiSquared": null},"Point T4-62-28082019085125-GenNb11": {"x": 1.0237590682125737, "y": -0.08825501062150598, "fAckley": 2.9152695999519165, "ChiSquared": null},"Point T4-599-28082019085125-GenNb11": {"x": -0.1230221864000014, "y": -1.3367147981635945, "fAckley": 5.072615082088657, "ChiSquared": null},"Point T4-943-28082019085126-GenNb12": {"x": 3.183868261932063, "y": -0.03533986307247261, "fAckley": 7.976645369992539, "ChiSquared": null},"Point T4-831-28082019085126-GenNb12": {"x": 0.7418904329035385, "y": 0.7657948031567315, "fAckley": 4.49330704524926, "ChiSquared": null},"Point T4-519-28082019085126-GenNb12": {"x": -1.426086448779484, "y": -0.9637095169699451, "fAckley": 5.998478267698484, "ChiSquared": null},"Point T4-942-28082019085126-GenNb12": {"x": 0.8889260162796728, "y": -0.08825501062150598, "fAckley": 2.848018343020421, "ChiSquared": null},"Point T4-159-28082019085127-GenNb13": {"x": -2.035231653209885, "y": -0.03533986307247261, "fAckley": 5.068524246631867, "ChiSquared": null},"Point T4-351-28082019085127-GenNb13": {"x": 1.057922597323512, "y": 0.21442300452660795, "fAckley": 3.76713311121268, "ChiSquared": null},"Point T4-49-28082019085128-GenNb14": {"x": 0.7418904329035385, "y": 0.12126880475335622, "fAckley": 3.335664398110208, "ChiSquared": null},"Point T4-673-28082019085128-GenNb14": {"x": 0.9059968078142964, "y": 6.606839103792002, "fAckley": 13.905779065906257, "ChiSquared": null},"Point T4-142-28082019085129-GenNb15": {"x": -0.3013705019337646, "y": -0.03533986307247261, "fAckley": 2.1686188575114334, "ChiSquared": null},