{"Point T0-595-28082019085110-GenNb0": {"x": -13.041236, "y": -4.6043, "fAckley": 18.798707523637262, "ChiSquared": null},"Point T0-337-28082019085110-GenNb0": {"x": -1.7905720000000027, "y": 3.053171999999998, "fAckley": 8.77518062326576, "ChiSquared": null},"Point T0-166-28082019085110-GenNb0": {"x": 26.088, "y": -20.064584000000004, "fAckley": 20.1051663091019, "ChiSquared": null},"Point T0-313-28082019085110-GenNb0": {"x": 6.9308, "y": 0.32755000000000045, "fAckley": 13.976193044186028, "ChiSquared": null},"Point T0-669-28082019085111-GenNb0": {"x": -20.15568, "y": 4.397855999999998, "fAckley": 20.751095592507603, "ChiSquared": null},"Point T0-390-28082019085111-GenNb1": {"x": 1.627, "y": 6.3496739999999985, "fAckley": 14.277254808436144, "ChiSquared": null},"Point T0-59-28082019085112-GenNb1": {"x": 7.6265, "y": -7.56791696, "fAckley": 17.894726626772066, "ChiSquared": null},"Point T0-50-28082019085113-GenNb2": {"x": -4.854028000000003, "y": 8.0598, "fAckley": 15.273855768079926, "ChiSquared": null},"Point T0-2-28082019085113-GenNb2": {"x": 7.6265, "y": 1.458029193599998, "fAckley": 15.613310177830435, "ChiSquared": null},"Point T0-213-28082019085113-GenNb3": {"x": -3.776557279999998, "y": -2.008632000000002, "fAckley": 10.005854252230185, "ChiSquared": null},"Point T0-979-28082019085114-GenNb3": {"x": 2.9849, "y": 7.948985999999998, "fAckley": 14.055233017992235, "ChiSquared": null},"Point T0-945-28082019085114-GenNb3": {"x": -17.618985759999997, "y": 4.397855999999998, "fAckley": 20.720412116463983, "ChiSquared": null},"Point T0-646-28082019085115-GenNb4": {"x": 7.6265, "y": 2.121391919999998, "fAckley": 15.17807509471647, "ChiSquared": null},"Point T0-745-28082019085116-GenNb5": {"x": -0.39146619520000403, "y": 0.32755000000000045, "fAckley": 3.574390026728065, "ChiSquared": null},"Point T0-721-28082019085116-GenNb5": {"x": -4.854028000000003, "y": -5.559762000000001, "fAckley": 14.824588549076166, "ChiSquared": null},"Point T0-21-28082019085116-GenNb5": {"x": -32.86703176, "y": -9.9848, "fAckley": 20.262412325441755, "ChiSquared": null},"Point T0-652-28082019085117-GenNb5": {"x": -15.014691759999998, "y": -0.6322917600000002, "fAckley": 19.15574568969809, "ChiSquared": null},"Point T0-142-28082019085117-GenNb6": {"x": 0.3196644799999995, "y": 0.32755000000000045, "fAckley": 3.331642729730803, "ChiSquared": null},"Point T0-518-28082019085117-GenNb6": {"x": 0.9204619184000027, "y": -5.559762000000001, "fAckley": 12.730417490779889, "ChiSquared": null},"Point T0-788-28082019085118-GenNb7": {"x": -3.2466833247999993, "y": -2.008632000000002, "fAckley": 9.397592821473319, "ChiSquared": null},"Point T0-908-28082019085118-GenNb7": {"x": 2.9849, "y": -4.30026356, "fAckley": 11.770424086590635, "ChiSquared": null},"Point T0-579-28082019085119-GenNb8": {"x": 1.627, "y": 5.1657383328, "fAckley": 12.512244677383602, "ChiSquared": null},"Point T0-213-28082019085119-GenNb8": {"x": -1.042864653855999, "y": -2.008632000000002, "fAckley": 5.528523383343014, "ChiSquared": null},"Point T0-299-28082019085119-GenNb8": {"x": 2.108946866144003, "y": 3.053171999999998, "fAckley": 8.522049850668473, "ChiSquared": null},"Point T0-970-28082019085120-GenNb8": {"x": -1.042864653855999, "y": -0.5037189704, "fAckley": 4.75754473607935, "ChiSquared": null},"Point T0-706-28082019085121-GenNb9": {"x": -1.042864653855999, "y": -0.4735636987519998, "fAckley": 4.720149647782108, "ChiSquared": null},"Point T0-360-28082019085122-GenNb9": {"x": -1.042864653855999, "y": 0.9095883600000017, "fAckley": 3.805008095215261, "ChiSquared": null},"Point T0-467-28082019085122-GenNb10": {"x": 1.627, "y": 4.647013828423678, "fAckley": 12.22800830291308, "ChiSquared": null},"Point T0-403-28082019085123-GenNb10": {"x": -11.9582865616, "y": -20.064584000000004, "fAckley": 19.417119103265858, "ChiSquared": null},"Point T0-177-28082019085123-GenNb10": {"x": 2.9849, "y": -1.0069171055999995, "fAckley": 7.197306354319517, "ChiSquared": null},"Point T0-457-28082019085123-GenNb10": {"x": 10.28482467154496, "y": -9.9848, "fAckley": 18.60838431725067, "ChiSquared": null},"Point T0-93-28082019085124-GenNb11": {"x": -11.9582865616, "y": 9.225827438399998, "fAckley": 18.607484946289635, "ChiSquared": null},"Point T0-690-28082019085125-GenNb12": {"x": -0.4647355855110409, "y": 4.647013828423678, "fAckley": 11.931858208325055, "ChiSquared": null},"Point T0-625-28082019085126-GenNb12": {"x": -7.156610474764634, "y": 7.517846317600001, "fAckley": 17.307555035758032, "ChiSquared": null},"Point T0-737-28082019085126-GenNb12": {"x": 0.3196644799999995, "y": 2.121391919999998, "fAckley": 6.790862481088672, "ChiSquared": null},"Point T0-489-28082019085126-GenNb12": {"x": 0.4460736251449575, "y": 2.8481033084236795, "fAckley": 8.58145185206062, "ChiSquared": null},"Point T0-538-28082019085127-GenNb13": {"x": 6.739442873600001, "y": 9.225827438399998, "fAckley": 17.70011551042791, "ChiSquared": null},"Point T0-222-28082019085127-GenNb13": {"x": -7.156610474764634, "y": -1.3543119884479997, "fAckley": 14.606089155796923, "ChiSquared": null},"Point T0-48-28082019085127-GenNb13": {"x": 0.4333214587396752, "y": 2.8481033084236795, "fAckley": 8.565355787002213, "ChiSquared": null},"Point T0-370-28082019085128-GenNb14": {"x": -0.4647355855110409, "y": 4.876294451103359, "fAckley": 11.837276405295386, "ChiSquared": null},"Point T0-879-28082019085128-GenNb14": {"x": 1.5162292169385305, "y": 9.225827438399998, "fAckley": 16.731590829457883, "ChiSquared": null},"Point T0-188-28082019085128-GenNb14": {"x": -7.156610474764634, "y": 1.3405012916236796, "fAckley": 14.56836420238002, "ChiSquared": null},"Point T0-954-28082019085129-GenNb15": {"x": -0.4647355855110409, "y": -2.2904760201282155, "fAckley": 7.8059045250864045, "ChiSquared": null},"Point T0-111-28082019085129-GenNb15": {"x": -1.9421338822009577, "y": -0.08941838115199896, "fAckley": 5.089845797845104, "ChiSquared": null},"Point T0-323-28082019085129-GenNb15": {"x": -2.801920097055999, "y": 1.7903366496960016, "fAckley": 8.890613049112382, "ChiSquared": null},"Point T0-235-28082019085130-GenNb15": {"x": -5.795603364999701, "y": 1.3405012916236796, "fAckley": 13.215030336655108, "ChiSquared": null},"Point T0-499-28082019085130-GenNb15": {"x": 0.4333214587396752, "y": -0.08941838115199896, "fAckley": 2.96443296302304, "ChiSquared": null},"Point T0-241-28082019085131-GenNb16": {"x": 3.3664651851076726, "y": -3.118959596484623, "fAckley": 11.233915458181828, "ChiSquared": null},"Point T0-41-28082019085132-GenNb17": {"x": 1.926108377792307, "y": -3.118959596484623, "fAckley": 8.552594369622078, "ChiSquared": null},"Point T0-895-28082019085132-GenNb17": {"x": 0.3196644799999995, "y": 1.5681883203596807, "fAckley": 6.255902121618249, "ChiSquared": null},"Point T0-949-28082019085132-GenNb18": {"x": 0.4333214587396752, "y": -2.2904760201282155, "fAckley": 7.776559793328822, "ChiSquared": null},"Point T0-85-28082019085132-GenNb18": {"x": -1.042864653855999, "y": 0.09076706856261252, "fAckley": 3.003759273799322, "ChiSquared": null},"Point T0-568-28082019085133-GenNb18": {"x": 0.8871233818043269, "y": 1.7903366496960016, "fAckley": 5.984747596866473, "ChiSquared": null},"Point T0-859-28082019085133-GenNb18": {"x": 1.926108377792307, "y": -0.7487628303123194, "fAckley": 6.228999933616844, "ChiSquared": null},"Point T0-980-28082019085133-GenNb19": {"x": -1.2507203784921392, "y": -0.9365672647406216, "fAckley": 5.101745370713342, "ChiSquared": null},"Point T0-995-28082019085133-GenNb19": {"x": -0.14359542551104, "y": 0.09076706856261252, "fAckley": 1.1163087136037046, "ChiSquared": null}}