{"Point T2-783-28082019085110-GenNb0": {"x": 1.4725080000000004, "y": -2.8581, "fAckley": 9.188800614181254, "ChiSquared": null},"Point T2-976-28082019085110-GenNb0": {"x": -17.083261999999998, "y": 28.4309, "fAckley": 21.554961772690213, "ChiSquared": null},"Point T2-526-28082019085110-GenNb0": {"x": -59.128398000000004, "y": 27.8287, "fAckley": 20.924554341186433, "ChiSquared": null},"Point T2-91-28082019085111-GenNb0": {"x": -1.470402, "y": -1.992352, "fAckley": 7.6190794855415405, "ChiSquared": null},"Point T2-849-28082019085111-GenNb0": {"x": -2.8986, "y": 12.786843999999999, "fAckley": 17.910397833269464, "ChiSquared": null},"Point T2-429-28082019085111-GenNb1": {"x": -9.04855332, "y": 7.860595680000001, "fAckley": 16.827583273709838, "ChiSquared": null},"Point T2-845-28082019085112-GenNb1": {"x": 16.82694468, "y": -18.2328, "fAckley": 20.788059774197293, "ChiSquared": null},"Point T2-891-28082019085112-GenNb1": {"x": -0.9562793999999997, "y": 12.215450319999999, "fAckley": 17.38046354080258, "ChiSquared": null},"Point T2-195-28082019085112-GenNb2": {"x": 22.0188798712, "y": -1.9224, "fAckley": 19.284799590467987, "ChiSquared": null},"Point T2-703-28082019085114-GenNb2": {"x": -0.9562793999999997, "y": -1.02350632, "fAckley": 3.659092006442784, "ChiSquared": null},"Point T2-683-28082019085114-GenNb3": {"x": -21.227332680000007, "y": -1.5949, "fAckley": 21.023082645323857, "ChiSquared": null},"Point T2-534-28082019085114-GenNb3": {"x": -17.083261999999998, "y": 9.058614000000002, "fAckley": 18.961241111824947, "ChiSquared": null},"Point T2-874-28082019085114-GenNb3": {"x": 3.7526350800000023, "y": 16.958928, "fAckley": 19.36823985987525, "ChiSquared": null},"Point T2-647-28082019085115-GenNb4": {"x": -21.227332680000007, "y": -16.175158, "fAckley": 20.9126598121063, "ChiSquared": null},"Point T2-485-28082019085116-GenNb4": {"x": -3.522656565007999, "y": 3.8585, "fAckley": 12.32992922550197, "ChiSquared": null},"Point T2-347-28082019085117-GenNb5": {"x": 8.2671877984, "y": -16.175158, "fAckley": 19.997541340184565, "ChiSquared": null},"Point T2-687-28082019085117-GenNb5": {"x": 3.7526350800000023, "y": 8.383313959999999, "fAckley": 16.566453861271253, "ChiSquared": null},"Point T2-639-28082019085118-GenNb6": {"x": 3.7526350800000023, "y": -5.1445241712000005, "fAckley": 13.219750351936392, "ChiSquared": null},"Point T2-205-28082019085119-GenNb6": {"x": 16.82694468, "y": 0.6131264399999994, "fAckley": 20.005891330709936, "ChiSquared": null},"Point T2-209-28082019085119-GenNb7": {"x": 8.2671877984, "y": 16.132953148800002, "fAckley": 19.852645820633985, "ChiSquared": null},"Point T2-289-28082019085119-GenNb7": {"x": -13.975378443199997, "y": 9.058614000000002, "fAckley": 18.20795457938666, "ChiSquared": null},"Point T2-441-28082019085120-GenNb7": {"x": 7.559996350944001, "y": -12.8581901088, "fAckley": 19.43195416077908, "ChiSquared": null},"Point T2-402-28082019085120-GenNb8": {"x": -3.9832604388230393, "y": -1.9224, "fAckley": 9.4609615292933, "ChiSquared": null},"Point T2-719-28082019085120-GenNb8": {"x": 2.1766898582947207, "y": 16.132953148800002, "fAckley": 18.97088746083343, "ChiSquared": null},"Point T2-624-28082019085121-GenNb9": {"x": -11.046360805623205, "y": 7.267325851200001, "fAckley": 18.106663083652577, "ChiSquared": null},"Point T2-950-28082019085122-GenNb9": {"x": -2.9752858728000016, "y": -0.48331204700799946, "fAckley": 8.662933233181098, "ChiSquared": null},"Point T2-607-28082019085122-GenNb9": {"x": 7.559996350944001, "y": 12.874008000000002, "fAckley": 19.40417606329758, "ChiSquared": null},"Point T2-417-28082019085122-GenNb10": {"x": -2.6647074983117234, "y": -1.9224, "fAckley": 8.946601768947403, "ChiSquared": null},"Point T2-294-28082019085123-GenNb10": {"x": -7.976865744000002, "y": 7.267325851200001, "fAckley": 16.81717893322964, "ChiSquared": null},"Point T2-388-28082019085123-GenNb10": {"x": -2.7889549405113154, "y": -2.383910087008, "fAckley": 10.036885465235372, "ChiSquared": null},"Point T2-520-28082019085123-GenNb10": {"x": -0.7024570607673155, "y": -0.48331204700799946, "fAckley": 4.465270230922428, "ChiSquared": null},"Point T2-344-28082019085125-GenNb11": {"x": 2.82699601290528, "y": 3.8585, "fAckley": 10.820860792673113, "ChiSquared": null},"Point T2-920-28082019085125-GenNb11": {"x": -4.76721061290528, "y": 2.440604, "fAckley": 12.678040221665658, "ChiSquared": null},"Point T2-694-28082019085125-GenNb12": {"x": -13.975378443199997, "y": 8.062647631025282, "fAckley": 18.075433088954835, "ChiSquared": null},"Point T2-884-28082019085127-GenNb13": {"x": 2.9945187567988514, "y": 4.2150282201747205, "fAckley": 11.253764354346876, "ChiSquared": null},"Point T2-501-28082019085127-GenNb13": {"x": -1.2876188976806833, "y": -0.6680052935999996, "fAckley": 5.732390060435961, "ChiSquared": null},"Point T2-143-28082019085127-GenNb14": {"x": -0.722386898311723, "y": -1.9224, "fAckley": 6.332655172245108, "ChiSquared": null},"Point T2-133-28082019085128-GenNb14": {"x": -1.2876188976806833, "y": 1.0650934937759997, "fAckley": 5.520439354213394, "ChiSquared": null},"Point T2-801-28082019085128-GenNb14": {"x": 3.9877226005174853, "y": -5.1444128112000005, "fAckley": 12.512083735069375, "ChiSquared": null},"Point T2-653-28082019085128-GenNb14": {"x": -4.76721061290528, "y": -3.075188453776, "fAckley": 12.104816826634336, "ChiSquared": null},"Point T2-664-28082019085129-GenNb14": {"x": -0.9562793999999997, "y": -0.21792777982527944, "fAckley": 3.5201819981240665, "ChiSquared": null},"Point T2-695-28082019085129-GenNb15": {"x": -0.722386898311723, "y": -0.9704043430825604, "fAckley": 4.363905581484353, "ChiSquared": null},"Point T2-360-28082019085129-GenNb15": {"x": -1.2517179315307487, "y": -5.1444128112000005, "fAckley": 11.905937372447724, "ChiSquared": null},"Point T2-220-28082019085130-GenNb15": {"x": -0.5918920497975583, "y": 3.8585, "fAckley": 10.301668032876735, "ChiSquared": null},"Point T2-819-28082019085131-GenNb16": {"x": -0.9544042245014241, "y": 4.2150282201747205, "fAckley": 10.062657248769305, "ChiSquared": null},"Point T2-935-28082019085131-GenNb16": {"x": -0.7024570607673155, "y": -0.9948283183839997, "fAckley": 4.459798976640549, "ChiSquared": null},"Point T2-192-28082019085131-GenNb16": {"x": 0.41263504968968345, "y": -3.075188453776, "fAckley": 8.803154155075461, "ChiSquared": null},"Point T2-742-28082019085132-GenNb17": {"x": -0.746261100911821, "y": -2.8581, "fAckley": 8.194681602611759, "ChiSquared": null},"Point T2-3-28082019085132-GenNb17": {"x": -0.948297981680683, "y": -1.992352, "fAckley": 5.432782839034093, "ChiSquared": null},"Point T2-46-28082019085132-GenNb17": {"x": 0.11078610133563993, "y": -3.075188453776, "fAckley": 7.48448652938273, "ChiSquared": null},"Point T2-675-28082019085133-GenNb18": {"x": -0.5918920497975583, "y": -1.8416223589608438, "fAckley": 6.641521481076332, "ChiSquared": null},"Point T2-288-28082019085134-GenNb19": {"x": -0.8609989757099209, "y": -2.8581, "fAckley": 7.717994069143364, "ChiSquared": null},"Point T2-126-28082019085134-GenNb19": {"x": -0.942308582610034, "y": -0.9948283183839997, "fAckley": 3.61089219092861, "ChiSquared": null},"Point T2-333-28082019085134-GenNb19": {"x": -0.5918920497975583, "y": 0.9480281197237563, "fAckley": 4.586103777505489, "ChiSquared": null},"Point T2-803-28082019085135-GenNb20": {"x": -0.8999974694138824, "y": -2.8581, "fAckley": 7.5751480467970485, "ChiSquared": null},"Point T2-69-28082019085135-GenNb20": {"x": -0.9544042245014241, "y": -4.148572066297636, "fAckley": 9.58899981580055, "ChiSquared": null},"Point T2-204-28082019085135-GenNb20": {"x": -1.2517179315307487, "y": -2.839146040576844, "fAckley": 8.524917312251066, "ChiSquared": null},"Point T2-278-28082019085135-GenNb20": {"x": -0.948297981680683, "y": 0.4404378500412808, "fAckley": 4.458899300429646, "ChiSquared": null},"Point T2-967-28082019085137-GenNb21": {"x": -0.9544042245014241, "y": 3.1730239354256002, "fAckley": 8.162307252420758, "ChiSquared": null},