{"Point T6-554-28082019085110-GenNb0": {"x": 3.611862000000002, "y": -9.4014, "fAckley": 17.450266047107117, "ChiSquared": null},"Point T6-634-28082019085110-GenNb0": {"x": -18.8588, "y": 20.894522000000002, "fAckley": 20.310874472557735, "ChiSquared": null},"Point T6-740-28082019085110-GenNb0": {"x": -5.289922000000001, "y": 28.4207, "fAckley": 21.813617422166207, "ChiSquared": null},"Point T6-98-28082019085111-GenNb1": {"x": -19.808586520000002, "y": 28.4207, "fAckley": 21.797628243685498, "ChiSquared": null},"Point T6-993-28082019085112-GenNb2": {"x": 14.05613, "y": -27.9001, "fAckley": 20.080861165627844, "ChiSquared": null},"Point T6-42-28082019085112-GenNb2": {"x": 2.5029810799999987, "y": -14.8872, "fAckley": 19.466560099073583, "ChiSquared": null},"Point T6-426-28082019085113-GenNb2": {"x": -1.2576660000000013, "y": 20.894522000000002, "fAckley": 20.234341072581717, "ChiSquared": null},"Point T6-723-28082019085113-GenNb2": {"x": 0.9416, "y": -16.277206, "fAckley": 19.259972313669024, "ChiSquared": null},"Point T6-981-28082019085114-GenNb3": {"x": 4.455936000000002, "y": 0.05804999999999971, "fAckley": 11.082522474350599, "ChiSquared": null},"Point T6-510-28082019085114-GenNb3": {"x": -7.077718439999999, "y": 20.894522000000002, "fAckley": 19.528545181051147, "ChiSquared": null},"Point T6-741-28082019085115-GenNb3": {"x": 2.4293, "y": -0.8077999600000005, "fAckley": 8.032898997536535, "ChiSquared": null},"Point T6-172-28082019085115-GenNb3": {"x": 2.0940850799999993, "y": 13.086898000000001, "fAckley": 17.327009730065175, "ChiSquared": null},"Point T6-23-28082019085116-GenNb4": {"x": -19.808586520000002, "y": -20.803108480000006, "fAckley": 20.963979164431237, "ChiSquared": null},"Point T6-369-28082019085116-GenNb4": {"x": -2.9527382399999986, "y": 13.053868960000003, "fAckley": 17.120037324291314, "ChiSquared": null},"Point T6-778-28082019085116-GenNb4": {"x": -6.826227103200001, "y": -1.603104, "fAckley": 14.453792717476055, "ChiSquared": null},"Point T6-885-28082019085116-GenNb5": {"x": 14.05613, "y": -3.3991760264000006, "fAckley": 19.062543606530298, "ChiSquared": null},"Point T6-118-28082019085117-GenNb5": {"x": -18.0520801416, "y": -20.803108480000006, "fAckley": 20.420271151560197, "ChiSquared": null},"Point T6-809-28082019085117-GenNb5": {"x": -1.9947284399999994, "y": -1.603104, "fAckley": 7.685053648220158, "ChiSquared": null},"Point T6-198-28082019085117-GenNb5": {"x": 2.174027648112002, "y": 2.2726, "fAckley": 8.72659323667763, "ChiSquared": null},"Point T6-40-28082019085118-GenNb6": {"x": 1.742529238399999, "y": 1.5360125263999977, "fAckley": 7.7182145768276325, "ChiSquared": null},"Point T6-88-28082019085118-GenNb6": {"x": -2.1586085102879986, "y": -20.803108480000006, "fAckley": 20.134100928784704, "ChiSquared": null},"Point T6-302-28082019085119-GenNb7": {"x": -1.3781175902879972, "y": -9.4014, "fAckley": 17.03688315333136, "ChiSquared": null},"Point T6-516-28082019085119-GenNb7": {"x": 2.8063141161120013, "y": -7.401002153600002, "fAckley": 15.396546982273918, "ChiSquared": null},"Point T6-125-28082019085120-GenNb7": {"x": -3.9933, "y": 17.091247732576, "fAckley": 18.538733654917312, "ChiSquared": null},"Point T6-10-28082019085120-GenNb7": {"x": -1.9947284399999994, "y": 1.375132403199995, "fAckley": 7.363278168825044, "ChiSquared": null},"Point T6-61-28082019085121-GenNb8": {"x": -2.1586085102879986, "y": 10.220522578623997, "fAckley": 16.71455268231665, "ChiSquared": null},"Point T6-394-28082019085121-GenNb8": {"x": -1.662906540697919, "y": 2.2726, "fAckley": 8.570075195290597, "ChiSquared": null},"Point T6-872-28082019085121-GenNb9": {"x": -3.833966521600003, "y": 0.05804999999999971, "fAckley": 9.03767812366606, "ChiSquared": null},"Point T6-192-28082019085122-GenNb9": {"x": 4.048972839190081, "y": 7.170561386111997, "fAckley": 14.431228226334596, "ChiSquared": null},"Point T6-364-28082019085122-GenNb9": {"x": 2.5374608463900796, "y": -6.645757475779843, "fAckley": 14.951435066865482, "ChiSquared": null},"Point T6-869-28082019085122-GenNb9": {"x": -1.8281385304000008, "y": 0.06147442611199638, "fAckley": 5.265405284114323, "ChiSquared": null},"Point T6-348-28082019085123-GenNb10": {"x": 0.7466123837340777, "y": 0.05804999999999971, "fAckley": 3.1496038137673854, "ChiSquared": null},"Point T6-799-28082019085123-GenNb10": {"x": 2.8063141161120013, "y": 0.16423088131200153, "fAckley": 7.74199955759406, "ChiSquared": null},"Point T6-439-28082019085123-GenNb10": {"x": -2.1586085102879986, "y": 5.295288036014078, "fAckley": 12.669303853023433, "ChiSquared": null},"Point T6-96-28082019085123-GenNb10": {"x": 1.884165063929455, "y": 6.067129796799995, "fAckley": 12.282071525760157, "ChiSquared": null},"Point T6-853-28082019085124-GenNb11": {"x": 0.7281759027255887, "y": 1.5360125263999977, "fAckley": 6.418267977592411, "ChiSquared": null},"Point T6-526-28082019085124-GenNb11": {"x": 4.048972839190081, "y": 2.2889183197759997, "fAckley": 10.931374930823281, "ChiSquared": null},"Point T6-944-28082019085125-GenNb11": {"x": 1.8139153970174515, "y": -6.645757475779843, "fAckley": 14.272021395817456, "ChiSquared": null},"Point T6-25-28082019085125-GenNb11": {"x": 1.884165063929455, "y": 5.227468775582075, "fAckley": 12.044746503056897, "ChiSquared": null},"Point T6-346-28082019085125-GenNb11": {"x": 1.1064014415406374, "y": 0.06147442611199638, "fAckley": 3.266631260809071, "ChiSquared": null},"Point T6-52-28082019085126-GenNb12": {"x": -2.8678414885831787, "y": 2.2889183197759997, "fAckley": 9.573557453761314, "ChiSquared": null},"Point T6-613-28082019085126-GenNb12": {"x": -1.1825287281534518, "y": 0.16423088131200153, "fAckley": 4.237722047699425, "ChiSquared": null},"Point T6-266-28082019085126-GenNb12": {"x": 0.023755913958562025, "y": 5.295288036014078, "fAckley": 11.835446655370848, "ChiSquared": null},"Point T6-5-28082019085126-GenNb12": {"x": 1.8139153970174515, "y": -0.8778793416659217, "fAckley": 5.935321979487817, "ChiSquared": null},"Point T6-229-28082019085126-GenNb12": {"x": 1.8387497294610975, "y": 0.9645515527999976, "fAckley": 5.685712063334385, "ChiSquared": null},"Point T6-346-28082019085127-GenNb13": {"x": 1.3489982044312139, "y": 2.2889183197759997, "fAckley": 8.320568459606566, "ChiSquared": null},"Point T6-396-28082019085127-GenNb13": {"x": 3.7223696826950006, "y": 1.10632467105121, "fAckley": 9.811651968574044, "ChiSquared": null},"Point T6-828-28082019085127-GenNb13": {"x": -0.05978682395234025, "y": -1.3826853597119975, "fAckley": 5.173919457517446, "ChiSquared": null},"Point T6-199-28082019085128-GenNb14": {"x": -0.4495500025080159, "y": 0.05804999999999971, "fAckley": 2.9680787407003035, "ChiSquared": null},"Point T6-417-28082019085128-GenNb14": {"x": 0.8133262246308391, "y": -1.9564064545459154, "fAckley": 5.932267693204462, "ChiSquared": null},"Point T6-695-28082019085129-GenNb14": {"x": -0.998363136436291, "y": 0.8464113647401167, "fAckley": 3.9062082159473914, "ChiSquared": null},"Point T6-34-28082019085129-GenNb14": {"x": 0.3734227158952016, "y": 1.375132403199995, "fAckley": 5.87380838656243, "ChiSquared": null},"Point T6-937-28082019085129-GenNb15": {"x": 0.74616497579629, "y": 1.5360125263999977, "fAckley": 6.402340991291005, "ChiSquared": null},"Point T6-584-28082019085129-GenNb15": {"x": 0.8133262246308391, "y": 0.6667381402880008, "fAckley": 4.536781906677195, "ChiSquared": null},"Point T6-699-28082019085130-GenNb15": {"x": -0.3094156795702724, "y": -0.8077999600000005, "fAckley": 4.025948466316752, "ChiSquared": null},"Point T6-839-28082019085131-GenNb16": {"x": -1.3363436326423836, "y": 1.10632467105121, "fAckley": 5.925815161822786, "ChiSquared": null},"Point T6-573-28082019085132-GenNb17": {"x": 0.8160651257751166, "y": 0.05804999999999971, "fAckley": 2.951651454821054, "ChiSquared": null},"Point T6-680-28082019085133-GenNb17": {"x": 0.5381777606030368, "y": 0.995708039390077, "fAckley": 4.662310223269092, "ChiSquared": null},"Point T6-877-28082019085133-GenNb17": {"x": -0.09205243790794593,