{"Point T4-179-13082019110640-GenNb5": {"x": -1.9641499999999992, "y": 7.643674999999998, "fAckley": 14.972776761783585, "ChiSquared": null}, "Point T0-882-13082019110831-GenNb0": {"x": -26.17849375, "y": 8.085100000000004, "fAckley": 20.392574370589138, "ChiSquared": null}, "Point T0-801-13082019110638-GenNb3": {"x": 7.021249999999999, "y": 3.5946562500000008, "fAckley": 15.078592477099505, "ChiSquared": null}, "Point T5-268-13082019110638-GenNb3": {"x": 13.472425, "y": 0.7194499999999984, "fAckley": 19.19526318299226, "ChiSquared": null}, "Point T6-457-13082019110632-GenNb1": {"x": -26.0352, "y": 23.032275000000002, "fAckley": 19.913700267176413, "ChiSquared": null}, "Point T3-60-13082019110640-GenNb4": {"x": 5.994750000000001, "y": -15.5413, "fAckley": 19.80515858672558, "ChiSquared": null}, "Point T1-853-13082019110627": {"x": 0.9668, "y": -17.8649, "fAckley": 18.855832151967626, "ChiSquared": null}, "Point T7-584-13082019110640-GenNb4": {"x": -2.7929, "y": -0.303074999999998, "fAckley": 8.305617880242703, "ChiSquared": null}, "Point T1-535-13082019110641-GenNb4": {"x": 2.708687499999999, "y": -1.73685, "fAckley": 9.185984951348939, "ChiSquared": null}, "Point T2-241-13082019110640-GenNb4": {"x": 1.2533875000000005, "y": 12.029449999999999, "fAckley": 17.485118200221166, "ChiSquared": null}}