{"Point T5-206-13082019110830-GenNb0": {"x": -2.8507625, "y": 0.7135624999999988, "fAckley": 8.31931284474753, "ChiSquared": null}, "Point T0-538-13082019110640-GenNb4": {"x": 2.3951375000000015, "y": -5.527737499999999, "fAckley": 13.775225516054585, "ChiSquared": null}, "Point T5-679-13082019110629-GenNb0": {"x": 21.0793, "y": -29.8065, "fAckley": 20.757809789779937, "ChiSquared": null}, "Point T5-908-13082019110641-GenNb4": {"x": 21.99795, "y": 7.064337499999997, "fAckley": 19.345415347414917, "ChiSquared": null}, "Point T6-244-13082019110642-GenNb4": {"x": -3.3576750000000004, "y": -5.7254, "fAckley": 14.21821475580887, "ChiSquared": null}, "Point T3-919-13082019110630-GenNb0": {"x": -9.1516, "y": 0.1446499999999986, "fAckley": 15.420098225327884, "ChiSquared": null}, "Point T7-153-13082019110637-GenNb3": {"x": 0.02723749999999958, "y": 2.771624999999999, "fAckley": 7.452594186923411, "ChiSquared": null}, "Point T1-512-13082019110637-GenNb3": {"x": 2.177975, "y": 1.295875, "fAckley": 7.663046867988186, "ChiSquared": null}, "Point T1-713-13082019110636-GenNb2": {"x": 14.2037, "y": -0.037799999999999834, "fAckley": 18.158618042139896, "ChiSquared": null}, "Point T5-34-13082019110833-GenNb0": {"x": -6.920550000000002, "y": 2.839731249999998, "fAckley": 13.748386854334806, "ChiSquared": null}}