{"Point T4-124-13082019110638-GenNb4": {"x": -2.2929562499999996, "y": 10.594375, "fAckley": 17.822243184330553, "ChiSquared": null}, "Point T4-369-13082019110640-GenNb4": {"x": -10.210718750000002, "y": -6.1894, "fAckley": 17.662037863150115, "ChiSquared": null}, "Point T1-166-13082019110831-GenNb0": {"x": -4.3306249999999995, "y": 2.67445, "fAckley": 12.357181016848575, "ChiSquared": null}, "Point T5-576-13082019110633-GenNb1": {"x": -5.9444, "y": -2.997724999999999, "fAckley": 12.280250783676122, "ChiSquared": null}, "Point T6-622-13082019110640-GenNb4": {"x": -0.2647499999999994, "y": -1.9725000000000001, "fAckley": 6.062093129906675, "ChiSquared": null}, "Point T1-963-13082019110832-GenNb0": {"x": -7.651012499999998, "y": -12.6301, "fAckley": 19.70961357555081, "ChiSquared": null}, "Point T1-478-13082019110832-GenNb0": {"x": -10.508099999999999, "y": 1.9539687499999996, "fAckley": 17.326814320053273, "ChiSquared": null}, "Point T7-876-13082019110641-GenNb4": {"x": -6.0637625, "y": 8.3512375, "fAckley": 16.893922132893355, "ChiSquared": null}, "Point T1-567-13082019110638-GenNb3": {"x": 8.828124999999998, "y": 3.1045, "fAckley": 15.513010270793462, "ChiSquared": null}, "Point T2-176-13082019110633-GenNb1": {"x": -2.921500000000001, "y": -10.102799999999998, "fAckley": 15.88297621829686, "ChiSquared": null}}