{"Point T4-111-13082019110639-GenNb4": {"x": -5.008256249999999, "y": 1.8487375000000013, "fAckley": 11.114570413340934, "ChiSquared": null}, "Point T0-543-13082019110637-GenNb3": {"x": 1.9710750000000008, "y": 0.6977, "fAckley": 6.4465424238374105, "ChiSquared": null}, "Point T6-211-13082019110831-GenNb0": {"x": -0.13722499999999904, "y": 0.7534499999999995, "fAckley": 3.3715917039832317, "ChiSquared": null}, "Point T6-952-13082019110637-GenNb3": {"x": 3.7884624999999996, "y": 4.23135, "fAckley": 12.565476829582865, "ChiSquared": null}, "Point T6-743-13082019110831-GenNb0": {"x": -4.099562499999999, "y": 1.4059062500000001, "fAckley": 10.892621602846264, "ChiSquared": null}, "Point T4-646-13082019110627": {"x": -16.9716, "y": 17.8392, "fAckley": 19.969782649341532, "ChiSquared": null}, "Point T7-467-13082019110637-GenNb3": {"x": -0.13395000000000046, "y": 1.294406250000001, "fAckley": 4.8643142823748455, "ChiSquared": null}, "Point T1-108-13082019110640-GenNb4": {"x": 6.434000000000001, "y": -6.10325, "fAckley": 16.069459761979378, "ChiSquared": null}, "Point T6-600-13082019110833-GenNb0": {"x": 2.0932625000000002, "y": -26.8395, "fAckley": 20.293934516095295, "ChiSquared": null}, "Point T6-337-13082019110833-GenNb0": {"x": -5.875006250000001, "y": -10.18015, "fAckley": 17.162727783407064, "ChiSquared": null}}