{"Point T4-118-13082019110641-GenNb5": {"x": 2.671503125000001, "y": 4.2319, "fAckley": 12.02802469004466, "ChiSquared": null}, "Point T0-888-13082019110636-GenNb3": {"x": -4.378962499999998, "y": -4.2132, "fAckley": 13.469134968016878, "ChiSquared": null}, "Point T3-645-13082019110831-GenNb0": {"x": 0.49972499999999886, "y": 2.3162499999999993, "fAckley": 7.9175015287568815, "ChiSquared": null}, "Point T3-800-13082019110831-GenNb0": {"x": -4.1071, "y": 11.496975000000003, "fAckley": 18.26352793089578, "ChiSquared": null}, "Point T1-852-13082019110626": {"x": 1.726, "y": -6.2947, "fAckley": 13.964693843698088, "ChiSquared": null}, "Point T3-901-13082019110832-GenNb0": {"x": -11.912399999999998, "y": 17.087425, "fAckley": 19.32134102856178, "ChiSquared": null}, "Point T7-637-13082019110639-GenNb4": {"x": -4.49270625, "y": -1.3137499999999989, "fAckley": 11.902265427324044, "ChiSquared": null}, "Point T7-620-13082019110641-GenNb4": {"x": -6.78275, "y": 3.014278124999999, "fAckley": 13.894902319755538, "ChiSquared": null}, "Point T1-43-13082019110642-GenNb4": {"x": -2.257125000000001, "y": 10.539150000000001, "fAckley": 17.760530977728912, "ChiSquared": null}, "Point T2-367-13082019110639-GenNb3": {"x": -6.264312500000001, "y": -3.8192499999999985, "fAckley": 14.45163940531183, "ChiSquared": null}}