{"Point T3-58-26072019140814": {"Lambda": 0.46023739832094707, "Kappa": 0.1081244347400924, "tanBeta": 4.384733564079541, "mBottom": 4.29703889279795, "ChiSquared": null, "LogL": null, "testCalc": 2.83443474731422, "extTest": {"res1": 181.23607702556143, "res2": 32846.51561561524}}}