{"Point T0-192-26072019140816": {"Lambda": 0.4132665159579867, "Kappa": 0.706848766502175, "tanBeta": 4.217499490071162, "mBottom": 4.133149500269739, "ChiSquared": null, "LogL": null, "testCalc": 5.218498275627276, "extTest": {"res1": 52.71880759499054, "res2": 2779.2726742376317}}}