{"Point T6-250-26072019140817": {"Lambda": 0.10226703814851337, "Kappa": 0.5927547218437526, "tanBeta": 4.3945542030214515, "mBottom": 4.306663118961023, "ChiSquared": null, "LogL": null, "testCalc": 4.768682860811455, "extTest": {"res1": 105.0072274641124, "res2": 11026.517819699842}}}