{"Point T5-76-26072019140815": {"Lambda": 0.6127400117144896, "Kappa": 0.30532803663065466, "tanBeta": 4.391872263057732, "mBottom": 4.304034817796578, "ChiSquared": null, "LogL": null, "testCalc": 3.8684294660662095, "extTest": {"res1": 163.06232074404124, "res2": 26589.320446432583}}}