{"Point T7-265-26072019140925": {"Lambda": 0.4631085647042254, "Kappa": 0.13625502103625842, "tanBeta": 4.393298753008067, "mBottom": 4.305432777947906, "ChiSquared": null, "LogL": null, "testCalc": 2.9657949456860426, "extTest": {"res1": -124.50974496689769, "res2": 15502.676591721904}}}