{"Point T4-448-26072019140814": {"Lambda": 0.41761554868872086, "Kappa": 0.13742970943470603, "tanBeta": 4.140824019181546, "mBottom": 4.0580075387979155, "ChiSquared": null, "LogL": null, "testCalc": 2.7724787576819105, "extTest": {"res1": 14.69280691153749, "res2": 215.87857493972385}}}