{"Point T1-377-07082019114034-GenNb0": {"Lambda": 0.3071, "Kappa": -0.25326400000000004, "tanBeta": 18.932738, "mBottom": 18.55408324, "ChiSquared": null, "LogL": null, "testCalc": 4.576371073168, "extTest": {"res1": 895.5234566070599, "res2": 801962.2613334566}},"Point T1-267-07082019114035-GenNb0": {"Lambda": 0.5787, "Kappa": 0.4856, "tanBeta": 4.557164000000002, "mBottom": 4.466020720000002, "ChiSquared": null, "LogL": null, "testCalc": 4.7808628884000015, "extTest": {"res1": 25.49105006036865, "res2": 649.7936331802206}},"Point T1-915-07082019114035-GenNb0": {"Lambda": 0.7845, "Kappa": 0.1645, "tanBeta": 34.675124, "mBottom": 33.98162152, "ChiSquared": null, "LogL": null, "testCalc": 23.310308907999996, "extTest": {"res1": 968.548761407, "res2": 938086.7032230339}},"Point T1-450-07082019114038-GenNb1": {"Lambda": 0.7845, "Kappa": 0.1645, "tanBeta": 30.160922, "mBottom": 29.55770356, "ChiSquared": null, "LogL": null, "testCalc": 20.355763699, "extTest": {"res1": 570.4407321539672, "res2": 325402.6289003542}},"Point T1-6-07082019114040-GenNb2": {"Lambda": 0.07594600000000001, "Kappa": 0.5615, "tanBeta": 9.123902, "mBottom": 8.94142396, "ChiSquared": null, "LogL": null, "testCalc": 9.599550747916, "extTest": {"res1": 97.63244326111703, "res2": 9532.093977135237}},"Point T1-973-07082019114040-GenNb2": {"Lambda": 0.5061, "Kappa": 0.5651, "tanBeta": 35.551784084059044, "mBottom": 34.84074840237786, "ChiSquared": null, "LogL": null, "testCalc": 37.7668245970907, "extTest": {"res1": 2724.647205206246, "res2": 7423702.392838206}},"Point T1-548-07082019114048-GenNb4": {"Lambda": 0.1763, "Kappa": 0.337918463306805, "tanBeta": 8.561101236891417, "mBottom": 8.38987921215359, "ChiSquared": null, "LogL": null, "testCalc": 7.118975470261129, "extTest": {"res1": -44.64164260282909, "res2": 1992.876254278725}},"Point T1-400-07082019114049-GenNb4": {"Lambda": 0.7845, "Kappa": -0.18442444587936418, "tanBeta": 10.186916114350973, "mBottom": 9.983177792063954, "ChiSquared": null, "LogL": null, "testCalc": 3.7283127864232326, "extTest": {"res1": 52.50805516185898, "res2": 2757.095856880825}},"Point T1-436-07082019114049-GenNb4": {"Lambda": 0.5232243599999999, "Kappa": 0.545396, "tanBeta": 1.6484133200000013, "mBottom": 1.6154450536000013, "ChiSquared": null, "LogL": null, "testCalc": 1.980524288772131, "extTest": {"res1": -0.6490173678961115, "res2": 0.4212235438307966}},"Point T1-502-07082019114050-GenNb5": {"Lambda": 0.5665412299280063, "Kappa": 0.7669003584452796, "tanBeta": 8.465487295175627, "mBottom": 8.296177549272114, "ChiSquared": null, "LogL": null, "testCalc": 10.961242980928544, "extTest": {"res1": 179.360258700223, "res2": 32170.10240101092}},"Point T1-592-07082019114051-GenNb5": {"Lambda": 0.3071, "Kappa": -0.1895318343279767, "tanBeta": 0.6308362101785292, "mBottom": 0.6182194859749586, "ChiSquared": null, "LogL": null, "testCalc": 0.28385660891183356, "extTest": {"res1": -9.619770280858203, "res2": 92.53998025648272}},"Point T1-305-07082019114052-GenNb5": {"Lambda": 0.8772, "Kappa": 0.8643, "tanBeta": 6.438882537316957, "mBottom": 6.310104886570618, "ChiSquared": null, "LogL": null, "testCalc": 9.489658460288354, "extTest": {"res1": -140.22675893430787, "res2": 19663.54392122049}},"Point T1-550-07082019114052-GenNb5": {"Lambda": 0.2082, "Kappa": 0.6015, "tanBeta": 12.498186966158203, "mBottom": 12.248223226835039, "ChiSquared": null, "LogL": null, "testCalc": 13.685118313561679, "extTest": {"res1": -207.73227173389148, "res2": 43152.69671972333}},"Point T1-321-07082019114053-GenNb5": {"Lambda": 0.17150208706208264, "Kappa": 0.192, "tanBeta": 12.537493636645133, "mBottom": 12.286743763912229, "ChiSquared": null, "LogL": null, "testCalc": 8.579983626058631, "extTest": {"res1": 285.7610673768387, "res2": 81659.38762835014}},"Point T1-782-07082019114054-GenNb6": {"Lambda": 0.5061, "Kappa": 0.5651, "tanBeta": 33.99048692753799, "mBottom": 33.31067718898723, "ChiSquared": null, "LogL": null, "testCalc": 36.11949996724533, "extTest": {"res1": 2316.7701474548517, "res2": 5367423.916137975}},"Point T1-808-07082019114054-GenNb6": {"Lambda": -0.11399043378667739, "Kappa": 0.06904772990506575, "tanBeta": 2.245532912436805, "mBottom": 2.200622254188069, "ChiSquared": null, "LogL": null, "testCalc": 1.2683538961197813, "extTest": {"res1": -3.6696434065707426, "res2": 13.466282731388125}},"Point T1-108-07082019114057-GenNb6": {"Lambda": 0.17150208706208264, "Kappa": 0.4202706708744351, "tanBeta": 3.517021858177417, "mBottom": 3.4466814210138685, "ChiSquared": null, "LogL": null, "testCalc": 3.2308548121898597, "extTest": {"res1": 24.162888565584822, "res2": 583.8451838328698}},"Point T1-273-07082019114058-GenNb7": {"Lambda": 0.032631932452702406, "Kappa": -0.1895318343279767, "tanBeta": 2.0890133400825643, "mBottom": 2.047233073280913, "ChiSquared": null, "LogL": null, "testCalc": 0.6287468493745925, "extTest": {"res1": 1.3243848737372985, "res2": 1.75399529378416}},"Point T1-266-07082019114058-GenNb7": {"Lambda": 0.097, "Kappa": 0.1053, "tanBeta": 6.159620434525751, "mBottom": 6.036428025835236, "ChiSquared": null, "LogL": null, "testCalc": 3.67623104467318, "extTest": {"res1": -20.850663690515322, "res2": 434.750176334974}},"Point T1-849-07082019114100-GenNb7": {"Lambda": 0.72, "Kappa": 0.18487013606193908, "tanBeta": 26.51214612051165, "mBottom": 25.981903198101417, "ChiSquared": null, "LogL": null, "testCalc": 18.41065565964371, "extTest": {"res1": 800.8385208504408, "res2": 641342.3364779218}},"Point T1-380-07082019114101-GenNb8": {"Lambda": 0.1590845356760121, "Kappa": -0.10242541613778151, "tanBeta": 11.839201390270073, "mBottom": 11.60241736246467, "ChiSquared": null, "LogL": null, "testCalc": 4.613881441586173, "extTest": {"res1": 130.4667465175625, "res2": 17021.57194687791}},"Point T1-393-07082019114102-GenNb8": {"Lambda": 0.097, "Kappa": 0.1053, "tanBeta": 3.6859182736832996, "mBottom": 3.6121999082096337, "ChiSquared": null, "LogL": null, "testCalc": 2.2036361483236684, "extTest": {"res1": -28.91257589351731, "res2": 835.9370447983983}},"Point T1-225-07082019114103-GenNb8": {"Lambda": 0.5232243599999999, "Kappa": 0.545396, "tanBeta": 6.584118252637382, "mBottom": 6.452435887584635, "ChiSquared": null, "LogL": null, "testCalc": 7.090933433205144, "extTest": {"res1": -21.65790594303499, "res2": 469.06488983735034}},"Point T1-619-07082019114104-GenNb9": {"Lambda": 0.07594600000000001, "Kappa": 0.5615, "tanBeta": 3.22136019680549, "mBottom": 3.15693299286938, "ChiSquared": null, "LogL": null, "testCalc": 3.3930280418569723, "extTest": {"res1": -10.76370710274017, "res2": 115.8573905935792}},"Point T1-936-07082019114106-GenNb9": {"Lambda": 0.1763, "Kappa": 0.6588940676148877, "tanBeta": 7.330973289387629, "mBottom": 7.184353823599876, "ChiSquared": null, "LogL": null, "testCalc": 8.453593412020647, "extTest": {"res1": 252.07026776781194, "res2": 63539.41989253641}},"Point T1-780-07082019114107-GenNb9": {"Lambda": -0.2600675374747907, "Kappa": -0.11627689041884887, "tanBeta": 1.3246753114736771, "mBottom": 1.2981818052442036, "ChiSquared": null, "LogL": null, "testCalc": 0.5626969006375242, "extTest": {"res1": 2.0124865371107816, "res2": 4.0501020620521455}},"Point T1-688-07082019114108-GenNb10": {"Lambda": 0.13366346428613696, "Kappa": 0.4686400296542864, "tanBeta": 3.9521548646856175, "mBottom": 3.873111767391905, "ChiSquared": null, "LogL": null, "testCalc": 3.806559778365524, "extTest": {"res1": 12.982111804294938, "res2": 168.53522689921397}},"Point T1-565-07082019114110-GenNb10": {"Lambda": 0.5234812798559545, "Kappa": 0.8643, "tanBeta": 5.451714741484168, "mBottom": 5.342680446654485, "ChiSquared": null, "LogL": null, "testCalc": 7.657289924751637, "extTest": {"res1": 8.019967506515956, "res2": 64.31987880557176}},"Point T1-712-07082019114111-GenNb10": {"Lambda": 0.49463707541878355, "Kappa": 0.049714989343535354, "tanBeta": 5.836769327200251, "mBottom": 5.720033940656246, "ChiSquared": null, "LogL": null, "testCalc": 3.394857731609405,