{"Point T5-930-07082019114034-GenNb0": {"Lambda": 1.028156, "Kappa": 0.6024, "tanBeta": 29.256388, "mBottom": 28.671260240000002, "ChiSquared": null, "LogL": null, "testCalc": 33.016783011536006, "extTest": {"res1": 2138.023448650757, "res2": 4571144.266980477}},"Point T5-578-07082019114034-GenNb0": {"Lambda": 0.390526, "Kappa": 0.4755, "tanBeta": 16.030704, "mBottom": 15.71008992, "ChiSquared": null, "LogL": null, "testCalc": 15.630155268675999, "extTest": {"res1": 307.56200873027944, "res2": 94594.3892142045}},"Point T5-84-07082019114035-GenNb0": {"Lambda": 0.40606200000000003, "Kappa": 0.7929, "tanBeta": 24.305866, "mBottom": 23.81974868, "ChiSquared": null, "LogL": null, "testCalc": 31.346881839244006, "extTest": {"res1": 473.0772574177478, "res2": 223802.09148589798}},"Point T5-388-07082019114036-GenNb1": {"Lambda": 0.465, "Kappa": 0.15851217909908172, "tanBeta": 29.80064691842193, "mBottom": 29.20463398005349, "ChiSquared": null, "LogL": null, "testCalc": 19.54230747162814, "extTest": {"res1": 894.9866045443092, "res2": 801001.0223137517}},"Point T5-890-07082019114037-GenNb1": {"Lambda": 0.08908262855017691, "Kappa": 0.6024, "tanBeta": 7.494181387459532, "mBottom": 7.344297759710342, "ChiSquared": null, "LogL": null, "testCalc": 8.194579462370204, "extTest": {"res1": 228.42568653079178, "res2": 52178.294267063546}},"Point T5-21-07082019114038-GenNb1": {"Lambda": 0.1524, "Kappa": 0.96821, "tanBeta": 7.362263999999996, "mBottom": 7.215018719999996, "ChiSquared": null, "LogL": null, "testCalc": 10.758952747439995, "extTest": {"res1": 34.49133660282391, "res2": 1189.6523006493003}},"Point T5-10-07082019114038-GenNb1": {"Lambda": 0.926714, "Kappa": 0.08720400000000006, "tanBeta": 16.612768, "mBottom": 16.280512639999998, "ChiSquared": null, "LogL": null, "testCalc": 10.447754978468, "extTest": {"res1": -350.34276766080757, "res2": 122740.05485223459}},"Point T5-354-07082019114041-GenNb2": {"Lambda": -0.106626, "Kappa": 0.86319, "tanBeta": 16.516942, "mBottom": 16.18660316, "ChiSquared": null, "LogL": null, "testCalc": 22.361929848856, "extTest": {"res1": -553.9062269104744, "res2": 306812.10821019794}},"Point T5-728-07082019114042-GenNb2": {"Lambda": 0.27240092000000005, "Kappa": 0.08720400000000006, "tanBeta": 12.029844593841528, "mBottom": 11.789247701964698, "ChiSquared": null, "LogL": null, "testCalc": 7.017876680160552, "extTest": {"res1": -78.80628090686984, "res2": 6210.429910372479}},"Point T5-437-07082019114042-GenNb2": {"Lambda": 0.663014, "Kappa": 0.34132596179460606, "tanBeta": 2.6216990338415265, "mBottom": 2.569265053164696, "ChiSquared": null, "LogL": null, "testCalc": 2.6190740350402963, "extTest": {"res1": -9.166546415278127, "res2": 84.02557318344827}},"Point T5-154-07082019114044-GenNb3": {"Lambda": 0.50453216, "Kappa": 0.18734313478444006, "tanBeta": 3.4269419561769343, "mBottom": 3.3584031170533954, "ChiSquared": null, "LogL": null, "testCalc": 2.5757683077954714, "extTest": {"res1": 60.54047173429002, "res2": 3665.1487178103694}},"Point T5-735-07082019114044-GenNb3": {"Lambda": 0.27240092000000005, "Kappa": 0.6272259617946061, "tanBeta": 2.996003033841527, "mBottom": 2.9360829731646962, "ChiSquared": null, "LogL": null, "testCalc": 3.421414632240004, "extTest": {"res1": 21.38721698607322, "res2": 457.41305040937885}},"Point T5-314-07082019114045-GenNb3": {"Lambda": 0.011120075750176955, "Kappa": 0.3461246400000001, "tanBeta": 4.85361417939494, "mBottom": 4.756541895807041, "ChiSquared": null, "LogL": null, "testCalc": 4.058350064530179, "extTest": {"res1": -69.2056500804889, "res2": 4789.422003063072}},"Point T5-670-07082019114045-GenNb4": {"Lambda": 0.465, "Kappa": 0.15851217909908172, "tanBeta": 9.485801001855101, "mBottom": 9.296084981818, "ChiSquared": null, "LogL": null, "testCalc": 6.367882478213304, "extTest": {"res1": -120.11196619238184, "res2": 14426.884422599878}},"Point T5-111-07082019114048-GenNb5": {"Lambda": 0.0713, "Kappa": 0.82845, "tanBeta": 13.27195, "mBottom": 13.006511, "ChiSquared": null, "LogL": null, "testCalc": 17.5034861675, "extTest": {"res1": -263.10752636871047, "res2": 69225.57043186168}},"Point T5-19-07082019114049-GenNb5": {"Lambda": 0.13823546855017696, "Kappa": 0.036773543420954014, "tanBeta": 9.1368808382839, "mBottom": 8.954143221518223, "ChiSquared": null, "LogL": null, "testCalc": 4.8321761397631136, "extTest": {"res1": 192.84399893613352, "res2": 37188.807925679466}},"Point T5-37-07082019114051-GenNb6": {"Lambda": 0.45150548914268407, "Kappa": 0.15851217909908172, "tanBeta": 5.320773933548461, "mBottom": 5.214358454877491, "ChiSquared": null, "LogL": null, "testCalc": 3.654443904865079, "extTest": {"res1": 18.38014742094772, "res2": 337.82981921577107}},"Point T5-265-07082019114051-GenNb6": {"Lambda": 0.14016199999999998, "Kappa": 0.15693803820539393, "tanBeta": 9.830250661224365, "mBottom": 9.633645647999877, "ChiSquared": null, "LogL": null, "testCalc": 6.379208464083767, "extTest": {"res1": -516.987989360985, "res2": 267276.58114351396}},"Point T5-726-07082019114051-GenNb6": {"Lambda": 0.2574393196256837, "Kappa": 0.19268308174627502, "tanBeta": 13.167110415175102, "mBottom": 12.9037682068716, "ChiSquared": null, "LogL": null, "testCalc": 9.055238519214548, "extTest": {"res1": 315.78669734027244, "res2": 99721.23821707683}},"Point T5-496-07082019114052-GenNb6": {"Lambda": -0.17075937144982317, "Kappa": 1.044558961794606, "tanBeta": 9.993039726235166, "mBottom": 9.793178931710463, "ChiSquared": null, "LogL": null, "testCalc": 15.36406743040163, "extTest": {"res1": -398.17565007654406, "res2": 158543.84831387846}},"Point T5-719-07082019114052-GenNb6": {"Lambda": 0.04317704080217934, "Kappa": 1.1448414690901878, "tanBeta": 4.118833080332811, "mBottom": 4.0364564187261545, "ChiSquared": null, "LogL": null, "testCalc": 6.7355033808409885, "extTest": {"res1": 36.06738919151057, "res2": 1300.8565630918936}},"Point T5-587-07082019114053-GenNb6": {"Lambda": 0.4247392499951168, "Kappa": 0.3318242241946061, "tanBeta": 15.256056697176295, "mBottom": 14.950935563232768, "ChiSquared": null, "LogL": null, "testCalc": 12.718200389912248, "extTest": {"res1": -261.5488791594972, "res2": 68407.81618958926}},"Point T5-548-07082019114054-GenNb7": {"Lambda": 0.0713, "Kappa": 0.82845, "tanBeta": 1.9165056427253244, "mBottom": 1.8781755298708178, "ChiSquared": null, "LogL": null, "testCalc": 2.531900554651204, "extTest": {"res1": -2.726283108549904, "res2": 7.4326195879645285}},"Point T5-279-07082019114055-GenNb7": {"Lambda": -0.168823982487594, "Kappa": 0.6024, "tanBeta": 5.390178390894862, "mBottom": 5.282374823076965, "ChiSquared": null, "LogL": null, "testCalc": 5.916732411276518, "extTest": {"res1": -63.352814293029176, "res2": 4013.5790788470417}},"Point T5-208-07082019114057-GenNb7": {"Lambda": 0.4247392499951168, "Kappa": 0.38033704395430734, "tanBeta": 8.047399457918031, "mBottom": 7.88645146875967, "ChiSquared": null, "LogL": null, "testCalc": 7.184353286210289, "extTest": {"res1": 20.13809117316953, "res2": 405.5427160988886}},"Point T5-855-07082019114058-GenNb8": {"Lambda": 0.45150548914268407, "Kappa": 0.15851217909908172, "tanBeta": 3.3275176932001473, "mBottom": 3.2609673393361445, "ChiSquared": null, "LogL": null, "testCalc": 2.361792956933952, "extTest": {"res1": 7.903327368493718, "res2": 62.46258349358184}},"Point T5-433-07082019114059-GenNb8": {"Lambda": 0.2574393196256837, "Kappa": 0.19268308174627502, "tanBeta": 5.584283870282769, "mBottom": 5.472598192877113, "ChiSquared": null, "LogL": null, "testCalc": 3.8785711251999917, "extTest": {"res1": -22.495826373066883, "res2": 506.06220420717153}},"Point T5-615-07082019114100-GenNb8": {"Lambda": 0.5454290901536605, "Kappa": 0.5298235342254028, "tanBeta": 6.078141422910687, "mBottom": 5.956578594452473, "ChiSquared": null, "LogL": null, "testCalc": 6.496124559820446, "extTest": {"res1": -604.2786731979863, "res2": 365152.71488191874}},"Point T5-372-07082019114101-GenNb8": {"Lambda": 0.27240092000000005, "Kappa": 0.6272259617946061,