{"Point T6-10-07082019114033-GenNb0": {"Lambda": 0.5119, "Kappa": 0.841156, "tanBeta": 19.269202, "mBottom": 18.88381796, "ChiSquared": null, "LogL": null, "testCalc": 25.912355467512, "extTest": {"res1": -412.89197956084695, "res2": 170479.78678567486}},"Point T6-766-07082019114034-GenNb0": {"Lambda": 0.24981599999999998, "Kappa": 0.7315419999999999, "tanBeta": 13.992150000000002, "mBottom": 13.712307000000003, "ChiSquared": null, "LogL": null, "testCalc": 17.154406929156004, "extTest": {"res1": 486.0745318374725, "res2": 236268.45050101806}},"Point T6-630-07082019114034-GenNb0": {"Lambda": 0.8532, "Kappa": 0.8682, "tanBeta": 18.261528000000002, "mBottom": 17.89629744, "ChiSquared": null, "LogL": null, "testCalc": 25.530757569600002, "extTest": {"res1": -1595.5411589184766, "res2": 2545751.5898029157}},"Point T6-975-07082019114036-GenNb1": {"Lambda": -0.19192200000000004, "Kappa": 0.7250079999999999, "tanBeta": 11.268858000000002, "mBottom": 11.04348084, "ChiSquared": null, "LogL": null, "testCalc": 13.728586674948, "extTest": {"res1": 128.7824688440016, "res2": 16584.924281556247}},"Point T6-62-07082019114038-GenNb1": {"Lambda": 0.20995199999999997, "Kappa": 0.37263399999999985, "tanBeta": 11.021622, "mBottom": 10.801189560000001, "ChiSquared": null, "LogL": null, "testCalc": 9.551705714651998, "extTest": {"res1": 103.27473240821878, "res2": 10665.670353989195}},"Point T6-494-07082019114039-GenNb1": {"Lambda": 1.0471439999999999, "Kappa": 0.4804, "tanBeta": 17.319026, "mBottom": 16.97264548, "ChiSquared": null, "LogL": null, "testCalc": 17.902893387136, "extTest": {"res1": -258.7589760086356, "res2": 66956.20766503765}},"Point T6-726-07082019114040-GenNb1": {"Lambda": 0.73729, "Kappa": 0.501968, "tanBeta": 21.203314, "mBottom": 20.779247719999997, "ChiSquared": null, "LogL": null, "testCalc": 21.576605526052, "extTest": {"res1": 251.76169289276368, "res2": 63383.950008230255}},"Point T6-759-07082019114040-GenNb2": {"Lambda": -0.46016052000000013, "Kappa": 0.7299632799999998, "tanBeta": 8.36700828, "mBottom": 8.1996681144, "ChiSquared": null, "LogL": null, "testCalc": 10.419190569222627, "extTest": {"res1": -109.34634253362476, "res2": 11956.622625480795}},"Point T6-886-07082019114040-GenNb2": {"Lambda": 0.30119631999999996, "Kappa": 0.45356643999999996, "tanBeta": 12.916256520000001, "mBottom": 12.657931389600002, "ChiSquared": null, "LogL": null, "testCalc": 12.278065405884732, "extTest": {"res1": 360.0569367176065, "res2": 129640.99767846649}},"Point T6-393-07082019114042-GenNb2": {"Lambda": 0.3246786132758357, "Kappa": 0.4804, "tanBeta": 11.851954949441552, "mBottom": 11.614915850452721, "ChiSquared": null, "LogL": null, "testCalc": 11.606553284856801, "extTest": {"res1": -286.16470131425825, "res2": 81890.23627827864}},"Point T6-536-07082019114044-GenNb3": {"Lambda": 0.4520994, "Kappa": 0.4245, "tanBeta": 12.566078759999998, "mBottom": 12.314757184799998, "ChiSquared": null, "LogL": null, "testCalc": 11.696072893500357, "extTest": {"res1": 67.69507312562044, "res2": 4582.622925483099}},"Point T6-822-07082019114044-GenNb3": {"Lambda": 0.1143709332758357, "Kappa": 0.3954144399999999, "tanBeta": 12.114055469441553, "mBottom": 11.871774360052722, "ChiSquared": null, "LogL": null, "testCalc": 10.739040349982915, "extTest": {"res1": -3502.799245304237, "res2": 12269602.552903933}},"Point T6-422-07082019114047-GenNb3": {"Lambda": 0.7545, "Kappa": 0.21772911520000002, "tanBeta": 14.668301575200001, "mBottom": 14.374935543696001, "ChiSquared": null, "LogL": null, "testCalc": 10.950454345303063, "extTest": {"res1": 1079.4917559502903, "res2": 1165302.4511646412}},"Point T6-581-07082019114048-GenNb4": {"Lambda": -0.2178917117239189, "Kappa": 0.6109865968466112, "tanBeta": 9.675628118076077, "mBottom": 9.482115555714556, "ChiSquared": null, "LogL": null, "testCalc": 10.70021367211194, "extTest": {"res1": 1323.5958035835736, "res2": 1751905.8512640458}},"Point T6-576-07082019114049-GenNb4": {"Lambda": 1.1265911840379483, "Kappa": 0.9381504696, "tanBeta": 17.278421390168578, "mBottom": 16.932852962365207, "ChiSquared": null, "LogL": null, "testCalc": 25.945393318267968, "extTest": {"res1": 169.78747914333312, "res2": 28827.788073847776}},"Point T6-498-07082019114049-GenNb4": {"Lambda": 0.3246786132758357, "Kappa": 0.4804, "tanBeta": 11.556931907202173, "mBottom": 11.32579326905813, "ChiSquared": null, "LogL": null, "testCalc": 11.32026292466771, "extTest": {"res1": -299.7565376543485, "res2": 89853.98186652285}},"Point T6-956-07082019114049-GenNb4": {"Lambda": 0.5286, "Kappa": 0.5014, "tanBeta": 10.249516538400004, "mBottom": 10.044526207632003, "ChiSquared": null, "LogL": null, "testCalc": 10.440788656169763, "extTest": {"res1": -61.209130176718865, "res2": 3746.557616990516}},"Point T6-911-07082019114050-GenNb4": {"Lambda": 0.5151829040379484, "Kappa": 0.4094649095999999, "tanBeta": 11.845072670168573, "mBottom": 11.608171216765202, "ChiSquared": null, "LogL": null, "testCalc": 10.91964064309158, "extTest": {"res1": -85.13469430389131, "res2": 7247.916174217024}},"Point T6-302-07082019114050-GenNb4": {"Lambda": 0.8302195647620515, "Kappa": 0.501968, "tanBeta": 15.216321321831424, "mBottom": 14.911994895394797, "ChiSquared": null, "LogL": null, "testCalc": 15.783368354688164, "extTest": {"res1": 111.08916914395334, "res2": 12340.803501093875}},"Point T6-747-07082019114053-GenNb5": {"Lambda": 1.1265911840379483, "Kappa": 0.9381504696, "tanBeta": 9.009591195229513, "mBottom": 8.829399371324923, "ChiSquared": null, "LogL": null, "testCalc": 14.136259592323082, "extTest": {"res1": -52.72540741240658, "res2": 2779.968586804259}},"Point T6-691-07082019114053-GenNb5": {"Lambda": -0.15750251847877073, "Kappa": 0.10892185356331724, "tanBeta": 6.129871008642106, "mBottom": 6.007273588469264, "ChiSquared": null, "LogL": null, "testCalc": 3.696120749927127, "extTest": {"res1": 87.05473024789916, "res2": 7578.526058534489}},"Point T6-211-07082019114053-GenNb5": {"Lambda": 0.5286, "Kappa": 0.6337717647999997, "tanBeta": 4.7384749848, "mBottom": 4.643705485103999, "ChiSquared": null, "LogL": null, "testCalc": 5.6043823561293475, "extTest": {"res1": -556.940962119907, "res2": 310183.2352870477}},"Point T6-961-07082019114054-GenNb5": {"Lambda": 0.5151829040379484, "Kappa": 0.6617405968466111, "tanBeta": 8.14669705182008, "mBottom": 7.983763110783679, "ChiSquared": null, "LogL": null, "testCalc": 9.64829514940476, "extTest": {"res1": 105.44560856614554, "res2": 11118.776365884785}},"Point T6-55-07082019114055-GenNb6": {"Lambda": 0.9495537608379483, "Kappa": 0.9414209544, "tanBeta": 7.0943703800295115, "mBottom": 6.952482972428921, "ChiSquared": null, "LogL": null, "testCalc": 11.056682764970425, "extTest": {"res1": 32.072433350450986, "res2": 1028.6409810191205}},"Point T6-34-07082019114056-GenNb6": {"Lambda": -0.6512868032949499, "Kappa": 0.44303875572035956, "tanBeta": 6.76020606822186, "mBottom": 6.625001946857423, "ChiSquared": null, "LogL": null, "testCalc": 6.731708758453104, "extTest": {"res1": -62.54396761969387, "res2": 3911.7478856133157}},"Point T6-430-07082019114056-GenNb6": {"Lambda": -0.8438185749389427, "Kappa": 0.46559754335178927, "tanBeta": 5.271800793295052, "mBottom": 5.16636477742915, "ChiSquared": null, "LogL": null, "testCalc": 5.749749674524754, "extTest": {"res1": -108.9904857619459, "res2": 11878.925986624932}},"Point T6-522-07082019114057-GenNb6": {"Lambda": 0.20995199999999997, "Kappa": -0.0018567032820705348, "tanBeta": 7.304101168548094, "mBottom": 7.158019145177132, "ChiSquared": null, "LogL": null, "testCalc": 3.6095278662803474, "extTest": {"res1": 106.5012739258825, "res2": 11342.52134783586}},"Point T6-226-07082019114058-GenNb6": {"Lambda": 0.8049903959999999, "Kappa": 0.35584847996799984, "tanBeta": 9.502083083568003, "mBottom": 9.312041421896643, "ChiSquared": null, "LogL": null, "testCalc": 8.685332070417877, "extTest": {"res1": -103.26487178974213, "res2": 10663.63374575188}},