{"Point T2-104-07082019114033-GenNb0": {"Lambda": 0.1105, "Kappa": 0.30856399999999995, "tanBeta": 25.156614, "mBottom": 24.653481720000002, "ChiSquared": null, "LogL": null, "testCalc": 20.101376552296003, "extTest": {"res1": -704.9070752556568, "res2": 496893.98474548414}},"Point T2-151-07082019114034-GenNb0": {"Lambda": 0.9229, "Kappa": 0.0085, "tanBeta": 26.110524, "mBottom": 25.58831352, "ChiSquared": null, "LogL": null, "testCalc": 13.867840624, "extTest": {"res1": 1704.7305538567819, "res2": 2906106.2612528503}},"Point T2-207-07082019114035-GenNb0": {"Lambda": 0.6507, "Kappa": 0.4403, "tanBeta": 20.704716, "mBottom": 20.29062168, "ChiSquared": null, "LogL": null, "testCalc": 19.6850077848, "extTest": {"res1": 513.0279021521133, "res2": 263197.6283865983}},"Point T2-684-07082019114035-GenNb0": {"Lambda": 0.396, "Kappa": 0.4592, "tanBeta": 9.467316, "mBottom": 9.27796968, "ChiSquared": null, "LogL": null, "testCalc": 9.1431923472, "extTest": {"res1": 199.20119775986535, "res2": 39681.117188964985}},"Point T2-863-07082019114036-GenNb1": {"Lambda": 0.1105, "Kappa": 0.30856399999999995, "tanBeta": 12.93775508228212, "mBottom": 12.678999980636478, "ChiSquared": null, "LogL": null, "testCalc": 10.343835699527538, "extTest": {"res1": 265.84602324136443, "res2": 70674.10807324808}},"Point T2-455-07082019114039-GenNb1": {"Lambda": 0.6315, "Kappa": 0.0713, "tanBeta": 11.323957179885937, "mBottom": 11.097478036288217, "ChiSquared": null, "LogL": null, "testCalc": 6.7549294150699755, "extTest": {"res1": -228.5782595927951, "res2": 52248.02075847122}},"Point T2-69-07082019114039-GenNb1": {"Lambda": 0.37865912542804325, "Kappa": 0.9712, "tanBeta": 19.73066462705733, "mBottom": 19.33605133451618, "ChiSquared": null, "LogL": null, "testCalc": 28.9738298863261, "extTest": {"res1": 199.21683862471778, "res2": 39687.34879162685}},"Point T2-306-07082019114042-GenNb2": {"Lambda": 0.1101, "Kappa": 0.14687, "tanBeta": 30.74048661988594, "mBottom": 30.12567688748822, "ChiSquared": null, "LogL": null, "testCalc": 19.58981572360676, "extTest": {"res1": -1932.9522294760197, "res2": 3736304.3214363153}},"Point T2-608-07082019114044-GenNb2": {"Lambda": 1.0266359999999999, "Kappa": 0.196298, "tanBeta": 12.131052000000002, "mBottom": 11.888430960000003, "ChiSquared": null, "LogL": null, "testCalc": 9.379498201992002, "extTest": {"res1": 80.61170682114769, "res2": 6498.247276618669}},"Point T2-94-07082019114044-GenNb3": {"Lambda": 0.9778, "Kappa": -0.4957060000000001, "tanBeta": 9.685325019885939, "mBottom": 9.49161851948822, "ChiSquared": null, "LogL": null, "testCalc": 0.9008283754365305, "extTest": {"res1": 3.8009908570445106, "res2": 14.447531495335962}},"Point T2-280-07082019114046-GenNb3": {"Lambda": 0.3570921973393225, "Kappa": 0.9712, "tanBeta": 3.170056063123102, "mBottom": 3.10665494186064, "ChiSquared": null, "LogL": null, "testCalc": 4.759600756836102, "extTest": {"res1": 6.530280378148685, "res2": 42.644561817233736}},"Point T2-271-07082019114048-GenNb4": {"Lambda": 0.6213963328800873, "Kappa": 0.8082, "tanBeta": 6.23149694007437, "mBottom": 6.1068670012728825, "ChiSquared": null, "LogL": null, "testCalc": 8.475862730121367, "extTest": {"res1": 21.2899920959309, "res2": 453.26376344480013}},"Point T2-625-07082019114049-GenNb4": {"Lambda": 0.6797, "Kappa": 0.204, "tanBeta": 14.269358307635372, "mBottom": 13.983971141482664, "ChiSquared": null, "LogL": null, "testCalc": 10.364926755498947, "extTest": {"res1": -119.02995753707542, "res2": 14168.130791277978}},"Point T2-12-07082019114050-GenNb4": {"Lambda": 0.6507, "Kappa": -0.07819600000000007, "tanBeta": 10.80193344, "mBottom": 10.585894771200001, "ChiSquared": null, "LogL": null, "testCalc": 4.8716898883257596, "extTest": {"res1": -148.16487869787835, "res2": 21952.831279557005}},"Point T2-996-07082019114051-GenNb4": {"Lambda": -0.10579652741818185, "Kappa": 0.7205015973776453, "tanBeta": 11.850655626811136, "mBottom": 11.613642514274913, "ChiSquared": null, "LogL": null, "testCalc": 14.356430471441007, "extTest": {"res1": 118.12428922322589, "res2": 13953.34770449232}},"Point T2-840-07082019114051-GenNb4": {"Lambda": 0.9435, "Kappa": 0.6441, "tanBeta": 0.9912975341921371, "mBottom": 0.9714715835082943, "ChiSquared": null, "LogL": null, "testCalc": 2.0144227835273028, "extTest": {"res1": -8.784553400331685, "res2": 77.16837844327897}},"Point T2-282-07082019114053-GenNb5": {"Lambda": 0.20106819733932255, "Kappa": 1.03891336, "tanBeta": 8.376773992723102, "mBottom": 8.20923851286864, "ChiSquared": null, "LogL": null, "testCalc": 12.847790091156178, "extTest": {"res1": -76.0336770478114, "res2": 5781.120045410881}},"Point T2-848-07082019114054-GenNb5": {"Lambda": 0.4143, "Kappa": 0.5400302, "tanBeta": 17.42004316912472, "mBottom": 17.071642305742227, "ChiSquared": null, "LogL": null, "testCalc": 18.11481503950217, "extTest": {"res1": 200.34666793705114, "res2": 40138.787353479034}},"Point T2-760-07082019114057-GenNb6": {"Lambda": 0.6797, "Kappa": 0.204, "tanBeta": 12.284153705706364, "mBottom": 12.038470631592237, "ChiSquared": null, "LogL": null, "testCalc": 8.987194761760216, "extTest": {"res1": -170.75336368741927, "res2": 29156.71121056807}},"Point T2-21-07082019114057-GenNb6": {"Lambda": 0.1101, "Kappa": -0.2930719600000001, "tanBeta": 15.205374140557911, "mBottom": 14.901266657746753, "ChiSquared": null, "LogL": null, "testCalc": 3.0064865369667526, "extTest": {"res1": 405.49784072914554, "res2": 164428.4988359995}},"Point T2-228-07082019114058-GenNb6": {"Lambda": 0.396, "Kappa": 0.4592, "tanBeta": 1.5737122937791064, "mBottom": 1.5422380479035243, "ChiSquared": null, "LogL": null, "testCalc": 1.6505837092551277, "extTest": {"res1": 1.470318673942352, "res2": 2.1618370029435963}},"Point T2-477-07082019114059-GenNb6": {"Lambda": 0.5996400000000001, "Kappa": 0.80069424, "tanBeta": 2.0564041497736176, "mBottom": 2.0152760667781453, "ChiSquared": null, "LogL": null, "testCalc": 3.0137571208249057, "extTest": {"res1": -6.967119055914314, "res2": 48.540747939284365}},"Point T2-916-07082019114101-GenNb7": {"Lambda": 0.1101, "Kappa": 0.1155758415999999, "tanBeta": 8.205143837397234, "mBottom": 8.041040960649289, "ChiSquared": null, "LogL": null, "testCalc": 4.980958894780882, "extTest": {"res1": 45.775984362762365, "res2": 2095.4407443798646}},"Point T2-974-07082019114103-GenNb7": {"Lambda": 0.4047664948885245, "Kappa": 0.26524342523010436, "tanBeta": 0.7653742943066142, "mBottom": 0.7500668084204819, "ChiSquared": null, "LogL": null, "testCalc": 0.7418798189995431, "extTest": {"res1": 100.13369247338402, "res2": 10026.756368354243}},"Point T2-134-07082019114105-GenNb8": {"Lambda": 0.031553420333233884, "Kappa": 0.6113336817417885, "tanBeta": 2.1649470181195216, "mBottom": 2.121648077757131, "ChiSquared": null, "LogL": null, "testCalc": 2.3853246885762047, "extTest": {"res1": -15.349969837492415, "res2": 235.6215740119269}},"Point T2-373-07082019114111-GenNb10": {"Lambda": -0.36118895316810884, "Kappa": 1.9617437597292013, "tanBeta": 0.5376329521582246, "mBottom": 0.5268802931150601, "ChiSquared": null, "LogL": null, "testCalc": 1.4485956953693897, "extTest": {"res1": 28.92388788164034, "res2": 836.5912901897009}},"Point T2-403-07082019114114-GenNb10": {"Lambda": 0.5996400000000001, "Kappa": 0.80069424, "tanBeta": 2.5506318742216516, "mBottom": 2.4996192367372183, "ChiSquared": null, "LogL": null, "testCalc": 3.65165399801829, "extTest": {"res1": -4.200332939281298, "res2": 17.642796800811464}},"Point T2-476-07082019114114-GenNb11": {"Lambda": 0.1105, "Kappa": 0.30856399999999995, "tanBeta": 6.2930407698339845, "mBottom": 6.167179954437305, "ChiSquared": null, "LogL": null, "testCalc": 5.037606059321706, "extTest": {"res1": 55.04393754580384, "res2": 3029.835060546354}},"Point T2-32-07082019114116-GenNb11": {"Lambda": -0.24586314912367085, "Kappa": 0.4592, "tanBeta": 3.5808298728676844, "mBottom": 3.5092132754103305, "ChiSquared": null, "LogL": null, "testCalc": 3.459372403423014,