{"Point T0-388-07082019114035-GenNb0": {"Lambda": 0.3933, "Kappa": 0.0804, "tanBeta": 8.253406000000002, "mBottom": 8.088337880000001, "ChiSquared": null, "LogL": null, "testCalc": 4.862427672400001, "extTest": {"res1": 81.59154462834216, "res2": 6657.180154838751}},"Point T0-158-07082019114036-GenNb0": {"Lambda": 0.0015, "Kappa": 0.379, "tanBeta": 22.91944, "mBottom": 22.4610512, "ChiSquared": null, "LogL": null, "testCalc": 19.91699561, "extTest": {"res1": 1263.1136772196653, "res2": 1595456.161579385}},"Point T0-627-07082019114036-GenNb0": {"Lambda": 0.7882, "Kappa": 0.0059, "tanBeta": 10.082572, "mBottom": 9.88092056, "ChiSquared": null, "LogL": null, "testCalc": 5.6212066948, "extTest": {"res1": 98.58678354372994, "res2": 9719.35388949826}},"Point T0-415-07082019114037-GenNb1": {"Lambda": 0.9438, "Kappa": 0.6852, "tanBeta": 8.105869960000001, "mBottom": 7.943752560800001, "ChiSquared": null, "LogL": null, "testCalc": 10.416776816992002, "extTest": {"res1": 103.28388729173572, "res2": 10667.561374091969}},"Point T0-791-07082019114038-GenNb1": {"Lambda": 1.1516220000000001, "Kappa": -0.18614599999999998, "tanBeta": 27.996967119999994, "mBottom": 27.437027777599994, "ChiSquared": null, "LogL": null, "testCalc": 9.83322367816448, "extTest": {"res1": -10409.61225882342, "res2": 108360027.37904681}},"Point T0-891-07082019114039-GenNb1": {"Lambda": 0.856642, "Kappa": 0.5158, "tanBeta": 18.856612, "mBottom": 18.479479759999997, "ChiSquared": null, "LogL": null, "testCalc": 19.699815865764, "extTest": {"res1": 301.67214827973726, "res2": 91006.08504771178}},"Point T0-275-07082019114041-GenNb2": {"Lambda": 1.7014627405538094, "Kappa": 0.0601, "tanBeta": 32.52130127363338, "mBottom": 31.870875248160708, "ChiSquared": null, "LogL": null, "testCalc": 20.7849432881186, "extTest": {"res1": 3804.7807651385165, "res2": 14476356.670768036}},"Point T0-775-07082019114041-GenNb2": {"Lambda": 0.5879, "Kappa": -0.433448, "tanBeta": 17.507059119999994, "mBottom": 17.156917937599992, "ChiSquared": null, "LogL": null, "testCalc": 1.3356856173542386, "extTest": {"res1": 224.1252841409617, "res2": 50232.14299126682}},"Point T0-153-07082019114042-GenNb2": {"Lambda": 0.0015, "Kappa": 0.379, "tanBeta": 1.5556174308250146, "mBottom": 1.5245050822085142, "ChiSquared": null, "LogL": null, "testCalc": 1.3518337973869377, "extTest": {"res1": -9.449294066029582, "res2": 89.28915834630187}},"Point T0-504-07082019114042-GenNb2": {"Lambda": 0.7882, "Kappa": 0.637062, "tanBeta": 9.477177919999999, "mBottom": 9.287634361599999, "ChiSquared": null, "LogL": null, "testCalc": 11.302626340871038, "extTest": {"res1": -117.11912163916053, "res2": 13716.88865352848}},"Point T0-107-07082019114044-GenNb3": {"Lambda": 0.759407203282009, "Kappa": 1.4943814959029704, "tanBeta": 15.990708613210707, "mBottom": 15.670894440946492, "ChiSquared": null, "LogL": null, "testCalc": 32.30836557882818, "extTest": {"res1": -105.83796436717225, "res2": 11201.674701386823}},"Point T0-361-07082019114044-GenNb3": {"Lambda": -0.17213652000000013, "Kappa": 0.51682236, "tanBeta": 7.194193700800005, "mBottom": 7.050309826784004, "ChiSquared": null, "LogL": null, "testCalc": 7.2729060616543055, "extTest": {"res1": 266.37984202480686, "res2": 70958.22023716106}},"Point T0-112-07082019114046-GenNb3": {"Lambda": 0.766812, "Kappa": 0.637062, "tanBeta": 0.5970410191999935, "mBottom": 0.5851001988159936, "ChiSquared": null, "LogL": null, "testCalc": 1.260902888525583, "extTest": {"res1": 1.7608182389580422, "res2": 3.100480870647301}},"Point T0-119-07082019114046-GenNb3": {"Lambda": 0.1597, "Kappa": 0.15874493710175713, "tanBeta": 26.5860104879104, "mBottom": 26.05429027815219, "ChiSquared": null, "LogL": null, "testCalc": 17.27304379176609, "extTest": {"res1": 375.70351800195493, "res2": 141153.13343904528}},"Point T0-723-07082019114046-GenNb3": {"Lambda": 0.6565, "Kappa": 0.0826, "tanBeta": 24.978551514855486, "mBottom": 24.478980484558374, "ChiSquared": null, "LogL": null, "testCalc": 14.73371084740625, "extTest": {"res1": -327.29432083867727, "res2": 107121.572453251}},"Point T0-755-07082019114047-GenNb3": {"Lambda": 0.4842, "Kappa": 0.6102, "tanBeta": 8.417965620800002, "mBottom": 8.249606308384003, "ChiSquared": null, "LogL": null, "testCalc": 9.495895416004164, "extTest": {"res1": 1002.0779889353367, "res2": 1004160.2959086889}},"Point T0-998-07082019114050-GenNb5": {"Lambda": 0.9438, "Kappa": 0.6852, "tanBeta": 7.33150672662557, "mBottom": 7.184876592093058, "ChiSquared": null, "LogL": null, "testCalc": 9.50674514513037, "extTest": {"res1": -35.059532007799916, "res2": 1229.170784605947}},"Point T0-552-07082019114051-GenNb5": {"Lambda": 0.915788, "Kappa": -0.4837036584871597, "tanBeta": 16.44613619778375, "mBottom": 16.117213473828077, "ChiSquared": null, "LogL": null, "testCalc": 0.9422181510119332, "extTest": {"res1": -404.42198077056304, "res2": 163557.13853038565}},"Point T0-356-07082019114052-GenNb5": {"Lambda": 0.2949, "Kappa": 0.4751, "tanBeta": 24.27947139738349, "mBottom": 23.79388196943582, "ChiSquared": null, "LogL": null, "testCalc": 23.519083855614806, "extTest": {"res1": 389.48117167684984, "res2": 151695.58309077178}},"Point T0-458-07082019114052-GenNb5": {"Lambda": 0.766812, "Kappa": -0.5447890296959604, "tanBeta": 4.692600157808937, "mBottom": 4.598748154652759, "ChiSquared": null, "LogL": null, "testCalc": 0.3308976339465377, "extTest": {"res1": -118.44639143895016, "res2": 14029.547644909006}},"Point T0-445-07082019114053-GenNb5": {"Lambda": 0.1597, "Kappa": 0.15874493710175713, "tanBeta": 3.8092857574571743, "mBottom": 3.7331000423080307, "ChiSquared": null, "LogL": null, "testCalc": 2.496758939124174, "extTest": {"res1": -19.22943356188362, "res2": 369.7711151108962}},"Point T0-209-07082019114054-GenNb6": {"Lambda": 0.8115206439723197, "Kappa": 1.0344881939162973, "tanBeta": 1.0413357316762717, "mBottom": 1.0205090170427462, "ChiSquared": null, "LogL": null, "testCalc": 2.246069784436914, "extTest": {"res1": 5.3399165342478065, "res2": 28.514708592733104}},"Point T0-786-07082019114054-GenNb6": {"Lambda": 0.2596059851271826, "Kappa": 0.6911302649203347, "tanBeta": 7.775823834467485, "mBottom": 7.6203073577781355, "ChiSquared": null, "LogL": null, "testCalc": 9.251656133092288, "extTest": {"res1": -42.08577246123367, "res2": 1771.212243658734}},"Point T0-868-07082019114100-GenNb7": {"Lambda": 0.6565, "Kappa": 0.4851077058795107, "tanBeta": 5.097661934669295, "mBottom": 4.995708695975909, "ChiSquared": null, "LogL": null, "testCalc": 5.4017616844646845, "extTest": {"res1": 4437.147880472502, "res2": 19688281.313181616}},"Point T0-44-07082019114102-GenNb8": {"Lambda": 0.766812, "Kappa": -0.433448, "tanBeta": 17.458496040078263, "mBottom": 17.109326119276698, "ChiSquared": null, "LogL": null, "testCalc": 1.5753135114025056, "extTest": {"res1": -647.4767196530266, "res2": 419226.10249264404}},"Point T0-405-07082019114102-GenNb8": {"Lambda": 0.37372999999999995, "Kappa": -0.7314083415128403, "tanBeta": 14.465330410193728, "mBottom": 14.176023801989853, "ChiSquared": null, "LogL": null, "testCalc": -3.3523773108601223, "extTest": {"res1": -103.47127698739399, "res2": 10706.30516140201}},"Point T0-182-07082019114103-GenNb8": {"Lambda": 0.8598831853070296, "Kappa": 0.8012554529781739, "tanBeta": 4.647075365180422, "mBottom": 4.554133857876813, "ChiSquared": null, "LogL": null, "testCalc": 6.739960498063522, "extTest": {"res1": -283.5353974171996, "res2": 80392.32158852932}},"Point T0-488-07082019114103-GenNb8": {"Lambda": 0.22629837497826893, "Kappa": -0.09288284361808585, "tanBeta": 6.924508951684691, "mBottom": 6.786018772650998, "ChiSquared": null, "LogL": null, "testCalc": 2.8010522587519393, "extTest": {"res1": 375.2136979452047, "res2": 140785.3191257153}},"Point T0-235-07082019114105-GenNb9": {"Lambda": -0.17213652000000013, "Kappa": 0.6001675073203346, "tanBeta": 4.054363496283992, "mBottom": 3.9732762263583123, "ChiSquared": null, "LogL": null, "testCalc": 4.449566328032187,