{"Point T7-247-07082019114034-GenNb0": {"Lambda": 0.7259, "Kappa": 0.10894592049880326, "tanBeta": 33.09395447736783, "mBottom": 32.432075387820475, "ChiSquared": null, "LogL": null, "testCalc": 20.34841983739257, "extTest": {"res1": -1219.5964797899126, "res2": 1487415.5735159465}},"Point T7-813-07082019114034-GenNb0": {"Lambda": 0.2763, "Kappa": 0.1771, "tanBeta": 25.227430000000002, "mBottom": 24.722881400000002, "ChiSquared": null, "LogL": null, "testCalc": 16.905560243, "extTest": {"res1": -736.3767387306607, "res2": 542250.7013436037}},"Point T7-452-07082019114036-GenNb0": {"Lambda": 0.7315, "Kappa": 0.4374, "tanBeta": 12.021021999999999, "mBottom": 11.78060156, "ChiSquared": null, "LogL": null, "testCalc": 11.683388052799998, "extTest": {"res1": -79.50247832527822, "res2": 6320.644059861333}},"Point T7-238-07082019114037-GenNb1": {"Lambda": 0.20634, "Kappa": 0.1771, "tanBeta": 19.841764, "mBottom": 19.44492872, "ChiSquared": null, "LogL": null, "testCalc": 13.279016960000002, "extTest": {"res1": 625.4208353324087, "res2": 391151.2212678879}},"Point T7-490-07082019114038-GenNb1": {"Lambda": 0.7838, "Kappa": 0.5863319990775615, "tanBeta": 19.43227463306507, "mBottom": 19.04362914040377, "ChiSquared": null, "LogL": null, "testCalc": 21.529921442431117, "extTest": {"res1": -323.921864489168, "res2": 104925.37429413892}},"Point T7-876-07082019114040-GenNb2": {"Lambda": 0.6859, "Kappa": 0.3070988806088094, "tanBeta": 21.160196742177057, "mBottom": 20.736992807333515, "ChiSquared": null, "LogL": null, "testCalc": 17.337227946651506, "extTest": {"res1": 527.3563588243325, "res2": 278104.7291924581}},"Point T7-424-07082019114040-GenNb2": {"Lambda": 0.8609279999999999, "Kappa": 0.63808, "tanBeta": 17.119468519999998, "mBottom": 16.7770791496, "ChiSquared": null, "LogL": null, "testCalc": 20.053327069225595, "extTest": {"res1": 905.7376117110532, "res2": 820360.6212680426}},"Point T7-20-07082019114041-GenNb2": {"Lambda": 0.2691, "Kappa": 0.6754600000000001, "tanBeta": 32.362938, "mBottom": 31.71567924, "ChiSquared": null, "LogL": null, "testCalc": 37.790124531480004, "extTest": {"res1": 767.0593267881043, "res2": 588380.0108126197}},"Point T7-645-07082019114042-GenNb2": {"Lambda": 0.3057, "Kappa": 0.2159319970308758, "tanBeta": 12.851607611355064, "mBottom": 12.594575459127963, "ChiSquared": null, "LogL": null, "testCalc": 9.165813516141084, "extTest": {"res1": -650.5014922125243, "res2": 423152.19137072086}},"Point T7-300-07082019114043-GenNb3": {"Lambda": 0.04202366406366109, "Kappa": 0.5938790033732156, "tanBeta": 22.548516692555406, "mBottom": 22.097546358704296, "ChiSquared": null, "LogL": null, "testCalc": 24.4416297886126, "extTest": {"res1": -189.5304239094641, "res2": 35921.781587301164}},"Point T7-232-07082019114043-GenNb3": {"Lambda": 0.6859, "Kappa": 0.3070988806088094, "tanBeta": 15.696492388155065, "mBottom": 15.382562540391962, "ChiSquared": null, "LogL": null, "testCalc": 12.9821153220831, "extTest": {"res1": 105.61691759913226, "res2": 11154.933283141894}},"Point T7-655-07082019114043-GenNb3": {"Lambda": 0.760396, "Kappa": 0.16039873879818578, "tanBeta": 22.961444670163143, "mBottom": 22.50221577675988, "ChiSquared": null, "LogL": null, "testCalc": 15.512296731274432, "extTest": {"res1": -1517.7678579666076, "res2": 2303619.2706765444}},"Point T7-714-07082019114044-GenNb3": {"Lambda": 0.17661510871452035, "Kappa": 0.1542724497415236, "tanBeta": 19.067666596134423, "mBottom": 18.686313264211734, "ChiSquared": null, "LogL": null, "testCalc": 12.315965165372386, "extTest": {"res1": -624.9390632396963, "res2": 390548.8327629092}},"Point T7-952-07082019114044-GenNb3": {"Lambda": 1.1003096, "Kappa": 0.0744, "tanBeta": 20.302440242901927, "mBottom": 19.89639143804389, "ChiSquared": null, "LogL": null, "testCalc": 12.669378488946007, "extTest": {"res1": 989.9994229072388, "res2": 980098.8573566659}},"Point T7-663-07082019114045-GenNb4": {"Lambda": 0.5755748129147978, "Kappa": 0.5938790033732156, "tanBeta": 18.61433908054479, "mBottom": 18.242052298933896, "ChiSquared": null, "LogL": null, "testCalc": 20.506977656333895, "extTest": {"res1": -465.08822691434244, "res2": 216307.05881432688}},"Point T7-716-07082019114046-GenNb4": {"Lambda": 0.2117742582820163, "Kappa": 0.5931958552283292, "tanBeta": 15.423959922933959, "mBottom": 15.11548072447528, "ChiSquared": null, "LogL": null, "testCalc": 16.75201779620082, "extTest": {"res1": 345.71169432571514, "res2": 119516.5755935567}},"Point T7-208-07082019114047-GenNb4": {"Lambda": 0.2691, "Kappa": 0.6754600000000001, "tanBeta": 0.7384296113550626, "mBottom": 0.7236610191279613, "ChiSquared": null, "LogL": null, "testCalc": 0.9330249848498713, "extTest": {"res1": 2.9155933757866674, "res2": 8.500684732931095}},"Point T7-254-07082019114048-GenNb4": {"Lambda": 0.5699, "Kappa": 0.88, "tanBeta": 22.65739834984787, "mBottom": 22.204250382850912, "ChiSquared": null, "LogL": null, "testCalc": 31.365421749291585, "extTest": {"res1": -300.86907551969637, "res2": 90522.20060407676}},"Point T7-418-07082019114048-GenNb4": {"Lambda": 1.0841891778819386, "Kappa": 0.5432351213309412, "tanBeta": 9.686421700140418, "mBottom": 9.492693266137609, "ChiSquared": null, "LogL": null, "testCalc": 11.183817274043559, "extTest": {"res1": -56.161932280456206, "res2": 3154.162637474549}},"Point T7-417-07082019114049-GenNb5": {"Lambda": 0.20634, "Kappa": 0.1771, "tanBeta": 7.115211098892675, "mBottom": 6.972906876914822, "ChiSquared": null, "LogL": null, "testCalc": 4.789133519671304, "extTest": {"res1": -73.37284279756703, "res2": 5383.574060196484}},"Point T7-824-07082019114050-GenNb5": {"Lambda": 1.4506396578819385, "Kappa": 0.8218528032905632, "tanBeta": 12.503209899846075, "mBottom": 12.253145701849153, "ChiSquared": null, "LogL": null, "testCalc": 18.506726374263224, "extTest": {"res1": 496.497863481191, "res2": 246510.12844138738}},"Point T7-77-07082019114051-GenNb5": {"Lambda": 0.45641200000000004, "Kappa": 0.6754600000000001, "tanBeta": 2.1487005673119963, "mBottom": 2.1057265559657563, "ChiSquared": null, "LogL": null, "testCalc": 2.7125364769234395, "extTest": {"res1": -2.499737477568578, "res2": 6.248687456760917}},"Point T7-440-07082019114053-GenNb6": {"Lambda": 0.311, "Kappa": 0.7833, "tanBeta": 17.626358959216333, "mBottom": 17.273831780032005, "ChiSquared": null, "LogL": null, "testCalc": 22.540363862770157, "extTest": {"res1": -411.89911413679283, "res2": 169660.8802266747}},"Point T7-276-07082019114054-GenNb6": {"Lambda": 0.17661510871452035, "Kappa": 0.1542724497415236, "tanBeta": 14.946262438486752, "mBottom": 14.647337189717016, "ChiSquared": null, "LogL": null, "testCalc": 9.660658012349819, "extTest": {"res1": 447.8530000165242, "res2": 200572.30962380083}},"Point T7-208-07082019114057-GenNb7": {"Lambda": 0.9585021742020794, "Kappa": 0.20254485017177173, "tanBeta": 3.7339327197083048, "mBottom": 3.6592540653141388, "ChiSquared": null, "LogL": null, "testCalc": 3.504642293871977, "extTest": {"res1": 14.828412696975388, "res2": 219.8818231118209}},"Point T7-207-07082019114059-GenNb8": {"Lambda": 0.5755748129147978, "Kappa": 0.021798037629668116, "tanBeta": 4.747250800861412, "mBottom": 4.652305784844184, "ChiSquared": null, "LogL": null, "testCalc": 2.7609200092786454, "extTest": {"res1": 15.850049342583821, "res2": 251.22406416234182}},"Point T7-238-07082019114059-GenNb8": {"Lambda": 0.6859, "Kappa": 0.480388481959622, "tanBeta": 0.051292449824249964, "mBottom": 0.05026660082776496, "ChiSquared": null, "LogL": null, "testCalc": 0.5202324125209439, "extTest": {"res1": -8.677571775050417, "res2": 75.30025191115165}},"Point T7-744-07082019114100-GenNb8": {"Lambda": 0.8609279999999999, "Kappa": 0.63808, "tanBeta": 15.083435265944457, "mBottom": 14.781766560625568, "ChiSquared": null, "LogL": null, "testCalc": 17.75651867599062, "extTest": {"res1": -3720.2134710133478, "res2": 13839988.26990918}},"Point T7-535-07082019114100-GenNb8": {"Lambda": 0.5304569858819534, "Kappa": 0.1542724497415236,