{"Point T4-751-07082019114037-GenNb1": {"Lambda": 0.5915140000000001, "Kappa": 0.627776, "tanBeta": 12.218142, "mBottom": 11.97377916, "ChiSquared": null, "LogL": null, "testCalc": 14.007034704388001, "extTest": {"res1": 614.4582145060366, "res2": 377558.8973739465}},"Point T4-453-07082019114039-GenNb1": {"Lambda": 0.3369240782022341, "Kappa": 0.1341, "tanBeta": 14.068069989786329, "mBottom": 13.786708589990601, "ChiSquared": null, "LogL": null, "testCalc": 8.893400315098072, "extTest": {"res1": -172.2765357817646, "res2": 29679.20478096562}},"Point T4-683-07082019114040-GenNb2": {"Lambda": 0.8983, "Kappa": -0.270814, "tanBeta": 22.868166, "mBottom": 22.41080268, "ChiSquared": null, "LogL": null, "testCalc": 5.819324722876001, "extTest": {"res1": -643.166809456549, "res2": 413663.5447865168}},"Point T4-963-07082019114043-GenNb2": {"Lambda": 0.25855, "Kappa": 0.03594599999999992, "tanBeta": 23.339751999999997, "mBottom": 22.872956959999996, "ChiSquared": null, "LogL": null, "testCalc": 12.342297307891997, "extTest": {"res1": -2146.825833086767, "res2": 4608861.157608692}},"Point T4-139-07082019114043-GenNb3": {"Lambda": 0.625366, "Kappa": 0.563866, "tanBeta": 14.451608, "mBottom": 14.16257584, "ChiSquared": null, "LogL": null, "testCalc": 15.621140950484001, "extTest": {"res1": -79.45194915902864, "res2": 6312.612225168872}},"Point T4-502-07082019114044-GenNb3": {"Lambda": 0.19247199999999998, "Kappa": 0.627776, "tanBeta": 5.5156924400000005, "mBottom": 5.405378591200001, "ChiSquared": null, "LogL": null, "testCalc": 6.2023541035974405, "extTest": {"res1": -726.6706376763674, "res2": 528050.2156609785}},"Point T4-542-07082019114044-GenNb3": {"Lambda": 0.612244, "Kappa": 0.574032, "tanBeta": 21.592726, "mBottom": 21.160871479999997, "ChiSquared": null, "LogL": null, "testCalc": 23.350194146767997, "extTest": {"res1": -1342.881565720259, "res2": 1803330.8995512943}},"Point T4-234-07082019114048-GenNb4": {"Lambda": 0.6067, "Kappa": 0.4728, "tanBeta": 5.159769875163452, "mBottom": 5.056574477660183, "ChiSquared": null, "LogL": null, "testCalc": 5.335911325807372, "extTest": {"res1": 15.475694385159121, "res2": 239.49711670284555}},"Point T4-138-07082019114049-GenNb4": {"Lambda": 0.3741, "Kappa": 0.0853, "tanBeta": 8.95820928, "mBottom": 8.7790450944, "ChiSquared": null, "LogL": null, "testCalc": 5.293608608784001, "extTest": {"res1": -48.54201524531627, "res2": 2356.327244076517}},"Point T4-975-07082019114050-GenNb4": {"Lambda": 0.0048775199999999685, "Kappa": -0.10347583999999997, "tanBeta": 8.0533630104, "mBottom": 7.892295750192, "ChiSquared": null, "LogL": null, "testCalc": 3.1128431629712816, "extTest": {"res1": -82.03292261725792, "res2": 6729.400393129026}},"Point T4-176-07082019114050-GenNb5": {"Lambda": 0.15682495999999999, "Kappa": 0.563866, "tanBeta": 7.998418964799999, "mBottom": 7.838450585503999, "ChiSquared": null, "LogL": null, "testCalc": 8.453855868836918, "extTest": {"res1": -112.56012585089289, "res2": 12669.781931568845}},"Point T4-876-07082019114050-GenNb5": {"Lambda": 0.314, "Kappa": 0.4030399456, "tanBeta": 8.984275586864001, "mBottom": 8.804590075126722, "ChiSquared": null, "LogL": null, "testCalc": 8.121912981348435, "extTest": {"res1": -117.26749110047066, "res2": 13751.664468998966}},"Point T4-33-07082019114051-GenNb5": {"Lambda": 0.37179399999999996, "Kappa": 0.93131, "tanBeta": 3.890574440000001, "mBottom": 3.8127629512000007, "ChiSquared": null, "LogL": null, "testCalc": 5.667943135752401, "extTest": {"res1": 31.102990076430068, "res2": 967.3959916945073}},"Point T4-15-07082019114052-GenNb5": {"Lambda": 0.3369240782022341, "Kappa": 0.23772968889011137, "tanBeta": 5.888095276702445, "mBottom": 5.7703333711683955, "ChiSquared": null, "LogL": null, "testCalc": 4.398459578342429, "extTest": {"res1": 81.33845627077008, "res2": 6615.944468511977}},"Point T4-569-07082019114052-GenNb5": {"Lambda": 0.3741, "Kappa": 0.0853, "tanBeta": 8.780039178289844, "mBottom": 8.604438394724047, "ChiSquared": null, "LogL": null, "testCalc": 5.191107349270148, "extTest": {"res1": 123.27551354534351, "res2": 15196.852239868173}},"Point T4-688-07082019114056-GenNb6": {"Lambda": 0.7519, "Kappa": 0.9138, "tanBeta": 7.870947261531451, "mBottom": 7.713528316300822, "ChiSquared": null, "LogL": null, "testCalc": 11.61458937573785, "extTest": {"res1": 111.49971523819295, "res2": 12432.186498198116}},"Point T4-464-07082019114058-GenNb7": {"Lambda": 0.3741, "Kappa": 0.0853, "tanBeta": 7.32613202358703, "mBottom": 7.17960938311529, "ChiSquared": null, "LogL": null, "testCalc": 4.354674563169619, "extTest": {"res1": 284.3941680153358, "res2": 80880.04280113506}},"Point T4-146-07082019114059-GenNb8": {"Lambda": 0.09323724140223405, "Kappa": 0.11313763449011138, "tanBeta": 6.368067727999005, "mBottom": 6.240706373439025, "ChiSquared": null, "LogL": null, "testCalc": 3.8495144889224364, "extTest": {"res1": 27.584394853135027, "res2": 760.8988394136621}},"Point T4-475-07082019114100-GenNb8": {"Lambda": 0.6548631969429073, "Kappa": 0.4513418158871684, "tanBeta": 3.224787892375209, "mBottom": 3.1602921345277046, "ChiSquared": null, "LogL": null, "testCalc": 3.4644734971697186, "extTest": {"res1": -5.6497867143101, "res2": 31.92008991719491}},"Point T4-836-07082019114101-GenNb8": {"Lambda": 0.3025, "Kappa": -0.04353868813107199, "tanBeta": 8.115907500862285, "mBottom": 7.953589350845039, "ChiSquared": null, "LogL": null, "testCalc": 3.7149449598418487, "extTest": {"res1": 11246.46136977392, "res2": 126482893.3418171}},"Point T4-289-07082019114104-GenNb9": {"Lambda": 0.5857, "Kappa": 0.6455337090493216, "tanBeta": 11.07576798041477, "mBottom": 10.854252620806475, "ChiSquared": null, "LogL": null, "testCalc": 12.919952385370099, "extTest": {"res1": 157.88018167953638, "res2": 24926.151767163414}},"Point T4-971-07082019114105-GenNb9": {"Lambda": 0.6067, "Kappa": 0.4728, "tanBeta": 3.483988640605661, "mBottom": 3.414308867793548, "ChiSquared": null, "LogL": null, "testCalc": 3.7224691531751306, "extTest": {"res1": -5.640525415946978, "res2": 31.815526967943836}},"Point T4-707-07082019114105-GenNb9": {"Lambda": 0.5759844816341537, "Kappa": 0.0122, "tanBeta": 19.89360020259899, "mBottom": 19.49572819854701, "ChiSquared": null, "LogL": null, "testCalc": 10.322324144828578, "extTest": {"res1": 3097.028255054265, "res2": 9591584.012604466}},"Point T4-248-07082019114107-GenNb10": {"Lambda": 0.5857, "Kappa": 0.6455337090493216, "tanBeta": 7.684326606771897, "mBottom": 7.530640074636459, "ChiSquared": null, "LogL": null, "testCalc": 9.06885638333408, "extTest": {"res1": 276.7380211972923, "res2": 76583.93237619301}},"Point T4-216-07082019114108-GenNb10": {"Lambda": 0.5759844816341537, "Kappa": 0.1694301959383951, "tanBeta": 8.396351784680096, "mBottom": 8.228424748986495, "ChiSquared": null, "LogL": null, "testCalc": 5.868566025622654, "extTest": {"res1": -227.51754490239495, "res2": 51764.2332384133}},"Point T4-8-07082019114110-GenNb11": {"Lambda": 0.5216557099823188, "Kappa": 0.3403113075348528, "tanBeta": 4.617861423128777, "mBottom": 4.525504194666201, "ChiSquared": null, "LogL": null, "testCalc": 4.106387236009968, "extTest": {"res1": 40.014991816339375, "res2": 1601.1995700617072}},"Point T4-41-07082019114110-GenNb11": {"Lambda": 0.5857, "Kappa": 0.6455337090493216, "tanBeta": 3.533533890507233, "mBottom": 3.4628632126970884, "ChiSquared": null, "LogL": null, "testCalc": 4.355491334739158, "extTest": {"res1": 8.646493441898565, "res2": 74.7618488407949}},"Point T4-337-07082019114112-GenNb11": {"Lambda": 0.38538531651810237, "Kappa": 0.14313882113786683, "tanBeta": 5.804216400384697, "mBottom": 5.6881320723770035, "ChiSquared": null, "LogL": null, "testCalc": 3.823396571556398, "extTest": {"res1": -19.46932016408263, "res2": 379.05442765155453}},"Point T4-417-07082019114112-GenNb11": {"Lambda": 0.0048775199999999685, "Kappa": -0.10347583999999997, "tanBeta": 5.236932296907163, "mBottom": 5.13219365096902, "ChiSquared": null, "LogL": null, "testCalc": 2.0242246472402625,