{"Point T1-47-07082019112342": {"Lambda": 0.9438, "Kappa": 0.6852, "tanBeta": 11.8783, "mBottom": 11.640733999999998, "ChiSquared": null, "LogL": null, "testCalc": 14.850136599999999, "extTest": {"res1": 89.09672756242927, "res2": 7938.226862333743}}, "Point T0-279-07082019112351-GenNb1": {"Lambda": 0.9835, "Kappa": 0.1004, "tanBeta": 8.4711, "mBottom": 8.301677999999999, "ChiSquared": null, "LogL": null, "testCalc": 5.968609689999999, "extTest": {"res1": -43.86516689810477, "res2": 1924.1528669985862}}, "Point T6-111-07082019112343": {"Lambda": 0.6324, "Kappa": 0.0601, "tanBeta": 36.4693, "mBottom": 35.739914, "ChiSquared": null, "LogL": null, "testCalc": 20.46169169, "extTest": {"res1": -3042.7283046813222, "res2": 9258195.536108874}}, "Point T0-187-07082019112359-GenNb3": {"Lambda": 0.3261, "Kappa": 0.7916, "tanBeta": 15.340325, "mBottom": 15.0335185, "ChiSquared": null, "LogL": null, "testCalc": 19.76650173, "extTest": {"res1": 161.01275675961236, "res2": 25925.107839330096}}, "Point T0-206-07082019112352-GenNb1": {"Lambda": 0.5879, "Kappa": 0.3872, "tanBeta": 24.42015, "mBottom": 23.931746999999998, "ChiSquared": null, "LogL": null, "testCalc": 21.766981989999998, "extTest": {"res1": -780.3672509255679, "res2": 608973.0463171282}}, "Point T0-86-07082019112349-GenNb0": {"Lambda": 0.7699, "Kappa": 0.5662499999999999, "tanBeta": 15.12685, "mBottom": 14.824312999999998, "ChiSquared": null, "LogL": null, "testCalc": 16.570481322499997, "extTest": {"res1": -301.42542461433885, "res2": 90857.28660393448}}, "Point T2-445-07082019112344": {"Lambda": 0.3933, "Kappa": 0.0804, "tanBeta": 14.1454, "mBottom": 13.862492, "ChiSquared": null, "LogL": null, "testCalc": 8.22322105, "extTest": {"res1": 2061.2440359949023, "res2": 4248726.975924554}}, "Point T0-958-07082019112350-GenNb0": {"Lambda": 0.2949, "Kappa": 0.4751, "tanBeta": 13.347399999999999, "mBottom": 13.080451999999998, "ChiSquared": null, "LogL": null, "testCalc": 12.96854175, "extTest": {"res1": 1835.6576646146273, "res2": 3369639.0616584276}}, "Point T0-188-07082019112400-GenNb3": {"Lambda": 0.25735, "Kappa": 0.379, "tanBeta": 13.0012, "mBottom": 12.741176000000001, "ChiSquared": null, "LogL": null, "testCalc": 11.364271822500001, "extTest": {"res1": -813.2270715433702, "res2": 661338.2698910058}}, "Point T7-578-07082019112345": {"Lambda": 0.7882, "Kappa": 0.0059, "tanBeta": 18.505, "mBottom": 18.1349, "ChiSquared": null, "LogL": null, "testCalc": 9.79788874, "extTest": {"res1": -337.9559177860431, "res2": 114214.20236660671}}, "Point T0-528-07082019112401-GenNb3": {"Lambda": 0.1597, "Kappa": 0.657, "tanBeta": 10.838924999999998, "mBottom": 10.622146499999998, "ChiSquared": null, "LogL": null, "testCalc": 12.457751064999998, "extTest": {"res1": 122.38107153267244, "res2": 14977.126669485087}}, "Point T2-761-07082019112346": {"Lambda": 0.6565, "Kappa": 0.0826, "tanBeta": 27.4521, "mBottom": 26.903058, "ChiSquared": null, "LogL": null, "testCalc": 16.15006471, "extTest": {"res1": 578.7150050649852, "res2": 334911.0570873659}}, "Point T4-688-07082019112346": {"Lambda": 0.4842, "Kappa": 0.6102, "tanBeta": 14.4506, "mBottom": 14.161588, "ChiSquared": null, "LogL": null, "testCalc": 16.132999759999997, "extTest": {"res1": 159.64034859393476, "res2": 25485.04089919301}}}