{"Point T7-184-07082019112358-GenNb3": {"Lambda": 0.7259, "Kappa": 0.5208, "tanBeta": 23.823375000000006, "mBottom": 23.346907500000004, "ChiSquared": null, "LogL": null, "testCalc": 24.607598260000003, "extTest": {"res1": 238.98467415365928, "res2": 57113.6744803307}}, "Point T4-150-07082019112343": {"Lambda": 0.2763, "Kappa": 0.1771, "tanBeta": 26.8012, "mBottom": 26.265176, "ChiSquared": null, "LogL": null, "testCalc": 17.955422210000002, "extTest": {"res1": -1642.7662109619182, "res2": 2698680.8238781774}}, "Point T4-461-07082019112343": {"Lambda": 0.6859, "Kappa": 0.4999, "tanBeta": 37.7457, "mBottom": 36.990786, "ChiSquared": null, "LogL": null, "testCalc": 37.83492724, "extTest": {"res1": -950.7056354749142, "res2": 903841.2053237604}}, "Point T2-279-07082019112344": {"Lambda": 0.311, "Kappa": 0.7833, "tanBeta": 21.4299, "mBottom": 21.001302, "ChiSquared": null, "LogL": null, "testCalc": 27.38341267, "extTest": {"res1": -307.77604226768983, "res2": 94726.0921939628}}, "Point T7-480-07082019112344": {"Lambda": 0.8001, "Kappa": 0.3948, "tanBeta": 24.1342, "mBottom": 23.651516, "ChiSquared": null, "LogL": null, "testCalc": 21.994100170000003, "extTest": {"res1": 958.7148553895254, "res2": 919134.1739445586}}, "Point T7-333-07082019112356-GenNb2": {"Lambda": 0.8181, "Kappa": 0.5173, "tanBeta": 23.627049999999997, "mBottom": 23.154508999999997, "ChiSquared": null, "LogL": null, "testCalc": 24.468815074999995, "extTest": {"res1": 351.4472952287309, "res2": 123515.20132359075}}, "Point T7-619-07082019112352-GenNb1": {"Lambda": 0.5754000000000001, "Kappa": 0.9487, "tanBeta": 24.50155, "mBottom": 24.011519, "ChiSquared": null, "LogL": null, "testCalc": 35.581465145, "extTest": {"res1": -792.8752072586258, "res2": 628651.0942854087}}, "Point T7-842-07082019112403-GenNb4": {"Lambda": 0.7838, "Kappa": 0.4774, "tanBeta": 21.4452875, "mBottom": 21.016381749999997, "ChiSquared": null, "LogL": null, "testCalc": 21.3605135675, "extTest": {"res1": -2212.6515919953763, "res2": 4895827.067559673}}, "Point T7-44-07082019112403-GenNb4": {"Lambda": 0.51465, "Kappa": 0.88, "tanBeta": 27.736825, "mBottom": 27.1820885, "ChiSquared": null, "LogL": null, "testCalc": 38.264314872499995, "extTest": {"res1": 14134.148748610742, "res2": 199774160.84785458}}, "Point T7-319-07082019112403-GenNb4": {"Lambda": 0.7303, "Kappa": 0.0744, "tanBeta": 17.358875000000005, "mBottom": 17.011697500000004, "ChiSquared": null, "LogL": null, "testCalc": 10.330687140000002, "extTest": {"res1": 404.0399197229299, "res2": 163248.25672971163}}, "Point T7-254-07082019112403-GenNb4": {"Lambda": 0.17625000000000005, "Kappa": 0.2544, "tanBeta": 14.675750000000003, "mBottom": 14.382235000000001, "ChiSquared": null, "LogL": null, "testCalc": 10.9556923625, "extTest": {"res1": 152.33422062744395, "res2": 23205.71477417077}}, "Point T7-666-07082019112404-GenNb4": {"Lambda": 0.7315, "Kappa": 0.4374, "tanBeta": 23.533012500000005, "mBottom": 23.062352250000004, "ChiSquared": null, "LogL": null, "testCalc": 22.359608042500007, "extTest": {"res1": 1270.8372711041964, "res2": 1615027.3696275607}}}