{"Point T2-204-07082019112342": {"Lambda": 0.3943, "Kappa": 0.5615, "tanBeta": 16.3821, "mBottom": 16.054458, "ChiSquared": null, "LogL": null, "testCalc": 17.381250639999998, "extTest": {"res1": 182.32770052511512, "res2": 33243.390378776065}}, "Point T1-640-07082019112343": {"Lambda": 0.5061, "Kappa": 0.5651, "tanBeta": 36.5225, "mBottom": 35.79205, "ChiSquared": null, "LogL": null, "testCalc": 38.79102696, "extTest": {"res1": -1693.986002844216, "res2": 2869588.577832124}}, "Point T7-176-07082019112343": {"Lambda": 0.16, "Kappa": 0.4709, "tanBeta": 13.5311, "mBottom": 13.260478, "ChiSquared": null, "LogL": null, "testCalc": 13.02763399, "extTest": {"res1": -234.11917946842337, "res2": 54811.79019496783}}, "Point T1-796-07082019112348-GenNb0": {"Lambda": 0.6502, "Kappa": 0.0209, "tanBeta": 19.25255, "mBottom": 18.867499, "ChiSquared": null, "LogL": null, "testCalc": 10.258887835, "extTest": {"res1": 602.441555085448, "res2": 362935.82729377295}}, "Point T4-672-07082019112344": {"Lambda": 0.097, "Kappa": 0.1053, "tanBeta": 13.2788, "mBottom": 13.013224000000001, "ChiSquared": null, "LogL": null, "testCalc": 7.914278640000001, "extTest": {"res1": -231.95587541283166, "res2": 53803.52813853308}}, "Point T1-79-07082019112349-GenNb0": {"Lambda": 0.1763, "Kappa": 0.50315, "tanBeta": 4.2699, "mBottom": 4.184502, "ChiSquared": null, "LogL": null, "testCalc": 4.271732875, "extTest": {"res1": -24.152769782095657, "res2": 583.3562881469131}}, "Point T2-81-07082019112344": {"Lambda": 0.5787, "Kappa": 0.4856, "tanBeta": 28.6313, "mBottom": 28.058674, "ChiSquared": null, "LogL": null, "testCalc": 28.267589969999996, "extTest": {"res1": 1472.9675772549683, "res2": 2169633.483644371}}, "Point T1-673-07082019112349-GenNb0": {"Lambda": 0.3836, "Kappa": 0.1645, "tanBeta": 19.231650000000002, "mBottom": 18.847017, "ChiSquared": null, "LogL": null, "testCalc": 12.734263885, "extTest": {"res1": 3810.243611313296, "res2": 14517956.377553785}}, "Point T1-829-07082019112345": {"Lambda": 0.8772, "Kappa": 0.8643, "tanBeta": 12.028, "mBottom": 11.78744, "ChiSquared": null, "LogL": null, "testCalc": 17.05900024, "extTest": {"res1": -1054.021048795953, "res2": 1110960.3713049206}}, "Point T5-899-07082019112345": {"Lambda": 0.4073, "Kappa": 0.8863, "tanBeta": 21.9668, "mBottom": 21.527464, "ChiSquared": null, "LogL": null, "testCalc": 30.398800129999998, "extTest": {"res1": 4972.375158420687, "res2": 24724514.71607915}}, "Point T0-808-07082019112345": {"Lambda": 0.2082, "Kappa": 0.6015, "tanBeta": 26.0603, "mBottom": 25.539094000000002, "ChiSquared": null, "LogL": null, "testCalc": 28.48816469, "extTest": {"res1": 3365.5253029499504, "res2": 11326760.564796355}}, "Point T7-855-07082019112346": {"Lambda": 0.2259, "Kappa": 0.192, "tanBeta": 20.3708, "mBottom": 19.963383999999998, "ChiSquared": null, "LogL": null, "testCalc": 13.94391641, "extTest": {"res1": 744.9208183870621, "res2": 554907.0256664504}}, "Point T2-404-07082019112346": {"Lambda": 0.72, "Kappa": 0.0408, "tanBeta": 31.8012, "mBottom": 31.165176000000002, "ChiSquared": null, "LogL": null, "testCalc": 17.39847696, "extTest": {"res1": 1273.7448334291344, "res2": 1622425.9006874133}}}