{"Point T6-752-07082019112357-GenNb3": {"Lambda": 1.07, "Kappa": 0.4064, "tanBeta": 18.153850000000002, "mBottom": 17.790773, "ChiSquared": null, "LogL": null, "testCalc": 17.41801114, "extTest": {"res1": 140.5203907606728, "res2": 19745.980219532175}}, "Point T6-155-07082019112354-GenNb2": {"Lambda": 0.6142, "Kappa": 0.6242, "tanBeta": 14.307849999999998, "mBottom": 14.021692999999997, "ChiSquared": null, "LogL": null, "testCalc": 16.319048109999997, "extTest": {"res1": 1114.2245549584331, "res2": 1241496.3588723184}}, "Point T2-681-07082019112343": {"Lambda": 0.0852, "Kappa": 0.4245, "tanBeta": 18.1784, "mBottom": 17.814832, "ChiSquared": null, "LogL": null, "testCalc": 16.63140584, "extTest": {"res1": 550.460418680059, "res2": 303006.67253342585}}, "Point T6-538-07082019112358-GenNb3": {"Lambda": 0.5530999999999999, "Kappa": 0.3216, "tanBeta": 17.1442375, "mBottom": 16.80135275, "ChiSquared": null, "LogL": null, "testCalc": 14.220182765, "extTest": {"res1": 384.03414993288027, "res2": 147482.22831466995}}, "Point T6-458-07082019112355-GenNb2": {"Lambda": 0.8532, "Kappa": 0.8682, "tanBeta": 16.155925, "mBottom": 15.8328065, "ChiSquared": null, "LogL": null, "testCalc": 22.670927575, "extTest": {"res1": 335.67494661498966, "res2": 112677.66978497615}}, "Point T6-282-07082019112359-GenNb3": {"Lambda": 0.568, "Kappa": 0.6196, "tanBeta": 9.1808, "mBottom": 8.997183999999999, "ChiSquared": null, "LogL": null, "testCalc": 10.50963968, "extTest": {"res1": 59.22968055941436, "res2": 3508.1550591702676}}, "Point T6-363-07082019112403-GenNb4": {"Lambda": 0.1044, "Kappa": 0.4684, "tanBeta": 9.206306249999999, "mBottom": 9.022180124999998, "ChiSquared": null, "LogL": null, "testCalc": 8.834223269999999, "extTest": {"res1": 393.362145863779, "res2": 154733.77779855696}}, "Point T6-960-07082019112353-GenNb1": {"Lambda": 0.43, "Kappa": 0.3489, "tanBeta": 15.81065, "mBottom": 15.494437000000001, "ChiSquared": null, "LogL": null, "testCalc": 13.448454285, "extTest": {"res1": 604.8345066712405, "res2": 365824.78046024294}}, "Point T3-457-07082019112345": {"Lambda": 0.5286, "Kappa": 0.5014, "tanBeta": 10.6245, "mBottom": 10.412009999999999, "ChiSquared": null, "LogL": null, "testCalc": 10.812547259999999, "extTest": {"res1": 204.66478505092047, "res2": 41887.67423993948}}, "Point T1-417-07082019112345": {"Lambda": 0.8234, "Kappa": 0.1836, "tanBeta": 15.291, "mBottom": 14.98518, "ChiSquared": null, "LogL": null, "testCalc": 10.97800516, "extTest": {"res1": 35457.33258621646, "res2": 1257222434.1295674}}, "Point T5-121-07082019112345": {"Lambda": 0.7545, "Kappa": 0.4344, "tanBeta": 22.3046, "mBottom": 21.858508, "ChiSquared": null, "LogL": null, "testCalc": 21.18764249, "extTest": {"res1": -3637.97843886604, "res2": 13234887.12165419}}, "Point T6-552-07082019112351-GenNb0": {"Lambda": 0.1456, "Kappa": 0.9683, "tanBeta": 21.42325, "mBottom": 20.994785, "ChiSquared": null, "LogL": null, "testCalc": 31.262724835, "extTest": {"res1": 2277.850077756242, "res2": 5188600.976734119}}}