{"Point T3-954-07082019112358-GenNb3": {"Lambda": 0.811, "Kappa": 0.8119, "tanBeta": 8.073224999999997, "mBottom": 7.911760499999997, "ChiSquared": null, "LogL": null, "testCalc": 11.168252627499996, "extTest": {"res1": 101.15529293542397, "res2": 10232.393288851435}}, "Point T2-314-07082019112343": {"Lambda": 0.7271, "Kappa": 0.6961, "tanBeta": 10.8928, "mBottom": 10.674944, "ChiSquared": null, "LogL": null, "testCalc": 13.44862449, "extTest": {"res1": -154.44865103917203, "res2": 23854.385807819937}}, "Point T3-654-07082019112348-GenNb0": {"Lambda": 0.5014, "Kappa": 0.6627, "tanBeta": 5.37565, "mBottom": 5.268137, "ChiSquared": null, "LogL": null, "testCalc": 6.447913715, "extTest": {"res1": -68.22860542964206, "res2": 4655.142598873782}}, "Point T3-735-07082019112343": {"Lambda": 0.1257, "Kappa": 0.1991, "tanBeta": 15.9075, "mBottom": 15.58935, "ChiSquared": null, "LogL": null, "testCalc": 10.977658739999999, "extTest": {"res1": -578.7449266794715, "res2": 334945.69015722687}}, "Point T3-954-07082019112355-GenNb2": {"Lambda": 0.625, "Kappa": 0.4798, "tanBeta": 5.9331000000000005, "mBottom": 5.814438, "ChiSquared": null, "LogL": null, "testCalc": 6.14454538, "extTest": {"res1": -404.97376484544503, "res2": 164003.75021309382}}, "Point T1-619-07082019112344": {"Lambda": 0.015, "Kappa": 0.5918, "tanBeta": 16.2399, "mBottom": 15.915102, "ChiSquared": null, "LogL": null, "testCalc": 17.56854882, "extTest": {"res1": -259.12309476489224, "res2": 67144.77824053532}}, "Point T3-527-07082019112344": {"Lambda": 0.2729, "Kappa": 0.4158, "tanBeta": 39.5419, "mBottom": 38.751062, "ChiSquared": null, "LogL": null, "testCalc": 35.89152743, "extTest": {"res1": -1042.0720648044182, "res2": 1085914.1882457437}}, "Point T3-991-07082019112400-GenNb3": {"Lambda": 0.8814, "Kappa": 0.1892, "tanBeta": 3.355475000000001, "mBottom": 3.288365500000001, "ChiSquared": null, "LogL": null, "testCalc": 3.055904580000001, "extTest": {"res1": -48.19946501121163, "res2": 2323.188427367014}}, "Point T2-651-07082019112345": {"Lambda": 0.4149, "Kappa": 0.1622, "tanBeta": 17.7991, "mBottom": 17.443118, "ChiSquared": null, "LogL": null, "testCalc": 11.78071503, "extTest": {"res1": 48044.145645302066, "res2": 2308239930.7869973}}, "Point T3-918-07082019112345": {"Lambda": 0.1092, "Kappa": 0.0254, "tanBeta": 11.6129, "mBottom": 11.380642, "ChiSquared": null, "LogL": null, "testCalc": 5.9972133, "extTest": {"res1": -986.8968114691936, "res2": 973965.3164880611}}, "Point T3-766-07082019112353-GenNb1": {"Lambda": 0.9314, "Kappa": 0.1774, "tanBeta": 16.196399999999997, "mBottom": 15.872471999999997, "ChiSquared": null, "LogL": null, "testCalc": 11.676983319999998, "extTest": {"res1": -304.2552894327795, "res2": 92571.28114782441}}, "Point T3-342-07082019112357-GenNb2": {"Lambda": 0.6106, "Kappa": 0.256, "tanBeta": 25.7971, "mBottom": 25.281158, "ChiSquared": null, "LogL": null, "testCalc": 19.61746896, "extTest": {"res1": -1938.7721740909433, "res2": 3758837.5430293228}}, "Point T3-532-07082019112353-GenNb1": {"Lambda": 0.4686, "Kappa": 0.493, "tanBeta": 6.457650000000001, "mBottom": 6.3284970000000005, "ChiSquared": null, "LogL": null, "testCalc": 6.5674559100000005, "extTest": {"res1": 437.15385136473816, "res2": 191103.4897630236}}}