{"Point T4-492-27082019100007-GenNb0": {"x": 25.072276, "y": -5.935148000000003, "fAckley": 19.71488632457027, "ChiSquared": null},"Point T4-695-27082019100007-GenNb0": {"x": -7.9165, "y": -23.01423328, "fAckley": 19.541773535279276, "ChiSquared": null},"Point T4-991-27082019100007-GenNb0": {"x": 8.176754439999996, "y": 12.065156, "fAckley": 18.196895206544554, "ChiSquared": null},"Point T4-959-27082019100008-GenNb0": {"x": 65.11831324, "y": 8.887916, "fAckley": 20.60125945523113, "ChiSquared": null},"Point T4-94-27082019100008-GenNb0": {"x": -6.312193799999999, "y": -4.5324, "fAckley": 15.54742818596496, "ChiSquared": null},"Point T4-78-27082019100008-GenNb0": {"x": -8.5922, "y": 3.530117840000001, "fAckley": 16.938970122559965, "ChiSquared": null},"Point T4-970-27082019100009-GenNb0": {"x": 5.058831999999999, "y": -12.0868, "fAckley": 17.138858021248407, "ChiSquared": null},"Point T4-443-27082019100009-GenNb0": {"x": -0.672416000000001, "y": -11.695938159999999, "fAckley": 18.23347320355612, "ChiSquared": null},"Point T4-179-27082019100010-GenNb1": {"x": -5.980512000000001, "y": 0.7929597152000039, "fAckley": 12.32024170031459, "ChiSquared": null},"Point T4-483-27082019100011-GenNb1": {"x": 68.98748416, "y": 13.136916, "fAckley": 20.436405911807217, "ChiSquared": null},"Point T4-648-27082019100011-GenNb1": {"x": -5.448926069600004, "y": 5.0409999999999995, "fAckley": 14.708958482455342, "ChiSquared": null},"Point T4-242-27082019100011-GenNb1": {"x": -7.948913840000001, "y": -2.824181999999997, "fAckley": 14.639948219557782, "ChiSquared": null},"Point T4-728-27082019100011-GenNb1": {"x": 7.315165359999995, "y": 6.174061999999999, "fAckley": 16.521796606075817, "ChiSquared": null},"Point T4-175-27082019100012-GenNb2": {"x": 5.1726218607999925, "y": -0.8756, "fAckley": 11.393059144109348, "ChiSquared": null},"Point T4-161-27082019100012-GenNb2": {"x": -5.555943134400001, "y": 8.887916, "fAckley": 17.260661167623507, "ChiSquared": null},"Point T4-419-27082019100013-GenNb2": {"x": -16.798084279999998, "y": -2.9539643999999976, "fAckley": 19.051807564587293, "ChiSquared": null},"Point T4-973-27082019100013-GenNb2": {"x": -5.448926069600004, "y": -3.7952207199999997, "fAckley": 14.18278268938156, "ChiSquared": null},"Point T4-294-27082019100014-GenNb2": {"x": -9.9743288104, "y": 23.7537, "fAckley": 20.5378220629075, "ChiSquared": null},"Point T4-54-27082019100014-GenNb3": {"x": -7.9165, "y": 11.516733147967997, "fAckley": 19.009366893839594, "ChiSquared": null},"Point T4-655-27082019100014-GenNb3": {"x": 8.176754439999996, "y": -1.3042527200000018, "fAckley": 15.460611259746031, "ChiSquared": null},"Point T4-697-27082019100014-GenNb3": {"x": 2.8315955775999937, "y": -3.1609, "fAckley": 10.07714669302287, "ChiSquared": null},"Point T4-425-27082019100015-GenNb3": {"x": -5.555943134400001, "y": 5.148897423999998, "fAckley": 15.025377997260822, "ChiSquared": null},"Point T4-256-27082019100015-GenNb3": {"x": -20.0145, "y": 6.920334823999997, "fAckley": 19.16619383438388, "ChiSquared": null},"Point T4-636-27082019100016-GenNb3": {"x": -1.9146280025279947, "y": -2.824181999999997, "fAckley": 8.449759353124183, "ChiSquared": null},"Point T4-910-27082019100016-GenNb3": {"x": -9.9743288104, "y": -7.577910519999996, "fAckley": 18.26313392820033, "ChiSquared": null},"Point T4-378-27082019100016-GenNb4": {"x": -7.9165, "y": 5.403405267967995, "fAckley": 16.539575188628074, "ChiSquared": null},"Point T4-710-27082019100016-GenNb4": {"x": 8.176754439999996, "y": 1.7293701738188787, "fAckley": 15.414153827269581, "ChiSquared": null},"Point T4-900-27082019100017-GenNb4": {"x": 17.332261630527988, "y": 0.20504000000000122, "fAckley": 20.096799101394428, "ChiSquared": null},"Point T4-830-27082019100017-GenNb4": {"x": -8.196715451295999, "y": 6.920334823999997, "fAckley": 16.503771988741377, "ChiSquared": null},"Point T4-288-27082019100017-GenNb4": {"x": -11.995448620868483, "y": -20.2318, "fAckley": 20.254609372571938, "ChiSquared": null}}