{"Point T2-792-27082019100007-GenNb0": {"x": -8.041120000000003, "y": -4.940339680000001, "fAckley": 14.871045592336143, "ChiSquared": null},"Point T2-262-27082019100008-GenNb0": {"x": 3.0498719599999973, "y": -15.651318, "fAckley": 19.417580837924902, "ChiSquared": null},"Point T2-752-27082019100008-GenNb0": {"x": -16.22231444, "y": -8.812152999999999, "fAckley": 19.929789145000516, "ChiSquared": null},"Point T2-632-27082019100009-GenNb0": {"x": -14.8705, "y": 8.083495119999998, "fAckley": 18.719194698061806, "ChiSquared": null},"Point T2-528-27082019100009-GenNb0": {"x": 28.274512, "y": -5.145915639999998, "fAckley": 21.119359755230025, "ChiSquared": null},"Point T2-237-27082019100011-GenNb1": {"x": 28.9499883304, "y": -16.4794, "fAckley": 21.558460886738082, "ChiSquared": null},"Point T2-281-27082019100011-GenNb1": {"x": 14.3311780664, "y": -10.073304, "fAckley": 19.81287921271547, "ChiSquared": null},"Point T2-762-27082019100012-GenNb1": {"x": 5.123291560000002, "y": -5.145915639999998, "fAckley": 13.618436259135072, "ChiSquared": null},"Point T2-713-27082019100012-GenNb1": {"x": 3.915773999999998, "y": -2.9996638911999973, "fAckley": 10.223991471923553, "ChiSquared": null},"Point T2-601-27082019100012-GenNb1": {"x": -8.648484, "y": 3.969128959999999, "fAckley": 16.29857021155609, "ChiSquared": null},"Point T2-60-27082019100013-GenNb2": {"x": -9.642425163824, "y": -1.7581591887999988, "fAckley": 16.967073693774374, "ChiSquared": null},"Point T2-983-27082019100014-GenNb2": {"x": -11.14739844, "y": 14.99692, "fAckley": 19.0684232577163, "ChiSquared": null},"Point T2-892-27082019100014-GenNb2": {"x": -9.275766, "y": -22.359649302399998, "fAckley": 21.394917373317107, "ChiSquared": null},"Point T2-726-27082019100014-GenNb2": {"x": 9.206786429600001, "y": -16.4794, "fAckley": 20.63619205999506, "ChiSquared": null},"Point T2-437-27082019100014-GenNb2": {"x": -2.401599316176, "y": -10.073304, "fAckley": 17.053160982380177, "ChiSquared": null},"Point T2-190-27082019100015-GenNb2": {"x": -7.690724440000004, "y": -5.788461999999999, "fAckley": 16.651993982594067, "ChiSquared": null},"Point T2-189-27082019100016-GenNb3": {"x": 9.708013530400002, "y": -1.7581591887999988, "fAckley": 16.862336321077198, "ChiSquared": null},"Point T2-362-27082019100016-GenNb3": {"x": 8.185865999999999, "y": -3.362406400000001, "fAckley": 16.11736775005319, "ChiSquared": null},"Point T2-725-27082019100016-GenNb3": {"x": 0.0049587339360037674, "y": 3.8664620000000003, "fAckley": 8.840157911904363, "ChiSquared": null},"Point T2-938-27082019100016-GenNb3": {"x": -9.275766, "y": -9.708776060799998, "fAckley": 18.912088525948977, "ChiSquared": null},"Point T2-825-27082019100017-GenNb3": {"x": -11.01742244, "y": 25.7535, "fAckley": 20.675578107380524, "ChiSquared": null},"Point T2-680-27082019100017-GenNb3": {"x": 11.18922956, "y": -8.812152999999999, "fAckley": 18.592390746437488, "ChiSquared": null},"Point T2-184-27082019100017-GenNb3": {"x": -9.879466000000003, "y": 8.083495119999998, "fAckley": 17.21276064951459, "ChiSquared": null},"Point T2-932-27082019100017-GenNb3": {"x": 5.123291560000002, "y": 2.819535799999997, "fAckley": 12.204928713382412, "ChiSquared": null},"Point T2-186-27082019100017-GenNb3": {"x": -4.772737629600006, "y": -8.179269999999999, "fAckley": 16.146142544771944, "ChiSquared": null}}