{"Point T7-30-27082019100009-GenNb0": {"x": -19.716778960000003, "y": 7.952638, "fAckley": 20.274997940033252, "ChiSquared": null},"Point T7-679-27082019100009-GenNb0": {"x": -12.6368, "y": -1.9463706799999994, "fAckley": 18.282656333954574, "ChiSquared": null},"Point T7-712-27082019100009-GenNb0": {"x": -8.933092000000002, "y": -6.260754719999999, "fAckley": 16.91616862701364, "ChiSquared": null},"Point T7-400-27082019100009-GenNb0": {"x": 14.1117, "y": -0.430844599999995, "fAckley": 19.071623376295687, "ChiSquared": null},"Point T7-162-27082019100010-GenNb0": {"x": -7.652624360000003, "y": 2.584439999999999, "fAckley": 15.849060767782987, "ChiSquared": null},"Point T7-341-27082019100010-GenNb1": {"x": 1.7723579999999985, "y": -6.3761808, "fAckley": 14.122609016581222, "ChiSquared": null},"Point T7-998-27082019100010-GenNb1": {"x": 3.8758609600000034, "y": 23.8455, "fAckley": 20.169438154636598, "ChiSquared": null},"Point T7-45-27082019100011-GenNb1": {"x": 15.0549493224, "y": 7.952638, "fAckley": 18.336295306147054, "ChiSquared": null},"Point T7-39-27082019100012-GenNb1": {"x": -8.329300919999994, "y": -0.430844599999995, "fAckley": 16.069400628544983, "ChiSquared": null},"Point T7-794-27082019100013-GenNb2": {"x": 7.770126722400002, "y": -1.1183260000000015, "fAckley": 14.589332011786967, "ChiSquared": null},"Point T7-38-27082019100013-GenNb2": {"x": 20.8985, "y": -14.149795440000002, "fAckley": 20.148740764955754, "ChiSquared": null},"Point T7-332-27082019100014-GenNb2": {"x": -20.1194, "y": 1.8743072799999956, "fAckley": 19.520308039218577, "ChiSquared": null},"Point T7-940-27082019100014-GenNb2": {"x": 8.879847639999996, "y": -1.9463706799999994, "fAckley": 14.881453632560783, "ChiSquared": null},"Point T7-546-27082019100015-GenNb2": {"x": -6.807665952784003, "y": 2.584439999999999, "fAckley": 14.801000359219142, "ChiSquared": null},"Point T7-510-27082019100015-GenNb3": {"x": -3.2311202064374402, "y": 9.665799999999999, "fAckley": 17.16156752263741, "ChiSquared": null},"Point T7-159-27082019100015-GenNb3": {"x": 22.888239152783996, "y": -16.963017720000003, "fAckley": 19.979633278504092, "ChiSquared": null},"Point T7-361-27082019100016-GenNb3": {"x": -19.9981, "y": -15.110784990400004, "fAckley": 19.721058557702317, "ChiSquared": null},"Point T7-659-27082019100016-GenNb3": {"x": 3.338555953600001, "y": 12.040207999999996, "fAckley": 18.055202981031552, "ChiSquared": null},"Point T7-266-27082019100016-GenNb3": {"x": -4.1507, "y": -9.03366872, "fAckley": 15.632048339151224, "ChiSquared": null},"Point T7-287-27082019100017-GenNb3": {"x": 12.205890599999998, "y": 1.8743072799999956, "fAckley": 17.599903947345435, "ChiSquared": null}}