{"Point T5-421-27082019100007-GenNb0": {"x": -3.1277936000000004, "y": -28.898608000000003, "fAckley": 20.275030819210723, "ChiSquared": null},"Point T5-353-27082019100009-GenNb0": {"x": -20.8063898, "y": 19.922292, "fAckley": 20.528295009451995, "ChiSquared": null},"Point T5-429-27082019100010-GenNb1": {"x": 8.464372000000001, "y": -6.271025280000002, "fAckley": 17.634810537517012, "ChiSquared": null},"Point T5-885-27082019100010-GenNb1": {"x": -11.148404, "y": 4.262894000000003, "fAckley": 17.726673411867523, "ChiSquared": null},"Point T5-448-27082019100010-GenNb1": {"x": 1.991121279999998, "y": -27.914, "fAckley": 19.80672006123974, "ChiSquared": null},"Point T5-357-27082019100011-GenNb1": {"x": -5.159281999999999, "y": 7.528963119999999, "fAckley": 16.41609335009924, "ChiSquared": null},"Point T5-586-27082019100011-GenNb1": {"x": 18.685560492000004, "y": 2.9226335200000015, "fAckley": 20.061907629940844, "ChiSquared": null},"Point T5-219-27082019100011-GenNb1": {"x": -24.6369, "y": -6.0248911199999995, "fAckley": 20.981944045847253, "ChiSquared": null},"Point T5-555-27082019100012-GenNb2": {"x": -3.1277936000000004, "y": -9.719920000000002, "fAckley": 16.71040384286029, "ChiSquared": null},"Point T5-149-27082019100012-GenNb2": {"x": -8.1541622, "y": 4.262894000000003, "fAckley": 15.999705492903272, "ChiSquared": null},"Point T5-484-27082019100012-GenNb2": {"x": 12.82627, "y": -15.349963860800003, "fAckley": 20.59802781070755, "ChiSquared": null},"Point T5-469-27082019100012-GenNb2": {"x": 8.28954, "y": 20.351461315199998, "fAckley": 21.167540339888482, "ChiSquared": null},"Point T5-53-27082019100013-GenNb2": {"x": 3.13381668, "y": -26.79988, "fAckley": 20.649544432633274, "ChiSquared": null},"Point T5-58-27082019100013-GenNb2": {"x": 4.911056179200001, "y": 7.528963119999999, "fAckley": 16.174225668269845, "ChiSquared": null},"Point T5-473-27082019100014-GenNb3": {"x": 12.82627, "y": -8.615314468031999, "fAckley": 19.602980395778655, "ChiSquared": null},"Point T5-670-27082019100015-GenNb3": {"x": 1.0439244544799977, "y": 20.351461315199998, "fAckley": 20.396338583152144, "ChiSquared": null},"Point T5-715-27082019100015-GenNb3": {"x": 3.13381668, "y": -0.39833608, "fAckley": 8.989982464837233, "ChiSquared": null},"Point T5-599-27082019100015-GenNb3": {"x": -1.27061036, "y": -3.948905531968003, "fAckley": 10.087962744259212, "ChiSquared": null},"Point T5-512-27082019100015-GenNb3": {"x": -14.292257488799999, "y": -9.860717999999999, "fAckley": 19.793737361978188, "ChiSquared": null},"Point T5-904-27082019100015-GenNb3": {"x": 3.548468966527998, "y": -11.784855659200003, "fAckley": 18.517912986267604, "ChiSquared": null},"Point T5-28-27082019100015-GenNb3": {"x": -4.984976840000003, "y": 2.9226335200000015, "fAckley": 11.325451575733474, "ChiSquared": null},"Point T5-498-27082019100015-GenNb3": {"x": -14.961225120000002, "y": -11.27915368, "fAckley": 19.821764930581725, "ChiSquared": null},"Point T5-414-27082019100016-GenNb3": {"x": 7.820814441728, "y": 2.4995076559999987, "fAckley": 15.703553730876369, "ChiSquared": null},"Point T5-530-27082019100016-GenNb4": {"x": 8.41993670609152, "y": -6.271025280000002, "fAckley": 17.58285104082895, "ChiSquared": null},"Point T5-262-27082019100016-GenNb4": {"x": 7.9585813634079985, "y": 4.262894000000003, "fAckley": 15.582822990786221, "ChiSquared": null},"Point T5-400-27082019100017-GenNb4": {"x": 3.176058878272001, "y": -8.615314468031999, "fAckley": 16.399326011834294, "ChiSquared": null},"Point T5-999-27082019100017-GenNb4": {"x": 1.991121279999998, "y": 20.151582536, "fAckley": 19.375818165999448, "ChiSquared": null},"Point T5-183-27082019100017-GenNb4": {"x": 1.0439244544799977, "y": 6.2747402288, "fAckley": 13.086160815852653, "ChiSquared": null},"Point T5-140-27082019100017-GenNb4": {"x": -4.675617971540481, "y": -3.7086450529600006, "fAckley": 13.41633526886244, "ChiSquared": null},"Point T5-238-27082019100017-GenNb4": {"x": -14.096026172, "y": -2.767533275199998, "fAckley": 18.500898297124255, "ChiSquared": null},"Point T5-294-27082019100017-GenNb4": {"x": 0.6799885144000033, "y": -9.860717999999999, "fAckley": 16.662100202074974, "ChiSquared": null}}