{"Point T6-854-27082019100008-GenNb0": {"x": -17.4354, "y": 3.832300960000001, "fAckley": 20.30765960433561, "ChiSquared": null},"Point T6-732-27082019100008-GenNb0": {"x": 11.989596279999999, "y": 1.6121560000000006, "fAckley": 17.978744147197464, "ChiSquared": null},"Point T6-412-27082019100008-GenNb0": {"x": -13.58797956, "y": -14.1153, "fAckley": 20.515896960068854, "ChiSquared": null},"Point T6-891-27082019100008-GenNb0": {"x": -11.10359192, "y": 24.7184, "fAckley": 20.936333251207945, "ChiSquared": null},"Point T6-495-27082019100008-GenNb0": {"x": -4.313105080000003, "y": -21.3168, "fAckley": 21.1227360544845, "ChiSquared": null},"Point T6-189-27082019100008-GenNb0": {"x": 20.927012, "y": 6.857251040000001, "fAckley": 19.691122976376803, "ChiSquared": null},"Point T6-560-27082019100009-GenNb0": {"x": 18.104945999999998, "y": 38.881288, "fAckley": 20.528386985605334, "ChiSquared": null},"Point T6-434-27082019100009-GenNb0": {"x": -26.270204, "y": 29.6467, "fAckley": 21.950626349758792, "ChiSquared": null},"Point T6-883-27082019100009-GenNb0": {"x": -4.927275360000001, "y": -5.4905, "fAckley": 14.721627533068954, "ChiSquared": null},"Point T6-30-27082019100010-GenNb1": {"x": 1.8005, "y": -11.753450079999995, "fAckley": 17.81511852199318, "ChiSquared": null},"Point T6-387-27082019100010-GenNb1": {"x": -21.150927712799998, "y": 3.832300960000001, "fAckley": 20.047679687767786, "ChiSquared": null},"Point T6-650-27082019100011-GenNb1": {"x": -11.10359192, "y": -12.27216536, "fAckley": 19.403988245978688, "ChiSquared": null},"Point T6-693-27082019100011-GenNb1": {"x": -6.355013999999999, "y": -4.999732119999999, "fAckley": 15.130964877783253, "ChiSquared": null},"Point T6-978-27082019100011-GenNb1": {"x": -26.270204, "y": 10.6804893664, "fAckley": 21.596062961824842, "ChiSquared": null},"Point T6-340-27082019100012-GenNb1": {"x": -0.8467579999999995, "y": 4.658230639999996, "fAckley": 11.466608046719823, "ChiSquared": null},"Point T6-189-27082019100013-GenNb2": {"x": 28.6414, "y": 23.970261246400003, "fAckley": 21.4242013685551, "ChiSquared": null},"Point T6-633-27082019100013-GenNb2": {"x": 8.705437062352004, "y": -14.1153, "fAckley": 19.53545400419456, "ChiSquared": null},"Point T6-902-27082019100013-GenNb2": {"x": -4.313105080000003, "y": -16.117296239199995, "fAckley": 19.63518821846865, "ChiSquared": null},"Point T6-779-27082019100014-GenNb2": {"x": 10.127032719999997, "y": 6.857251040000001, "fAckley": 17.234467878165734, "ChiSquared": null},"Point T6-984-27082019100014-GenNb2": {"x": -1.8349489599999997, "y": -18.12770550159999, "fAckley": 19.37232207745741, "ChiSquared": null},"Point T6-388-27082019100014-GenNb2": {"x": -0.13643632000000316, "y": -1.8773, "fAckley": 5.406894713212157, "ChiSquared": null},"Point T6-621-27082019100014-GenNb2": {"x": 18.104945999999998, "y": 0.12849580000000227, "fAckley": 19.075155054588024, "ChiSquared": null},"Point T6-987-27082019100014-GenNb2": {"x": -26.270204, "y": -22.148315439999998, "fAckley": 21.298448132124157, "ChiSquared": null},"Point T6-879-27082019100015-GenNb3": {"x": -0.727400233600001, "y": 10.125786000000003, "fAckley": 16.63476207860289, "ChiSquared": null},"Point T6-856-27082019100015-GenNb3": {"x": 7.065922764800002, "y": 23.970261246400003, "fAckley": 19.551429950002746, "ChiSquared": null},"Point T6-54-27082019100016-GenNb3": {"x": -3.889354, "y": -12.521134861599993, "fAckley": 18.69240168333632, "ChiSquared": null},"Point T6-493-27082019100016-GenNb3": {"x": 10.713550422352004, "y": 1.6121560000000006, "fAckley": 17.787083910877456, "ChiSquared": null},"Point T6-513-27082019100017-GenNb3": {"x": 6.062915095200001, "y": 9.265849462624, "fAckley": 17.031198911790494, "ChiSquared": null},"Point T6-736-27082019100017-GenNb3": {"x": -6.355013999999999, "y": -0.07267371999999828, "fAckley": 13.424166538437396, "ChiSquared": null},"Point T6-862-27082019100017-GenNb3": {"x": -4.927275360000001, "y": -5.700646032799998, "fAckley": 14.483236325768612, "ChiSquared": null},"Point T6-690-27082019100017-GenNb4": {"x": 1.8005, "y": 2.6412476151999997, "fAckley": 9.13956768094531, "ChiSquared": null},"Point T6-158-27082019100018-GenNb4": {"x": -10.823916207199998, "y": 9.077396000000002, "fAckley": 18.059140871923486, "ChiSquared": null}}