{"Point T1-359-27082019100007-GenNb0": {"x": 2.0077079999999987, "y": 13.958480319999998, "fAckley": 17.32510418192513, "ChiSquared": null},"Point T1-729-27082019100007-GenNb0": {"x": -9.677344, "y": -11.742279999999997, "fAckley": 19.61002803190922, "ChiSquared": null},"Point T1-937-27082019100007-GenNb0": {"x": -12.9197, "y": -0.24801440000000063, "fAckley": 17.943013870956147, "ChiSquared": null},"Point T1-662-27082019100008-GenNb0": {"x": -39.16158, "y": 1.012186680000001, "fAckley": 20.496681454453235, "ChiSquared": null},"Point T1-527-27082019100008-GenNb0": {"x": 58.88447064, "y": -15.95324932, "fAckley": 20.369110171105113, "ChiSquared": null},"Point T1-544-27082019100009-GenNb0": {"x": 6.191498000000003, "y": 2.7657664800000044, "fAckley": 13.795262547773312, "ChiSquared": null},"Point T1-931-27082019100010-GenNb1": {"x": -11.156638000000001, "y": -0.3852639999999976, "fAckley": 17.68763954083529, "ChiSquared": null},"Point T1-154-27082019100010-GenNb1": {"x": 2.0077079999999987, "y": 5.43955848, "fAckley": 12.873956258112472, "ChiSquared": null},"Point T1-486-27082019100010-GenNb1": {"x": -9.677344, "y": 1.0802847040000012, "fAckley": 16.429284769132636, "ChiSquared": null},"Point T1-346-27082019100010-GenNb1": {"x": 16.63828016, "y": 1.012186680000001, "fAckley": 19.632827250682805, "ChiSquared": null},"Point T1-512-27082019100011-GenNb1": {"x": -18.88263, "y": 18.999289759999996, "fAckley": 19.878445630820888, "ChiSquared": null},"Point T1-458-27082019100011-GenNb1": {"x": 8.826500039999999, "y": -5.1059139999999985, "fAckley": 16.12219511138327, "ChiSquared": null},"Point T1-910-27082019100011-GenNb1": {"x": 74.9917944, "y": -15.95324932, "fAckley": 20.05897363161336, "ChiSquared": null},"Point T1-701-27082019100012-GenNb1": {"x": -2.7258106800000017, "y": 2.7657664800000044, "fAckley": 10.195638620648868, "ChiSquared": null},"Point T1-675-27082019100012-GenNb1": {"x": -8.085336, "y": -7.7444631911999995, "fAckley": 17.10204264844505, "ChiSquared": null},"Point T1-552-27082019100012-GenNb2": {"x": 6.204952319999998, "y": -5.989190679999997, "fAckley": 14.9177336833938, "ChiSquared": null},"Point T1-232-27082019100017-GenNb3": {"x": 4.453451368799999, "y": -15.95324932, "fAckley": 19.796510157148067, "ChiSquared": null},"Point T1-230-27082019100017-GenNb3": {"x": -9.382413288800002, "y": 8.6665, "fAckley": 18.895202655338384, "ChiSquared": null}}