{"Point T5-486-26072019141718-GenNb0": {"Lambda": 0.3323, "Kappa": 0.42910000000000004, "tanBeta": 19.9718, "mBottom": 19.572364, "ChiSquared": null, "LogL": null, "testCalc": 18.46650467, "extTest": {"res1": -59758.84716829869, "res2": 3571119814.884081}},"Point T5-839-26072019141719-GenNb0": {"Lambda": 0.319, "Kappa": 0.2365, "tanBeta": 16.45955, "mBottom": 16.130359, "ChiSquared": null, "LogL": null, "testCalc": 12.059624074999999, "extTest": {"res1": 431.98115847213495, "res2": 186607.72127492778}},"Point T5-973-26072019141719-GenNb0": {"Lambda": 0.6391, "Kappa": 0.2685, "tanBeta": 16.87545, "mBottom": 16.537941, "ChiSquared": null, "LogL": null, "testCalc": 13.208477635, "extTest": {"res1": 275.8865902122625, "res2": 76113.41065894885}},"Point T5-338-26072019141720-GenNb0": {"Lambda": 0.421, "Kappa": 0.6012, "tanBeta": 29.8228, "mBottom": 29.226344, "ChiSquared": null, "LogL": null, "testCalc": 32.719880360000005, "extTest": {"res1": 833.0023073384818, "res2": 693892.8440312345}},"Point T5-212-26072019141721-GenNb0": {"Lambda": 0.0424, "Kappa": 0.3675, "tanBeta": 2.5332999999999988, "mBottom": 2.4826339999999987, "ChiSquared": null, "LogL": null, "testCalc": 2.174102509999999, "extTest": {"res1": 7.464452407064568, "res2": 55.71804973733203}}}