{"Point T1-22-26072019141716-GenNb0": {"Lambda": 0.8761, "Kappa": 0.54, "tanBeta": 19.48875, "mBottom": 19.098975, "ChiSquared": null, "LogL": null, "testCalc": 20.84096371, "extTest": {"res1": -302.11667685842434, "res2": 91274.4864359776}},"Point T1-142-26072019141716-GenNb0": {"Lambda": 0.23595, "Kappa": 0.6846, "tanBeta": 1.9130999999999965, "mBottom": 1.8748379999999965, "ChiSquared": null, "LogL": null, "testCalc": 2.3027996624999956, "extTest": {"res1": 2.5866681953522352, "res2": 6.69085235284679}},"Point T1-376-26072019141717-GenNb0": {"Lambda": 0.4307, "Kappa": 0.0026, "tanBeta": 21.67545, "mBottom": 21.241941, "ChiSquared": null, "LogL": null, "testCalc": 10.86282916, "extTest": {"res1": -1093.0878029760295, "res2": 1194840.945014963}},"Point T1-874-26072019141719-GenNb0": {"Lambda": 0.1848, "Kappa": 0.6516, "tanBeta": 22.27975, "mBottom": 21.834155, "ChiSquared": null, "LogL": null, "testCalc": 25.468713639999997, "extTest": {"res1": 485.6291042387295, "res2": 235835.6268837108}},"Point T1-231-26072019141720-GenNb0": {"Lambda": 0.4644, "Kappa": 0.4979, "tanBeta": 33.2208, "mBottom": 32.556383999999994, "ChiSquared": null, "LogL": null, "testCalc": 33.03449567999999, "extTest": {"res1": -3254.836243245128, "res2": 10593958.970342059}}}