{"Point T0-154-26072019141715-GenNb0": {"Lambda": 0.6705000000000001, "Kappa": 0.5056, "tanBeta": 26.469049999999996, "mBottom": 25.939668999999995, "ChiSquared": null, "LogL": null, "testCalc": 26.802156429999997, "extTest": {"res1": 365.91218492762465, "res2": 133891.72707850818}},"Point T0-567-26072019141716-GenNb0": {"Lambda": 0.2664, "Kappa": 0.42724999999999996, "tanBeta": 3.242550000000003, "mBottom": 3.177699000000003, "ChiSquared": null, "LogL": null, "testCalc": 3.045197947500003, "extTest": {"res1": -8.63384491305107, "res2": 74.54327798261782}},"Point T0-972-26072019141716-GenNb0": {"Lambda": 0.5103, "Kappa": 0.3492, "tanBeta": 28.32105, "mBottom": 27.754628999999998, "ChiSquared": null, "LogL": null, "testCalc": 24.02743125, "extTest": {"res1": -1215.2162180201103, "res2": 1476750.4565391003}},"Point T0-601-26072019141717-GenNb0": {"Lambda": 0.36715000000000003, "Kappa": 0.6404, "tanBeta": 17.631500000000003, "mBottom": 17.27887, "ChiSquared": null, "LogL": null, "testCalc": 20.065446722500003, "extTest": {"res1": -1378.8271705768532, "res2": 1901164.3663209705}},"Point T0-802-26072019141718-GenNb0": {"Lambda": 0.4766, "Kappa": 0.6807, "tanBeta": 20.21895, "mBottom": 19.814571, "ChiSquared": null, "LogL": null, "testCalc": 23.897472325000003, "extTest": {"res1": 1184.1840148813983, "res2": 1402291.7811006277}},"Point T0-436-26072019141719-GenNb0": {"Lambda": 0.5072, "Kappa": 0.1863, "tanBeta": 6.864200000000002, "mBottom": 6.726916000000002, "ChiSquared": null, "LogL": null, "testCalc": 4.899510300000001, "extTest": {"res1": 74.51430490046846, "res2": 5552.381634799978}},"Point T0-100-26072019141720-GenNb0": {"Lambda": 0.7321, "Kappa": 0.66465, "tanBeta": 19.9071, "mBottom": 19.508958, "ChiSquared": null, "LogL": null, "testCalc": 23.521703425, "extTest": {"res1": -4492.619498473934, "res2": 20183629.958068185}}}