{"Point T7-650-26072019141718-GenNb0": {"Lambda": 0.5484, "Kappa": 0.8866, "tanBeta": 15.2006, "mBottom": 14.896588, "ChiSquared": null, "LogL": null, "testCalc": 21.22588852, "extTest": {"res1": -680.439613699543, "res2": 462998.06789158325}},"Point T7-759-26072019141718-GenNb0": {"Lambda": 0.4832, "Kappa": 0.2028, "tanBeta": 24.78945, "mBottom": 24.293660999999997, "ChiSquared": null, "LogL": null, "testCalc": 17.4076132, "extTest": {"res1": 573.4697217711316, "res2": 328867.5217882591}},"Point T7-608-26072019141720-GenNb0": {"Lambda": 0.6225, "Kappa": 0.3345, "tanBeta": 9.26575, "mBottom": 9.080435, "ChiSquared": null, "LogL": null, "testCalc": 8.027117125, "extTest": {"res1": 2288.5084584291926, "res2": 5237270.96430196}},"Point T7-705-26072019141721-GenNb0": {"Lambda": 0.7078, "Kappa": 0.2022, "tanBeta": 8.62435, "mBottom": 8.451863, "ChiSquared": null, "LogL": null, "testCalc": 6.47075591, "extTest": {"res1": 83.03388329596314, "res2": 6894.625775207626}},"Point T7-973-26072019141721-GenNb0": {"Lambda": 0.0263, "Kappa": 0.256, "tanBeta": 10.521650000000001, "mBottom": 10.311217000000001, "ChiSquared": null, "LogL": null, "testCalc": 7.849842590000001, "extTest": {"res1": -103.74749560301503, "res2": 10763.542843897621}}}