{"Point T2-720-26072019141719-GenNb0": {"Lambda": 0.6492, "Kappa": 0.6045, "tanBeta": 7.945399999999999, "mBottom": 7.786491999999999, "ChiSquared": null, "LogL": null, "testCalc": 9.117700939999999, "extTest": {"res1": 128.3511835903645, "res2": 16474.026329047458}},"Point T2-649-26072019141720-GenNb0": {"Lambda": 0.8698, "Kappa": 0.627, "tanBeta": 6.929350000000001, "mBottom": 6.790763000000001, "ChiSquared": null, "LogL": null, "testCalc": 8.496635990000001, "extTest": {"res1": -149.3207811772758, "res2": 22296.69569139188}},"Point T2-588-26072019141721-GenNb0": {"Lambda": 0.9884, "Kappa": 0.8102, "tanBeta": 38.50575, "mBottom": 37.735634999999995, "ChiSquared": null, "LogL": null, "testCalc": 51.04211071, "extTest": {"res1": 1374.6250832255973, "res2": 1889594.1194329804}}}