{"Point T0-746-07082019114107-GenNb10": {"Lambda": 0.9438, "Kappa": 0.6852, "tanBeta": 6.731398263236257, "mBottom": 6.596770297971532, "ChiSquared": null, "LogL": null, "testCalc": 8.80149767895525, "extTest": {"res1": 27.827640186774385, "res2": 774.3775583645808}}, "Point T0-120-07082019114130-GenNb16": {"Lambda": 1.4314503178998932, "Kappa": -0.05970117568233568, "tanBeta": 4.3383464727898104, "mBottom": 4.251579543334014, "ChiSquared": null, "LogL": null, "testCalc": 3.915835399339846, "extTest": {"res1": -19.37258354963926, "res2": 375.2969933877536}}, "Point T0-897-07082019114131-GenNb16": {"Lambda": -0.18919949331288646, "Kappa": 0.3858030001865079, "tanBeta": 4.4758700873964985, "mBottom": 4.386352685648569, "ChiSquared": null, "LogL": null, "testCalc": 3.955776899256754, "extTest": {"res1": 23.22351697303823, "res2": 539.3317405969947}}, "Point T0-235-07082019114105-GenNb9": {"Lambda": -0.17213652000000013, "Kappa": 0.6001675073203346, "tanBeta": 4.054363496283992, "mBottom": 3.9732762263583123, "ChiSquared": null, "LogL": null, "testCalc": 4.449566328032187, "extTest": {"res1": 61.918052997115595, "res2": 3833.8452869536154}}, "Point T0-596-07082019114123-GenNb14": {"Lambda": 1.4181855362326474, "Kappa": -0.714592588688928, "tanBeta": 4.521256309851072, "mBottom": 4.430831183654051, "ChiSquared": null, "LogL": null, "testCalc": 0.9958095564238789, "extTest": {"res1": 11.064970843958928, "res2": 122.43357977766115}}, "Point T0-902-07082019114131-GenNb16": {"Lambda": 0.25772674518990546, "Kappa": -0.253563234378626, "tanBeta": 4.765092530209558, "mBottom": 4.6697906796053665, "ChiSquared": null, "LogL": null, "testCalc": 1.1930661409154997, "extTest": {"res1": 60.585353286927734, "res2": 3670.5850329018454}}, "Point T0-200-07082019114131-GenNb16": {"Lambda": 1.1087469989900354, "Kappa": -0.46062537455382496, "tanBeta": 4.576313990116717, "mBottom": 4.484787710314383, "ChiSquared": null, "LogL": null, "testCalc": 1.3637474171531792, "extTest": {"res1": -20.159659934604875, "res2": 406.41188867891304}}, "Point T0-999-07082019114124-GenNb14": {"Lambda": 0.0187757775393447, "Kappa": -0.7314083415128403, "tanBeta": 4.838161044969095, "mBottom": 4.741397824069713, "ChiSquared": null, "LogL": null, "testCalc": -1.1676199040158122, "extTest": {"res1": -100.51503249039315, "res2": 10103.271756544791}}, "Point T0-789-07082019114121-GenNb13": {"Lambda": -0.1500988054514346, "Kappa": 0.7418200774332226, "tanBeta": 3.9832762268304887, "mBottom": 3.9036107022938786, "ChiSquared": null, "LogL": null, "testCalc": 4.929209281570195, "extTest": {"res1": 11.727832626135397, "res2": 137.5420581066459}}, "Point T0-693-07082019114133-GenNb16": {"Lambda": 0.766812, "Kappa": -0.3698683142442468, "tanBeta": 4.056158068451017, "mBottom": 3.975034907081997, "ChiSquared": null, "LogL": null, "testCalc": 1.0752737497988203, "extTest": {"res1": -31.044839071774238, "res2": 963.7820329923603}}, "Point T0-727-07082019114129-GenNb15": {"Lambda": 0.5612172388151506, "Kappa": -0.626207634307493, "tanBeta": 4.4942426212813595, "mBottom": 4.404357768855732, "ChiSquared": null, "LogL": null, "testCalc": -0.29718536630533876, "extTest": {"res1": 49.15474002142467, "res2": 2416.1884665738485}}, "Point T0-447-07082019114133-GenNb16": {"Lambda": 0.2895642902859268, "Kappa": -0.5029542120492454, "tanBeta": 4.547085829936938, "mBottom": 4.456144113338199, "ChiSquared": null, "LogL": null, "testCalc": 0.02494356416167065, "extTest": {"res1": 11.268955299526592, "res2": 126.98935354272847}}, "Point T0-949-07082019114126-GenNb14": {"Lambda": 0.8818662080053126, "Kappa": -0.10515031574382072, "tanBeta": 3.7996610887079654, "mBottom": 3.723667866933806, "ChiSquared": null, "LogL": null, "testCalc": 2.23998637909142, "extTest": {"res1": -10.078027970077438, "res2": 101.56664776566316}}}