{"Point T1-619-07082019114104-GenNb9": {"Lambda": 0.07594600000000001, "Kappa": 0.5615, "tanBeta": 3.22136019680549, "mBottom": 3.15693299286938, "ChiSquared": null, "LogL": null, "testCalc": 3.3930280418569723, "extTest": {"res1": -10.76370710274017, "res2": 115.8573905935792}}, "Point T1-688-07082019114108-GenNb10": {"Lambda": 0.13366346428613696, "Kappa": 0.4686400296542864, "tanBeta": 3.9521548646856175, "mBottom": 3.873111767391905, "ChiSquared": null, "LogL": null, "testCalc": 3.806559778365524, "extTest": {"res1": 12.982111804294938, "res2": 168.53522689921397}}, "Point T1-563-07082019114112-GenNb11": {"Lambda": 0.27506332499314584, "Kappa": 0.4006611549343664, "tanBeta": 6.209633336036452, "mBottom": 6.085440669315723, "ChiSquared": null, "LogL": null, "testCalc": 5.606339031549454, "extTest": {"res1": 31.74633845871822, "res2": 1007.8300055354915}}, "Point T1-503-07082019114112-GenNb11": {"Lambda": 0.7718970574210965, "Kappa": 0.38892434918673857, "tanBeta": 4.285705916972012, "mBottom": 4.199991798632571, "ChiSquared": null, "LogL": null, "testCalc": 4.362636351135728, "extTest": {"res1": 14.239010947367666, "res2": 202.74943275925622}}, "Point T1-393-07082019114102-GenNb8": {"Lambda": 0.097, "Kappa": 0.1053, "tanBeta": 3.6859182736832996, "mBottom": 3.6121999082096337, "ChiSquared": null, "LogL": null, "testCalc": 2.2036361483236684, "extTest": {"res1": -28.91257589351731, "res2": 835.9370447983983}}, "Point T1-936-07082019114106-GenNb9": {"Lambda": 0.1763, "Kappa": 0.6588940676148877, "tanBeta": 7.330973289387629, "mBottom": 7.184353823599876, "ChiSquared": null, "LogL": null, "testCalc": 8.453593412020647, "extTest": {"res1": 252.07026776781194, "res2": 63539.41989253641}}, "Point T1-267-07082019114035-GenNb0": {"Lambda": 0.5787, "Kappa": 0.4856, "tanBeta": 4.557164000000002, "mBottom": 4.466020720000002, "ChiSquared": null, "LogL": null, "testCalc": 4.7808628884000015, "extTest": {"res1": 25.49105006036865, "res2": 649.7936331802206}}, "Point T1-400-07082019114049-GenNb4": {"Lambda": 0.7845, "Kappa": -0.18442444587936418, "tanBeta": 10.186916114350973, "mBottom": 9.983177792063954, "ChiSquared": null, "LogL": null, "testCalc": 3.7283127864232326, "extTest": {"res1": 52.50805516185898, "res2": 2757.095856880825}}, "Point T1-565-07082019114110-GenNb10": {"Lambda": 0.5234812798559545, "Kappa": 0.8643, "tanBeta": 5.451714741484168, "mBottom": 5.342680446654485, "ChiSquared": null, "LogL": null, "testCalc": 7.657289924751637, "extTest": {"res1": 8.019967506515956, "res2": 64.31987880557176}}, "Point T1-712-07082019114111-GenNb10": {"Lambda": 0.49463707541878355, "Kappa": 0.049714989343535354, "tanBeta": 5.836769327200251, "mBottom": 5.720033940656246, "ChiSquared": null, "LogL": null, "testCalc": 3.394857731609405, "extTest": {"res1": 140.0766558391407, "res2": 19621.46951107707}}, "Point T1-434-07082019114113-GenNb11": {"Lambda": 0.2082, "Kappa": 0.6015, "tanBeta": 7.517102035793792, "mBottom": 7.366759995077916, "ChiSquared": null, "LogL": null, "testCalc": 8.248264112068924, "extTest": {"res1": 103.49454891067545, "res2": 10711.121654224193}}, "Point T1-108-07082019114057-GenNb6": {"Lambda": 0.17150208706208264, "Kappa": 0.4202706708744351, "tanBeta": 3.517021858177417, "mBottom": 3.4466814210138685, "ChiSquared": null, "LogL": null, "testCalc": 3.2308548121898597, "extTest": {"res1": 24.162888565584822, "res2": 583.8451838328698}}, "Point T1-780-07082019114107-GenNb9": {"Lambda": -0.2600675374747907, "Kappa": -0.11627689041884887, "tanBeta": 1.3246753114736771, "mBottom": 1.2981818052442036, "ChiSquared": null, "LogL": null, "testCalc": 0.5626969006375242, "extTest": {"res1": 2.0124865371107816, "res2": 4.0501020620521455}}}