{"Point T5-855-07082019114058-GenNb8": {"Lambda": 0.45150548914268407, "Kappa": 0.15851217909908172, "tanBeta": 3.3275176932001473, "mBottom": 3.2609673393361445, "ChiSquared": null, "LogL": null, "testCalc": 2.361792956933952, "extTest": {"res1": 7.903327368493718, "res2": 62.46258349358184}}, "Point T5-669-07082019114108-GenNb11": {"Lambda": 0.6408705349624423, "Kappa": 0.82845, "tanBeta": 3.3474488153769424, "mBottom": 3.2804998390694036, "ChiSquared": null, "LogL": null, "testCalc": 4.8241589332167765, "extTest": {"res1": 19.442723661457713, "res2": 378.0195033758076}}, "Point T5-915-07082019114102-GenNb9": {"Lambda": 0.14016199999999998, "Kappa": 0.3175462389307151, "tanBeta": 2.2997037922753476, "mBottom": 2.2537097164298405, "ChiSquared": null, "LogL": null, "testCalc": 1.8767625343506595, "extTest": {"res1": 7.236534285000609, "res2": 52.36742845798927}}, "Point T5-572-07082019114109-GenNb11": {"Lambda": 0.5211097925845259, "Kappa": -0.0957640783231081, "tanBeta": 4.375606913696185, "mBottom": 4.288094775422261, "ChiSquared": null, "LogL": null, "testCalc": 1.9965768404442834, "extTest": {"res1": -26.703902504378583, "res2": 713.0984089633567}}, "Point T5-684-07082019114109-GenNb11": {"Lambda": 0.2574393196256837, "Kappa": 0.19268308174627502, "tanBeta": 5.29012213754236, "mBottom": 5.184319694791513, "ChiSquared": null, "LogL": null, "testCalc": 3.6777518869609453, "extTest": {"res1": 9.902450391258922, "res2": 98.05852375134398}}, "Point T5-183-07082019114109-GenNb11": {"Lambda": 0.28535669597531754, "Kappa": 0.16327936201515028, "tanBeta": 3.791263857633004, "mBottom": 3.715438580480344, "ChiSquared": null, "LogL": null, "testCalc": 2.558182878083536, "extTest": {"res1": 51.66558946112621, "res2": 2669.3331343656355}}, "Point T5-154-07082019114044-GenNb3": {"Lambda": 0.50453216, "Kappa": 0.18734313478444006, "tanBeta": 3.4269419561769343, "mBottom": 3.3584031170533954, "ChiSquared": null, "LogL": null, "testCalc": 2.5757683077954714, "extTest": {"res1": 60.54047173429002, "res2": 3665.1487178103694}}, "Point T5-719-07082019114052-GenNb6": {"Lambda": 0.04317704080217934, "Kappa": 1.1448414690901878, "tanBeta": 4.118833080332811, "mBottom": 4.0364564187261545, "ChiSquared": null, "LogL": null, "testCalc": 6.7355033808409885, "extTest": {"res1": 36.06738919151057, "res2": 1300.8565630918936}}, "Point T5-931-07082019114104-GenNb9": {"Lambda": 0.637339538049129, "Kappa": 0.7721220835490022, "tanBeta": 5.785148239815939, "mBottom": 5.66944527501962, "ChiSquared": null, "LogL": null, "testCalc": 7.707765036837014, "extTest": {"res1": 260.4777941134632, "res2": 67848.68122621572}}, "Point T5-372-07082019114101-GenNb8": {"Lambda": 0.27240092000000005, "Kappa": 0.6272259617946061, "tanBeta": 5.256574184058346, "mBottom": 5.151442700377179, "ChiSquared": null, "LogL": null, "testCalc": 5.946983409746129, "extTest": {"res1": 25.46899848177694, "res2": 648.6698836647561}}, "Point T5-106-07082019114104-GenNb9": {"Lambda": 0.7734863172230083, "Kappa": 0.38033704395430734, "tanBeta": 4.084550973055636, "mBottom": 4.002859953594523, "ChiSquared": null, "LogL": null, "testCalc": 4.153217102701144, "extTest": {"res1": -42.433246034818396, "res2": 1800.580369051431}}, "Point T5-24-07082019114108-GenNb10": {"Lambda": 0.4998308096788349, "Kappa": 1.383195996184008, "tanBeta": 4.844654767414973, "mBottom": 4.747761672066673, "ChiSquared": null, "LogL": null, "testCalc": 9.324818751519693, "extTest": {"res1": 15.755612586319259, "res2": 248.23932797018185}}}