{"Point T4-8-07082019114110-GenNb11": {"Lambda": 0.5216557099823188, "Kappa": 0.3403113075348528, "tanBeta": 4.617861423128777, "mBottom": 4.525504194666201, "ChiSquared": null, "LogL": null, "testCalc": 4.106387236009968, "extTest": {"res1": 40.014991816339375, "res2": 1601.1995700617072}}, "Point T4-495-07082019114113-GenNb12": {"Lambda": 0.03216062832427083, "Kappa": -0.4962726476841493, "tanBeta": 3.4286753743220832, "mBottom": 3.3601018668356417, "ChiSquared": null, "LogL": null, "testCalc": -0.020472566632229183, "extTest": {"res1": 30.40127366232923, "res2": 924.237440291833}}, "Point T4-288-07082019114116-GenNb13": {"Lambda": 0.5857, "Kappa": 0.6455337090493216, "tanBeta": 3.6130561729493023, "mBottom": 3.540795049490316, "ChiSquared": null, "LogL": null, "testCalc": 4.445791567072668, "extTest": {"res1": 130.5663989790411, "res2": 17047.584542354147}}, "Point T4-61-07082019114116-GenNb13": {"Lambda": 0.12195758294586717, "Kappa": 0.4513418158871684, "tanBeta": 4.189864255254501, "mBottom": 4.106066970149411, "ChiSquared": null, "LogL": null, "testCalc": 3.9589680784000083, "extTest": {"res1": 84.07570265124508, "res2": 7068.723776300579}}, "Point T4-33-07082019114051-GenNb5": {"Lambda": 0.37179399999999996, "Kappa": 0.93131, "tanBeta": 3.890574440000001, "mBottom": 3.8127629512000007, "ChiSquared": null, "LogL": null, "testCalc": 5.667943135752401, "extTest": {"res1": 31.102990076430068, "res2": 967.3959916945073}}, "Point T4-971-07082019114105-GenNb9": {"Lambda": 0.6067, "Kappa": 0.4728, "tanBeta": 3.483988640605661, "mBottom": 3.414308867793548, "ChiSquared": null, "LogL": null, "testCalc": 3.7224691531751306, "extTest": {"res1": -5.640525415946978, "res2": 31.815526967943836}}, "Point T4-836-07082019114101-GenNb8": {"Lambda": 0.3025, "Kappa": -0.04353868813107199, "tanBeta": 8.115907500862285, "mBottom": 7.953589350845039, "ChiSquared": null, "LogL": null, "testCalc": 3.7149449598418487, "extTest": {"res1": 11246.46136977392, "res2": 126482893.3418171}}, "Point T4-15-07082019114052-GenNb5": {"Lambda": 0.3369240782022341, "Kappa": 0.23772968889011137, "tanBeta": 5.888095276702445, "mBottom": 5.7703333711683955, "ChiSquared": null, "LogL": null, "testCalc": 4.398459578342429, "extTest": {"res1": 81.33845627077008, "res2": 6615.944468511977}}, "Point T4-442-07082019114114-GenNb12": {"Lambda": 0.5364268297639173, "Kappa": 0.36689080048021694, "tanBeta": 4.4549303033605945, "mBottom": 4.365831697293382, "ChiSquared": null, "LogL": null, "testCalc": 4.105142537420802, "extTest": {"res1": 13.258610667435086, "res2": 175.79075683062345}}, "Point T4-464-07082019114058-GenNb7": {"Lambda": 0.3741, "Kappa": 0.0853, "tanBeta": 7.32613202358703, "mBottom": 7.17960938311529, "ChiSquared": null, "LogL": null, "testCalc": 4.354674563169619, "extTest": {"res1": 284.3941680153358, "res2": 80880.04280113506}}, "Point T4-417-07082019114112-GenNb11": {"Lambda": 0.0048775199999999685, "Kappa": -0.10347583999999997, "tanBeta": 5.236932296907163, "mBottom": 5.13219365096902, "ChiSquared": null, "LogL": null, "testCalc": 2.0242246472402625, "extTest": {"res1": -29.0237783595695, "res2": 842.3797102654149}}, "Point T4-137-07082019114112-GenNb11": {"Lambda": 0.481822, "Kappa": 0.9138, "tanBeta": 7.2579411740014965, "mBottom": 7.112782350521466, "ChiSquared": null, "LogL": null, "testCalc": 10.4208502597473, "extTest": {"res1": 73.46527487048783, "res2": 5397.146611796331}}}