{"Point T6-724-07082019114131-GenNb17": {"Lambda": 0.9495537608379483, "Kappa": 0.9414209544, "tanBeta": 4.0247914431380245, "mBottom": 3.944295614275264, "ChiSquared": null, "LogL": null, "testCalc": 6.662823153519076, "extTest": {"res1": 196.9730654790434, "res2": 38798.38852421152}}, "Point T6-767-07082019114131-GenNb17": {"Lambda": 0.044328464880104494, "Kappa": 1.164705369775257, "tanBeta": 4.284135769542149, "mBottom": 4.198453054151306, "ChiSquared": null, "LogL": null, "testCalc": 7.090947475506274, "extTest": {"res1": 47.58695629446651, "res2": 2264.5184093714656}}, "Point T6-384-07082019114121-GenNb14": {"Lambda": 0.5070675199939774, "Kappa": 0.4245, "tanBeta": 3.8792591101532414, "mBottom": 3.8016739279501763, "ChiSquared": null, "LogL": null, "testCalc": 3.8046999260679817, "extTest": {"res1": -17.678833493019805, "res2": 312.54115367391887}}, "Point T6-868-07082019114124-GenNb15": {"Lambda": 2.0372423954240513, "Kappa": 0.44303875572035956, "tanBeta": 4.103312035448821, "mBottom": 4.021245794739844, "ChiSquared": null, "LogL": null, "testCalc": 7.97890573360067, "extTest": {"res1": 130.05743485211718, "res2": 16914.936360312706}}, "Point T6-246-07082019114132-GenNb17": {"Lambda": -0.06286772570931169, "Kappa": 0.17808459781706432, "tanBeta": 4.372658830786618, "mBottom": 4.285205654170885, "ChiSquared": null, "LogL": null, "testCalc": 2.925258367293173, "extTest": {"res1": 63.331517997300125, "res2": 4010.8811718423494}}, "Point T6-215-07082019114121-GenNb14": {"Lambda": 0.03537159401676848, "Kappa": 0.5719553800452373, "tanBeta": 3.9267275364548877, "mBottom": 3.84819298572579, "ChiSquared": null, "LogL": null, "testCalc": 4.171260582973336, "extTest": {"res1": -17.06236468642742, "res2": 291.1242886926454}}, "Point T6-695-07082019114129-GenNb16": {"Lambda": 1.1798326020199517, "Kappa": -0.26564070074458307, "tanBeta": 4.443188900157062, "mBottom": 4.354325122153921, "ChiSquared": null, "LogL": null, "testCalc": 2.3888757168878545, "extTest": {"res1": 106.93566779801108, "res2": 11435.237047406585}}, "Point T6-517-07082019114133-GenNb17": {"Lambda": -0.15750251847877073, "Kappa": -0.15510759060118873, "tanBeta": 4.4787714119048445, "mBottom": 4.389195983666747, "ChiSquared": null, "LogL": null, "testCalc": 1.5247135926064845, "extTest": {"res1": -37.455037793441434, "res2": 1402.8798561081262}}, "Point T6-472-07082019114134-GenNb17": {"Lambda": 0.5286, "Kappa": 0.6337717647999997, "tanBeta": 3.8062454829269607, "mBottom": 3.7301205732684215, "ChiSquared": null, "LogL": null, "testCalc": 4.556769163610857, "extTest": {"res1": -38.5218970201342, "res2": 1483.936550029824}}, "Point T6-971-07082019114134-GenNb17": {"Lambda": -1.5362788906930551, "Kappa": 0.19771239662924, "tanBeta": 4.450735304171441, "mBottom": 4.361720598088012, "ChiSquared": null, "LogL": null, "testCalc": 5.420978672783194, "extTest": {"res1": 54.87063481914393, "res2": 3010.7865654558505}}, "Point T6-249-07082019114126-GenNb15": {"Lambda": 1.054949651986881, "Kappa": 0.7457274103483303, "tanBeta": 4.533265147342908, "mBottom": 4.4425998443960495, "ChiSquared": null, "LogL": null, "testCalc": 6.714798769175635, "extTest": {"res1": -20.141435462940258, "res2": 405.67742250778747}}, "Point T6-704-07082019114131-GenNb16": {"Lambda": 0.8302195647620515, "Kappa": 0.7162602123294199, "tanBeta": 3.818810900904011, "mBottom": 3.7424346828859307, "ChiSquared": null, "LogL": null, "testCalc": 5.295744173884065, "extTest": {"res1": -9.674427877456722, "res2": 93.59455475611178}}}