{"Point T7-207-07082019114059-GenNb8": {"Lambda": 0.5755748129147978, "Kappa": 0.021798037629668116, "tanBeta": 4.747250800861412, "mBottom": 4.652305784844184, "ChiSquared": null, "LogL": null, "testCalc": 2.7609200092786454, "extTest": {"res1": 15.850049342583821, "res2": 251.22406416234182}}, "Point T7-417-07082019114049-GenNb5": {"Lambda": 0.20634, "Kappa": 0.1771, "tanBeta": 7.115211098892675, "mBottom": 6.972906876914822, "ChiSquared": null, "LogL": null, "testCalc": 4.789133519671304, "extTest": {"res1": -73.37284279756703, "res2": 5383.574060196484}}, "Point T7-586-07082019114105-GenNb10": {"Lambda": 1.4517808844257936, "Kappa": 0.7998236396263065, "tanBeta": 2.294549149203924, "mBottom": 2.2486581662198453, "ChiSquared": null, "LogL": null, "testCalc": 5.067231471311789, "extTest": {"res1": 22.098223923109842, "res2": 488.33150055590414}}, "Point T7-356-07082019114119-GenNb14": {"Lambda": 0.311, "Kappa": 0.15081047314653273, "tanBeta": 4.202814429983029, "mBottom": 4.118758141383368, "ChiSquared": null, "LogL": null, "testCalc": 2.7899285034245, "extTest": {"res1": 49.40450653196227, "res2": 2440.8052656667023}}, "Point T7-208-07082019114057-GenNb7": {"Lambda": 0.9585021742020794, "Kappa": 0.20254485017177173, "tanBeta": 3.7339327197083048, "mBottom": 3.6592540653141388, "ChiSquared": null, "LogL": null, "testCalc": 3.504642293871977, "extTest": {"res1": 14.828412696975388, "res2": 219.8818231118209}}, "Point T7-426-07082019114106-GenNb10": {"Lambda": 0.8609279999999999, "Kappa": 0.63808, "tanBeta": 5.890264254588232, "mBottom": 5.772458969496467, "ChiSquared": null, "LogL": null, "testCalc": 7.385886321499893, "extTest": {"res1": -25.874153921796555, "res2": 669.4718411688201}}, "Point T7-77-07082019114051-GenNb5": {"Lambda": 0.45641200000000004, "Kappa": 0.6754600000000001, "tanBeta": 2.1487005673119963, "mBottom": 2.1057265559657563, "ChiSquared": null, "LogL": null, "testCalc": 2.7125364769234395, "extTest": {"res1": -2.499737477568578, "res2": 6.248687456760917}}, "Point T7-826-07082019114104-GenNb9": {"Lambda": 0.7714359272623277, "Kappa": 0.2538643678017214, "tanBeta": 2.337219992106539, "mBottom": 2.290475592264408, "ChiSquared": null, "LogL": null, "testCalc": 2.3336880617129623, "extTest": {"res1": -15.787185892957124, "res2": 249.23523841878443}}, "Point T7-254-07082019114048-GenNb4": {"Lambda": 0.5699, "Kappa": 0.88, "tanBeta": 22.65739834984787, "mBottom": 22.204250382850912, "ChiSquared": null, "LogL": null, "testCalc": 31.365421749291585, "extTest": {"res1": -300.86907551969637, "res2": 90522.20060407676}}, "Point T7-890-07082019114121-GenNb14": {"Lambda": 0.4629031913113748, "Kappa": 0.7908039798249452, "tanBeta": 3.4931406310974102, "mBottom": 3.423277818475462, "ChiSquared": null, "LogL": null, "testCalc": 4.688307786924039, "extTest": {"res1": 7.959301588620678, "res2": 63.35048177861965}}, "Point T7-369-07082019114114-GenNb12": {"Lambda": 0.3057, "Kappa": 0.2159319970308758, "tanBeta": 4.0879226062665035, "mBottom": 4.006164154141174, "ChiSquared": null, "LogL": null, "testCalc": 2.9792478591493756, "extTest": {"res1": -15.160496749613122, "res2": 229.84066169503004}}, "Point T7-591-07082019114114-GenNb12": {"Lambda": 1.1162228240392766, "Kappa": 0.5344470513524349, "tanBeta": 9.92559793867294, "mBottom": 9.727085979899481, "ChiSquared": null, "LogL": null, "testCalc": 11.414202934089516, "extTest": {"res1": 331.55597529321676, "res2": 109929.36475263616}}}