{"Point T5-179-29072019091003": {"Lambda": 0.06695815417053003, "Kappa": 0.253649081439622, "tanBeta": 4.137199259741325, "mBottom": 4.054455274546498, "ChiSquared": null, "LogL": -2.5575003675106194, "testCalc": 3.0811078236492446, "extTest": {"res1": -85.15823820666303, "res2": 7251.925534462763}}}