{"Point T3-65-29072019091008": {"Lambda": 0.7131337088943843, "Kappa": 0.3585388569573793, "tanBeta": 4.154510860301529, "mBottom": 4.0714206430954984, "ChiSquared": null, "LogL": -1.3353461080029363, "testCalc": 4.033823583378738, "extTest": {"res1": -23.345949605869972, "res2": 545.0333629998203}}}