{"Point T0-525-29072019091006": {"Lambda": 0.7498745503154631, "Kappa": 1.2288936932177685, "tanBeta": 4.24086585050437, "mBottom": 4.156048533494283, "ChiSquared": null, "LogL": 2.115670506772627, "testCalc": 7.851909405425388, "extTest": {"res1": -23.690926152243055, "res2": 561.2599819510339}}}