{"Point T6-135-29072019091007": {"Lambda": 0.7324575615170177, "Kappa": 0.20689615041967013, "tanBeta": 4.270398635663924, "mBottom": 4.1849906629506455, "ChiSquared": null, "LogL": 2.2845215932610996, "testCalc": 3.512518449375056, "extTest": {"res1": -15.027630082686768, "res2": 225.82966590207232}}}