{"Point T4-916-29072019091006": {"Lambda": 0.49690482249819856, "Kappa": 1.320183744026563, "tanBeta": 4.1478434716664605, "mBottom": 4.064886602233131, "ChiSquared": null, "LogL": -1.7850746001993008, "testCalc": 7.755273227799297, "extTest": {"res1": -22.930922533881468, "res2": 525.8272082548729}}}