{"Point T1-272-29072019091007": {"Lambda": 0.4528609859585858, "Kappa": 1.2336836032910683, "tanBeta": 4.2341877598008635, "mBottom": 4.149504004604846, "ChiSquared": null, "LogL": 2.0060295875828515, "testCalc": 7.503483087427871, "extTest": {"res1": -24.093096541709254, "res2": 580.4773009681224}}}