{"Point T7-564-29072019091007": {"Lambda": 0.45614570046428327, "Kappa": 0.10982691094663462, "tanBeta": 4.269452650716877, "mBottom": 4.184063597702539, "ChiSquared": null, "LogL": 2.2871043287684425, "testCalc": 2.769001494964477, "extTest": {"res1": -14.982309974824974, "res2": 224.4696121817399}}}