{"Point T3-162-24072019144559": {"Lambda": 0.0339152894245936, "Kappa": 0.9588108247977083, "tanBeta": 18.195060086986633, "mBottom": 17.8311588852469, "ChiSquared": null, "LogL": null, "testCalc": 26.362350258727723, "extTest": {"res1": -1541.1706626917585, "res2": 2375207.011541754}},"Point T3-909-24072019144559": {"Lambda": 0.03391931245585466, "Kappa": 0.9620249516854229, "tanBeta": 18.177873814617, "mBottom": 17.814316338324662, "ChiSquared": null, "LogL": null, "testCalc": 26.395876867170443, "extTest": {"res1": -273.6794055192306, "res2": 74900.41700535947}},"Point T3-610-24072019144600": {"Lambda": 0.03388406697653166, "Kappa": 0.959338986269123, "tanBeta": 18.17675677528028, "mBottom": 17.81322163977467, "ChiSquared": null, "LogL": null, "testCalc": 26.345430368339997, "extTest": {"res1": 842.8474313962677, "res2": 710391.7926112862}},"Point T3-166-24072019144600": {"Lambda": 0.03366420211152476, "Kappa": 0.9664774747667703, "tanBeta": 17.98846686145063, "mBottom": 17.628697524221614, "ChiSquared": null, "LogL": null, "testCalc": 26.20093006779515, "extTest": {"res1": -1219.5555744518122, "res2": 1487315.7991764895}},"Point T3-266-24072019144601": {"Lambda": 0.03364881957345752, "Kappa": 0.9609652517469164, "tanBeta": 17.980875158370658, "mBottom": 17.621257655203244, "ChiSquared": null, "LogL": null, "testCalc": 26.090757293853844, "extTest": {"res1": -399.45743522955706, "res2": 159566.24256017577}},"Point T3-605-24072019144601": {"Lambda": 0.03368758144709514, "Kappa": 0.9599206149736896, "tanBeta": 17.969670886395264, "mBottom": 17.61027746866736, "ChiSquared": null, "LogL": null, "testCalc": 26.055731115620784, "extTest": {"res1": -1096.1628023321582, "res2": 1201572.88921669}}}