{"Point T5-165-24072019144600": {"Lambda": 0.2339054474179936, "Kappa": 0.6532173288891509, "tanBeta": 23.757337825517787, "mBottom": 23.282191069007432, "ChiSquared": null, "LogL": null, "testCalc": 27.214512048737447, "extTest": {"res1": -2626.440760828537, "res2": 6898191.070141584}},"Point T5-625-24072019144601": {"Lambda": 0.23393319327961118, "Kappa": 0.6554070448644025, "tanBeta": 23.73489766446887, "mBottom": 23.260199711179492, "ChiSquared": null, "LogL": null, "testCalc": 27.24084373293629, "extTest": {"res1": -464.3512128902807, "res2": 215622.04891267477}},"Point T5-924-24072019144602": {"Lambda": 0.23369011383814461, "Kappa": 0.6535771540148763, "tanBeta": 23.733439143268058, "mBottom": 23.258770360402696, "ChiSquared": null, "LogL": null, "testCalc": 27.19562985974943, "extTest": {"res1": 1435.8302114425449, "res2": 2061608.3960911431}}}