{"Point T0-12-24072019144600": {"Lambda": 0.6250817944686159, "Kappa": 0.18289685870776776, "tanBeta": 14.162229401076381, "mBottom": 13.878984813054853, "ChiSquared": null, "LogL": null, "testCalc": 9.920446926059192, "extTest": {"res1": -932.3710606382841, "res2": 869315.7947157589}},"Point T0-287-24072019144601": {"Lambda": 0.6251559416642475, "Kappa": 0.1835099657942206, "tanBeta": 14.148852367382375, "mBottom": 13.865875320034727, "ChiSquared": null, "LogL": null, "testCalc": 9.920213025381292, "extTest": {"res1": -165.17051876796486, "res2": 27281.300270078635}},"Point T0-840-24072019144602": {"Lambda": 0.6245063435674626, "Kappa": 0.18299760754321462, "tanBeta": 14.147982913406347, "mBottom": 13.865023255138219, "ChiSquared": null, "LogL": null, "testCalc": 9.911566825440751, "extTest": {"res1": 510.65726007992623, "res2": 260770.83727233743}},"Point T0-570-24072019144602": {"Lambda": 0.6204540849345331, "Kappa": 0.18435930172560633, "tanBeta": 14.001426378785633, "mBottom": 13.72139785120992, "ChiSquared": null, "LogL": null, "testCalc": 9.826955387472314, "extTest": {"res1": -739.3393366699183, "res2": 546622.6547475149}}}