{"Point T6-981-24072019144601": {"Lambda": 0.3561605615090065, "Kappa": 0.07417705568770276, "tanBeta": 27.419761779950413, "mBottom": 26.871366544351403, "ChiSquared": null, "LogL": null, "testCalc": 15.596450814245038, "extTest": {"res1": -3498.063783580613, "res2": 12236450.233998312}},"Point T6-376-24072019144601": {"Lambda": 0.356202809270922, "Kappa": 0.07442571210977399, "tanBeta": 27.393862250517277, "mBottom": 26.84598500550693, "ChiSquared": null, "LogL": null, "testCalc": 15.588680649517766, "extTest": {"res1": -617.4826034288949, "res2": 381284.7655373259}},"Point T6-696-24072019144601": {"Lambda": 0.35583267975354776, "Kappa": 0.0742179161597208, "tanBeta": 27.39217888413292, "mBottom": 26.84433530645026, "ChiSquared": null, "LogL": null, "testCalc": 15.581774985060374, "extTest": {"res1": 1912.1424002887832, "res2": 3656288.558982149}}}