{"Point T7-269-26072019134948-GenNb0": {"Lambda": 0.7051499999999999, "Kappa": 0.4535, "tanBeta": 15.352400000000001, "mBottom": 15.045352000000001, "ChiSquared": null, "LogL": null, "testCalc": 14.982225922500001, "extTest": {"res1": -129.87943952998313, "res2": 16868.668812622545}},"Point T7-666-26072019134948-GenNb0": {"Lambda": 0.7949, "Kappa": 0.4077, "tanBeta": 21.713050000000003, "mBottom": 21.278789000000003, "ChiSquared": null, "LogL": null, "testCalc": 20.123670995000005, "extTest": {"res1": -9969.592866370902, "res2": 99392781.92119357}},"Point T7-472-26072019134950-GenNb0": {"Lambda": 0.4557, "Kappa": 0.9767, "tanBeta": 33.0252, "mBottom": 32.364695999999995, "ChiSquared": null, "LogL": null, "testCalc": 48.645723329999996, "extTest": {"res1": -15104.149807736492, "res2": 228135341.4145463}},"Point T7-236-26072019134950-GenNb0": {"Lambda": 0.3803, "Kappa": 0.1266, "tanBeta": 8.33995, "mBottom": 8.173150999999999, "ChiSquared": null, "LogL": null, "testCalc": 5.28704126, "extTest": {"res1": -382.2335455554576, "res2": 146102.4833478961}},"Point T7-276-26072019134950-GenNb0": {"Lambda": 0.6976, "Kappa": 0.37424999999999997, "tanBeta": 14.6525, "mBottom": 14.359449999999999, "ChiSquared": null, "LogL": null, "testCalc": 13.150068885, "extTest": {"res1": 507.9603102597141, "res2": 258023.676799145}},"Point T7-417-26072019134950-GenNb0": {"Lambda": 0.76, "Kappa": 0.7164, "tanBeta": 19.75385, "mBottom": 19.358773, "ChiSquared": null, "LogL": null, "testCalc": 24.40864464, "extTest": {"res1": -1159.7392847566305, "res2": 1344995.2086078208}},"Point T7-413-26072019134954-GenNb1": {"Lambda": 0.3995, "Kappa": 0.31804999999999994, "tanBeta": 16.191775, "mBottom": 15.8679395, "ChiSquared": null, "LogL": null, "testCalc": 13.243364038749998, "extTest": {"res1": -997.8037744526017, "res2": 995612.3723118585}},"Point T7-754-26072019134955-GenNb1": {"Lambda": 0.681275, "Kappa": 0.1901, "tanBeta": 15.50835, "mBottom": 15.198183, "ChiSquared": null, "LogL": null, "testCalc": 11.011364460625, "extTest": {"res1": -178.84963841467788, "res2": 31987.193161061023}},"Point T7-794-26072019134955-GenNb1": {"Lambda": 0.7051499999999999, "Kappa": 0.4535, "tanBeta": 11.445799999999998, "mBottom": 11.216883999999999, "ChiSquared": null, "LogL": null, "testCalc": 11.296348822499999, "extTest": {"res1": 403.4883876020183, "res2": 162802.87892967655}},"Point T7-920-26072019134956-GenNb1": {"Lambda": 0.7949, "Kappa": 0.4077, "tanBeta": 7.978899999999999, "mBottom": 7.819322, "ChiSquared": null, "LogL": null, "testCalc": 7.79452454, "extTest": {"res1": 97.6038106759849, "res2": 9526.503858473505}},"Point T7-193-26072019134956-GenNb1": {"Lambda": 0.5853, "Kappa": 0.6169, "tanBeta": 13.74825, "mBottom": 13.473285, "ChiSquared": null, "LogL": null, "testCalc": 15.560514015, "extTest": {"res1": 245.86263665409052, "res2": 60448.436102501335}},"Point T7-517-26072019134959-GenNb2": {"Lambda": 0.2037, "Kappa": 0.87, "tanBeta": 14.357125, "mBottom": 14.0699825, "ChiSquared": null, "LogL": null, "testCalc": 19.56718369, "extTest": {"res1": -301.1121717530951, "res2": 90668.53997786544}},"Point T7-717-26072019134959-GenNb2": {"Lambda": 0.2647, "Kappa": 0.2527, "tanBeta": 11.29805, "mBottom": 11.072089, "ChiSquared": null, "LogL": null, "testCalc": 8.461127825, "extTest": {"res1": -119.28421519737874, "res2": 14228.723995254562}},"Point T7-60-26072019135000-GenNb2": {"Lambda": 0.5086, "Kappa": 0.9523, "tanBeta": 20.778100000000002, "mBottom": 20.362538, "ChiSquared": null, "LogL": null, "testCalc": 30.226927590000003, "extTest": {"res1": 561.3811282035873, "res2": 315148.7711031325}},"Point T7-11-26072019135000-GenNb2": {"Lambda": 0.60575, "Kappa": 0.0507, "tanBeta": 7.817137499999999, "mBottom": 7.660794749999999, "ChiSquared": null, "LogL": null, "testCalc": 4.5936593087499995, "extTest": {"res1": 72.09835718804679, "res2": 5198.173109215179}},"Point T7-144-26072019135003-GenNb2": {"Lambda": 0.70415, "Kappa": 0.5833, "tanBeta": 15.865650000000002, "mBottom": 15.548337000000002, "ChiSquared": null, "LogL": null, "testCalc": 17.524429367500005, "extTest": {"res1": 668.3361730565119, "res2": 446673.24021582387}},"Point T7-374-26072019135003-GenNb2": {"Lambda": 0.1652, "Kappa": 0.7404, "tanBeta": 9.077074999999997, "mBottom": 8.895533499999997, "ChiSquared": null, "LogL": null, "testCalc": 11.195724119999996, "extTest": {"res1": -163.20254330006304, "res2": 26635.070139608953}}}