{"Point T3-604-26072019134946-GenNb0": {"Lambda": 0.7097, "Kappa": 0.4826, "tanBeta": 10.179200000000002, "mBottom": 9.975616, "ChiSquared": null, "LogL": null, "testCalc": 10.40396401, "extTest": {"res1": 82.45361052336193, "res2": 6798.597888338261}},"Point T3-73-26072019134947-GenNb0": {"Lambda": 0.097, "Kappa": 0.6242, "tanBeta": 4.94505, "mBottom": 4.8461490000000005, "ChiSquared": null, "LogL": null, "testCalc": 5.51918371, "extTest": {"res1": 23.530283444296913, "res2": 553.6742389689534}},"Point T3-92-26072019134948-GenNb0": {"Lambda": 0.7691, "Kappa": 0.0742, "tanBeta": 20.33985, "mBottom": 19.933052999999997, "ChiSquared": null, "LogL": null, "testCalc": 12.067258179999998, "extTest": {"res1": -8747.233829541745, "res2": 76514099.66867954}},"Point T3-137-26072019134948-GenNb0": {"Lambda": 0.4496, "Kappa": 0.6722, "tanBeta": 14.885200000000001, "mBottom": 14.587496000000002, "ChiSquared": null, "LogL": null, "testCalc": 17.5017196, "extTest": {"res1": -50144.72269307568, "res2": 2514493213.9654593}},"Point T3-70-26072019134950-GenNb0": {"Lambda": 0.8273, "Kappa": 0.5643, "tanBeta": 31.50485, "mBottom": 30.874753000000002, "ChiSquared": null, "LogL": null, "testCalc": 33.899988645, "extTest": {"res1": -4307.090316363403, "res2": 18551026.993311398}},"Point T3-100-26072019134951-GenNb0": {"Lambda": 0.4574, "Kappa": 0.7149, "tanBeta": 26.8232, "mBottom": 26.286736, "ChiSquared": null, "LogL": null, "testCalc": 32.528488440000004, "extTest": {"res1": -2149.4170771505437, "res2": 4619993.771546386}},"Point T3-92-26072019134954-GenNb1": {"Lambda": 0.7652, "Kappa": 0.5066, "tanBeta": 14.026249999999997, "mBottom": 13.745724999999997, "ChiSquared": null, "LogL": null, "testCalc": 14.564091789999999, "extTest": {"res1": -146.5688831872986, "res2": 21482.437518771985}},"Point T3-900-26072019134955-GenNb1": {"Lambda": 0.4496, "Kappa": 0.6722, "tanBeta": 8.892200000000003, "mBottom": 8.714356000000002, "ChiSquared": null, "LogL": null, "testCalc": 10.536655000000003, "extTest": {"res1": -445.40403499316636, "res2": 198384.75438819377}},"Point T3-305-26072019134956-GenNb1": {"Lambda": 0.8273, "Kappa": 0.5643, "tanBeta": 21.791975, "mBottom": 21.3561355, "ChiSquared": null, "LogL": null, "testCalc": 23.6597045325, "extTest": {"res1": 1757.2404078675877, "res2": 3087893.851042646}},"Point T3-421-26072019134958-GenNb1": {"Lambda": 0.9655, "Kappa": 0.3681, "tanBeta": 8.2021, "mBottom": 8.038058, "ChiSquared": null, "LogL": null, "testCalc": 7.97041226, "extTest": {"res1": -369.2585428455252, "res2": 136351.87146440058}},"Point T3-870-26072019135000-GenNb2": {"Lambda": 0.5484, "Kappa": 0.8756, "tanBeta": 19.403425000000002, "mBottom": 19.015356500000003, "ChiSquared": null, "LogL": null, "testCalc": 26.798059740000003, "extTest": {"res1": -933.2073639829299, "res2": 870875.9841919686}},"Point T3-454-26072019135001-GenNb2": {"Lambda": 0.7691, "Kappa": 0.0742, "tanBeta": 14.851099999999997, "mBottom": 14.554077999999997, "ChiSquared": null, "LogL": null, "testCalc": 8.970505429999998, "extTest": {"res1": 492.2309323831178, "res2": 242291.2907947535}},"Point T3-37-26072019135003-GenNb2": {"Lambda": 0.6194, "Kappa": 0.9724, "tanBeta": 11.55565, "mBottom": 11.324537, "ChiSquared": null, "LogL": null, "testCalc": 17.28263892, "extTest": {"res1": -1638.9382049411815, "res2": 2686118.4396158224}},"Point T3-848-26072019135005-GenNb2": {"Lambda": 0.0102, "Kappa": 0.9066, "tanBeta": 18.75665, "mBottom": 18.381517, "ChiSquared": null, "LogL": null, "testCalc": 26.195641430000002, "extTest": {"res1": -904.3217650434707, "res2": 817797.8547313382}}}