{"Point T5-217-26072019134947-GenNb0": {"Lambda": 0.4644, "Kappa": 0.4979, "tanBeta": 24.006500000000003, "mBottom": 23.526370000000004, "ChiSquared": null, "LogL": null, "testCalc": 23.931688710000003, "extTest": {"res1": -792.9450073056017, "res2": 628761.7846108808}},"Point T5-191-26072019134948-GenNb0": {"Lambda": 0.3717, "Kappa": 0.2887, "tanBeta": 16.2402, "mBottom": 15.915396000000001, "ChiSquared": null, "LogL": null, "testCalc": 12.784404630000001, "extTest": {"res1": -169.97993599026714, "res2": 28893.178639255315}},"Point T5-30-26072019134949-GenNb0": {"Lambda": 0.8487, "Kappa": 0.4607, "tanBeta": 23.26435, "mBottom": 22.799063, "ChiSquared": null, "LogL": null, "testCalc": 22.837709235, "extTest": {"res1": 349.89691589837696, "res2": 122427.85175519588}},"Point T5-162-26072019134950-GenNb0": {"Lambda": 0.6178, "Kappa": 0.6835, "tanBeta": 6.9845999999999995, "mBottom": 6.844907999999999, "ChiSquared": null, "LogL": null, "testCalc": 8.57810494, "extTest": {"res1": 31.286395239834036, "res2": 978.8385271031099}},"Point T5-790-26072019134950-GenNb0": {"Lambda": 0.19945000000000002, "Kappa": 0.8871, "tanBeta": 9.8427, "mBottom": 9.645846, "ChiSquared": null, "LogL": null, "testCalc": 13.5941624725, "extTest": {"res1": 38.660865325349555, "res2": 1494.6625077048154}},"Point T5-814-26072019134952-GenNb0": {"Lambda": 0.7129, "Kappa": 0.86105, "tanBeta": 4.58175, "mBottom": 4.490115, "ChiSquared": null, "LogL": null, "testCalc": 6.698399747500001, "extTest": {"res1": 14.649749409939863, "res2": 214.61515777403338}},"Point T5-460-26072019134956-GenNb1": {"Lambda": 0.4326, "Kappa": 0.1757, "tanBeta": 4.8936, "mBottom": 4.795728, "ChiSquared": null, "LogL": null, "testCalc": 3.4448122800000003, "extTest": {"res1": -134.9546033805248, "res2": 18212.744973594752}},"Point T5-160-26072019134958-GenNb1": {"Lambda": 0.4529, "Kappa": 0.1098, "tanBeta": 4.5653500000000005, "mBottom": 4.474043, "ChiSquared": null, "LogL": null, "testCalc": 2.94341534, "extTest": {"res1": 67.65203337188768, "res2": 4576.797619351005}},"Point T5-549-26072019135000-GenNb2": {"Lambda": 0.8022, "Kappa": 0.2303, "tanBeta": 2.6461000000000006, "mBottom": 2.5931780000000004, "ChiSquared": null, "LogL": null, "testCalc": 2.54951067, "extTest": {"res1": 23.72397712616846, "res2": 562.8270906829644}},"Point T5-822-26072019135001-GenNb2": {"Lambda": 0.6652, "Kappa": 0.5745, "tanBeta": 34.911199999999994, "mBottom": 34.21297599999999, "ChiSquared": null, "LogL": null, "testCalc": 37.605463439999994, "extTest": {"res1": 550.9700234332381, "res2": 303567.966722023}},"Point T5-116-26072019135002-GenNb2": {"Lambda": 0.3141, "Kappa": 0.6214999999999999, "tanBeta": 3.780499999999998, "mBottom": 3.704889999999998, "ChiSquared": null, "LogL": null, "testCalc": 4.300684559999998, "extTest": {"res1": -31.016072817892816, "res2": 961.9967730448296}},"Point T5-954-26072019135002-GenNb2": {"Lambda": 0.2605, "Kappa": 0.5602, "tanBeta": 15.1004, "mBottom": 14.798392, "ChiSquared": null, "LogL": null, "testCalc": 15.92630033, "extTest": {"res1": 514.9187696512096, "res2": 265141.3393391154}}}