{"Point T4-502-26072019134946-GenNb0": {"Lambda": 0.7321, "Kappa": 0.6314, "tanBeta": 29.72345, "mBottom": 29.128981, "ChiSquared": null, "LogL": null, "testCalc": 33.867847239999996, "extTest": {"res1": 437117.4676703487, "res2": 191071680542.53836}},"Point T4-763-26072019134947-GenNb0": {"Lambda": 0.1286, "Kappa": 0.45, "tanBeta": 15.058, "mBottom": 14.75684, "ChiSquared": null, "LogL": null, "testCalc": 14.17105796, "extTest": {"res1": 220.53131692409545, "res2": 48634.06174427583}},"Point T4-586-26072019134947-GenNb0": {"Lambda": 0.5111, "Kappa": 0.3805, "tanBeta": 28.60975, "mBottom": 28.037554999999998, "ChiSquared": null, "LogL": null, "testCalc": 25.166010585, "extTest": {"res1": -526.8700629863088, "res2": 277592.06327119697}},"Point T4-109-26072019134948-GenNb0": {"Lambda": 0.3397, "Kappa": 0.5211, "tanBeta": 15.1313, "mBottom": 14.828674, "ChiSquared": null, "LogL": null, "testCalc": 15.41465352, "extTest": {"res1": -122.6826335904146, "res2": 15051.028584679923}},"Point T4-674-26072019134948-GenNb0": {"Lambda": 0.3302, "Kappa": 0.78325, "tanBeta": 28.4677, "mBottom": 27.898346, "ChiSquared": null, "LogL": null, "testCalc": 36.355531065, "extTest": {"res1": 523.6907959775546, "res2": 274252.0497916047}},"Point T4-963-26072019134950-GenNb0": {"Lambda": 0.7532, "Kappa": 1.2424, "tanBeta": 3.4758499999999994, "mBottom": 3.4063329999999996, "ChiSquared": null, "LogL": null, "testCalc": 6.588872779999999, "extTest": {"res1": -25.35827644063645, "res2": 643.0421840397375}},"Point T4-826-26072019134952-GenNb1": {"Lambda": 0.7321, "Kappa": 0.6314, "tanBeta": 26.0829, "mBottom": 25.561241999999996, "ChiSquared": null, "LogL": null, "testCalc": 29.785334469999995, "extTest": {"res1": -471.5940105110873, "res2": 222400.9107499315}},"Point T4-501-26072019134953-GenNb1": {"Lambda": 0.4323, "Kappa": 0.1375, "tanBeta": 3.7932499999999996, "mBottom": 3.7173849999999997, "ChiSquared": null, "LogL": null, "testCalc": 2.5671476650000002, "extTest": {"res1": -13.875268120578722, "res2": 192.52306541794817}},"Point T4-390-26072019134955-GenNb1": {"Lambda": 0.0208, "Kappa": 0.0493, "tanBeta": 24.02245, "mBottom": 23.542001, "ChiSquared": null, "LogL": null, "testCalc": 12.955739925, "extTest": {"res1": 909.3737720522176, "res2": 826960.6572964787}},"Point T4-762-26072019134957-GenNb1": {"Lambda": 0.7538, "Kappa": 0.9282, "tanBeta": 9.37065, "mBottom": 9.183237, "ChiSquared": null, "LogL": null, "testCalc": 13.85767027, "extTest": {"res1": 327.17526404783223, "res2": 107043.65340476875}},"Point T4-442-26072019135003-GenNb2": {"Lambda": 0.5131, "Kappa": 0.0838, "tanBeta": 16.1816, "mBottom": 15.857968, "ChiSquared": null, "LogL": null, "testCalc": 9.54827369, "extTest": {"res1": -210.65778201117405, "res2": 44376.70112186732}},"Point T4-626-26072019135004-GenNb2": {"Lambda": 0.5139, "Kappa": 0.56, "tanBeta": 5.2429999999999986, "mBottom": 5.138139999999998, "ChiSquared": null, "LogL": null, "testCalc": 5.769243209999999, "extTest": {"res1": -337.65387010962064, "res2": 114010.13600000457}}}