{"Point T0-173-26072019134946-GenNb0": {"Lambda": 0.6929, "Kappa": 0.0848, "tanBeta": 19.20705, "mBottom": 18.822909, "ChiSquared": null, "LogL": null, "testCalc": 11.52032275, "extTest": {"res1": -2445.7753977242746, "res2": 5981817.296113334}},"Point T0-661-26072019134948-GenNb0": {"Lambda": 0.5818, "Kappa": 0.3088, "tanBeta": 6.565650000000001, "mBottom": 6.434337, "ChiSquared": null, "LogL": null, "testCalc": 5.583132460000001, "extTest": {"res1": 56.65505487626078, "res2": 3209.79524303212}},"Point T0-212-26072019134948-GenNb0": {"Lambda": 0.6581, "Kappa": 0.9469, "tanBeta": 31.39525, "mBottom": 30.767345, "ChiSquared": null, "LogL": null, "testCalc": 45.544930335, "extTest": {"res1": -637.4646492885548, "res2": 406361.1790925802}},"Point T0-412-26072019134949-GenNb0": {"Lambda": 0.0523, "Kappa": 0.5305, "tanBeta": 29.4006, "mBottom": 28.812588, "ChiSquared": null, "LogL": null, "testCalc": 30.00604759, "extTest": {"res1": -18298.224449462035, "res2": 334825018.0028902}},"Point T0-175-26072019134949-GenNb0": {"Lambda": 0.1024, "Kappa": 0.458, "tanBeta": 12.516350000000001, "mBottom": 12.266023, "ChiSquared": null, "LogL": null, "testCalc": 11.87598556, "extTest": {"res1": -35454.34971625892, "res2": 1257010913.802789}},"Point T0-330-26072019134950-GenNb0": {"Lambda": 0.2987, "Kappa": 0.5599, "tanBeta": 18.5848, "mBottom": 18.213104, "ChiSquared": null, "LogL": null, "testCalc": 19.60140321, "extTest": {"res1": 232.537437779022, "res2": 54073.65996883254}},"Point T0-345-26072019134953-GenNb0": {"Lambda": 0.2043, "Kappa": 0.6162, "tanBeta": 15.118549999999999, "mBottom": 14.816178999999998, "ChiSquared": null, "LogL": null, "testCalc": 16.7658785, "extTest": {"res1": -797.2001445806325, "res2": 635528.0705193813}},"Point T0-245-26072019134953-GenNb1": {"Lambda": -0.0801, "Kappa": 0.0848, "tanBeta": 9.041600000000003, "mBottom": 8.860768000000002, "ChiSquared": null, "LogL": null, "testCalc": 5.203527690000001, "extTest": {"res1": -82.9891068381998, "res2": 6887.191853802141}},"Point T0-9-26072019134956-GenNb1": {"Lambda": 0.4836, "Kappa": 0.9561, "tanBeta": 20.3574, "mBottom": 19.950252, "ChiSquared": null, "LogL": null, "testCalc": 29.672705099999995, "extTest": {"res1": 1274.4190245633401, "res2": 1624143.8501689753}},"Point T0-251-26072019134956-GenNb1": {"Lambda": 0.0523, "Kappa": 0.8752, "tanBeta": 23.849849999999996, "mBottom": 23.372852999999996, "ChiSquared": null, "LogL": null, "testCalc": 32.562550509999994, "extTest": {"res1": 896.7163744724459, "res2": 804100.2562470078}},"Point T0-326-26072019134958-GenNb1": {"Lambda": 0.5121, "Kappa": 0.7668, "tanBeta": 6.714625000000001, "mBottom": 6.580332500000001, "ChiSquared": null, "LogL": null, "testCalc": 8.701187110000001, "extTest": {"res1": 168.49806190215884, "res2": 28391.59686478375}},"Point T0-525-26072019135001-GenNb2": {"Lambda": 0.63205, "Kappa": 0.5079, "tanBeta": 7.984275000000002, "mBottom": 7.824589500000002, "ChiSquared": null, "LogL": null, "testCalc": 8.366995225000002, "extTest": {"res1": 83.68536899195743, "res2": 7003.240983320071}},"Point T0-893-26072019135002-GenNb2": {"Lambda": 0.0282, "Kappa": 1.03915, "tanBeta": 12.381250000000001, "mBottom": 12.133625, "ChiSquared": null, "LogL": null, "testCalc": 18.933583677500003, "extTest": {"res1": -382.6033526571393, "res2": 146385.3254644833}},"Point T0-187-26072019135003-GenNb2": {"Lambda": 0.1024, "Kappa": 0.73135, "tanBeta": 6.8336999999999986, "mBottom": 6.697025999999998, "ChiSquared": null, "LogL": null, "testCalc": 8.356825254999997, "extTest": {"res1": 109.39582058003316, "res2": 11967.445560378806}},"Point T0-995-26072019135005-GenNb2": {"Lambda": 0.213, "Kappa": 0.7756, "tanBeta": 22.341425, "mBottom": 21.894596500000002, "ChiSquared": null, "LogL": null, "testCalc": 28.320676480000003, "extTest": {"res1": 1933.0048109490706, "res2": 3736507.599152252}},"Point T0-292-26072019135006-GenNb2": {"Lambda": 0.8693, "Kappa": 0.0342, "tanBeta": 13.88565, "mBottom": 13.607937, "ChiSquared": null, "LogL": null, "testCalc": 8.03454022, "extTest": {"res1": 113.52217512309839, "res2": 12887.28424467942}}}