{"Point T0-160-19082019082334": {"x": -0.9747001069219541, "y": 10.034966971432176, "fAckley": 15.24321044567513, "ChiSquared": null}}