{"Point T5-983-01102019155958": {"k": 249228.54166999998, "zL": 34.8377, "c0": 0.16423600000000002, "c1": 0.02464999999999999, "c2": -0.9422579999999998, "c0Prime": 0.5981, "Mu1": 10.909578, "Mu11": 0.369396, "Mu11Prime": 1.25034, "Mu2Tilde": 2.3964456216000003, "mWpm": 46.12572208920337, "mTop": 109.08817832509509, "mZ0": 52.60614657484166, "mZprime": 26389.66823701276, "mPsiDark": 5044.581038414051, "mTau": 2.204725967275204, "mBottom": 5.423448695622529, "mTauTow": 1331.5050613048127, "mBottomTow": 9222.28123297255, "Higgs": 83.20216104998622, "ThetaHiggs": 0.03062739857050434, "mNeutrino": 0.015282399417190758, "Triviality": 0, "HiggsTrilin": 21.964045893067055, "TopYukawa": 0.9908642985435921, "ChiSquared": null, "LogL": null, "sin2ThW": 0.22140225852838258, "CrossSect": 139.09303206854764, "Error": 1.0074665112505792, "LambdaMax": 5622521.399833033}, "Point T5-396-01102019155951": {"k": 74706.57285781568, "zL": 39.4114, "c0": 0.22726008, "c1": 0.03882827952, "c2": -0.5813, "c0Prime": 0.332, "Mu1": 16.9714564, "Mu11": 0.39816381182144006, "Mu11Prime": 0.0926, "Mu2Tilde": 0.6528, "mWpm": 63.354816293167026, "mTop": 154.5674393910742, "mZ0": 72.2558390673006, "mZprime": 6965.881790485018, "mPsiDark": 2020.2067295441248, "mTau": 1.9362257763469197, "mBottom": 6.270682610467323, "mTauTow": 405.0304490558098, "mBottomTow": 2292.8556248074156, "Higgs": 146.00357813607127, "ThetaHiggs": 0.16992331423300464, "mNeutrino": 0.05245651912921831, "Triviality": 0, "HiggsTrilin": 50.572150511666045, "TopYukawa": 0.9770518310292559, "ChiSquared": null, "LogL": null, "sin2ThW": 0.20510595551562402, "CrossSect": 15.445412947483584, "Error": 0.09231317350485942, "LambdaMax": 1504446.552793025}, "Point T5-666-01102019160008": {"k": 249228.54166999998, "zL": 34.8377, "c0": 0.16423600000000002, "c1": 0.02464999999999999, "c2": -0.8422019999999999, "c0Prime": 0.5981, "Mu1": 10.909578, "Mu11": 0.369396, "Mu11Prime": 1.0827, "Mu2Tilde": 2.148, "mWpm": 38.76719802125357, "mTop": 91.68113825046444, "mZ0": 44.21378807811307, "mZprime": 26389.77876966571, "mPsiDark": 5044.786009717636, "mTau": 2.4662954117313225, "mBottom": 4.558089066972452, "mTauTow": 1645.6195935417356, "mBottomTow": 9222.25599318145, "Higgs": 70.2253931294773, "ThetaHiggs": 0.025740209938167197, "mNeutrino": 0.010794341663231632, "Triviality": 0, "HiggsTrilin": 19.372171811096198, "TopYukawa": 0.9910008255889935, "ChiSquared": null, "LogL": null, "sin2ThW": 0.23561420635494149, "CrossSect": 291.1419328727792, "Error": 2.189885876460641, "LambdaMax": 5640310.766817531}, "Point T5-620-01102019155948": {"k": 49288.3965314704, "zL": 37.90417140787712, "c0": 0.4102, "c1": 0.061621999999999996, "c2": -0.5176, "c0Prime": 0.6676, "Mu1": 12.8344, "Mu11": 0.5226618841978495, "Mu11Prime": 0.5477, "Mu2Tilde": 0.5992, "mWpm": 18.098838117917683, "mTop": 37.11678310566617, "mZ0": 20.64163091093091, "mZprime": 4785.018455843224, "mPsiDark": 786.5236426677271, "mTau": 2.697018717219945, "mBottom": 4.22056560343683, "mTauTow": 422.09282887151676, "mBottomTow": 1180.7917580168944, "Higgs": 22.25687801683634, "ThetaHiggs": 0.06909010539274468, "mNeutrino": 0.008634450055832027, "Triviality": 0, "HiggsTrilin": 3.9394703191705704, "TopYukawa": 0.9889641286522507, "ChiSquared": null, "LogL": null, "sin2ThW": 0.2134124824855399, "CrossSect": 18447.3628785246, "Error": 174.45514346408405, "LambdaMax": 980922.8640421942}, "Point T5-544-01102019160001": {"k": 149844.37117325043, "zL": 37.0885, "c0": 0.172488, "c1": 0.04850376000000003, "c2": -1.0191, "c0Prime": 0.5553, "Mu1": 13.8922, "Mu11": 0.44280536000000004, "Mu11Prime": 1.066394, "Mu2Tilde": 1.0125, "mWpm": 128.658938974318, "mTop": 313.54148388063555, "mZ0": 146.7348519500104, "mZprime": 14871.817600297376, "mPsiDark": 3026.8403204563865, "mTau": 6.135534053669372, "mBottom": 14.178844650795353, "mTauTow": 410.4519300403623, "mBottomTow": 5182.0259982266, "Higgs": 196.1992960793527, "ThetaHiggs": 0.15681880389486766, "mNeutrino": 0.14384132057328647, "Triviality": 0, "HiggsTrilin": 39.74950127635955, "TopYukawa": 0.9791647220808868, "ChiSquared": null, "LogL": null, "sin2ThW": 0.21233760209777439, "CrossSect": 1.0243891147243052, "Error": 0.006766916357262492, "LambdaMax": 3206314.814526552}, "Point T5-916-01102019155954": {"k": 75594.94590846851, "zL": 38.3958, "c0": 0.386, "c1": 0.09828893359999999, "c2": -0.996062456208, "c0Prime": 0.6828919999999999, "Mu1": 13.548143056, "Mu11": 0.21846707519999986, "Mu11Prime": 0.956, "Mu2Tilde": 1.0215, "mWpm": 85.57177259889716, "mTop": 182.12237573610466, "mZ0": 97.59416239166673, "mZprime": 7238.236991225211, "mPsiDark": 1144.1023527836417, "mTau": 2.3821795090842426, "mBottom": 6.9153449138436685, "mTauTow": 276.9758247081099, "mBottomTow": 1835.538236111802, "Higgs": 74.97107578179981, "ThetaHiggs": 0.21869819672318028, "mNeutrino": 0.1832452272204076, "Triviality": 0, "HiggsTrilin": 7.612038815496124, "TopYukawa": 0.9677164604994469, "ChiSquared": null, "LogL": null, "sin2ThW": 0.20906883212078609, "CrossSect": 26.876951341411527, "Error": 0.17787914026542373, "LambdaMax": 1536990.0187191267}, "Point T5-137-01102019160004": {"k": 87307.00517656, "zL": 39.324842, "c0": 0.0822, "c1": 0.173558, "c2": -0.5868466800000001, "c0Prime": 0.59398816, "Mu1": 11.072796000000002, "Mu11": 1.68029928, "Mu11Prime": 1.1667, "Mu2Tilde": 1.256686, "mWpm": 0.0007371627693991379, "mTop": 0.001895204234483917, "mZ0": 0.0008407303114199768, "mZprime": 8162.287794037676, "mPsiDark": 1536.140872289678, "mTau": 0.0002357378164581264, "mBottom": 0.000218948531314453, "mTauTow": 562.6122882527948, "mBottomTow": 2735.2781860974915, "Higgs": 121.83081728867009, "ThetaHiggs": 1.6783103560236157e-06, "mNeutrino": 3.3842239967465147e-12, "Triviality": 0, "HiggsTrilin": 0.0007977317379174765, "TopYukawa": -0.9913292142084272, "ChiSquared": null, "LogL": null, "sin2ThW": 0.21836292445361127, "CrossSect": 464.07536873135456, "Error": 3.367058520259869, "LambdaMax": 1787299.6719408692}, "Point T5-144-01102019160011": {"k": 119504.4913, "zL": 32.552504, "c0": 0.0822, "c1": 0.173558, "c2": -0.6483, "c0Prime": 0.5656, "Mu1": 10.8381, "Mu11": 0.409376, "Mu11Prime": 1.1667, "Mu2Tilde": 1.256686, "mWpm": 0.0019466880674953023, "mTop": 0.0045681211560422595, "mZ0": 0.002220187634485264, "mZprime": 13570.429164926987, "mPsiDark": 2783.9414127587656, "mTau": 0.0005333385636682384, "mBottom": 0.00013439659471163173, "mTauTow": 854.9086057998815, "mBottomTow": 4577.362376070209, "Higgs": 73.5668970408107, "ThetaHiggs": 2.4319885770767955e-06, "mNeutrino": 1.5777759417379855e-11, "Triviality": 0, "HiggsTrilin": 0.003683092970180346, "TopYukawa": 0.9913292142068917, "ChiSquared": null, "LogL": null, "sin2ThW": 0.10368488832914535, "CrossSect": 4136.038722633184, "Error": 34.37571807643625, "LambdaMax": 1569792.7939997367}}