{"Point T3-617-07082019113509-GenNb5": {"Lambda": 0.38859320604475, "Kappa": -0.03690500789171103, "tanBeta": 10.38570292921404, "mBottom": 10.177988870629758, "ChiSquared": null, "LogL": null, "testCalc": 4.856714666535407, "extTest": {"res1": 95.03296662277354, "res2": 9031.26474512519}}, "Point T3-498-07082019113502-GenNb3": {"Lambda": 0.7271, "Kappa": 0.6961, "tanBeta": 0.3335634767999984, "mBottom": 0.3268922072639984, "ChiSquared": null, "LogL": null, "testCalc": 0.924314049832478, "extTest": {"res1": -136.31107217741868, "res2": 18580.708398157443}}, "Point T3-428-07082019113506-GenNb4": {"Lambda": 0.5014, "Kappa": 0.17060571743289332, "tanBeta": 6.811636600220303, "mBottom": 6.675403868215897, "ChiSquared": null, "LogL": null, "testCalc": 4.751208043180688, "extTest": {"res1": -53.86095121995567, "res2": 2901.0020663184446}}, "Point T3-664-07082019113456-GenNb1": {"Lambda": 0.29630999999999996, "Kappa": 0.1991, "tanBeta": 8.088083999999998, "mBottom": 7.926322319999999, "ChiSquared": null, "LogL": null, "testCalc": 5.661298300499999, "extTest": {"res1": 911.9507843500209, "res2": 831654.2330766183}}, "Point T3-192-07082019113513-GenNb6": {"Lambda": 0.249846, "Kappa": 0.4798, "tanBeta": 5.094243780635393, "mBottom": 4.9923589050226855, "ChiSquared": null, "LogL": null, "testCalc": 5.0028206421762045, "extTest": {"res1": -9.385416273395387, "res2": 88.08603862491496}}, "Point T3-167-07082019113513-GenNb6": {"Lambda": 0.69013992, "Kappa": 0.32218022649429046, "tanBeta": 3.1141643496977993, "mBottom": 3.0518810627038433, "ChiSquared": null, "LogL": null, "testCalc": 3.00555581605561, "extTest": {"res1": -4.280332488314806, "res2": 18.321246210523217}}, "Point T3-725-07082019113457-GenNb1": {"Lambda": 0.09486599999999995, "Kappa": 0.4158, "tanBeta": 10.743039999999999, "mBottom": 10.528179199999999, "ChiSquared": null, "LogL": null, "testCalc": 9.740045189956, "extTest": {"res1": -847.3399429464147, "res2": 717984.9789124333}}, "Point T3-469-07082019113511-GenNb5": {"Lambda": 0.8814, "Kappa": 0.43781408, "tanBeta": 11.550946258415998, "mBottom": 11.319927333247678, "ChiSquared": null, "LogL": null, "testCalc": 11.493996535881681, "extTest": {"res1": -82.38877134400717, "res2": 6787.909643575097}}, "Point T3-408-07082019113508-GenNb4": {"Lambda": 1.013664, "Kappa": 0.1622, "tanBeta": 16.78381715312, "mBottom": 16.448140810057602, "ChiSquared": null, "LogL": null, "testCalc": 11.973920252160864, "extTest": {"res1": -274.57492677380884, "res2": 75391.39041284249}}, "Point T3-496-07082019113508-GenNb4": {"Lambda": 0.5770163544776514, "Kappa": 0.9534920930263948, "tanBeta": 8.191764703835393, "mBottom": 8.027929409758684, "ChiSquared": null, "LogL": null, "testCalc": 12.157695451253774, "extTest": {"res1": -623.4105741891894, "res2": 388640.74401089485}}, "Point T3-226-07082019113505-GenNb3": {"Lambda": 0.9314, "Kappa": 0.33937200000000006, "tanBeta": 2.9476479999999974, "mBottom": 2.8886950399999973, "ChiSquared": null, "LogL": null, "testCalc": 3.312202677055998, "extTest": {"res1": 62.81298958338811, "res2": 3945.471660402823}}, "Point T3-231-07082019113508-GenNb4": {"Lambda": 0.6106, "Kappa": 0.256, "tanBeta": 7.6961431498711415, "mBottom": 7.542220286873719, "ChiSquared": null, "LogL": null, "testCalc": 6.114155149803872, "extTest": {"res1": 41.98044407068014, "res2": 1762.3576843715036}}, "Point T3-170-07082019113505-GenNb3": {"Lambda": 0.029798355436234714, "Kappa": 0.39523914151761597, "tanBeta": 8.061484485087142, "mBottom": 7.900254795385399, "ChiSquared": null, "LogL": null, "testCalc": 7.137229546922827, "extTest": {"res1": 62.33020016633044, "res2": 3885.0538527748195}}}