{"Point T5-843-07082019113511-GenNb6": {"Lambda": 0.3521989410489318, "Kappa": 0.6687204300814357, "tanBeta": 2.5046247418231133, "mBottom": 2.454532246986651, "ChiSquared": null, "LogL": null, "testCalc": 3.0262039521138715, "extTest": {"res1": -4.385730023142596, "res2": 19.234627835894354}}, "Point T5-825-07082019113511-GenNb6": {"Lambda": 0.19974599999999998, "Kappa": 0.653154148112576, "tanBeta": 3.918643343512537, "mBottom": 3.840270476642286, "ChiSquared": null, "LogL": null, "testCalc": 4.519511857626091, "extTest": {"res1": 60.726364564547865, "res2": 3687.6913532263748}}, "Point T5-289-07082019113509-GenNb5": {"Lambda": 0.22707861719041825, "Kappa": 0.406803672290879, "tanBeta": 9.929441774842447, "mBottom": 9.730852939345597, "ChiSquared": null, "LogL": null, "testCalc": 8.956324545862282, "extTest": {"res1": 65.82384211019286, "res2": 4332.778190147598}}, "Point T5-863-07082019113455-GenNb1": {"Lambda": 0.4166, "Kappa": 0.6024, "tanBeta": 5.047497999999999, "mBottom": 4.946548039999999, "ChiSquared": null, "LogL": null, "testCalc": 5.6874423752, "extTest": {"res1": 31.560794858779207, "res2": 996.083772117944}}, "Point T5-794-07082019113512-GenNb6": {"Lambda": 0.3113, "Kappa": 0.1896, "tanBeta": 3.3956167019846992, "mBottom": 3.3277043679450053, "ChiSquared": null, "LogL": null, "testCalc": 2.4045688006688017, "extTest": {"res1": -140.5826653031525, "res2": 19763.4857837382}}, "Point T5-11-07082019113512-GenNb6": {"Lambda": 0.33389932, "Kappa": 0.3884, "tanBeta": 9.713270057580312, "mBottom": 9.519004656428706, "ChiSquared": null, "LogL": null, "testCalc": 8.643625174475009, "extTest": {"res1": -127.28719237580509, "res2": 16202.029342915213}}, "Point T5-460-07082019113513-GenNb6": {"Lambda": 0.6357029445042967, "Kappa": 0.4755, "tanBeta": 9.942708623057019, "mBottom": 9.743854450595878, "ChiSquared": null, "LogL": null, "testCalc": 10.003803409212985, "extTest": {"res1": 551.2029711795428, "res2": 303824.7154371559}}, "Point T5-581-07082019113453-GenNb0": {"Lambda": 0.0862, "Kappa": 0.7929, "tanBeta": 2.826795999999998, "mBottom": 2.770260079999998, "ChiSquared": null, "LogL": null, "testCalc": 3.633927028399998, "extTest": {"res1": 4.909595627277883, "res2": 24.104129223386114}}, "Point T5-452-07082019113511-GenNb5": {"Lambda": 0.1524, "Kappa": 0.4268, "tanBeta": 7.401279825869494, "mBottom": 7.2532542293521045, "ChiSquared": null, "LogL": null, "testCalc": 6.808719104357152, "extTest": {"res1": 138.37927748882717, "res2": 19148.82443832983}}, "Point T5-601-07082019113505-GenNb3": {"Lambda": 0.4954, "Kappa": 0.10674806015025884, "tanBeta": 17.013481602394414, "mBottom": 16.673211970346525, "ChiSquared": null, "LogL": null, "testCalc": 10.398183302630983, "extTest": {"res1": -291.13662889394, "res2": 84760.53668372773}}, "Point T5-255-07082019113508-GenNb4": {"Lambda": 0.9947069334551712, "Kappa": 0.208, "tanBeta": 14.138581849707599, "mBottom": 13.855810212713447, "ChiSquared": null, "LogL": null, "testCalc": 10.858172014559694, "extTest": {"res1": -181.889442164902, "res2": 33083.769171059226}}, "Point T5-868-07082019113502-GenNb2": {"Lambda": 0.12009800000000004, "Kappa": 0.21969599999999997, "tanBeta": 6.57943, "mBottom": 6.447841400000001, "ChiSquared": null, "LogL": null, "testCalc": 4.6838186828840005, "extTest": {"res1": -18.267581065495673, "res2": 333.704517984456}}}