{"Point T4-680-07082019113454-GenNb1": {"Lambda": 0.8983, "Kappa": 0.6448, "tanBeta": 16.651549359999997, "mBottom": 16.318518372799996, "ChiSquared": null, "LogL": null, "testCalc": 19.703121103727995, "extTest": {"res1": 125.41059623143741, "res2": 15727.817647124622}}, "Point T4-947-07082019113454-GenNb1": {"Lambda": 0.419178, "Kappa": 0.1402, "tanBeta": 12.402997359999999, "mBottom": 12.154937412799999, "ChiSquared": null, "LogL": null, "testCalc": 7.992079131955999, "extTest": {"res1": 116.49943099994563, "res2": 13572.117423311092}}, "Point T4-16-07082019113501-GenNb3": {"Lambda": 0.5857, "Kappa": 1.1141191936, "tanBeta": 13.060244866399998, "mBottom": 12.799039969071998, "ChiSquared": null, "LogL": null, "testCalc": 21.293233953308103, "extTest": {"res1": 278.9543408113687, "res2": 77815.52425750524}}, "Point T4-445-07082019113458-GenNb2": {"Lambda": 0.9808, "Kappa": 0.06119545534243756, "tanBeta": 25.873601822138948, "mBottom": 25.35612978569617, "ChiSquared": null, "LogL": null, "testCalc": 15.2233803777028, "extTest": {"res1": -889.3958304677187, "res2": 791024.943253363}}, "Point T4-667-07082019113502-GenNb3": {"Lambda": 0.83, "Kappa": 0.564154, "tanBeta": 11.077244431685951, "mBottom": 10.855699543052232, "ChiSquared": null, "LogL": null, "testCalc": 12.366021526639473, "extTest": {"res1": 51.20511495148827, "res2": 2621.9637971951274}}, "Point T4-313-07082019113502-GenNb3": {"Lambda": 0.8196000000000001, "Kappa": 0.4728, "tanBeta": 21.659367882611704, "mBottom": 21.22618052495947, "ChiSquared": null, "LogL": null, "testCalc": 21.525383557378547, "extTest": {"res1": -475.70794344641007, "res2": 226298.04745801288}}, "Point T4-912-07082019113502-GenNb3": {"Lambda": 0.3025, "Kappa": 0.3540218701594525, "tanBeta": 4.877421720379811, "mBottom": 4.779873285972215, "ChiSquared": null, "LogL": null, "testCalc": 4.208156851991303, "extTest": {"res1": -51.02296292454701, "res2": 2603.342745599699}}, "Point T4-345-07082019113502-GenNb3": {"Lambda": 0.40470816000000004, "Kappa": 0.1341, "tanBeta": 4.260263648799999, "mBottom": 4.1750583758239985, "ChiSquared": null, "LogL": null, "testCalc": 2.8226192379866646, "extTest": {"res1": -80.7969206873098, "res2": 6528.142392551429}}, "Point T0-385-07082019112345": {"Lambda": 0.3247, "Kappa": 0.0122, "tanBeta": 33.065, "mBottom": 32.4037, "ChiSquared": null, "LogL": null, "testCalc": 16.71067309, "extTest": {"res1": 165799.49268479279, "res2": 27489471774.534657}}, "Point T4-577-07082019113453-GenNb0": {"Lambda": 0.3741, "Kappa": 0.53721, "tanBeta": 11.848797999999999, "mBottom": 11.611822039999998, "ChiSquared": null, "LogL": null, "testCalc": 12.311154603579997, "extTest": {"res1": 80.33059239631899, "res2": 6453.004074743542}}, "Point T4-607-07082019113503-GenNb3": {"Lambda": 0.4188396092013925, "Kappa": 0.227, "tanBeta": 11.367655267641341, "mBottom": 11.140302162288513, "ChiSquared": null, "LogL": null, "testCalc": 8.326035445134817, "extTest": {"res1": 55.87742871459817, "res2": 3122.287039755}}, "Point T4-743-07082019113456-GenNb1": {"Lambda": 0.7519, "Kappa": 0.8960169599999999, "tanBeta": 8.968374039999997, "mBottom": 8.789006559199997, "ChiSquared": null, "LogL": null, "testCalc": 12.995672133063714, "extTest": {"res1": 1504.4508014594721, "res2": 2263372.214012048}}}