{"Point T1-47-07082019112342": {"Lambda": 0.9438, "Kappa": 0.6852, "tanBeta": 11.8783, "mBottom": 11.640733999999998, "ChiSquared": null, "LogL": null, "testCalc": 14.850136599999999, "extTest": {"res1": 89.09672756242927, "res2": 7938.226862333743}}, "Point T0-190-07082019113508-GenNb4": {"Lambda": 0.9835, "Kappa": 0.1004, "tanBeta": 6.611265767566138, "mBottom": 6.479040452214815, "ChiSquared": null, "LogL": null, "testCalc": 4.870563559171048, "extTest": {"res1": 47.774559992449134, "res2": 2282.4085824721215}}, "Point T0-994-07082019113456-GenNb1": {"Lambda": 0.570136, "Kappa": 0.0601, "tanBeta": 21.460378195631243, "mBottom": 21.031170631718616, "ChiSquared": null, "LogL": null, "testCalc": 12.130409103912745, "extTest": {"res1": 572.3423693922072, "res2": 327575.7878014857}}, "Point T0-879-07082019113512-GenNb5": {"Lambda": 0.508804, "Kappa": 0.8004839661746697, "tanBeta": 13.135012713371857, "mBottom": 12.87231245910442, "ChiSquared": null, "LogL": null, "testCalc": 17.209404812522823, "extTest": {"res1": 435.230122621822, "res2": 189425.25963740618}}, "Point T0-819-07082019113508-GenNb4": {"Lambda": 0.5879, "Kappa": 0.5317393426888934, "tanBeta": 15.802710908458302, "mBottom": 15.486656690289136, "ChiSquared": null, "LogL": null, "testCalc": 16.491877866310794, "extTest": {"res1": 115.91003260398368, "res2": 13435.13565825656}}, "Point T0-970-07082019113501-GenNb2": {"Lambda": 0.7699, "Kappa": 0.5158, "tanBeta": 7.0686589203830295, "mBottom": 6.927285741975369, "ChiSquared": null, "LogL": null, "testCalc": 7.702403152121251, "extTest": {"res1": -58.30131276582025, "res2": 3399.043070217995}}, "Point T0-106-07082019113509-GenNb4": {"Lambda": 0.6024447518778575, "Kappa": 0.0804, "tanBeta": 10.779384228483526, "mBottom": 10.563796543913854, "ChiSquared": null, "LogL": null, "testCalc": 6.511500442992176, "extTest": {"res1": -106.04023840850245, "res2": 11244.532161732037}}, "Point T0-345-07082019113506-GenNb3": {"Lambda": 1.1464886194355253, "Kappa": 0.2214113914369515, "tanBeta": 7.869275886267899, "mBottom": 7.711890368542541, "ChiSquared": null, "LogL": null, "testCalc": 6.912728662346272, "extTest": {"res1": 28.50523878340286, "res2": 812.5486380988145}}, "Point T0-385-07082019113513-GenNb5": {"Lambda": 0.5956554536584939, "Kappa": 0.379, "tanBeta": 11.861022932367806, "mBottom": 11.623802473720449, "ChiSquared": null, "LogL": null, "testCalc": 10.662034347700729, "extTest": {"res1": 613.1095286515518, "res2": 375903.29412332806}}, "Point T0-498-07082019113514-GenNb5": {"Lambda": 0.8574651317563644, "Kappa": 0.06773286927689876, "tanBeta": 7.285430376998067, "mBottom": 7.139721769458106, "ChiSquared": null, "LogL": null, "testCalc": 4.798570440258169, "extTest": {"res1": -234.1404943282368, "res2": 54821.77108427109}}, "Point T0-497-07082019113510-GenNb4": {"Lambda": 0.644478, "Kappa": 0.657, "tanBeta": 28.3629, "mBottom": 27.795642, "ChiSquared": null, "LogL": null, "testCalc": 32.947598192484, "extTest": {"res1": 536.5773316801059, "res2": 287915.23287294235}}, "Point T2-761-07082019112346": {"Lambda": 0.6565, "Kappa": 0.0826, "tanBeta": 27.4521, "mBottom": 26.903058, "ChiSquared": null, "LogL": null, "testCalc": 16.15006471, "extTest": {"res1": 578.7150050649852, "res2": 334911.0570873659}}, "Point T4-688-07082019112346": {"Lambda": 0.4842, "Kappa": 0.6102, "tanBeta": 14.4506, "mBottom": 14.161588, "ChiSquared": null, "LogL": null, "testCalc": 16.132999759999997, "extTest": {"res1": 159.64034859393476, "res2": 25485.04089919301}}}