{"Point T7-576-07082019113511-GenNb6": {"Lambda": 0.580036, "Kappa": 1.1203021470807104, "tanBeta": 29.572694106555115, "mBottom": 28.981240224424013, "ChiSquared": null, "LogL": null, "testCalc": 47.95741457604277, "extTest": {"res1": -545.4071245018641, "res2": 297468.93145739194}}, "Point T7-326-07082019113501-GenNb3": {"Lambda": 0.42823200000000006, "Kappa": 0.1771, "tanBeta": 16.47286, "mBottom": 16.1434028, "ChiSquared": null, "LogL": null, "testCalc": 11.172427551824, "extTest": {"res1": 641.8863944659569, "res2": 412018.143400506}}, "Point T7-467-07082019113512-GenNb6": {"Lambda": 0.6859, "Kappa": 0.5886061470807105, "tanBeta": 22.084820302183022, "mBottom": 21.64312389613936, "ChiSquared": null, "LogL": null, "testCalc": 24.291281745107483, "extTest": {"res1": -2158.533733974425, "res2": 4659267.8807055745}}, "Point T2-279-07082019112344": {"Lambda": 0.311, "Kappa": 0.7833, "tanBeta": 21.4299, "mBottom": 21.001302, "ChiSquared": null, "LogL": null, "testCalc": 27.38341267, "extTest": {"res1": -307.77604226768983, "res2": 94726.0921939628}}, "Point T7-480-07082019112344": {"Lambda": 0.8001, "Kappa": 0.3948, "tanBeta": 24.1342, "mBottom": 23.651516, "ChiSquared": null, "LogL": null, "testCalc": 21.994100170000003, "extTest": {"res1": 958.7148553895254, "res2": 919134.1739445586}}, "Point T7-589-07082019113513-GenNb6": {"Lambda": 0.070212, "Kappa": 0.36202043999999994, "tanBeta": 10.890268225194882, "mBottom": 10.672462860690985, "ChiSquared": null, "LogL": null, "testCalc": 9.283660849892561, "extTest": {"res1": -157.0581516192854, "res2": 24667.262990066443}}, "Point T7-308-07082019113453-GenNb0": {"Lambda": 0.622626, "Kappa": 0.57036, "tanBeta": 18.751438, "mBottom": 18.37640924, "ChiSquared": null, "LogL": null, "testCalc": 20.270937933556, "extTest": {"res1": -599.0648515049655, "res2": 358878.6963086664}}, "Point T5-854-07082019112345": {"Lambda": 0.7838, "Kappa": 0.6026, "tanBeta": 26.1281, "mBottom": 25.605538, "ChiSquared": null, "LogL": null, "testCalc": 29.1619045, "extTest": {"res1": -672.326280587448, "res2": 452022.6275685518}}, "Point T6-766-07082019112345": {"Lambda": 0.5699, "Kappa": 0.88, "tanBeta": 39.7832, "mBottom": 38.987536, "ChiSquared": null, "LogL": null, "testCalc": 54.82777001, "extTest": {"res1": -11579.99711402808, "res2": 134096333.16089866}}, "Point T3-101-07082019112345": {"Lambda": 0.7303, "Kappa": 0.0744, "tanBeta": 28.9933, "mBottom": 28.413434000000002, "ChiSquared": null, "LogL": null, "testCalc": 16.89715661, "extTest": {"res1": 127479.13785752664, "res2": 16250930588.898283}}, "Point T7-136-07082019113514-GenNb6": {"Lambda": 0.479807401692958, "Kappa": -0.06876464372296551, "tanBeta": 11.862040659858707, "mBottom": 11.624799846661533, "ChiSquared": null, "LogL": null, "testCalc": 5.2269260662476, "extTest": {"res1": -65.92937756995038, "res2": 4346.682826761075}}, "Point T7-760-07082019113511-GenNb5": {"Lambda": 0.3891445480196332, "Kappa": 0.41077781254096135, "tanBeta": 14.44381009069501, "mBottom": 14.154933888881109, "ChiSquared": null, "LogL": null, "testCalc": 13.16209713750672, "extTest": {"res1": 2108.566550478438, "res2": 4446052.897796539}}}