{"Point T2-73-26072019135210": {"Lambda": 0.41761208680232725, "Kappa": 0.13742490481917988, "tanBeta": 4.14078222279338, "mBottom": 4.0579665783375125, "ChiSquared": null, "LogL": null, "testCalc": 2.772429747056483, "extTest": {"res1": 16.68351928963332, "res2": 278.3398158875671}}}