{"Point T0-588-26072019135111": {"Lambda": 0.4132887126304285, "Kappa": 0.7068248576701113, "tanBeta": 4.217491527379242, "mBottom": 4.133141696831657, "ChiSquared": null, "LogL": null, "testCalc": 5.218406256968279, "extTest": {"res1": 24.151752376337413, "res2": 583.3071428479199}}}