{"Point T7-250-26072019135220": {"Lambda": 0.4602119141890657, "Kappa": 0.1345016396273474, "tanBeta": 5.005704262346047, "mBottom": 4.905590177099126, "ChiSquared": null, "LogL": null, "testCalc": 3.3378655252862717, "extTest": {"res1": 119.8908306426523, "res2": 14373.811272185138}}}