{"Point T1-826-26072019135150": {"Lambda": 0.4602345632050168, "Kappa": 0.1081223281905358, "tanBeta": 4.384803704630451, "mBottom": 4.297107630537842, "ChiSquared": null, "LogL": null, "testCalc": 2.8344648536405646, "extTest": {"res1": -109.87148576249892, "res2": 12071.743383659003}}}