{"Point T5-674-26072019135212": {"Lambda": 0.6127362371647145, "Kappa": 0.30532208803409805, "tanBeta": 4.391942517803101, "mBottom": 4.3041036674470385, "ChiSquared": null, "LogL": null, "testCalc": 3.8684545901196694, "extTest": {"res1": -397.48270216413135, "res2": 157992.49851969955}}}