{"Point T4-406-26072019135210": {"Lambda": 0.7511373890002231, "Kappa": 0.22896277748944444, "tanBeta": 4.379496899862887, "mBottom": 4.291906961865629, "ChiSquared": null, "LogL": null, "testCalc": 3.712902632285905, "extTest": {"res1": -28.78819113386208, "res2": 828.7599487597754}}}