{"Point T3-220-21082019131649-GenNb0": {"x": 2.314852000000001, "y": -25.02852, "fAckley": 20.804890014578522, "ChiSquared": null},"Point T3-303-21082019131649-GenNb0": {"x": 12.227434000000002, "y": -7.049034, "fAckley": 18.272446818421972, "ChiSquared": null},"Point T3-217-21082019131649-GenNb0": {"x": 6.792218000000002, "y": -10.0637, "fAckley": 17.3195474028843, "ChiSquared": null},"Point T3-698-21082019131650-GenNb0": {"x": -4.194306, "y": -27.1494, "fAckley": 20.71241037799032, "ChiSquared": null},"Point T3-450-21082019131650-GenNb0": {"x": -2.6918879999999996, "y": -23.0409, "fAckley": 20.609509325198083, "ChiSquared": null},"Point T3-508-21082019131650-GenNb0": {"x": 5.198887999999998, "y": 4.126928000000003, "fAckley": 13.235314088287526, "ChiSquared": null},"Point T3-221-21082019131650-GenNb0": {"x": -45.931308, "y": -13.9569, "fAckley": 20.1461858214882, "ChiSquared": null},"Point T3-818-21082019131651-GenNb0": {"x": 4.801002000000002, "y": 10.4659, "fAckley": 18.0752679043009, "ChiSquared": null},"Point T3-800-21082019131651-GenNb0": {"x": 23.8255, "y": 3.1754239999999987, "fAckley": 20.47538636251721, "ChiSquared": null},"Point T3-712-21082019131651-GenNb0": {"x": -34.035628, "y": -4.5324, "fAckley": 21.564776877711754, "ChiSquared": null},"Point T3-33-21082019131651-GenNb0": {"x": 10.90663, "y": 5.7133, "fAckley": 17.859512019285578, "ChiSquared": null},"Point T3-500-21082019131651-GenNb0": {"x": -3.337, "y": -4.68636, "fAckley": 13.218393575774275, "ChiSquared": null},"Point T3-528-21082019131651-GenNb0": {"x": -16.329, "y": -17.523173999999997, "fAckley": 21.561753127859383, "ChiSquared": null},"Point T3-789-21082019131652-GenNb0": {"x": -41.0279, "y": -26.1455, "fAckley": 20.47763323876516, "ChiSquared": null},"Point T3-778-21082019131653-GenNb0": {"x": -16.433494000000003, "y": -1.5364, "fAckley": 20.391402619809394, "ChiSquared": null},"Point T3-215-21082019131653-GenNb0": {"x": 3.128254, "y": 26.8109, "fAckley": 20.574630832755044, "ChiSquared": null},"Point T3-810-21082019131654-GenNb0": {"x": 16.119774000000003, "y": 22.4917, "fAckley": 21.444536935568784, "ChiSquared": null},"Point T3-284-21082019131654-GenNb0": {"x": -0.6671180000000003, "y": -10.7696, "fAckley": 17.54093123313555, "ChiSquared": null},"Point T3-34-21082019131654-GenNb0": {"x": -20.7029, "y": -2.9362479999999995, "fAckley": 20.309213756951742, "ChiSquared": null},"Point T3-56-21082019131654-GenNb0": {"x": -38.876626, "y": 13.981614, "fAckley": 20.311675910093477, "ChiSquared": null},"Point T3-863-21082019131654-GenNb0": {"x": 4.451969999999999, "y": 3.9134, "fAckley": 13.117514656993976, "ChiSquared": null},"Point T3-705-21082019131655-GenNb0": {"x": 5.9979960000000005, "y": 4.647746, "fAckley": 14.65751228199627, "ChiSquared": null},"Point T3-172-21082019131655-GenNb0": {"x": 6.2980160000000005, "y": 26.055024, "fAckley": 20.887083886887893, "ChiSquared": null},"Point T3-318-21082019131655-GenNb0": {"x": -12.139658, "y": 36.166118, "fAckley": 20.85741721627905, "ChiSquared": null},"Point T3-898-21082019131655-GenNb0": {"x": -8.5701, "y": -25.348972, "fAckley": 21.788329774234704, "ChiSquared": null},"Point T3-703-21082019131655-GenNb0": {"x": -18.280873999999997, "y": -15.848998, "fAckley": 20.84985054325674, "ChiSquared": null},"Point T3-353-21082019131655-GenNb0": {"x": 1.113714, "y": -27.295, "fAckley": 21.029325674426794, "ChiSquared": null},"Point T3-401-21082019131655-GenNb0": {"x": -7.7298, "y": 13.890578, "fAckley": 19.224857700934106, "ChiSquared": null},"Point T3-545-21082019131656-GenNb0": {"x": -10.684231999999998, "y": -2.1021, "fAckley": 17.20925669261853, "ChiSquared": null},"Point T3-442-21082019131656-GenNb0": {"x": 1.1354, "y": -21.134594, "fAckley": 19.778383789026496, "ChiSquared": null},"Point T3-794-21082019131656-GenNb0": {"x": -25.208788, "y": 10.683741999999999, "fAckley": 21.37343652150196, "ChiSquared": null},"Point T3-932-21082019131656-GenNb0": {"x": -10.367132, "y": -13.6531, "fAckley": 20.410568854825097, "ChiSquared": null},"Point T3-356-21082019131657-GenNb0": {"x": 8.6768, "y": -12.052848, "fAckley": 18.984847085701613, "ChiSquared": null},"Point T3-714-21082019131657-GenNb0": {"x": 1.0676760000000005, "y": -2.277954000000001, "fAckley": 7.26076805129939, "ChiSquared": null},"Point T3-244-21082019131657-GenNb0": {"x": 38.841622, "y": -16.139346, "fAckley": 20.857585970513256, "ChiSquared": null},"Point T3-41-21082019131657-GenNb0": {"x": 0.5762159999999987, "y": 17.6411, "fAckley": 20.602502539538975, "ChiSquared": null},"Point T3-941-21082019131658-GenNb0": {"x": 6.992292000000001, "y": 28.5999, "fAckley": 21.30795160779036, "ChiSquared": null},"Point T3-914-21082019131658-GenNb0": {"x": -8.295016, "y": -19.6826, "fAckley": 21.03466783592507, "ChiSquared": null},"Point T3-942-21082019131659-GenNb0": {"x": -13.1272, "y": 11.031917999999997, "fAckley": 18.635532528018388, "ChiSquared": null},"Point T3-994-21082019131659-GenNb0": {"x": 20.918889999999998, "y": 4.064087999999998, "fAckley": 19.285143588709, "ChiSquared": null},"Point T3-889-21082019131659-GenNb0": {"x": 8.250342, "y": 10.648166, "fAckley": 19.000726031961698, "ChiSquared": null},"Point T3-502-21082019131659-GenNb0": {"x": -7.6898, "y": 10.246224000000002, "fAckley": 18.609535277706332, "ChiSquared": null},"Point T3-254-21082019131659-GenNb0": {"x": -26.933514000000002, "y": 29.0193, "fAckley": 20.049924750076013, "ChiSquared": null},"Point T3-168-21082019131659-GenNb0": {"x": 0.0478, "y": 7.277157999999998, "fAckley": 14.091205099675836, "ChiSquared": null},"Point T3-603-21082019131700-GenNb0": {"x": -20.780766, "y": -9.368687999999999, "fAckley": 21.138021422526954, "ChiSquared": null},"Point T3-543-21082019131700-GenNb0": {"x": -28.2324, "y": -11.571658, "fAckley": 21.777271755259935, "ChiSquared": null},"Point T3-474-21082019131701-GenNb0": {"x": 4.096490000000001, "y": 11.2433, "fAckley": 17.496116277893197, "ChiSquared": null},"Point T3-95-21082019131701-GenNb0": {"x": 2.2409979999999976, "y": 9.631367999999998, "fAckley": 17.04595525861817, "ChiSquared": null},"Point T3-937-21082019131701-GenNb0": {"x": -14.7765, "y": 21.066858, "fAckley": 20.477798777307665, "ChiSquared": null},"Point T3-990-21082019131702-GenNb0": {"x": 4.008407999999999, "y": 20.4964, "fAckley": 20.675755674783662, "ChiSquared": null},"Point T3-510-21082019131703-GenNb0": {"x": 10.235363999999997, "y": -21.7205, "fAckley": 21.093127043819475, "ChiSquared": null},"Point T3-66-21082019131703-GenNb0": {"x": 11.04855, "y": -9.6187, "fAckley": 19.08287977667592, "ChiSquared": null},"Point T3-102-21082019131704-GenNb0": {"x": 9.182858000000001, "y": 25.137652000000003, "fAckley": 20.56661175733034, "ChiSquared": null},"Point T3-263-21082019131704-GenNb0": {"x": -10.8627, "y": 18.299596, "fAckley": 20.544457507750217, "ChiSquared": null},"Point T3-748-21082019131704-GenNb0": {"x": -24.882846, "y": 11.055700000000002, "fAckley": 19.97605751425178, "ChiSquared": null},"Point T3-542-21082019131704-GenNb0": {"x": -8.3601, "y": -0.05036199999999935, "fAckley": 15.417851569612084, "ChiSquared": null}}