{"Point T0-582-19072019150946-GenNb0": {"Lambda": 0.24245, "Kappa": 0.7071, "tanBeta": 32.71995, "mBottom": 32.065551, "ChiSquared": null, "testCalc": 39.22783414749999, "extTest": {"res1": 1313.8543051393408, "res2": 1726213.13513318}},"Point T0-487-19072019150948-GenNb2": {"Lambda": 0.37460000000000004, "Kappa": 0.1198, "tanBeta": 14.3582, "mBottom": 14.071036, "ChiSquared": null, "testCalc": 8.89595552, "extTest": {"res1": 123.40004659353968, "res2": 15227.571499287766}},"Point T0-852-19072019150949-GenNb2": {"Lambda": 0.24245, "Kappa": 0.7071, "tanBeta": 24.584075, "mBottom": 24.092393499999996, "ChiSquared": null, "testCalc": 29.488378184999995, "extTest": {"res1": -1988.265196121395, "res2": 3953198.4901076495}},"Point T0-837-19072019150949-GenNb3": {"Lambda": 0.37460000000000004, "Kappa": 0.1198, "tanBeta": 8.200262500000001, "mBottom": 8.03625725, "ChiSquared": null, "testCalc": 5.1408452325, "extTest": {"res1": 18.222613276177302, "res2": 332.06363461311327}},"Point T0-534-19072019150950-GenNb3": {"Lambda": 0.6322, "Kappa": 0.3107, "tanBeta": 20.235574999999997, "mBottom": 19.830863499999996, "ChiSquared": null, "testCalc": 16.602301742499996, "extTest": {"res1": 392.53413633554965, "res2": 154083.0481886959}},"Point T0-520-19072019150951-GenNb4": {"Lambda": 0.24245, "Kappa": 0.7071, "tanBeta": 18.28585625, "mBottom": 17.920139125, "ChiSquared": null, "testCalc": 21.948780519374996, "extTest": {"res1": 418.0541234622284, "res2": 174769.2501437721}},"Point T0-576-19072019150955-GenNb7": {"Lambda": 0.6322, "Kappa": 0.3107, "tanBeta": 14.30216875, "mBottom": 14.016125375, "ChiSquared": null, "testCalc": 11.851423358125, "extTest": {"res1": -1774.7891907187602, "res2": 3149876.671492152}}}