{"Point T1-137-19072019150948-GenNb2": {"Lambda": 0.3281, "Kappa": 0.0343, "tanBeta": 16.6263, "mBottom": 16.293774, "ChiSquared": null, "testCalc": 8.824818699999998, "extTest": {"res1": 549.3473748365841, "res2": 301782.5382398464}},"Point T1-920-19072019150949-GenNb2": {"Lambda": 0.947, "Kappa": 0.4691, "tanBeta": 26.0226, "mBottom": 25.502148000000002, "ChiSquared": null, "testCalc": 25.855084660000003, "extTest": {"res1": -2226.400072330776, "res2": 4956857.282074484}},"Point T1-683-19072019150949-GenNb3": {"Lambda": 0.9228, "Kappa": 0.3443, "tanBeta": 16.6733, "mBottom": 16.339834, "ChiSquared": null, "testCalc": 14.76209403, "extTest": {"res1": 70.03344615682099, "res2": 4904.683580600344}},"Point T1-816-19072019150951-GenNb4": {"Lambda": 0.947, "Kappa": 0.4691, "tanBeta": 21.30095, "mBottom": 20.874931, "ChiSquared": null, "testCalc": 21.326550145, "extTest": {"res1": 566.1266952233982, "res2": 320499.4350445664}},"Point T1-420-19072019150953-GenNb6": {"Lambda": 0.3281, "Kappa": 0.08274999999999996, "tanBeta": 13.049225, "mBottom": 12.788240499999999, "ChiSquared": null, "testCalc": 7.581593228749999, "extTest": {"res1": 352.4749018369787, "res2": 124238.55642498776}},"Point T1-883-19072019150953-GenNb6": {"Lambda": 0.1901, "Kappa": 0.4691, "tanBeta": 11.832975000000001, "mBottom": 11.596315500000001, "ChiSquared": null, "testCalc": 11.385144332500001, "extTest": {"res1": 94.90029032066359, "res2": 9006.065102946235}},"Point T1-95-19072019150955-GenNb8": {"Lambda": 0.1901, "Kappa": 0.4691, "tanBeta": 11.284187500000002, "mBottom": 11.058503750000002, "ChiSquared": null, "testCalc": 10.858802241250002, "extTest": {"res1": 463.53968302634684, "res2": 214869.0377401661}}}