{"Point T7-793-19082019103205-GenNb0": {"x": -30.063044, "y": 29.9239, "fAckley": 20.19619962611187, "ChiSquared": null},"Point T7-775-19082019103205-GenNb0": {"x": -7.0834, "y": -0.6466119999999975, "fAckley": 14.26467643276984, "ChiSquared": null},"Point T7-6-19082019103206-GenNb0": {"x": -13.660006, "y": 17.8753, "fAckley": 20.797723629542755, "ChiSquared": null},"Point T7-380-19082019103207-GenNb1": {"x": 5.833063999999999, "y": 1.2779, "fAckley": 12.946764484756118, "ChiSquared": null},"Point T7-906-19082019103207-GenNb1": {"x": 23.8625, "y": -14.010660000000003, "fAckley": 20.040119419449802, "ChiSquared": null},"Point T7-930-19082019103208-GenNb2": {"x": -1.3464439999999982, "y": -18.1782, "fAckley": 20.264114498073397, "ChiSquared": null},"Point T7-106-19082019103208-GenNb2": {"x": -46.219713039999995, "y": -10.1115, "fAckley": 21.082511889395743, "ChiSquared": null},"Point T7-922-19082019103208-GenNb2": {"x": 10.300790959999999, "y": 2.5079519999999977, "fAckley": 17.73379095934419, "ChiSquared": null},"Point T7-31-19082019103208-GenNb2": {"x": -0.8950217600000006, "y": -14.334426, "fAckley": 18.941816211652746, "ChiSquared": null},"Point T7-974-19082019103209-GenNb2": {"x": 28.005544, "y": -19.1179, "fAckley": 20.16920475155606, "ChiSquared": null},"Point T7-933-19082019103210-GenNb3": {"x": -16.51300904, "y": 1.9983379199999973, "fAckley": 19.813694179805633, "ChiSquared": null},"Point T7-439-19082019103210-GenNb3": {"x": 4.611605321599998, "y": 2.5079519999999977, "fAckley": 12.784525358883288, "ChiSquared": null},"Point T7-131-19082019103210-GenNb3": {"x": -0.8950217600000006, "y": -3.0343599999999977, "fAckley": 7.513155278643634, "ChiSquared": null},"Point T7-432-19082019103210-GenNb3": {"x": 23.8625, "y": -8.975450319999997, "fAckley": 19.907050273498914, "ChiSquared": null},"Point T7-287-19082019103211-GenNb4": {"x": 8.428537752256, "y": 4.8957, "fAckley": 16.731559487838467, "ChiSquared": null},"Point T7-117-19082019103211-GenNb4": {"x": -1.3942143615999996, "y": 1.9983379199999973, "fAckley": 7.43581597278407, "ChiSquared": null},"Point T7-493-19082019103211-GenNb4": {"x": 0.17106872000000095, "y": -19.1179, "fAckley": 19.544521847362397, "ChiSquared": null},"Point T7-554-19082019103212-GenNb5": {"x": 6.131002678399998, "y": -18.1782, "fAckley": 19.644508255966073, "ChiSquared": null},"Point T7-631-19082019103212-GenNb5": {"x": -1.8714110735449623, "y": -0.6466119999999975, "fAckley": 6.558766075534688, "ChiSquared": null},"Point T7-261-19082019103213-GenNb5": {"x": 0.17106872000000095, "y": -7.877059211199998, "fAckley": 14.340141940904452, "ChiSquared": null},"Point T7-98-19082019103213-GenNb5": {"x": 0.7098342400000011, "y": -8.975450319999997, "fAckley": 15.67346517212227, "ChiSquared": null},"Point T7-627-19082019103213-GenNb6": {"x": 6.131002678399998, "y": 5.354043599999996, "fAckley": 15.356147660699868, "ChiSquared": null},"Point T7-426-19082019103214-GenNb7": {"x": 2.746237633855999, "y": 4.8957, "fAckley": 12.207212250784135, "ChiSquared": null},"Point T7-285-19082019103214-GenNb7": {"x": 3.4618945058560016, "y": 2.6809342512000005, "fAckley": 11.452484655488732, "ChiSquared": null},"Point T7-333-19082019103214-GenNb7": {"x": 4.691620867456001, "y": 5.354043599999996, "fAckley": 14.7934878598389, "ChiSquared": null},"Point T7-111-19082019103215-GenNb7": {"x": -0.8950217600000006, "y": 3.017279544000001, "fAckley": 7.462454855349856, "ChiSquared": null},"Point T7-506-19082019103215-GenNb8": {"x": 2.937386719460636, "y": 2.6809342512000005, "fAckley": 10.035633496892844, "ChiSquared": null},"Point T7-191-19082019103215-GenNb8": {"x": 4.691620867456001, "y": 2.5417905168000026, "fAckley": 12.798701119669245, "ChiSquared": null},"Point T7-566-19082019103216-GenNb8": {"x": 5.006570697339676, "y": 2.5079519999999977, "fAckley": 12.658451221438959, "ChiSquared": null},"Point T7-624-19082019103216-GenNb9": {"x": 2.746237633855999, "y": 2.0028381318079993, "fAckley": 8.721939347374692, "ChiSquared": null},"Point T7-845-19082019103216-GenNb9": {"x": 1.1351752348440205, "y": 2.6809342512000005, "fAckley": 8.34069277115272, "ChiSquared": null},"Point T7-441-19082019103216-GenNb9": {"x": 4.691620867456001, "y": -2.0990094995199957, "fAckley": 11.795062696958396, "ChiSquared": null},"Point T7-575-19082019103217-GenNb9": {"x": -0.05018812165504083, "y": 1.9983379199999973, "fAckley": 4.9913051358125, "ChiSquared": null},"Point T7-806-19082019103217-GenNb9": {"x": 5.006570697339676, "y": 3.0235669471999964, "fAckley": 11.26998677171573, "ChiSquared": null},"Point T7-230-19082019103217-GenNb9": {"x": 4.677103580283676, "y": 1.8354505281599953, "fAckley": 11.855561894810656, "ChiSquared": null},"Point T7-958-19082019103218-GenNb10": {"x": 4.691620867456001, "y": 1.9009271007455968, "fAckley": 11.688431956094801, "ChiSquared": null},"Point T7-68-19082019103218-GenNb10": {"x": -0.5874581393689611, "y": -3.3538314366764745, "fAckley": 9.879525230206742, "ChiSquared": null},"Point T7-715-19082019103218-GenNb10": {"x": 0.4315555180440195, "y": -0.6466119999999975, "fAckley": 4.3314213441955935, "ChiSquared": null},"Point T7-238-19082019103218-GenNb10": {"x": -0.8950217600000006, "y": -0.5868675769920009, "fAckley": 4.5592220325013315, "ChiSquared": null},"Point T7-914-19082019103218-GenNb10": {"x": 0.17106872000000095, "y": 0.8273864214079979, "fAckley": 3.3682125955528837, "ChiSquared": null},"Point T7-374-19082019103219-GenNb10": {"x": 2.518322837523908, "y": 1.8354505281599953, "fAckley": 9.060688764659636, "ChiSquared": null},"Point T7-226-19082019103219-GenNb11": {"x": 1.1351752348440205, "y": 1.0596523992959943, "fAckley": 4.446068503167687, "ChiSquared": null},"Point T7-320-19082019103219-GenNb11": {"x": 1.489773446535208, "y": 1.9009271007455968, "fAckley": 7.593559537448156, "ChiSquared": null},"Point T7-191-19082019103219-GenNb11": {"x": 0.39898351633209206, "y": 2.517642851107906, "fAckley": 8.36486368170056, "ChiSquared": null},"Point T7-895-19082019103219-GenNb11": {"x": 2.949229623472485, "y": 3.0235669471999964, "fAckley": 9.076551405997868, "ChiSquared": null},"Point T7-98-19082019103220-GenNb11": {"x": -0.8950217600000006, "y": 0.00925438076824281, "fAckley": 2.650682572691729, "ChiSquared": null},"Point T7-577-19082019103220-GenNb11": {"x": -1.102888647723226, "y": -1.3278098756519046, "fAckley": 5.8716775874209475, "ChiSquared": null},"Point T7-64-19082019103220-GenNb12": {"x": -0.5985684789284929, "y": 2.0028381318079993, "fAckley": 6.739696705577778, "ChiSquared": null},"Point T7-452-19082019103221-GenNb12": {"x": -1.168861296597053, "y": 0.13412372917968185, "fAckley": 4.003713859084527, "ChiSquared": null},"Point T7-357-19082019103221-GenNb12": {"x": -0.18738026755236964, "y": 1.1158755107627, "fAckley": 3.9164071904181843, "ChiSquared": null},"Point T7-572-19082019103221-GenNb12": {"x": -0.05018812165504083, "y": 0.23585040923729983, "fAckley": 1.7072173956224153, "ChiSquared": null},"Point T7-356-19082019103221-GenNb12": {"x": 0.03387657410267214, "y": 3.0235669471999964, "fAckley": 7.004032851407789, "ChiSquared": null},"Point T7-937-19082019103221-GenNb12": {"x": 0.9979830889466916, "y": 0.00925438076824281, "fAckley": 2.635088499148996, "ChiSquared": null}}