{"Point T4-507-19082019103205-GenNb0": {"x": 25.21716, "y": 13.140921999999998, "fAckley": 20.83942039395916, "ChiSquared": null},"Point T4-626-19082019103205-GenNb0": {"x": 4.538276, "y": -15.2187, "fAckley": 19.923177590578792, "ChiSquared": null},"Point T4-289-19082019103205-GenNb0": {"x": 2.1926640000000006, "y": 13.356, "fAckley": 18.893065880660753, "ChiSquared": null},"Point T4-969-19082019103206-GenNb0": {"x": -9.675785999999999, "y": 26.9701, "fAckley": 21.06532206950925, "ChiSquared": null},"Point T4-395-19082019103206-GenNb0": {"x": -3.0182540000000007, "y": 12.7891, "fAckley": 17.74384275751004, "ChiSquared": null},"Point T4-753-19082019103206-GenNb1": {"x": 25.21716, "y": -11.125256, "fAckley": 20.735746406671733, "ChiSquared": null},"Point T4-732-19082019103206-GenNb1": {"x": 8.6815, "y": -0.18589200000000083, "fAckley": 15.87344611193296, "ChiSquared": null},"Point T4-340-19082019103206-GenNb1": {"x": -12.63214276, "y": -15.1308, "fAckley": 20.483695307406254, "ChiSquared": null},"Point T4-653-19082019103207-GenNb1": {"x": -9.20207616, "y": -8.396907999999998, "fAckley": 18.504898615025418, "ChiSquared": null},"Point T4-333-19082019103207-GenNb1": {"x": 0.8483229999999997, "y": 13.356, "fAckley": 18.723911473897033, "ChiSquared": null},"Point T4-285-19082019103207-GenNb2": {"x": -15.720581, "y": -11.125256, "fAckley": 20.107219627950563, "ChiSquared": null},"Point T4-92-19082019103207-GenNb2": {"x": 7.035700820000001, "y": -0.18589200000000083, "fAckley": 13.345624220963826, "ChiSquared": null},"Point T4-286-19082019103208-GenNb2": {"x": 6.179600221600001, "y": 5.8225, "fAckley": 15.155449421702123, "ChiSquared": null},"Point T4-763-19082019103208-GenNb2": {"x": 4.538276, "y": 1.466731280000003, "fAckley": 12.15272517855721, "ChiSquared": null},"Point T4-101-19082019103208-GenNb2": {"x": 4.6323, "y": -14.015070000000001, "fAckley": 19.06388049214948, "ChiSquared": null},"Point T4-487-19082019103208-GenNb2": {"x": -34.1826159816, "y": -11.040567039999999, "fAckley": 20.601628151298183, "ChiSquared": null},"Point T4-281-19082019103209-GenNb3": {"x": -1.4155209560000004, "y": 8.911631279999998, "fAckley": 16.142070604334553, "ChiSquared": null},"Point T4-389-19082019103209-GenNb3": {"x": -9.20207616, "y": -5.5221006448, "fAckley": 17.627124867640063, "ChiSquared": null},"Point T4-148-19082019103209-GenNb4": {"x": -3.1162055918560014, "y": -11.125256, "fAckley": 16.749143371327595, "ChiSquared": null},"Point T4-559-19082019103210-GenNb4": {"x": 4.839884830960001, "y": 8.911631279999998, "fAckley": 15.953305591219264, "ChiSquared": null},"Point T4-483-19082019103210-GenNb4": {"x": -4.5373325852, "y": 2.300602294432, "fAckley": 12.451930473048172, "ChiSquared": null},"Point T4-461-19082019103210-GenNb4": {"x": 0.8483229999999997, "y": -8.010704635200002, "fAckley": 14.116848621471412, "ChiSquared": null},"Point T4-910-19082019103211-GenNb5": {"x": 4.839884830960001, "y": -8.066599348800002, "fAckley": 15.367075081688855, "ChiSquared": null},"Point T4-948-19082019103211-GenNb5": {"x": -9.20207616, "y": 4.177387130474878, "fAckley": 16.48252978385256, "ChiSquared": null},"Point T4-47-19082019103211-GenNb5": {"x": -3.0182540000000007, "y": -2.0551664255679967, "fAckley": 8.155030978051297, "ChiSquared": null},"Point T4-525-19082019103211-GenNb6": {"x": -3.1162055918560014, "y": 8.144932859808002, "fAckley": 14.919432250350498, "ChiSquared": null},"Point T4-40-19082019103212-GenNb6": {"x": 3.1915844497600006, "y": -0.18589200000000083, "fAckley": 8.537157065471282, "ChiSquared": null},"Point T4-756-19082019103212-GenNb6": {"x": -1.5638741125680005, "y": 2.5363008961497577, "fAckley": 9.207835109973502, "ChiSquared": null},"Point T4-905-19082019103212-GenNb6": {"x": 7.234762648433602, "y": -14.015070000000001, "fAckley": 18.843291449010277, "ChiSquared": null},"Point T4-273-19082019103213-GenNb7": {"x": -3.110426669409601, "y": -8.066599348800002, "fAckley": 14.51007296083241, "ChiSquared": null},"Point T4-619-19082019103213-GenNb7": {"x": -7.171763393633601, "y": 4.177387130474878, "fAckley": 14.955976127033686, "ChiSquared": null},"Point T4-147-19082019103213-GenNb7": {"x": 0.12034865113648019, "y": -8.010704635200002, "fAckley": 13.907730232150787, "ChiSquared": null},"Point T4-456-19082019103214-GenNb7": {"x": 1.2082269027284802, "y": -2.0551664255679967, "fAckley": 6.620142445345543, "ChiSquared": null},"Point T4-917-19082019103214-GenNb8": {"x": 5.15406704169712, "y": -0.030330922866280835, "fAckley": 10.900260032003274, "ChiSquared": null},"Point T4-278-19082019103214-GenNb8": {"x": 2.2289515902439367, "y": 2.300602294432, "fAckley": 9.090482993226736, "ChiSquared": null},"Point T4-841-19082019103214-GenNb8": {"x": -6.908274853888798, "y": 4.177387130474878, "fAckley": 14.437238459693981, "ChiSquared": null},"Point T4-698-19082019103215-GenNb9": {"x": -1.673757908079395, "y": -0.18589200000000083, "fAckley": 5.990636987975485, "ChiSquared": null},"Point T4-200-19082019103215-GenNb9": {"x": -2.1653067096074032, "y": -14.015070000000001, "fAckley": 17.906471808260495, "ChiSquared": null},"Point T4-837-19082019103215-GenNb9": {"x": 0.12034865113648019, "y": -2.783636520215963, "fAckley": 7.633861905352568, "ChiSquared": null},"Point T4-772-19082019103216-GenNb10": {"x": -5.201062397351121, "y": 0.8972249146545788, "fAckley": 11.502545411906095, "ChiSquared": null},"Point T4-672-19082019103217-GenNb10": {"x": -0.883894485267918, "y": -0.17306298967487876, "fAckley": 3.2786866155072443, "ChiSquared": null},"Point T4-826-19082019103217-GenNb10": {"x": 0.12034865113648019, "y": -1.5771844508385398, "fAckley": 5.802719899324419, "ChiSquared": null},"Point T4-926-19082019103217-GenNb10": {"x": -8.416807391979761, "y": -11.040567039999999, "fAckley": 18.858614928758943, "ChiSquared": null},"Point T4-383-19082019103217-GenNb11": {"x": 1.5109519441932167, "y": -0.18589200000000083, "fAckley": 5.853428253607937, "ChiSquared": null},"Point T4-966-19082019103218-GenNb11": {"x": 0.32684161511073895, "y": 2.5363008961497577, "fAckley": 8.300653740537324, "ChiSquared": null},"Point T4-676-19082019103218-GenNb11": {"x": 2.75352277374026, "y": 4.177387130474878, "fAckley": 11.601125594483783, "ChiSquared": null},"Point T4-309-19082019103218-GenNb11": {"x": -8.416807391979761, "y": -1.1289373549148984, "fAckley": 15.785001052217892, "ChiSquared": null},"Point T4-696-19082019103218-GenNb11": {"x": 1.2082269027284802, "y": 1.9851341911105584, "fAckley": 6.447374190305943, "ChiSquared": null},"Point T4-711-19082019103219-GenNb12": {"x": 2.184630237953418, "y": -1.1289373549148984, "fAckley": 6.869550595830214, "ChiSquared": null},"Point T4-67-19082019103220-GenNb13": {"x": 2.2289515902439367, "y": -0.8623272871665172, "fAckley": 6.976879931316928, "ChiSquared": null},"Point T4-230-19082019103220-GenNb13": {"x": 0.32684161511073895, "y": -0.4140801912428759, "fAckley": 3.639742557233227, "ChiSquared": null},"Point T4-976-19082019103220-GenNb13": {"x": 2.75352277374026, "y": 1.4600471915505795, "fAckley": 9.224418067259741, "ChiSquared": null},"Point T4-539-19082019103221-GenNb14": {"x": 1.046681712691183, "y": 0.3760546107632773, "fAckley": 4.498495119571217, "ChiSquared": null},"Point T4-823-19082019103222-GenNb14": {"x": 0.8665257429447577, "y": -1.1289373549148984, "fAckley": 4.39257854500195, "ChiSquared": null},"Point T4-578-19082019103223-GenNb15": {"x": -0.15336953192301706, "y": 0.8972249146545788, "fAckley": 3.1510552002007057, "ChiSquared": null},"Point T4-210-19082019103223-GenNb15": {"x": 2.921004152782582, "y": 1.4600471915505795, "fAckley": 9.159280101444955, "ChiSquared": null},"Point T4-595-19082019103223-GenNb15": {"x": 0.12034865113648019, "y": 0.10995108330960246, "fAckley": 1.059005865834035, "ChiSquared": null}}