{"Point T2-37-19082019103205-GenNb0": {"x": -0.08363600000000027, "y": 1.1885, "fAckley": 3.958835250815931, "ChiSquared": null},"Point T2-591-19082019103205-GenNb0": {"x": 5.982396000000001, "y": 17.4615, "fAckley": 20.23651800208595, "ChiSquared": null},"Point T2-389-19082019103205-GenNb0": {"x": -8.02332, "y": 23.9552, "fAckley": 19.505636395977216, "ChiSquared": null},"Point T2-941-19082019103205-GenNb0": {"x": -18.02864, "y": -28.3072, "fAckley": 21.172864947876292, "ChiSquared": null},"Point T2-921-19082019103205-GenNb0": {"x": -8.8116, "y": 0.875, "fAckley": 15.281296519524211, "ChiSquared": null},"Point T2-829-19082019103206-GenNb1": {"x": -15.911748, "y": 24.177, "fAckley": 20.475792196773668, "ChiSquared": null},"Point T2-597-19082019103206-GenNb1": {"x": -0.6211151999999984, "y": 18.9402, "fAckley": 20.238465110101888, "ChiSquared": null},"Point T2-309-19082019103206-GenNb1": {"x": -14.89427536, "y": 18.9044, "fAckley": 19.813914110172153, "ChiSquared": null},"Point T2-802-19082019103207-GenNb2": {"x": -15.911748, "y": 8.515500000000001, "fAckley": 20.23012937761575, "ChiSquared": null},"Point T2-51-19082019103207-GenNb2": {"x": -0.6211151999999984, "y": -2.4585280000000016, "fAckley": 8.315908125133001, "ChiSquared": null},"Point T2-149-19082019103209-GenNb3": {"x": 4.619076240000002, "y": 8.515500000000001, "fAckley": 17.21488090251504, "ChiSquared": null},"Point T2-137-19082019103209-GenNb3": {"x": -14.89427536, "y": 6.31537152, "fAckley": 19.474549364332486, "ChiSquared": null},"Point T2-560-19082019103209-GenNb3": {"x": -4.1245388, "y": -28.3072, "fAckley": 21.172580822206623, "ChiSquared": null},"Point T2-350-19082019103209-GenNb3": {"x": 3.0764976799999997, "y": -16.0298, "fAckley": 18.183521983847577, "ChiSquared": null},"Point T2-754-19082019103210-GenNb4": {"x": -13.499927256, "y": -3.9106127968000024, "fAckley": 19.051918562721674, "ChiSquared": null},"Point T2-379-19082019103210-GenNb4": {"x": -1.863748468799999, "y": 8.515500000000001, "fAckley": 16.044937567878932, "ChiSquared": null},"Point T2-403-19082019103210-GenNb4": {"x": 7.7625084688, "y": -9.968668000000003, "fAckley": 17.670091375843715, "ChiSquared": null},"Point T2-899-19082019103210-GenNb4": {"x": 2.7011833488000008, "y": -13.588758, "fAckley": 19.33666804766423, "ChiSquared": null},"Point T2-788-19082019103211-GenNb4": {"x": -1.6096, "y": 14.177542000000003, "fAckley": 19.21268972793676, "ChiSquared": null},"Point T2-985-19082019103211-GenNb5": {"x": -1.9643362719999988, "y": -9.968668000000003, "fAckley": 15.306265769478854, "ChiSquared": null},"Point T2-323-19082019103211-GenNb5": {"x": 3.0764976799999997, "y": -5.512575834111999, "fAckley": 13.581617908438442, "ChiSquared": null},"Point T2-196-19082019103212-GenNb6": {"x": -14.89427536, "y": -1.7525208294860826, "fAckley": 18.82559867882072, "ChiSquared": null},"Point T2-159-19082019103212-GenNb6": {"x": -8.745212049888, "y": 13.074550880000004, "fAckley": 19.016924480395485, "ChiSquared": null},"Point T2-558-19082019103213-GenNb6": {"x": 3.010659988959999, "y": 14.177542000000003, "fAckley": 18.091026599651794, "ChiSquared": null},"Point T2-733-19082019103213-GenNb7": {"x": 0.12135195680000121, "y": 8.515500000000001, "fAckley": 15.84803531131163, "ChiSquared": null},"Point T2-118-19082019103214-GenNb7": {"x": -6.304787549088001, "y": 11.058879309486086, "fAckley": 18.06680997883988, "ChiSquared": null},"Point T2-773-19082019103214-GenNb7": {"x": -7.37005624, "y": -7.768539520000002, "fAckley": 17.566860859624864, "ChiSquared": null},"Point T2-435-19082019103215-GenNb8": {"x": 0.24343380944000081, "y": -11.766855954112003, "fAckley": 17.85610726595394, "ChiSquared": null},"Point T2-810-19082019103215-GenNb8": {"x": -4.332949129599999, "y": 5.010892396800001, "fAckley": 13.597135444535017, "ChiSquared": null},"Point T2-479-19082019103215-GenNb8": {"x": -7.37005624, "y": -5.823942445888003, "fAckley": 16.532049174305097, "ChiSquared": null},"Point T2-419-19082019103216-GenNb9": {"x": -5.574211309119999, "y": -2.352838483200001, "fAckley": 13.744765242405723, "ChiSquared": null},"Point T2-922-19082019103216-GenNb9": {"x": -1.9643362719999988, "y": -6.456844434112002, "fAckley": 14.012077904217337, "ChiSquared": null},"Point T2-13-19082019103217-GenNb9": {"x": 2.1250787983999997, "y": -1.0912738198259166, "fAckley": 6.2850244106446524, "ChiSquared": null},"Point T2-520-19082019103217-GenNb9": {"x": -8.094207287999998, "y": -5.823942445888003, "fAckley": 15.94191857786871, "ChiSquared": null},"Point T2-551-19082019103217-GenNb10": {"x": -0.6211151999999984, "y": -0.6723256025740816, "fAckley": 4.595909483702808, "ChiSquared": null},"Point T2-161-19082019103217-GenNb10": {"x": -5.574211309119999, "y": -1.5975717786880024, "fAckley": 13.485043856125138, "ChiSquared": null},"Point T2-379-19082019103217-GenNb10": {"x": -1.9643362719999988, "y": -2.1622110021120005, "fAckley": 7.370752648213191, "ChiSquared": null},"Point T2-351-19082019103218-GenNb10": {"x": -4.332949129599999, "y": 0.23012403411199933, "fAckley": 11.06098182751215, "ChiSquared": null},"Point T2-571-19082019103218-GenNb11": {"x": 0.12135195680000121, "y": -1.2745266869731058, "fAckley": 4.701066993932443, "ChiSquared": null},"Point T2-648-19082019103219-GenNb11": {"x": 3.0764976799999997, "y": -0.6722637248028969, "fAckley": 8.674157177222975, "ChiSquared": null},"Point T2-8-19082019103219-GenNb11": {"x": -1.1439646336192006, "y": -1.7019362960611044, "fAckley": 6.579266301572641, "ChiSquared": null},"Point T2-747-19082019103220-GenNb12": {"x": 0.12135195680000121, "y": 0.11500541662208463, "fAckley": 1.0967820973026474, "ChiSquared": null},"Point T2-677-19082019103220-GenNb12": {"x": 2.2988815244992, "y": -0.6722637248028969, "fAckley": 7.784822691779073, "ChiSquared": null},"Point T2-898-19082019103220-GenNb12": {"x": -1.1439646336192006, "y": 0.028025834714247466, "fAckley": 3.4781558768317393, "ChiSquared": null}}