{"Point T6-484-19082019103205-GenNb0": {"x": 10.3609, "y": 0.16948600000000047, "fAckley": 17.17438020577308, "ChiSquared": null},"Point T6-424-19082019103205-GenNb0": {"x": 13.063402, "y": -37.021768, "fAckley": 20.03895696344594, "ChiSquared": null},"Point T6-654-19082019103205-GenNb0": {"x": 2.7174320000000023, "y": -11.7802, "fAckley": 18.10723048724977, "ChiSquared": null},"Point T6-61-19082019103206-GenNb1": {"x": -10.918695999999997, "y": -14.263318000000002, "fAckley": 19.65799602568483, "ChiSquared": null},"Point T6-368-19082019103206-GenNb1": {"x": -30.13354, "y": 3.0028, "fAckley": 20.139634191231128, "ChiSquared": null},"Point T6-100-19082019103207-GenNb1": {"x": 22.075504000000002, "y": 25.187, "fAckley": 20.65100692147956, "ChiSquared": null},"Point T6-560-19082019103207-GenNb1": {"x": -0.9434920000000009, "y": -22.5462, "fAckley": 20.90613251317254, "ChiSquared": null},"Point T6-458-19082019103208-GenNb2": {"x": 22.075504000000002, "y": -4.7094431199999995, "fAckley": 20.52125470187793, "ChiSquared": null},"Point T6-942-19082019103209-GenNb3": {"x": 2.8100723200000033, "y": 12.15289688, "fAckley": 17.690007328850303, "ChiSquared": null},"Point T6-368-19082019103209-GenNb3": {"x": -11.7205, "y": 3.114613999999996, "fAckley": 17.791164170562457, "ChiSquared": null},"Point T6-840-19082019103210-GenNb3": {"x": 6.0289, "y": -2.3301229999999986, "fAckley": 13.415826192104495, "ChiSquared": null},"Point T6-835-19082019103210-GenNb4": {"x": 5.7776619999999985, "y": 0.16948600000000047, "fAckley": 12.497797393739235, "ChiSquared": null},"Point T6-296-19082019103210-GenNb4": {"x": -9.342534079999998, "y": 12.079099640000003, "fAckley": 19.231507591522966, "ChiSquared": null},"Point T6-615-19082019103211-GenNb4": {"x": 13.002259388799999, "y": -52.817611940800006, "fAckley": 20.68323070021096, "ChiSquared": null},"Point T6-599-19082019103211-GenNb4": {"x": -0.6781, "y": -3.965652820000005, "fAckley": 10.085963106866469, "ChiSquared": null},"Point T6-387-19082019103211-GenNb5": {"x": -10.918695999999997, "y": -9.956010582400006, "fAckley": 17.741526242738143, "ChiSquared": null},"Point T6-83-19082019103211-GenNb5": {"x": -9.342534079999998, "y": 3.8946921823999965, "fAckley": 16.811643629699603, "ChiSquared": null},"Point T6-647-19082019103212-GenNb5": {"x": -6.374944400000003, "y": 3.114613999999996, "fAckley": 14.362998027183536, "ChiSquared": null},"Point T6-312-19082019103213-GenNb6": {"x": 2.7174320000000023, "y": -8.295389700800001, "fAckley": 16.113761369958898, "ChiSquared": null},"Point T6-18-19082019103213-GenNb6": {"x": 2.8100723200000033, "y": 8.493871043599999, "fAckley": 16.345354186511628, "ChiSquared": null},"Point T6-77-19082019103213-GenNb6": {"x": 13.002259388799999, "y": 16.261274900383995, "fAckley": 20.07434573731199, "ChiSquared": null},"Point T6-963-19082019103214-GenNb7": {"x": 2.7174320000000023, "y": 4.385493023216002, "fAckley": 12.456181517156685, "ChiSquared": null},"Point T6-565-19082019103214-GenNb7": {"x": 2.8100723200000033, "y": -5.283034481200006, "fAckley": 13.053240513527204, "ChiSquared": null},"Point T6-185-19082019103214-GenNb7": {"x": -6.374944400000003, "y": 0.527503341327999, "fAckley": 14.195350678659377, "ChiSquared": null},"Point T6-109-19082019103214-GenNb7": {"x": -10.977361596608002, "y": 16.261274900383995, "fAckley": 19.887468743984464, "ChiSquared": null},"Point T6-310-19082019103215-GenNb7": {"x": -0.6781, "y": -2.472203962528006, "fAckley": 8.30877919711086, "ChiSquared": null},"Point T6-127-19082019103215-GenNb8": {"x": -2.97094448, "y": -9.956010582400006, "fAckley": 15.471643416027181, "ChiSquared": null},"Point T6-950-19082019103215-GenNb8": {"x": 2.7247619849612805, "y": 3.0028, "fAckley": 9.92307509572695, "ChiSquared": null},"Point T6-320-19082019103215-GenNb8": {"x": 1.4463262687999978, "y": 0.527503341327999, "fAckley": 6.25006736580907, "ChiSquared": null},"Point T6-341-19082019103216-GenNb8": {"x": -10.977361596608002, "y": -10.324552009445444, "fAckley": 19.03543592228206, "ChiSquared": null},"Point T6-233-19082019103216-GenNb9": {"x": 2.9758894000000042, "y": 3.8946921823999965, "fAckley": 10.28644892628174, "ChiSquared": null},"Point T6-30-19082019103217-GenNb9": {"x": 2.7174320000000023, "y": -4.3421912025280065, "fAckley": 12.339068685980092, "ChiSquared": null},"Point T6-90-19082019103217-GenNb9": {"x": 2.8100723200000033, "y": -2.7084954078044854, "fAckley": 10.144850924190223, "ChiSquared": null},"Point T6-619-19082019103217-GenNb9": {"x": -10.977361596608002, "y": 9.921919189660484, "fAckley": 17.701239525537037, "ChiSquared": null},"Point T6-420-19082019103217-GenNb9": {"x": 6.0289, "y": -0.0813642267920005, "fAckley": 11.66390071695691, "ChiSquared": null},"Point T6-172-19082019103218-GenNb10": {"x": -1.5781723937920038, "y": 3.0028, "fAckley": 9.278563941989558, "ChiSquared": null},"Point T6-48-19082019103218-GenNb10": {"x": 2.9758894000000042, "y": 1.1033322708490394, "fAckley": 7.509704854330808, "ChiSquared": null},"Point T6-80-19082019103218-GenNb10": {"x": 2.8100723200000033, "y": 0.5713385949592003, "fAckley": 8.619697592091976, "ChiSquared": null},"Point T6-330-19082019103218-GenNb10": {"x": 0.5930057312000043, "y": 0.527503341327999, "fAckley": 4.4390344462975655, "ChiSquared": null},"Point T6-206-19082019103218-GenNb10": {"x": -0.6781, "y": -0.7382973830597661, "fAckley": 4.5869124865637225, "ChiSquared": null},"Point T6-387-19082019103219-GenNb11": {"x": -1.8789612999027172, "y": 0.16948600000000047, "fAckley": 5.5714220848944365, "ChiSquared": null},"Point T6-372-19082019103220-GenNb11": {"x": -10.977361596608002, "y": -0.21119839894496373, "fAckley": 16.63400530949885, "ChiSquared": null},"Point T6-682-19082019103221-GenNb12": {"x": -0.3773301891357934, "y": 1.1033322708490394, "fAckley": 4.7184661298342725, "ChiSquared": null},"Point T6-526-19082019103221-GenNb12": {"x": -0.48676946193579385, "y": -4.3421912025280065, "fAckley": 11.474945590364015, "ChiSquared": null},"Point T6-248-19082019103221-GenNb12": {"x": 2.824698538064204, "y": -0.21119839894496373, "fAckley": 7.905159330557593, "ChiSquared": null},"Point T6-795-19082019103222-GenNb12": {"x": 1.70872891750528, "y": -0.0813642267920005, "fAckley": 5.655458018631972, "ChiSquared": null},"Point T6-592-19082019103222-GenNb13": {"x": -3.465914631489278, "y": -5.413934323852245, "fAckley": 14.260935517309974, "ChiSquared": null},"Point T6-922-19082019103222-GenNb13": {"x": -0.3773301891357934, "y": 0.5041952380295934, "fAckley": 3.9986922885569887, "ChiSquared": null},"Point T6-199-19082019103222-GenNb13": {"x": -0.48676946193579385, "y": 2.569224116863275, "fAckley": 8.514850650395624, "ChiSquared": null},"Point T6-518-19082019103222-GenNb13": {"x": 0.5351665661599947, "y": 2.135209757935958, "fAckley": 7.214344747685457, "ChiSquared": null},"Point T6-438-19082019103222-GenNb13": {"x": -0.288248783902723, "y": -0.21119839894496373, "fAckley": 2.7021918434178755, "ChiSquared": null},"Point T6-811-19082019103223-GenNb14": {"x": -3.465914631489278, "y": 0.15492721848447855, "fAckley": 9.660901421393682, "ChiSquared": null},"Point T6-89-19082019103223-GenNb14": {"x": -0.48676946193579385, "y": 1.8517309498828753, "fAckley": 6.643729970427319, "ChiSquared": null},"Point T6-650-19082019103224-GenNb14": {"x": 0.6588586569452837, "y": 0.16988747651167585, "fAckley": 3.5823870022777133, "ChiSquared": null},"Point T6-21-19082019103224-GenNb14": {"x": -0.48676946193579385, "y": -0.0813642267920005, "fAckley": 3.1268814876475415, "ChiSquared": null},"Point T6-239-19082019103224-GenNb15": {"x": -3.465914631489278, "y": 0.016652089449437968, "fAckley": 9.458987798265984, "ChiSquared": null},"Point T6-332-19082019103224-GenNb15": {"x": 0.07801455846151117, "y": 3.0028, "fAckley": 7.077652163591429, "ChiSquared": null}}