{"Point T3-593-19082019103205-GenNb0": {"x": -0.1107, "y": -2.070350000000001, "fAckley": 5.494323153369802, "ChiSquared": null},"Point T3-645-19082019103205-GenNb0": {"x": -14.0775, "y": -5.037776000000001, "fAckley": 17.775302925166592, "ChiSquared": null},"Point T3-852-19082019103205-GenNb0": {"x": 21.036378, "y": -10.008, "fAckley": 19.29508886134913, "ChiSquared": null},"Point T3-782-19082019103205-GenNb0": {"x": 5.084376000000001, "y": -15.5305, "fAckley": 19.792884461907345, "ChiSquared": null},"Point T3-826-19082019103206-GenNb1": {"x": -3.5351, "y": 14.333949, "fAckley": 19.761929687092696, "ChiSquared": null},"Point T3-188-19082019103206-GenNb1": {"x": -0.4939700000000009, "y": 7.031754000000001, "fAckley": 14.347296073246522, "ChiSquared": null},"Point T3-129-19082019103206-GenNb1": {"x": 10.349130000000002, "y": -10.008, "fAckley": 18.87644804205997, "ChiSquared": null},"Point T3-602-19082019103207-GenNb1": {"x": -19.188276000000002, "y": 9.0951, "fAckley": 19.898967488418926, "ChiSquared": null},"Point T3-824-19082019103208-GenNb2": {"x": -3.5351, "y": -6.161535839999998, "fAckley": 14.595224127826281, "ChiSquared": null},"Point T3-180-19082019103209-GenNb2": {"x": 5.0754, "y": 3.574113660000001, "fAckley": 13.40687486163609, "ChiSquared": null},"Point T3-541-19082019103209-GenNb2": {"x": 1.6615500000000005, "y": 0.7902, "fAckley": 6.429940915502062, "ChiSquared": null},"Point T3-221-19082019103209-GenNb2": {"x": 5.084376000000002, "y": -1.8550199999999997, "fAckley": 11.32386642071451, "ChiSquared": null},"Point T3-346-19082019103209-GenNb2": {"x": -16.194404160000005, "y": 9.0951, "fAckley": 19.477877688547803, "ChiSquared": null},"Point T3-601-19082019103210-GenNb3": {"x": 5.084376000000001, "y": -5.4998700000000005, "fAckley": 14.85022808526092, "ChiSquared": null},"Point T3-154-19082019103210-GenNb3": {"x": -18.012702545600007, "y": 9.0951, "fAckley": 19.07693180117138, "ChiSquared": null},"Point T3-273-19082019103210-GenNb4": {"x": 10.764254160000002, "y": -5.037776000000001, "fAckley": 17.293521798152423, "ChiSquared": null},"Point T3-927-19082019103210-GenNb4": {"x": -10.98528816, "y": 1.0951820399999996, "fAckley": 16.033817950539255, "ChiSquared": null},"Point T3-488-19082019103211-GenNb4": {"x": 3.319089, "y": 9.0951, "fAckley": 16.40698619923187, "ChiSquared": null},"Point T3-803-19082019103211-GenNb5": {"x": 3.8399841744000023, "y": -6.161535839999998, "fAckley": 13.853024832865433, "ChiSquared": null},"Point T3-320-19082019103212-GenNb5": {"x": 5.57815416, "y": -5.037776000000001, "fAckley": 14.763601808540898, "ChiSquared": null},"Point T3-151-19082019103212-GenNb5": {"x": 5.084376000000001, "y": 2.9344138008, "fAckley": 11.565113718653546, "ChiSquared": null},"Point T3-815-19082019103212-GenNb5": {"x": -2.1178457999999996, "y": 3.574113660000001, "fAckley": 10.679052256427115, "ChiSquared": null},"Point T3-747-19082019103212-GenNb6": {"x": 2.148365160000001, "y": -6.161535839999998, "fAckley": 13.016429009198198, "ChiSquared": null},"Point T3-245-19082019103213-GenNb6": {"x": 1.1522082168960002, "y": 7.031754000000001, "fAckley": 13.239302545931116, "ChiSquared": null},"Point T3-3-19082019103213-GenNb6": {"x": 5.57815416, "y": -0.742200975600001, "fAckley": 13.066203600989338, "ChiSquared": null},"Point T3-596-19082019103213-GenNb6": {"x": 6.334385402400002, "y": 1.0951820399999996, "fAckley": 13.486677223522914, "ChiSquared": null},"Point T3-922-19082019103213-GenNb6": {"x": -3.6088288056, "y": 2.9344138008, "fAckley": 11.285292597343595, "ChiSquared": null},"Point T3-522-19082019103214-GenNb6": {"x": 5.084376000000002, "y": 1.1885686008, "fAckley": 11.302775319602715, "ChiSquared": null},"Point T3-513-19082019103214-GenNb6": {"x": 6.507019200000003, "y": -5.97444564, "fAckley": 15.989998738930728, "ChiSquared": null},"Point T3-977-19082019103214-GenNb7": {"x": 1.1522082168960002, "y": 1.3898567471999999, "fAckley": 6.317019477773709, "ChiSquared": null},"Point T3-185-19082019103214-GenNb7": {"x": 1.1624373800159993, "y": -0.4224727902960004, "fAckley": 5.0927814735005335, "ChiSquared": null},"Point T3-541-19082019103214-GenNb7": {"x": -0.44686557684864026, "y": -2.3050334765279974, "fAckley": 7.842944394628574, "ChiSquared": null},"Point T3-825-19082019103215-GenNb7": {"x": 6.507019200000003, "y": -5.236960069199999, "fAckley": 15.948184580790894, "ChiSquared": null},"Point T3-431-19082019103216-GenNb8": {"x": -3.313188266288105, "y": 1.1885686008, "fAckley": 9.565959993497978, "ChiSquared": null},"Point T3-894-19082019103216-GenNb8": {"x": 6.507019200000003, "y": -1.2990511464000005, "fAckley": 14.371712625890748, "ChiSquared": null},"Point T3-375-19082019103217-GenNb9": {"x": 3.043981191926047, "y": -0.9159206238364785, "fAckley": 7.468518009365567, "ChiSquared": null},"Point T3-461-19082019103217-GenNb9": {"x": 0.841139374415999, "y": -2.3050334765279974, "fAckley": 7.475488416243261, "ChiSquared": null},"Point T3-939-19082019103217-GenNb9": {"x": -2.1178457999999996, "y": -2.7850550701084793, "fAckley": 8.91116807185031, "ChiSquared": null},"Point T3-660-19082019103217-GenNb9": {"x": -3.064612926560709, "y": 1.1885686008, "fAckley": 8.242829553212802, "ChiSquared": null},"Point T3-314-19082019103217-GenNb10": {"x": 2.148365160000001, "y": 3.6956341182364785, "fAckley": 10.652281488000572, "ChiSquared": null},"Point T3-9-19082019103218-GenNb10": {"x": -1.967059314634068, "y": -2.7850550701084793, "fAckley": 8.5502999908175, "ChiSquared": null},"Point T3-541-19082019103218-GenNb10": {"x": -1.5763747871145584, "y": 0.7902, "fAckley": 6.405328582533134, "ChiSquared": null},"Point T3-961-19082019103219-GenNb11": {"x": -0.3278046235947274, "y": -0.7316130648840757, "fAckley": 4.115560470796911, "ChiSquared": null},"Point T3-917-19082019103219-GenNb11": {"x": -0.9010697861667984, "y": -0.4224727902960004, "fAckley": 4.378756687014359, "ChiSquared": null},"Point T3-881-19082019103220-GenNb11": {"x": 0.841139374415999, "y": -1.927750559631436, "fAckley": 5.809018273264247, "ChiSquared": null},"Point T3-700-19082019103220-GenNb11": {"x": 0.4890930313544861, "y": -1.2990511464000005, "fAckley": 5.761233524159032, "ChiSquared": null},"Point T3-677-19082019103221-GenNb12": {"x": 1.0989911625788753, "y": -1.927750559631436, "fAckley": 5.752128708338059, "ChiSquared": null},"Point T3-270-19082019103221-GenNb12": {"x": -1.967059314634068, "y": -2.906698059017065, "fAckley": 8.069304180077413, "ChiSquared": null},"Point T3-12-19082019103221-GenNb12": {"x": -0.28241000733259336, "y": 1.1885686008, "fAckley": 4.800610948092679, "ChiSquared": null},"Point T3-702-19082019103221-GenNb13": {"x": 1.1522082168960002, "y": 0.0687509767112846, "fAckley": 3.6296701887612604, "ChiSquared": null},"Point T3-802-19082019103222-GenNb13": {"x": -0.49446669102859353, "y": -0.9159206238364785, "fAckley": 4.521484138378359, "ChiSquared": null},"Point T3-288-19082019103222-GenNb13": {"x": -1.9846902411451337, "y": -0.2730873181233604, "fAckley": 6.122520058789057, "ChiSquared": null},"Point T3-256-19082019103222-GenNb13": {"x": -0.9136359018912124, "y": -1.2990511464000005, "fAckley": 5.423061702637945, "ChiSquared": null},"Point T3-499-19082019103222-GenNb14": {"x": -0.3278046235947274, "y": 0.4659923137751918, "fAckley": 3.7814595115763656, "ChiSquared": null},"Point T3-240-19082019103223-GenNb14": {"x": -0.9010697861667984, "y": -0.2698152742419633, "fAckley": 3.798224310831085, "ChiSquared": null},"Point T3-458-19082019103223-GenNb14": {"x": -1.037842213154262, "y": -1.0121669500219126, "fAckley": 3.749212595008768, "ChiSquared": null},"Point T3-569-19082019103223-GenNb14": {"x": -0.243606203718158, "y": 1.1885686008, "fAckley": 4.640074019093348, "ChiSquared": null},"Point T3-804-19082019103224-GenNb15": {"x": 2.148365160000001, "y": -0.9408950757480323, "fAckley": 6.217283327194696, "ChiSquared": null},"Point T3-188-19082019103225-GenNb15": {"x": -1.037842213154262, "y": -0.12059259289825344, "fAckley": 3.12789270259005, "ChiSquared": null},