{"Point T0-418-19082019103205-GenNb0": {"x": -25.101678, "y": 22.5483, "fAckley": 21.62195003369148, "ChiSquared": null},"Point T0-850-19082019103205-GenNb0": {"x": -6.0691700000000015, "y": 3.1693, "fAckley": 13.117292073134296, "ChiSquared": null},"Point T0-163-19082019103205-GenNb0": {"x": 21.92346, "y": 28.8751, "fAckley": 20.38060822229127, "ChiSquared": null},"Point T0-944-19082019103205-GenNb0": {"x": 2.0397139999999996, "y": 24.4223, "fAckley": 21.049498767378342, "ChiSquared": null},"Point T0-341-19082019103206-GenNb0": {"x": -29.1456, "y": 1.1016120000000011, "fAckley": 20.36810210249389, "ChiSquared": null},"Point T0-902-19082019103207-GenNb1": {"x": -6.078296399999999, "y": 13.43, "fAckley": 19.243173937398925, "ChiSquared": null},"Point T0-859-19082019103207-GenNb1": {"x": -8.508247599999999, "y": 8.847752, "fAckley": 18.383935052104693, "ChiSquared": null},"Point T0-886-19082019103207-GenNb2": {"x": -13.030824656, "y": -7.10990168, "fAckley": 17.865911520055366, "ChiSquared": null},"Point T0-592-19082019103207-GenNb2": {"x": -0.7112831360000014, "y": 20.824, "fAckley": 20.55867335923579, "ChiSquared": null},"Point T0-515-19082019103208-GenNb2": {"x": 2.0397139999999996, "y": 0.8128016800000002, "fAckley": 6.089507080156874, "ChiSquared": null},"Point T0-362-19082019103208-GenNb2": {"x": 21.0978, "y": 27.887564, "fAckley": 20.375057360835864, "ChiSquared": null},"Point T0-652-19082019103208-GenNb3": {"x": -1.5369431360000017, "y": -7.10990168, "fAckley": 14.665164102289975, "ChiSquared": null},"Point T0-302-19082019103209-GenNb3": {"x": 6.158869530239999, "y": -1.0814, "fAckley": 12.43064233694017, "ChiSquared": null},"Point T0-555-19082019103209-GenNb3": {"x": -8.508247599999999, "y": 5.7028731088, "fAckley": 17.4954668653798, "ChiSquared": null},"Point T0-953-19082019103210-GenNb4": {"x": -0.9515557302400004, "y": 20.824, "fAckley": 19.65323922830677, "ChiSquared": null},"Point T0-168-19082019103210-GenNb4": {"x": 21.0978, "y": 7.2459508912, "fAckley": 20.341429326647873, "ChiSquared": null},"Point T0-193-19082019103210-GenNb4": {"x": -6.078296399999999, "y": -0.5784783200000003, "fAckley": 13.284213652715064, "ChiSquared": null},"Point T0-322-19082019103211-GenNb4": {"x": -5.533360799999999, "y": 5.7028731088, "fAckley": 15.68716002141484, "ChiSquared": null},"Point T0-55-19082019103211-GenNb5": {"x": -6.894830000000002, "y": -8.02814648, "fAckley": 15.812740044812923, "ChiSquared": null},"Point T0-254-19082019103211-GenNb5": {"x": 1.6237550297599999, "y": -1.0814, "fAckley": 6.457514441733434, "ChiSquared": null},"Point T0-699-19082019103212-GenNb5": {"x": 5.9417, "y": -5.892204319999999, "fAckley": 14.238757967739145, "ChiSquared": null},"Point T0-354-19082019103213-GenNb6": {"x": -4.104058378041599, "y": 7.2459508912, "fAckley": 15.052244018668787, "ChiSquared": null},"Point T0-658-19082019103213-GenNb6": {"x": -3.7341318342400003, "y": 5.7028731088, "fAckley": 14.268844002896367, "ChiSquared": null},"Point T0-313-19082019103213-GenNb7": {"x": -1.5369431360000017, "y": 7.074272783008, "fAckley": 14.572943627838397, "ChiSquared": null},"Point T0-794-19082019103213-GenNb7": {"x": -1.262410215641602, "y": -8.02814648, "fAckley": 14.807705693188403, "ChiSquared": null},"Point T0-690-19082019103214-GenNb7": {"x": -0.9515557302400004, "y": -2.0475536288000002, "fAckley": 5.5869584008048285, "ChiSquared": null},"Point T0-127-19082019103214-GenNb7": {"x": -1.7406428491490558, "y": 6.308853268192001, "fAckley": 13.981443028517646, "ChiSquared": null},"Point T0-457-19082019103214-GenNb7": {"x": 4.10519977136, "y": -0.5784783200000003, "fAckley": 10.635337631340278, "ChiSquared": null},"Point T0-784-19082019103214-GenNb7": {"x": 5.9417, "y": -5.00378228, "fAckley": 13.422044234974665, "ChiSquared": null},"Point T0-440-19082019103215-GenNb8": {"x": 4.10519977136, "y": 0.007880226399999302, "fAckley": 9.081543514558852, "ChiSquared": null},"Point T0-925-19082019103216-GenNb8": {"x": 5.9417, "y": 2.0102939848, "fAckley": 11.854264496591362, "ChiSquared": null},"Point T0-614-19082019103216-GenNb8": {"x": 0.5898365599999984, "y": 5.7028731088, "fAckley": 13.261861183450089, "ChiSquared": null},"Point T0-51-19082019103216-GenNb9": {"x": -1.5369431360000017, "y": 5.7526797024639995, "fAckley": 13.482155957300545, "ChiSquared": null},"Point T0-316-19082019103216-GenNb9": {"x": -6.0691700000000015, "y": -0.8972435585772807, "fAckley": 11.97305982857154, "ChiSquared": null},"Point T0-357-19082019103217-GenNb9": {"x": 0.26053442066239985, "y": -0.7259605482559996, "fAckley": 3.8877134597181535, "ChiSquared": null},"Point T0-718-19082019103217-GenNb10": {"x": -2.759426007923458, "y": -3.3097932261440013, "fAckley": 10.987485553055466, "ChiSquared": null},"Point T0-464-19082019103219-GenNb11": {"x": 0.6835594640799754, "y": 5.7526797024639995, "fAckley": 13.079850243126169, "ChiSquared": null},"Point T0-100-19082019103219-GenNb11": {"x": 1.7830309432710802, "y": -0.8972435585772807, "fAckley": 5.984451800623564, "ChiSquared": null},"Point T0-961-19082019103219-GenNb11": {"x": 0.43741984236281484, "y": 0.8128016800000002, "fAckley": 4.402119527090132, "ChiSquared": null},"Point T0-89-19082019103220-GenNb11": {"x": 0.5898365599999984, "y": 0.1421108498790402, "fAckley": 3.465918600585749, "ChiSquared": null},"Point T0-102-19082019103220-GenNb12": {"x": 0.6835594640799754, "y": -1.9260103774610056, "fAckley": 6.461790345963102, "ChiSquared": null},"Point T0-950-19082019103220-GenNb12": {"x": 1.277853332220799, "y": -0.8972435585772807, "fAckley": 5.314410784069089, "ChiSquared": null},"Point T0-671-19082019103220-GenNb12": {"x": -2.759426007923458, "y": -0.0897263976571141, "fAckley": 7.611413079266487, "ChiSquared": null},"Point T0-354-19082019103220-GenNb12": {"x": 1.4613028794266738, "y": -4.34171949482624, "fAckley": 11.786248416893349, "ChiSquared": null},"Point T0-373-19082019103220-GenNb12": {"x": 3.3222185476778576, "y": 0.007880226399999302, "fAckley": 8.89275055811179, "ChiSquared": null},"Point T0-371-19082019103221-GenNb13": {"x": -0.23401063926572863, "y": 0.9258484668120457, "fAckley": 3.601334083146537, "ChiSquared": null},"Point T0-345-19082019103221-GenNb13": {"x": -0.8348113519177265, "y": -1.0319705581510403, "fAckley": 4.037043605854535, "ChiSquared": null},"Point T0-413-19082019103221-GenNb13": {"x": 0.045185889389871225, "y": 0.13381557953674172, "fAckley": 0.858189666760421, "ChiSquared": null},"Point T0-270-19082019103222-GenNb13": {"x": 0.43741984236281484, "y": -0.45355768137465524, "fAckley": 4.033074169899468, "ChiSquared": null},"Point T0-140-19082019103222-GenNb13": {"x": 0.12887336077370581, "y": -4.34171949482624, "fAckley": 10.82262997893331, "ChiSquared": null},"Point T0-466-19082019103222-GenNb13": {"x": 1.3445585011044, "y": 0.007880226399999302, "fAckley": 4.936175921287322, "ChiSquared": null}}