{"Point T5-366-19082019103205-GenNb0": {"x": 5.838124000000001, "y": 19.837, "fAckley": 19.957496696813724, "ChiSquared": null},"Point T5-78-19082019103205-GenNb0": {"x": 29.911492, "y": 19.8542, "fAckley": 20.52027521409747, "ChiSquared": null},"Point T5-681-19082019103205-GenNb0": {"x": -13.0119, "y": -9.152429999999999, "fAckley": 18.414615864405064, "ChiSquared": null},"Point T5-493-19082019103206-GenNb0": {"x": -15.240476000000001, "y": 13.613284000000002, "fAckley": 20.901106240160452, "ChiSquared": null},"Point T5-429-19082019103206-GenNb1": {"x": 5.838124000000001, "y": 10.49644744, "fAckley": 18.270402609583115, "ChiSquared": null},"Point T5-598-19082019103206-GenNb1": {"x": -0.1457, "y": 9.954310000000001, "fAckley": 15.634400794697257, "ChiSquared": null},"Point T5-146-19082019103206-GenNb1": {"x": -7.840808159999999, "y": -14.0204, "fAckley": 18.504677995383084, "ChiSquared": null},"Point T5-441-19082019103206-GenNb1": {"x": -2.799460159999999, "y": 14.6041, "fAckley": 19.492771579127563, "ChiSquared": null},"Point T5-453-19082019103207-GenNb1": {"x": 4.219826, "y": 13.613284000000002, "fAckley": 19.300936490513244, "ChiSquared": null},"Point T5-673-19082019103207-GenNb2": {"x": 29.911492, "y": -4.923132559999999, "fAckley": 20.06249971178666, "ChiSquared": null},"Point T5-543-19082019103208-GenNb2": {"x": 12.516028560000002, "y": -6.994766000000001, "fAckley": 19.083248964149195, "ChiSquared": null},"Point T5-822-19082019103208-GenNb2": {"x": 2.2310480000000004, "y": 1.7716300000000018, "fAckley": 8.21506708888516, "ChiSquared": null},"Point T5-615-19082019103208-GenNb2": {"x": 1.4622864544000018, "y": 11.13151, "fAckley": 17.76751856358607, "ChiSquared": null},"Point T5-374-19082019103208-GenNb2": {"x": 1.711958, "y": -9.152429999999999, "fAckley": 16.17395689479163, "ChiSquared": null},"Point T5-635-19082019103209-GenNb3": {"x": -2.451692999999999, "y": 0.7278834400000012, "fAckley": 8.209145372540952, "ChiSquared": null},"Point T5-24-19082019103209-GenNb3": {"x": 1.8391558399999997, "y": -6.994766000000001, "fAckley": 13.376922451259118, "ChiSquared": null},"Point T5-693-19082019103209-GenNb3": {"x": -3.8796222800000004, "y": 11.13151, "fAckley": 16.923690868578156, "ChiSquared": null},"Point T5-408-19082019103210-GenNb4": {"x": -2.193886544800001, "y": 0.7278834400000012, "fAckley": 7.186131229516505, "ChiSquared": null},"Point T5-94-19082019103210-GenNb4": {"x": 14.389470759999998, "y": -4.923132559999999, "fAckley": 19.33006354186342, "ChiSquared": null},"Point T5-306-19082019103210-GenNb4": {"x": 4.5624254, "y": 5.973493110399999, "fAckley": 14.778375804187174, "ChiSquared": null},"Point T5-648-19082019103210-GenNb5": {"x": -0.6477259375999971, "y": 10.49644744, "fAckley": 17.74885003199256, "ChiSquared": null},"Point T5-47-19082019103211-GenNb5": {"x": 7.532174959568002, "y": -4.923132559999999, "fAckley": 16.161949692911318, "ChiSquared": null},"Point T5-915-19082019103211-GenNb5": {"x": -1.0813009595680012, "y": 1.7716300000000018, "fAckley": 6.150503628864705, "ChiSquared": null},"Point T5-747-19082019103212-GenNb5": {"x": -3.8796222800000004, "y": 9.072389200000002, "fAckley": 15.509401561837915, "ChiSquared": null},"Point T5-184-19082019103212-GenNb5": {"x": 1.711958, "y": -8.313458710399999, "fAckley": 15.965008768708024, "ChiSquared": null},"Point T5-510-19082019103213-GenNb6": {"x": 1.711958, "y": 4.782888892863999, "fAckley": 11.983569838346043, "ChiSquared": null},"Point T5-25-19082019103213-GenNb6": {"x": 4.5624254, "y": -3.8434772000000006, "fAckley": 13.284468166535722, "ChiSquared": null},"Point T5-48-19082019103213-GenNb7": {"x": -9.344234592130881, "y": 1.4443228000000001, "fAckley": 16.99356137537495, "ChiSquared": null},"Point T5-242-19082019103214-GenNb7": {"x": -4.115948762685118, "y": -14.0204, "fAckley": 17.801145989651157, "ChiSquared": null},"Point T5-393-19082019103215-GenNb7": {"x": -4.037437458114882, "y": -3.8434772000000006, "fAckley": 11.480865428258273, "ChiSquared": null},"Point T5-297-19082019103215-GenNb8": {"x": 2.0786387620765012, "y": 1.4443228000000001, "fAckley": 7.765363018386244, "ChiSquared": null},"Point T5-673-19082019103215-GenNb8": {"x": -1.9285721909590592, "y": 0.7278834400000012, "fAckley": 6.3116643953485365, "ChiSquared": null},"Point T5-340-19082019103215-GenNb8": {"x": -3.8796222800000004, "y": -3.735743801599999, "fAckley": 12.00490993064362, "ChiSquared": null},"Point T5-899-19082019103216-GenNb9": {"x": -1.0206222372121792, "y": 0.7278834400000012, "fAckley": 4.435482839574345, "ChiSquared": null},"Point T5-841-19082019103216-GenNb9": {"x": -7.88385592148706, "y": -4.923132559999999, "fAckley": 15.085727287306188, "ChiSquared": null},"Point T5-473-19082019103217-GenNb9": {"x": 1.8391558399999997, "y": -4.882714241599999, "fAckley": 11.26696437386141, "ChiSquared": null},"Point T5-211-19082019103218-GenNb10": {"x": -0.21846132343996172, "y": 1.7716300000000018, "fAckley": 5.999503767399009, "ChiSquared": null},"Point T5-530-19082019103218-GenNb10": {"x": 0.1482194386365394, "y": -14.0204, "fAckley": 17.751992329781896, "ChiSquared": null},"Point T5-917-19082019103219-GenNb11": {"x": 0.39022874160703014, "y": 0.7278834400000012, "fAckley": 4.288524306983426, "ChiSquared": null},"Point T5-832-19082019103219-GenNb11": {"x": -0.21846132343996172, "y": -1.7824982479999996, "fAckley": 5.982786345918445, "ChiSquared": null},"Point T5-827-19082019103219-GenNb11": {"x": 0.0642688642365397, "y": -3.735743801599999, "fAckley": 9.412781572459352, "ChiSquared": null},"Point T5-174-19082019103220-GenNb11": {"x": 1.711958, "y": 1.2987800224000026, "fAckley": 7.195562722756842, "ChiSquared": null},"Point T5-821-19082019103220-GenNb12": {"x": 0.1482194386365394, "y": 1.3698840653440036, "fAckley": 5.301981393236289, "ChiSquared": null},"Point T5-608-19082019103221-GenNb12": {"x": -3.9455, "y": -0.2457958015999986, "fAckley": 9.660514978028313, "ChiSquared": null},"Point T5-457-19082019103221-GenNb12": {"x": 1.1045113235758994, "y": 1.2987800224000026, "fAckley": 5.725402979202734, "ChiSquared": null},"Point T5-837-19082019103221-GenNb13": {"x": 3.757470259530529, "y": -4.923132559999999, "fAckley": 12.794103985982444, "ChiSquared": null},"Point T5-442-19082019103222-GenNb13": {"x": 1.1110228091344128, "y": 1.636345709056, "fAckley": 6.540975271590849, "ChiSquared": null},"Point T5-416-19082019103223-GenNb14": {"x": 2.060803208515259, "y": -2.4042144474559977, "fAckley": 8.884722715526618, "ChiSquared": null},"Point T5-28-19082019103223-GenNb14": {"x": 1.0465229131752674, "y": -4.882714241599999, "fAckley": 10.51054332931269, "ChiSquared": null},"Point T5-68-19082019103223-GenNb14": {"x": -4.037437458114882, "y": 3.8606665027840026, "fAckley": 11.401286702066065, "ChiSquared": null},"Point T5-560-19082019103223-GenNb15": {"x": 0.0019321754164680627, "y": 1.4443228000000001, "fAckley": 5.382536287358821, "ChiSquared": null},"Point T5-639-19082019103224-GenNb15": {"x": 2.060803208515259, "y": -0.2915366038399996, "fAckley": 6.420015906690768, "ChiSquared": null},"Point T5-226-19082019103225-GenNb15": {"x": 0.47765625998454075, "y": -0.2457958015999986, "fAckley": 3.5637746213306376, "ChiSquared": null},"Point T5-874-19082019103225-GenNb15": {"x": -4.037437458114882, "y": -0.3144465241395178, "fAckley": 10.102940688341146, "ChiSquared": null}}