{"Point T1-968-19082019103207-GenNb1": {"x": -20.4239, "y": 30.759824000000002, "fAckley": 21.948708764105415, "ChiSquared": null},"Point T1-53-19082019103207-GenNb1": {"x": -28.2583, "y": 51.673066000000006, "fAckley": 21.941210213907812, "ChiSquared": null},"Point T1-428-19082019103208-GenNb2": {"x": 0.0491, "y": 8.316986, "fAckley": 15.236701061638128, "ChiSquared": null},"Point T1-7-19082019103208-GenNb2": {"x": -8.794798, "y": 51.673066000000006, "fAckley": 21.79547922060872, "ChiSquared": null},"Point T1-295-19082019103208-GenNb2": {"x": 15.667736, "y": 9.54617, "fAckley": 20.741076848285907, "ChiSquared": null},"Point T1-92-19082019103208-GenNb3": {"x": 27.141640680000002, "y": 7.7829, "fAckley": 20.831502689252318, "ChiSquared": null},"Point T1-32-19082019103208-GenNb3": {"x": 6.2103, "y": 34.062662, "fAckley": 20.773534340544057, "ChiSquared": null},"Point T1-990-19082019103209-GenNb3": {"x": 2.179971759999999, "y": -20.1763418, "fAckley": 20.037451873987344, "ChiSquared": null},"Point T1-148-19082019103209-GenNb3": {"x": -8.794798, "y": 11.538644000000001, "fAckley": 19.440950557764797, "ChiSquared": null},"Point T1-559-19082019103210-GenNb4": {"x": -17.878131361600005, "y": 34.062662, "fAckley": 20.356058814096446, "ChiSquared": null},"Point T1-18-19082019103210-GenNb4": {"x": 0.4482373199999996, "y": 11.538644000000001, "fAckley": 18.428361041567168, "ChiSquared": null},"Point T1-933-19082019103211-GenNb4": {"x": -12.9361, "y": -7.306336000000002, "fAckley": 18.939451231089173, "ChiSquared": null},"Point T1-188-19082019103211-GenNb4": {"x": -24.9825, "y": -5.789128000000002, "fAckley": 20.329735335323665, "ChiSquared": null},"Point T1-270-19082019103211-GenNb5": {"x": -13.189248060256006, "y": 44.114728508000006, "fAckley": 20.934601459965034, "ChiSquared": null},"Point T1-361-19082019103211-GenNb5": {"x": 28.0314014872, "y": -2.887000411999999, "fAckley": 19.960837112441784, "ChiSquared": null},"Point T1-492-19082019103211-GenNb5": {"x": 3.835763301343997, "y": 11.538644000000001, "fAckley": 18.3400452975618, "ChiSquared": null},"Point T1-79-19082019103212-GenNb6": {"x": 34.95074266111296, "y": 7.7829, "fAckley": 20.807840461444787, "ChiSquared": null},"Point T1-653-19082019103212-GenNb6": {"x": -11.843277582712961, "y": -2.887000411999999, "fAckley": 17.224480370394254, "ChiSquared": null},"Point T1-129-19082019103213-GenNb6": {"x": 8.26310892, "y": -3.3397539600000012, "fAckley": 16.31295957229985, "ChiSquared": null},"Point T1-463-19082019103213-GenNb6": {"x": -24.9825, "y": -10.866306559999998, "fAckley": 19.998941219380576, "ChiSquared": null},"Point T1-504-19082019103214-GenNb7": {"x": -0.0644, "y": 4.685722760000001, "fAckley": 11.108371498700912, "ChiSquared": null},"Point T1-515-19082019103214-GenNb7": {"x": 8.26310892, "y": -3.1728581863999974, "fAckley": 15.786831733744396, "ChiSquared": null},"Point T1-366-19082019103214-GenNb8": {"x": 13.927077887200001, "y": 7.7829, "fAckley": 18.888388193983364, "ChiSquared": null},"Point T1-979-19082019103214-GenNb8": {"x": 0.9374405151784094, "y": 44.114728508000006, "fAckley": 20.36873763318993, "ChiSquared": null},"Point T1-830-19082019103215-GenNb8": {"x": -5.485645887200001, "y": -10.866306559999998, "fAckley": 18.293601204076428, "ChiSquared": null},"Point T1-1-19082019103215-GenNb9": {"x": 13.927077887200001, "y": -3.3397539600000012, "fAckley": 18.880911457112955, "ChiSquared": null},"Point T1-527-19082019103216-GenNb9": {"x": 10.274145601648, "y": -4.878073089599999, "fAckley": 17.384852822887268, "ChiSquared": null},"Point T1-962-19082019103217-GenNb9": {"x": 4.245136919038554, "y": -10.866306559999998, "fAckley": 17.459002517901773, "ChiSquared": null},"Point T1-338-19082019103217-GenNb10": {"x": 0.9374405151784094, "y": 1.9576274030239977, "fAckley": 5.4337320166380465, "ChiSquared": null},"Point T1-573-19082019103218-GenNb11": {"x": 8.84941366001775, "y": -3.3397539600000012, "fAckley": 16.443616189224613, "ChiSquared": null},"Point T1-116-19082019103218-GenNb11": {"x": 7.103637790112321, "y": -2.887000411999999, "fAckley": 13.781557081274913, "ChiSquared": null},"Point T1-398-19082019103219-GenNb11": {"x": 2.179971759999999, "y": -10.801759193600002, "fAckley": 17.057138794084533, "ChiSquared": null},"Point T1-810-19082019103219-GenNb11": {"x": 10.674044228464322, "y": -2.157567560863999, "fAckley": 17.385266973478817, "ChiSquared": null},"Point T1-622-19082019103219-GenNb12": {"x": 8.84941366001775, "y": -2.162044413433921, "fAckley": 15.4618168163861, "ChiSquared": null},"Point T1-292-19082019103220-GenNb12": {"x": 2.179971759999999, "y": -0.6237252838339233, "fAckley": 7.338555140967705, "ChiSquared": null},"Point T1-64-19082019103220-GenNb12": {"x": 8.26310892, "y": 2.190675514576002, "fAckley": 15.596703578404076, "ChiSquared": null},"Point T1-92-19082019103220-GenNb12": {"x": 7.258196356431299, "y": -4.00984577285376, "fAckley": 14.922336671021895, "ChiSquared": null},"Point T1-116-19082019103220-GenNb12": {"x": 10.274145601648, "y": -2.025645992784001, "fAckley": 16.65101520265047, "ChiSquared": null},"Point T1-811-19082019103221-GenNb12": {"x": -0.2147715589591742, "y": -10.866306559999998, "fAckley": 16.85975341119911, "ChiSquared": null},"Point T1-399-19082019103221-GenNb13": {"x": 1.12127554558755, "y": -2.887000411999999, "fAckley": 7.713869752264177, "ChiSquared": null},"Point T1-753-19082019103221-GenNb13": {"x": -0.0644, "y": -2.561898931442391, "fAckley": 7.801537153829225, "ChiSquared": null},"Point T1-169-19082019103221-GenNb13": {"x": 0.7255515225167901, "y": 2.190675514576002, "fAckley": 7.17599112555321, "ChiSquared": null},"Point T1-225-19082019103221-GenNb13": {"x": 0.17218956945254116, "y": -1.3936387085161632, "fAckley": 5.466366584972512, "ChiSquared": null},"Point T1-772-19082019103221-GenNb14": {"x": 7.1832863564312985, "y": -2.162044413433921, "fAckley": 14.201745655796893, "ChiSquared": null},"Point T1-506-19082019103222-GenNb14": {"x": -0.0644, "y": -0.409158306665902, "fAckley": 2.8165049473011377, "ChiSquared": null},"Point T1-1-19082019103223-GenNb14": {"x": -0.2147715589591742, "y": -2.1159486648686885, "fAckley": 6.292751203660288, "ChiSquared": null},"Point T1-399-19082019103223-GenNb15": {"x": -0.5265499320596752, "y": -2.887400293105773, "fAckley": 8.61936048181003, "ChiSquared": null},"Point T1-386-19082019103224-GenNb16": {"x": -2.752187064157713, "y": 0.626246807436224, "fAckley": 8.59171181339024, "ChiSquared": null},"Point T1-861-19082019103225-GenNb16": {"x": 0.7255515225167901, "y": -1.1300660190395462, "fAckley": 4.8735353478524175, "ChiSquared": null},"Point T1-638-19082019103225-GenNb16": {"x": 2.8005849937741356, "y": 2.2186466745995723, "fAckley": 9.362290263759007, "ChiSquared": null},"Point T1-46-19082019103225-GenNb16": {"x": -0.2147715589591742, "y": 1.216813386390326, "fAckley": 4.687104411597911, "ChiSquared": null}}