{"Point T6-730-13082019113330-GenNb0": {"x": -26.0352, "y": 2.6892499999999995, "fAckley": 20.872584194760282, "ChiSquared": null},"Point T6-259-13082019113330-GenNb0": {"x": -12.9644, "y": -7.4765999999999995, "fAckley": 19.316230578138608, "ChiSquared": null},"Point T6-982-13082019113332-GenNb0": {"x": -4.4493, "y": 3.7617000000000003, "fAckley": 13.299336768752868, "ChiSquared": null},"Point T6-733-13082019113333-GenNb0": {"x": -2.306650000000001, "y": 18.0255, "fAckley": 19.811291486120645, "ChiSquared": null},"Point T6-119-13082019113334-GenNb0": {"x": -23.01115, "y": -4.24, "fAckley": 20.2880452572885, "ChiSquared": null},"Point T6-257-13082019113334-GenNb0": {"x": 30.94445, "y": -1.7197, "fAckley": 21.01317989865094, "ChiSquared": null},"Point T6-925-13082019113334-GenNb0": {"x": -5.60225, "y": -2.4195, "fAckley": 13.847762549223331, "ChiSquared": null},"Point T6-33-13082019113335-GenNb0": {"x": 2.523649999999999, "y": 21.7191, "fAckley": 21.256454242524406, "ChiSquared": null},"Point T6-93-13082019113335-GenNb0": {"x": 18.3207, "y": -24.2471, "fAckley": 21.632300397044087, "ChiSquared": null},"Point T6-516-13082019113336-GenNb0": {"x": -27.2285, "y": 10.575800000000001, "fAckley": 21.711026768301473, "ChiSquared": null},"Point T6-626-13082019113336-GenNb0": {"x": 9.940050000000003, "y": -22.4846, "fAckley": 21.13226437643496, "ChiSquared": null},"Point T6-195-13082019113338-GenNb1": {"x": 5.572, "y": -12.2467, "fAckley": 19.090753832275073, "ChiSquared": null},"Point T6-71-13082019113338-GenNb1": {"x": 20.9925, "y": 2.6892499999999995, "fAckley": 20.3478081449602, "ChiSquared": null},"Point T6-691-13082019113339-GenNb1": {"x": 1.726, "y": -5.0043500000000005, "fAckley": 11.728898474254903, "ChiSquared": null},"Point T6-34-13082019113340-GenNb1": {"x": -9.1927, "y": 8.3818, "fAckley": 18.449886859343433, "ChiSquared": null},"Point T6-112-13082019113342-GenNb1": {"x": 4.3748, "y": -1.731325, "fAckley": 11.774132954246635, "ChiSquared": null},"Point T6-729-13082019113342-GenNb1": {"x": -23.01115, "y": 1.9375500000000017, "fAckley": 19.341224518445728, "ChiSquared": null},"Point T6-979-13082019113343-GenNb1": {"x": -8.137249999999998, "y": 18.0849, "fAckley": 19.378192075891743, "ChiSquared": null},"Point T6-253-13082019113344-GenNb1": {"x": 18.3207, "y": -0.6662999999999997, "fAckley": 20.594267422927793, "ChiSquared": null},"Point T6-367-13082019113344-GenNb1": {"x": 11.8714, "y": -7.5059000000000005, "fAckley": 19.117120166152272, "ChiSquared": null},"Point T6-379-13082019113345-GenNb1": {"x": 2.5226499999999996, "y": 10.575800000000001, "fAckley": 18.029473849091502, "ChiSquared": null},"Point T6-397-13082019113345-GenNb1": {"x": 9.940050000000003, "y": 7.624199999999999, "fAckley": 18.201304482680513, "ChiSquared": null},"Point T6-185-13082019113346-GenNb2": {"x": -2.805225, "y": 8.968050000000002, "fAckley": 15.487995069767207, "ChiSquared": null},"Point T6-145-13082019113346-GenNb2": {"x": 20.9925, "y": 1.2407500000000002, "fAckley": 19.999913794383303, "ChiSquared": null},"Point T6-619-13082019113346-GenNb2": {"x": -12.9644, "y": -8.06695, "fAckley": 17.840282233068198, "ChiSquared": null},"Point T6-851-13082019113347-GenNb2": {"x": 12.469, "y": 5.788850000000001, "fAckley": 19.165177483483053, "ChiSquared": null},"Point T6-490-13082019113348-GenNb2": {"x": -7.993775, "y": 13.9382, "fAckley": 18.03888647751448, "ChiSquared": null},"Point T6-232-13082019113349-GenNb2": {"x": 4.3748, "y": 0.9225000000000012, "fAckley": 10.998035638899795, "ChiSquared": null},"Point T6-547-13082019113349-GenNb2": {"x": -18.344099999999997, "y": -1.7197, "fAckley": 20.55269020474267, "ChiSquared": null},"Point T6-112-13082019113349-GenNb2": {"x": -40.020875, "y": 22.97, "fAckley": 20.006210747429176, "ChiSquared": null},"Point T6-899-13082019113350-GenNb2": {"x": -8.137249999999998, "y": -7.6137500000000005, "fAckley": 17.633118510255564, "ChiSquared": null},"Point T6-198-13082019113350-GenNb2": {"x": 11.8714, "y": -3.03695, "fAckley": 16.884956180548315, "ChiSquared": null},"Point T6-883-13082019113351-GenNb2": {"x": -5.982674999999999, "y": 22.3122, "fAckley": 20.5970249069055, "ChiSquared": null},"Point T6-157-13082019113352-GenNb3": {"x": 5.572, "y": 1.558349999999999, "fAckley": 13.49418406847844, "ChiSquared": null},"Point T6-563-13082019113354-GenNb3": {"x": 1.9466, "y": 0.33009999999999984, "fAckley": 6.33100899541726, "ChiSquared": null},"Point T6-481-13082019113355-GenNb3": {"x": 2.3254625, "y": 1.7943, "fAckley": 8.603473746945621, "ChiSquared": null},"Point T6-968-13082019113355-GenNb3": {"x": 5.061249999999999, "y": 8.3818, "fAckley": 16.610579292245763, "ChiSquared": null},"Point T6-696-13082019113355-GenNb3": {"x": -18.893525, "y": 25.9448, "fAckley": 20.13563494271497, "ChiSquared": null},"Point T6-16-13082019113355-GenNb3": {"x": -8.1093, "y": 7.006600000000001, "fAckley": 15.898830783457937, "ChiSquared": null},"Point T6-825-13082019113356-GenNb3": {"x": -7.993775, "y": -5.3151, "fAckley": 16.221733124289305, "ChiSquared": null},"Point T6-846-13082019113356-GenNb3": {"x": 9.4954875, "y": 12.664325000000002, "fAckley": 20.116492227761906, "ChiSquared": null},"Point T6-418-13082019113356-GenNb3": {"x": -2.306650000000001, "y": 12.852350000000001, "fAckley": 18.429122824012055, "ChiSquared": null},"Point T6-480-13082019113358-GenNb3": {"x": -15.8348875, "y": -1.7197, "fAckley": 19.442642352740375, "ChiSquared": null},"Point T6-475-13082019113359-GenNb3": {"x": -0.8452999999999999, "y": -0.6662999999999997, "fAckley": 4.510925437876775, "ChiSquared": null},"Point T6-118-13082019113359-GenNb3": {"x": 2.5226499999999996, "y": 4.42215, "fAckley": 12.591054019860655, "ChiSquared": null},"Point T6-715-13082019113359-GenNb3": {"x": -2.654325000000002, "y": 7.624199999999999, "fAckley": 15.804476522971964, "ChiSquared": null},"Point T6-436-13082019113400-GenNb4": {"x": -21.24025, "y": 13.9712, "fAckley": 20.483134772004792, "ChiSquared": null},"Point T6-992-13082019113401-GenNb4": {"x": 12.469, "y": -0.8641750000000004, "fAckley": 18.452901065624395, "ChiSquared": null},"Point T6-792-13082019113402-GenNb4": {"x": -18.893525, "y": 6.786575000000002, "fAckley": 19.889875044023462, "ChiSquared": null},"Point T6-188-13082019113402-GenNb4": {"x": -8.1093, "y": 0.3412000000000006, "fAckley": 15.249362783420576, "ChiSquared": null},"Point T6-215-13082019113402-GenNb4": {"x": -1.1807999999999996, "y": -5.3151, "fAckley": 12.446149578019583, "ChiSquared": null},"Point T6-424-13082019113403-GenNb4": {"x": -0.8933, "y": -8.241924999999998, "fAckley": 15.008273757484274, "ChiSquared": null},"Point T6-45-13082019113403-GenNb4": {"x": 9.4954875, "y": 9.5675, "fAckley": 19.3611130421101, "ChiSquared": null},"Point T6-932-13082019113405-GenNb4": {"x": -8.137249999999998, "y": -8.0685, "fAckley": 16.581777678146956, "ChiSquared": null},"Point T6-278-13082019113405-GenNb4": {"x": 2.523649999999999, "y": -8.604, "fAckley": 16.68064369734985, "ChiSquared": null},"Point T6-100-13082019113406-GenNb4": {"x": -2.7541249999999997, "y": 4.42215, "fAckley": 12.493472460154685, "ChiSquared": null},"Point T6-654-13082019113406-GenNb4": {"x": -2.654325000000002, "y": -5.300550000000001, "fAckley": 13.425068921325574, "ChiSquared": null},"Point T6-237-13082019113407-GenNb5": {"x": -5.979774999999999, "y": 1.558349999999999, "fAckley": 13.342343573028321, "ChiSquared": null},"Point T6-317-13082019113407-GenNb5": {"x": -14.4037, "y": 1.2407500000000002, "fAckley": 19.4471057556463, "ChiSquared": null},"Point T6-366-13082019113408-GenNb5": {"x": 6.661574999999999, "y": 13.9712, "fAckley": 19.221325606305175, "ChiSquared": null},"Point T6-338-13082019113409-GenNb5": {"x": 5.061249999999999, "y": -3.9887874999999973, "fAckley": 12.061129547024878, "ChiSquared": null},"Point T6-201-13082019113410-GenNb5": {"x": 12.6084375, "y": 6.786575000000002, "fAckley": 19.318419179803627, "ChiSquared": null},"Point T6-573-13082019113410-GenNb5": {"x": 7.189225, "y": 0.3412000000000006,