{"Point T4-536-13082019113330-GenNb0": {"x": -12.2197, "y": -9.943749999999998, "fAckley": 18.806225124331373, "ChiSquared": null},"Point T4-833-13082019113331-GenNb0": {"x": -16.7664, "y": 14.2648, "fAckley": 20.824086194175138, "ChiSquared": null},"Point T4-704-13082019113331-GenNb0": {"x": -26.9971, "y": -11.109850000000002, "fAckley": 19.972044991669637, "ChiSquared": null},"Point T4-442-13082019113331-GenNb0": {"x": -19.662, "y": -29.1427, "fAckley": 21.52886385493472, "ChiSquared": null},"Point T4-825-13082019113332-GenNb0": {"x": 26.7767, "y": -20.024150000000002, "fAckley": 20.75948490629736, "ChiSquared": null},"Point T4-122-13082019113332-GenNb0": {"x": 16.53465, "y": 14.3937, "fAckley": 21.40304212481796, "ChiSquared": null},"Point T4-462-13082019113333-GenNb0": {"x": 26.1694, "y": 5.30545, "fAckley": 21.185620300603194, "ChiSquared": null},"Point T4-853-13082019113333-GenNb0": {"x": 9.8146, "y": 10.4514, "fAckley": 19.329059999883807, "ChiSquared": null},"Point T4-281-13082019113334-GenNb0": {"x": -1.0395, "y": 18.715249999999997, "fAckley": 19.84941627654158, "ChiSquared": null},"Point T4-917-13082019113334-GenNb0": {"x": 18.3585, "y": 4.55695, "fAckley": 20.883391994190692, "ChiSquared": null},"Point T4-195-13082019113336-GenNb0": {"x": -9.7472, "y": -18.616049999999998, "fAckley": 21.011284963980113, "ChiSquared": null},"Point T4-50-13082019113336-GenNb0": {"x": -4.922799999999999, "y": -21.7305, "fAckley": 20.39805655517861, "ChiSquared": null},"Point T4-68-13082019113337-GenNb1": {"x": 0.6722, "y": 19.912325000000003, "fAckley": 20.31259272226995, "ChiSquared": null},"Point T4-256-13082019113337-GenNb1": {"x": 5.16525, "y": -28.266, "fAckley": 21.148659205585986, "ChiSquared": null},"Point T4-895-13082019113338-GenNb1": {"x": 8.44125, "y": 4.2319, "fAckley": 16.793255013282806, "ChiSquared": null},"Point T4-42-13082019113338-GenNb1": {"x": 0.8389000000000005, "y": 14.2648, "fAckley": 18.82309680045671, "ChiSquared": null},"Point T4-206-13082019113339-GenNb1": {"x": -9.5762, "y": -4.326549999999999, "fAckley": 17.68404948525055, "ChiSquared": null},"Point T4-630-13082019113340-GenNb1": {"x": -6.462599999999998, "y": -20.024150000000002, "fAckley": 20.689992300185853, "ChiSquared": null},"Point T4-773-13082019113340-GenNb1": {"x": -24.85875, "y": -13.6222, "fAckley": 21.39826279932718, "ChiSquared": null},"Point T4-835-13082019113341-GenNb1": {"x": -29.5368, "y": -3.016799999999998, "fAckley": 21.407450969296832, "ChiSquared": null},"Point T4-940-13082019113341-GenNb1": {"x": 3.288850000000001, "y": 5.30545, "fAckley": 13.698477097094775, "ChiSquared": null},"Point T4-473-13082019113342-GenNb1": {"x": -1.0395, "y": 6.101200000000002, "fAckley": 11.955582536238428, "ChiSquared": null},"Point T4-457-13082019113342-GenNb1": {"x": -3.6662999999999997, "y": 4.883, "fAckley": 13.157629265108936, "ChiSquared": null},"Point T4-342-13082019113343-GenNb1": {"x": 14.21025, "y": 10.614425, "fAckley": 20.313544346015295, "ChiSquared": null},"Point T4-542-13082019113343-GenNb1": {"x": -18.2133, "y": 2.6460749999999993, "fAckley": 20.4095780300515, "ChiSquared": null},"Point T4-504-13082019113344-GenNb2": {"x": -3.4773499999999995, "y": 4.2319, "fAckley": 12.855407489916512, "ChiSquared": null},"Point T4-355-13082019113346-GenNb2": {"x": -10.045749999999998, "y": -4.326549999999999, "fAckley": 17.17823258570928, "ChiSquared": null},"Point T4-589-13082019113347-GenNb2": {"x": -3.3534499999999987, "y": -20.024150000000002, "fAckley": 20.374490159529618, "ChiSquared": null},"Point T4-180-13082019113348-GenNb2": {"x": 16.53465, "y": -2.6887000000000008, "fAckley": 20.338298972438228, "ChiSquared": null},"Point T4-715-13082019113348-GenNb2": {"x": 10.153649999999999, "y": 8.583500000000003, "fAckley": 18.80509232898936, "ChiSquared": null},"Point T4-341-13082019113349-GenNb2": {"x": -1.0395, "y": -3.16585, "fAckley": 8.144231564224274, "ChiSquared": null},"Point T4-587-13082019113349-GenNb2": {"x": -3.6662999999999997, "y": 0.23929999999999918, "fAckley": 10.018468487737294, "ChiSquared": null},"Point T4-984-13082019113349-GenNb2": {"x": 1.7008, "y": 4.55695, "fAckley": 12.127703686107798, "ChiSquared": null},"Point T4-219-13082019113351-GenNb2": {"x": 6.531075, "y": 2.6460749999999993, "fAckley": 14.883436341653788, "ChiSquared": null},"Point T4-62-13082019113351-GenNb2": {"x": -4.922799999999999, "y": -7.048300000000003, "fAckley": 14.28105046614193, "ChiSquared": null},"Point T4-137-13082019113351-GenNb3": {"x": 0.6722, "y": -14.446850000000001, "fAckley": 19.63842814018157, "ChiSquared": null},"Point T4-242-13082019113351-GenNb3": {"x": 5.16525, "y": 19.333375, "fAckley": 20.534345975694592, "ChiSquared": null},"Point T4-402-13082019113352-GenNb3": {"x": 6.25055, "y": 24.0173, "fAckley": 20.47913957448457, "ChiSquared": null},"Point T4-656-13082019113354-GenNb3": {"x": 16.9809, "y": -6.159325000000002, "fAckley": 19.012378926843848, "ChiSquared": null},"Point T4-208-13082019113354-GenNb3": {"x": 6.881975000000001, "y": -29.1427, "fAckley": 20.453090281865354, "ChiSquared": null},"Point T4-874-13082019113355-GenNb3": {"x": -1.4018, "y": 0.6154874999999986, "fAckley": 6.154261330552174, "ChiSquared": null},"Point T4-165-13082019113355-GenNb3": {"x": -13.58985, "y": -13.6222, "fAckley": 20.944947386581028, "ChiSquared": null},"Point T4-76-13082019113356-GenNb3": {"x": 10.153649999999999, "y": -10.796775000000002, "fAckley": 18.723103143415155, "ChiSquared": null},"Point T4-136-13082019113356-GenNb3": {"x": 1.687675, "y": 5.30545, "fAckley": 12.920697266129897, "ChiSquared": null},"Point T4-657-13082019113356-GenNb3": {"x": 1.7592749999999997, "y": 10.4514, "fAckley": 17.611454929288737, "ChiSquared": null},"Point T4-385-13082019113357-GenNb3": {"x": 6.257175, "y": -11.7217, "fAckley": 18.76876288154119, "ChiSquared": null},"Point T4-382-13082019113357-GenNb3": {"x": -5.0617, "y": -16.0524, "fAckley": 18.318030962675248, "ChiSquared": null},"Point T4-676-13082019113358-GenNb3": {"x": 6.531075, "y": -0.9718749999999972, "fAckley": 13.855451927164706, "ChiSquared": null},"Point T4-20-13082019113359-GenNb4": {"x": 0.6722, "y": 0.15300000000000047, "fAckley": 3.523377197959992, "ChiSquared": null},"Point T4-619-13082019113359-GenNb4": {"x": 5.16525, "y": 10.801337499999997, "fAckley": 17.529380302319534, "ChiSquared": null},"Point T4-653-13082019113359-GenNb4": {"x": 11.787374999999999, "y": 24.0173, "fAckley": 20.41677727892468, "ChiSquared": null},"Point T4-554-13082019113400-GenNb4": {"x": 0.8389000000000005, "y": 1.094875, "fAckley": 4.29123498282237, "ChiSquared": null},"Point T4-774-13082019113401-GenNb4": {"x": -1.9037999999999995, "y": -11.109850000000002, "fAckley": 16.437542403876186, "ChiSquared": null},"Point T4-497-13082019113401-GenNb4": {"x": 6.881975000000001, "y": -16.333975000000002, "fAckley": 19.963360161664536, "ChiSquared": null},"Point T4-203-13082019113401-GenNb4": {"x": 2.2391750000000004, "y": -4.326549999999999, "fAckley": 11.855360420772374, "ChiSquared": null},"Point T4-480-13082019113402-GenNb4": {"x": -2.1167, "y": 2.146487499999999, "fAckley": 7.697693242511249, "ChiSquared": null},"Point T4-370-13082019113402-GenNb4": {"x": -0.8056000000000002, "y": -13.6222, "fAckley": 18.986704722037015, "ChiSquared": null},"Point T4-944-13082019113402-GenNb4": {"x": -9.31315, "y": -8.530675, "fAckley": 18.86141063969389, "ChiSquared": null},"Point T4-837-13082019113403-GenNb4": {"x": -9.191624999999998, "y": -10.796775000000002, "fAckley": 18.642963744645442, "ChiSquared": null},"Point T4-513-13082019113406-GenNb5": {"x": 5.16525, "y": -7.346187500000003, "fAckley": 16.131527239306507, "ChiSquared": null},"Point T4-457-13082019113406-GenNb5": {"x": 8.137099999999998, "y": 24.0173, "fAckley": 19.887514914802228, "ChiSquared": null},"Point T4-841-13082019113407-GenNb5": {"x": -12.2197, "y": -9.087750000000003, "fAckley": 18.71415164361065, "ChiSquared": null},"Point T4-326-13082019113407-GenNb5": {"x": 1.0949124999999997,