{"Point T0-904-13082019113329-GenNb0": {"x": 1.3345499999999997, "y": 2.3636500000000016, "fAckley": 8.534432288808546, "ChiSquared": null},"Point T0-882-13082019113330-GenNb0": {"x": -15.7473, "y": -6.9232, "fAckley": 19.41826504628839, "ChiSquared": null},"Point T0-909-13082019113332-GenNb0": {"x": 8.1807, "y": 2.3640000000000003, "fAckley": 15.830782980014215, "ChiSquared": null},"Point T0-996-13082019113332-GenNb0": {"x": 3.5950500000000005, "y": -19.6554, "fAckley": 21.03321812216465, "ChiSquared": null},"Point T0-56-13082019113333-GenNb0": {"x": 18.244750000000003, "y": -6.222999999999999, "fAckley": 20.302699924971154, "ChiSquared": null},"Point T0-960-13082019113333-GenNb0": {"x": -23.4918, "y": 31.994899999999998, "fAckley": 21.64490538039544, "ChiSquared": null},"Point T0-952-13082019113333-GenNb0": {"x": -19.17005, "y": 13.7811, "fAckley": 20.606864891431737, "ChiSquared": null},"Point T0-847-13082019113334-GenNb0": {"x": -20.5556, "y": -12.632249999999999, "fAckley": 21.612569485961032, "ChiSquared": null},"Point T0-500-13082019113335-GenNb0": {"x": -15.95525, "y": 9.1932, "fAckley": 19.313763874817404, "ChiSquared": null},"Point T0-329-13082019113336-GenNb0": {"x": 0.19979999999999887, "y": 7.3499, "fAckley": 14.77725810803728, "ChiSquared": null},"Point T0-532-13082019113336-GenNb0": {"x": 8.23085, "y": -25.5836, "fAckley": 21.582224431936783, "ChiSquared": null},"Point T0-174-13082019113337-GenNb0": {"x": 5.828150000000001, "y": -9.1693, "fAckley": 16.801912915618118, "ChiSquared": null},"Point T0-362-13082019113338-GenNb1": {"x": 2.3834250000000026, "y": -7.6732, "fAckley": 15.751442505513168, "ChiSquared": null},"Point T0-572-13082019113338-GenNb1": {"x": 7.9537, "y": -13.106075, "fAckley": 18.038696413813014, "ChiSquared": null},"Point T0-684-13082019113339-GenNb1": {"x": 6.4830749999999995, "y": 0.6977, "fAckley": 14.247327319912232, "ChiSquared": null},"Point T0-207-13082019113339-GenNb1": {"x": -29.04915, "y": 26.9855, "fAckley": 19.99561927994339, "ChiSquared": null},"Point T0-435-13082019113340-GenNb1": {"x": 8.8041, "y": -0.9518000000000004, "fAckley": 15.097604365605484, "ChiSquared": null},"Point T0-228-13082019113342-GenNb1": {"x": -23.4918, "y": 1.4853999999999994, "fAckley": 21.632716975299328, "ChiSquared": null},"Point T0-315-13082019113342-GenNb1": {"x": -19.2019, "y": 1.3955499999999998, "fAckley": 20.623471072267918, "ChiSquared": null},"Point T0-25-13082019113343-GenNb1": {"x": -10.930524999999998, "y": -12.632249999999999, "fAckley": 19.711405732672947, "ChiSquared": null},"Point T0-277-13082019113343-GenNb1": {"x": -6.7397, "y": -10.383199999999999, "fAckley": 18.577081878524403, "ChiSquared": null},"Point T0-853-13082019113344-GenNb1": {"x": 10.05995, "y": 9.1932, "fAckley": 17.91159830100931, "ChiSquared": null},"Point T0-671-13082019113344-GenNb1": {"x": -0.02284999999999915, "y": 20.1902, "fAckley": 19.596950822247663, "ChiSquared": null},"Point T0-84-13082019113345-GenNb1": {"x": 8.23085, "y": -18.64895, "fAckley": 20.809383537340274, "ChiSquared": null},"Point T0-768-13082019113345-GenNb1": {"x": 24.5908, "y": 6.956149999999999, "fAckley": 21.1172854840725, "ChiSquared": null},"Point T0-405-13082019113346-GenNb2": {"x": 4.7318625, "y": -6.9232, "fAckley": 15.137869685320604, "ChiSquared": null},"Point T0-451-13082019113346-GenNb2": {"x": 2.2665500000000005, "y": 0.6977, "fAckley": 7.609032730469613, "ChiSquared": null},"Point T0-84-13082019113347-GenNb2": {"x": -13.454999999999998, "y": 0.24205000000000254, "fAckley": 19.101931651270608, "ChiSquared": null},"Point T0-659-13082019113348-GenNb2": {"x": 1.6744249999999994, "y": -19.6554, "fAckley": 20.888230476576872, "ChiSquared": null},"Point T0-188-13082019113348-GenNb2": {"x": -1.5257000000000005, "y": -0.9518000000000004, "fAckley": 6.225376132710515, "ChiSquared": null},"Point T0-277-13082019113349-GenNb2": {"x": 18.31635, "y": 16.29415, "fAckley": 21.381835958917776, "ChiSquared": null},"Point T0-511-13082019113349-GenNb2": {"x": -17.19455, "y": 13.7811, "fAckley": 20.524817624362488, "ChiSquared": null},"Point T0-105-13082019113349-GenNb2": {"x": -19.2019, "y": -2.305275, "fAckley": 20.44161194288597, "ChiSquared": null},"Point T0-592-13082019113349-GenNb2": {"x": 0.0654249999999994, "y": 1.9945, "fAckley": 5.029474894239147, "ChiSquared": null},"Point T0-238-13082019113351-GenNb2": {"x": 16.566225000000003, "y": 6.374650000000001, "fAckley": 20.648567571903303, "ChiSquared": null},"Point T0-117-13082019113351-GenNb2": {"x": 8.23085, "y": -3.344899999999998, "fAckley": 16.22320814547758, "ChiSquared": null},"Point T0-175-13082019113352-GenNb2": {"x": 20.1246, "y": -4.37265, "fAckley": 20.625273163019447, "ChiSquared": null},"Point T0-292-13082019113353-GenNb3": {"x": 1.3345499999999997, "y": -0.9911999999999996, "fAckley": 5.629565133887329, "ChiSquared": null},"Point T0-493-13082019113353-GenNb3": {"x": 7.9537, "y": 1.5762500000000008, "fAckley": 15.328691730509712, "ChiSquared": null},"Point T0-241-13082019113354-GenNb3": {"x": 11.9047, "y": -1.3395749999999982, "fAckley": 17.8859166064909, "ChiSquared": null},"Point T0-458-13082019113354-GenNb3": {"x": -10.9429, "y": -0.7618999999999989, "fAckley": 16.821024805355925, "ChiSquared": null},"Point T0-795-13082019113354-GenNb3": {"x": -23.0423, "y": 7.971425, "fAckley": 19.432606018240342, "ChiSquared": null},"Point T0-201-13082019113355-GenNb3": {"x": -8.955024999999997, "y": 15.3648, "fAckley": 19.939260865588015, "ChiSquared": null},"Point T0-949-13082019113355-GenNb3": {"x": -1.3586749999999999, "y": -14.592637499999999, "fAckley": 19.72082220969199, "ChiSquared": null},"Point T0-705-13082019113355-GenNb3": {"x": -17.778299999999998, "y": 16.29415, "fAckley": 21.105105282145608, "ChiSquared": null},"Point T0-665-13082019113355-GenNb3": {"x": -6.398525000000003, "y": 9.881, "fAckley": 17.96818070950721, "ChiSquared": null},"Point T0-679-13082019113356-GenNb3": {"x": 10.05995, "y": -6.80035, "fAckley": 17.267238607124515, "ChiSquared": null},"Point T0-957-13082019113356-GenNb3": {"x": -0.02284999999999915, "y": -10.728925000000002, "fAckley": 16.79675366551959, "ChiSquared": null},"Point T0-822-13082019113357-GenNb3": {"x": 16.566225000000003, "y": 1.8569375000000008, "fAckley": 19.961056562198774, "ChiSquared": null},"Point T0-56-13082019113357-GenNb3": {"x": -1.5757499999999993, "y": -9.1693, "fAckley": 16.53538646464541, "ChiSquared": null},"Point T0-688-13082019113358-GenNb3": {"x": 5.296662500000001, "y": 5.9542, "fAckley": 14.840393530885805, "ChiSquared": null},"Point T0-174-13082019113358-GenNb3": {"x": 20.1246, "y": -9.219449999999998, "fAckley": 20.276309746393355, "ChiSquared": null},"Point T0-898-13082019113359-GenNb4": {"x": 2.3834250000000026, "y": -5.679537499999999, "fAckley": 13.79161753162444, "ChiSquared": null},"Point T0-815-13082019113400-GenNb4": {"x": 8.227550000000004, "y": 0.24205000000000254, "fAckley": 15.373983370646968, "ChiSquared": null},"Point T0-849-13082019113401-GenNb4": {"x": 4.0450124999999995, "y": -19.6554, "fAckley": 20.32579896366357, "ChiSquared": null},"Point T0-688-13082019113402-GenNb4": {"x": -1.3586749999999999, "y": 6.9567250000000005, "fAckley": 14.197722177681753, "ChiSquared": null},"Point T0-665-13082019113402-GenNb4": {"x": -0.8943625000000033, "y": 16.29415, "fAckley": 19.43576461482295, "ChiSquared": null},"Point T0-33-13082019113402-GenNb4": {"x": 5.807925000000003, "y": 9.881, "fAckley": 17.039934206384075, "ChiSquared": null},"Point T0-440-13082019113403-GenNb4": {"x": 10.619750000000002, "y": -9.366175, "fAckley": 19.52102666082594, "ChiSquared": null},"Point T0-161-13082019113403-GenNb4": {"x": 2.3112125, "y": -1.6778624999999991, "fAckley": 8.69817150663032, "ChiSquared": null},"Point T0-488-13082019113404-GenNb4": {"x": 15.9951, "y": 1.8569375000000008, "fAckley": 18.416782439665344, "ChiSquared": null},"Point T0-386-13082019113404-GenNb4": {"x": -1.5757499999999993, "y": 0.7090562500000015, "fAckley": 6.489673756367754,