{"Point T5-292-13082019113330-GenNb0": {"x": -26.943, "y": 36.239850000000004, "fAckley": 21.03563991296831, "ChiSquared": null},"Point T5-747-13082019113332-GenNb0": {"x": 10.0602, "y": -6.335, "fAckley": 17.761829405906113, "ChiSquared": null},"Point T5-117-13082019113333-GenNb0": {"x": -18.8357, "y": 30.90075, "fAckley": 20.65926135547295, "ChiSquared": null},"Point T5-750-13082019113333-GenNb0": {"x": -3.1381, "y": -4.1105, "fAckley": 11.064138935705277, "ChiSquared": null},"Point T5-611-13082019113334-GenNb0": {"x": -1.0556, "y": 14.4762, "fAckley": 19.17479414389962, "ChiSquared": null},"Point T5-214-13082019113334-GenNb0": {"x": 22.3365, "y": 12.8949, "fAckley": 21.051088584529825, "ChiSquared": null},"Point T5-650-13082019113335-GenNb0": {"x": -6.389900000000001, "y": -8.102649999999997, "fAckley": 17.05588430534205, "ChiSquared": null},"Point T5-501-13082019113336-GenNb0": {"x": -9.85955, "y": -3.921, "fAckley": 16.125738127886276, "ChiSquared": null},"Point T5-924-13082019113337-GenNb0": {"x": -10.9299, "y": -9.88215, "fAckley": 17.955678676055655, "ChiSquared": null},"Point T5-549-13082019113337-GenNb0": {"x": 4.871499999999999, "y": -12.1089, "fAckley": 17.47882697038712, "ChiSquared": null},"Point T5-156-13082019113338-GenNb0": {"x": 1.9008, "y": -8.438499999999998, "fAckley": 15.888593643645343, "ChiSquared": null},"Point T5-541-13082019113339-GenNb1": {"x": 21.0793, "y": -24.328399999999995, "fAckley": 21.28267551653411, "ChiSquared": null},"Point T5-718-13082019113339-GenNb1": {"x": 12.6054, "y": 12.86095, "fAckley": 20.22226379551207, "ChiSquared": null},"Point T5-138-13082019113339-GenNb1": {"x": -3.30645, "y": 0.6298, "fAckley": 9.696455063873204, "ChiSquared": null},"Point T5-568-13082019113340-GenNb1": {"x": 13.0131, "y": -7.742675000000002, "fAckley": 18.7600859062177, "ChiSquared": null},"Point T5-617-13082019113340-GenNb1": {"x": -15.03275, "y": 26.1165, "fAckley": 20.069872837521377, "ChiSquared": null},"Point T5-831-13082019113340-GenNb1": {"x": 17.8924, "y": 22.985, "fAckley": 19.963399635987038, "ChiSquared": null},"Point T5-891-13082019113341-GenNb1": {"x": -6.8466000000000005, "y": -6.335, "fAckley": 16.339906492395045, "ChiSquared": null},"Point T5-704-13082019113341-GenNb1": {"x": -18.8357, "y": -8.2024, "fAckley": 20.126325111204196, "ChiSquared": null},"Point T5-282-13082019113342-GenNb1": {"x": -1.9574499999999997, "y": 22.475, "fAckley": 20.90677708670279, "ChiSquared": null},"Point T5-342-13082019113342-GenNb1": {"x": 8.40175, "y": 12.8949, "fAckley": 19.462379804057672, "ChiSquared": null},"Point T5-951-13082019113343-GenNb1": {"x": -8.592, "y": 18.189500000000002, "fAckley": 20.76354941013997, "ChiSquared": null},"Point T5-987-13082019113343-GenNb1": {"x": -3.0214, "y": -27.963675000000002, "fAckley": 19.672520049254942, "ChiSquared": null},"Point T5-264-13082019113344-GenNb1": {"x": -6.8968, "y": 8.7894, "fAckley": 16.914992479647847, "ChiSquared": null},"Point T5-452-13082019113345-GenNb1": {"x": 0.2053, "y": 1.8772749999999983, "fAckley": 5.761839324973678, "ChiSquared": null},"Point T5-85-13082019113346-GenNb2": {"x": 13.06205, "y": -8.6117, "fAckley": 19.445962108859014, "ChiSquared": null},"Point T5-136-13082019113346-GenNb2": {"x": -26.943, "y": -14.867299999999997, "fAckley": 20.225474003250632, "ChiSquared": null},"Point T5-204-13082019113347-GenNb2": {"x": 1.4462000000000004, "y": 12.86095, "fAckley": 18.650788816775755, "ChiSquared": null},"Point T5-265-13082019113347-GenNb2": {"x": 13.0131, "y": -7.855925, "fAckley": 18.14656406946416, "ChiSquared": null},"Point T5-808-13082019113348-GenNb2": {"x": -8.846625, "y": 22.985, "fAckley": 19.915901622813887, "ChiSquared": null},"Point T5-655-13082019113348-GenNb2": {"x": 19.7901, "y": 15.9685, "fAckley": 20.320290042828645, "ChiSquared": null},"Point T5-480-13082019113349-GenNb2": {"x": 12.287849999999999, "y": -4.6034, "fAckley": 18.994491302120334, "ChiSquared": null},"Point T5-517-13082019113350-GenNb2": {"x": -17.963, "y": 12.8949, "fAckley": 19.427055138770758, "ChiSquared": null},"Point T5-100-13082019113351-GenNb2": {"x": -6.389900000000001, "y": -1.074399999999999, "fAckley": 13.655564027380208, "ChiSquared": null},"Point T5-923-13082019113351-GenNb2": {"x": -8.592, "y": 15.773899999999998, "fAckley": 20.432360358689312, "ChiSquared": null},"Point T5-280-13082019113352-GenNb2": {"x": -8.07525, "y": -3.921, "fAckley": 14.676435942543606, "ChiSquared": null},"Point T5-319-13082019113352-GenNb2": {"x": 1.2593749999999986, "y": 13.052, "fAckley": 18.02825000635349, "ChiSquared": null},"Point T5-563-13082019113352-GenNb2": {"x": -7.3187999999999995, "y": -12.5401, "fAckley": 19.652546691954306, "ChiSquared": null},"Point T5-519-13082019113353-GenNb2": {"x": 4.871499999999999, "y": 7.223650000000001, "fAckley": 15.350790454357021, "ChiSquared": null},"Point T5-832-13082019113354-GenNb3": {"x": 13.06205, "y": 7.287600000000001, "fAckley": 18.89373093997928, "ChiSquared": null},"Point T5-909-13082019113354-GenNb3": {"x": -2.757625000000001, "y": -14.867299999999997, "fAckley": 18.92814379747139, "ChiSquared": null},"Point T5-419-13082019113354-GenNb3": {"x": 1.4462000000000004, "y": -6.7389875, "fAckley": 14.569700088742138, "ChiSquared": null},"Point T5-990-13082019113355-GenNb3": {"x": -4.718200000000001, "y": 15.9685, "fAckley": 19.341576248428044, "ChiSquared": null},"Point T5-483-13082019113359-GenNb3": {"x": 0.8015999999999999, "y": -3.921, "fAckley": 9.542053395040652, "ChiSquared": null},"Point T5-115-13082019113400-GenNb3": {"x": -0.7514500000000011, "y": -9.88215, "fAckley": 16.34113805151003, "ChiSquared": null},"Point T5-585-13082019113400-GenNb3": {"x": -7.3187999999999995, "y": 7.337524999999999, "fAckley": 17.475140246618295, "ChiSquared": null},"Point T5-201-13082019113403-GenNb4": {"x": -15.03275, "y": -2.526600000000002, "fAckley": 19.405577907065908, "ChiSquared": null},"Point T5-367-13082019113404-GenNb4": {"x": -8.846625, "y": -3.9424124999999997, "fAckley": 15.511579746501027, "ChiSquared": null},"Point T5-72-13082019113405-GenNb4": {"x": 9.764449999999998, "y": 7.0664, "fAckley": 17.42852241466981, "ChiSquared": null},"Point T5-52-13082019113405-GenNb4": {"x": 12.287849999999999, "y": 8.097987499999999, "fAckley": 18.88569882440778, "ChiSquared": null},"Point T5-8-13082019113406-GenNb4": {"x": -17.963, "y": 5.8980250000000005, "fAckley": 18.909711311686422, "ChiSquared": null},"Point T5-330-13082019113406-GenNb4": {"x": -5.1871125000000005, "y": 1.8153249999999996, "fAckley": 12.04449871630522, "ChiSquared": null},"Point T5-503-13082019113407-GenNb4": {"x": -3.0214, "y": -7.0306500000000005, "fAckley": 13.260218530829563, "ChiSquared": null},"Point T5-207-13082019113408-GenNb4": {"x": -2.6727500000000015, "y": 7.223650000000001, "fAckley": 15.129033504446634, "ChiSquared": null},"Point T5-714-13082019113409-GenNb5": {"x": -3.004, "y": -3.45205, "fAckley": 11.225034489851756, "ChiSquared": null},"Point T5-82-13082019113409-GenNb5": {"x": 21.0793, "y": 9.2555875, "fAckley": 20.422773597013933, "ChiSquared": null},"Point T5-489-13082019113409-GenNb5": {"x": 13.06205, "y": 10.1867375, "fAckley": 18.86958602411125, "ChiSquared": null},"Point T5-438-13082019113410-GenNb5": {"x": -15.03275, "y": 8.07585, "fAckley": 18.38391326816546, "ChiSquared": null},"Point T5-696-13082019113411-GenNb5": {"x": -13.9100125, "y": 15.9685, "fAckley": 19.227131716718194, "ChiSquared": null},"Point T5-593-13082019113411-GenNb5": {"x": -5.039574999999999, "y": -6.335, "fAckley": 15.093869199518148, "ChiSquared": null},"Point T5-520-13082019113413-GenNb5": {"x": -1.9574499999999997, "y": 24.965199999999996, "fAckley": 19.5000339268322, "ChiSquared": null},"Point T5-186-13082019113413-GenNb5": {"x": -1.0556, "y": 17.97221875, "fAckley": 18.53299584946161, "ChiSquared": null},"Point T5-26-13082019113415-GenNb5": {"x": 3.0194312499999993, "y": 13.052, "fAckley": 17.07316332392407, "ChiSquared": null},"Point T5-582-13082019113415-GenNb5": {"x": -6.8968,