{"Point T1-646-13082019113329-GenNb0": {"x": 19.618, "y": 6.583749999999998, "fAckley": 21.197736859212377, "ChiSquared": null},"Point T1-496-13082019113330-GenNb0": {"x": -4.1286, "y": -13.02325, "fAckley": 17.50471245038248, "ChiSquared": null},"Point T1-826-13082019113330-GenNb0": {"x": 0.07019999999999982, "y": -10.6745, "fAckley": 17.04770823975211, "ChiSquared": null},"Point T1-604-13082019113330-GenNb0": {"x": 16.8842, "y": 5.853999999999999, "fAckley": 19.15202666531686, "ChiSquared": null},"Point T1-800-13082019113331-GenNb0": {"x": 18.8916, "y": -15.2744, "fAckley": 20.707948626283322, "ChiSquared": null},"Point T1-815-13082019113332-GenNb0": {"x": -6.142850000000001, "y": 23.9344, "fAckley": 19.951502783367506, "ChiSquared": null},"Point T1-698-13082019113332-GenNb0": {"x": -7.0931, "y": 23.442349999999998, "fAckley": 21.141425107530978, "ChiSquared": null},"Point T1-346-13082019113333-GenNb0": {"x": -7.669149999999999, "y": -7.9352, "fAckley": 17.277346327902663, "ChiSquared": null},"Point T1-190-13082019113333-GenNb0": {"x": -27.96435, "y": 14.24075, "fAckley": 20.805658550571618, "ChiSquared": null},"Point T1-57-13082019113333-GenNb0": {"x": 4.7942, "y": -20.08965, "fAckley": 19.890182863326327, "ChiSquared": null},"Point T1-672-13082019113333-GenNb0": {"x": -18.9647, "y": 24.5519, "fAckley": 21.455414928562107, "ChiSquared": null},"Point T1-841-13082019113334-GenNb0": {"x": 3.9062, "y": 4.909599999999999, "fAckley": 12.172985667950424, "ChiSquared": null},"Point T1-99-13082019113334-GenNb0": {"x": 5.56, "y": -22.894849999999998, "fAckley": 21.071498922222734, "ChiSquared": null},"Point T1-870-13082019113335-GenNb0": {"x": 24.4008, "y": 1.1464499999999997, "fAckley": 21.184282179898254, "ChiSquared": null},"Point T1-34-13082019113336-GenNb0": {"x": 14.90025, "y": 9.0527, "fAckley": 18.613569519315746, "ChiSquared": null},"Point T1-541-13082019113337-GenNb1": {"x": 13.779475, "y": -14.6874, "fAckley": 20.65400189055237, "ChiSquared": null},"Point T1-446-13082019113337-GenNb1": {"x": 0.07019999999999982, "y": -4.760075000000002, "fAckley": 10.895123549119118, "ChiSquared": null},"Point T1-153-13082019113338-GenNb1": {"x": 1.94135, "y": 4.860074999999998, "fAckley": 10.98406326982572, "ChiSquared": null},"Point T1-91-13082019113338-GenNb1": {"x": 18.535925, "y": 0.1112, "fAckley": 20.363496200275332, "ChiSquared": null},"Point T1-436-13082019113338-GenNb1": {"x": 18.8916, "y": 5.40405, "fAckley": 20.49920808541435, "ChiSquared": null},"Point T1-990-13082019113338-GenNb1": {"x": 9.1435, "y": 3.897125, "fAckley": 15.781517506374598, "ChiSquared": null},"Point T1-518-13082019113340-GenNb1": {"x": -7.0931, "y": -13.218525, "fAckley": 18.647472598987473, "ChiSquared": null},"Point T1-143-13082019113340-GenNb1": {"x": -7.669149999999999, "y": -2.7234749999999988, "fAckley": 15.669807800133364, "ChiSquared": null},"Point T1-937-13082019113341-GenNb1": {"x": -3.5756249999999987, "y": 14.24075, "fAckley": 19.550846546311778, "ChiSquared": null},"Point T1-474-13082019113342-GenNb1": {"x": 3.9062, "y": -3.126575, "fAckley": 10.711162078464506, "ChiSquared": null},"Point T1-225-13082019113342-GenNb1": {"x": -23.745825, "y": -14.933425000000002, "fAckley": 20.781115240080705, "ChiSquared": null},"Point T1-591-13082019113344-GenNb1": {"x": -39.8549, "y": 1.1464499999999997, "fAckley": 20.80845183468297, "ChiSquared": null},"Point T1-538-13082019113344-GenNb1": {"x": -8.1205, "y": 18.9716, "fAckley": 19.285447422421793, "ChiSquared": null},"Point T1-755-13082019113344-GenNb2": {"x": 0.21075, "y": 6.583749999999998, "fAckley": 14.106275847341948, "ChiSquared": null},"Point T1-154-13082019113344-GenNb2": {"x": -10.8654, "y": 28.038987499999998, "fAckley": 20.170793163353792, "ChiSquared": null},"Point T1-413-13082019113346-GenNb2": {"x": 14.8374375, "y": 0.1112, "fAckley": 18.361267416090744, "ChiSquared": null},"Point T1-790-13082019113346-GenNb2": {"x": -8.32215, "y": 5.40405, "fAckley": 17.27042363964819, "ChiSquared": null},"Point T1-332-13082019113347-GenNb2": {"x": -3.8846, "y": -3.649425000000001, "fAckley": 12.224430143825723, "ChiSquared": null},"Point T1-963-13082019113348-GenNb2": {"x": -7.0931, "y": -3.1297250000000005, "fAckley": 13.899226974999971, "ChiSquared": null},"Point T1-968-13082019113348-GenNb2": {"x": -6.9007, "y": -2.7234749999999988, "fAckley": 14.332594366750307, "ChiSquared": null},"Point T1-347-13082019113348-GenNb2": {"x": -3.6591000000000005, "y": 14.24075, "fAckley": 19.432448038426024, "ChiSquared": null},"Point T1-613-13082019113349-GenNb2": {"x": 15.935649999999999, "y": 3.559425000000001, "fAckley": 19.73726675963221, "ChiSquared": null},"Point T1-903-13082019113349-GenNb2": {"x": -18.9647, "y": -34.80645, "fAckley": 20.707236490841368, "ChiSquared": null},"Point T1-61-13082019113349-GenNb2": {"x": -23.745825, "y": -10.946375, "fAckley": 20.640594726645308, "ChiSquared": null},"Point T1-301-13082019113349-GenNb2": {"x": 5.56, "y": 14.433999999999997, "fAckley": 20.076783979569914, "ChiSquared": null},"Point T1-975-13082019113350-GenNb2": {"x": 15.02125, "y": -18.3057, "fAckley": 20.63297642183679, "ChiSquared": null},"Point T1-638-13082019113350-GenNb2": {"x": 29.1888, "y": 1.1464499999999997, "fAckley": 20.7640034564308, "ChiSquared": null},"Point T1-410-13082019113351-GenNb2": {"x": 14.90025, "y": -2.1484500000000004, "fAckley": 18.319797460569475, "ChiSquared": null},"Point T1-153-13082019113351-GenNb2": {"x": -0.10541250000000035, "y": -3.5739, "fAckley": 9.707371038264462, "ChiSquared": null},"Point T1-890-13082019113352-GenNb3": {"x": -0.06705000000000005, "y": 4.860074999999998, "fAckley": 10.489509456609033, "ChiSquared": null},"Point T1-128-13082019113354-GenNb3": {"x": -6.142850000000001, "y": -9.9091875, "fAckley": 16.79227529970561, "ChiSquared": null},"Point T1-481-13082019113355-GenNb3": {"x": 2.2067, "y": 14.24075, "fAckley": 18.934943314978256, "ChiSquared": null},"Point T1-525-13082019113356-GenNb3": {"x": 15.935649999999999, "y": -11.1684625, "fAckley": 19.418892047011468, "ChiSquared": null},"Point T1-88-13082019113356-GenNb3": {"x": -18.9647, "y": -1.8740875000000008, "fAckley": 19.052856142045282, "ChiSquared": null},"Point T1-663-13082019113356-GenNb3": {"x": 3.9062, "y": 1.4326375000000002, "fAckley": 10.653439392933198, "ChiSquared": null},"Point T1-623-13082019113357-GenNb3": {"x": 24.1135, "y": 0.8850249999999993, "fAckley": 19.935163081677608, "ChiSquared": null},"Point T1-26-13082019113359-GenNb4": {"x": -10.8654, "y": 5.8509875000000005, "fAckley": 17.35232859432675, "ChiSquared": null},"Point T1-790-13082019113400-GenNb4": {"x": -0.06705000000000005, "y": -5.030156250000001, "fAckley": 10.320672407982713, "ChiSquared": null},"Point T1-687-13082019113401-GenNb4": {"x": 2.3032500000000002, "y": 0.1112, "fAckley": 7.039335266978469, "ChiSquared": null},"Point T1-164-13082019113401-GenNb4": {"x": -2.774450000000001, "y": 3.897125, "fAckley": 10.941748797261832, "ChiSquared": null},"Point T1-123-13082019113403-GenNb4": {"x": -1.638, "y": -4.5379875000000025, "fAckley": 12.164030700348517, "ChiSquared": null},"Point T1-662-13082019113404-GenNb4": {"x": 2.2067, "y": -4.460299999999999, "fAckley": 12.119262881978988, "ChiSquared": null},"Point T1-182-13082019113405-GenNb4": {"x": 0.6545999999999998, "y": -10.946375, "fAckley": 17.267773010518685, "ChiSquared": null},"Point T1-527-13082019113406-GenNb4": {"x": -0.28334999999999866, "y": 14.433999999999997, "fAckley": 19.551764611148148, "ChiSquared": null},"Point T1-2-13082019113406-GenNb4": {"x": 15.02125, "y": -0.4979187500000011, "fAckley": 19.33519577447873, "ChiSquared": null},"Point T1-504-13082019113409-GenNb5": {"x": 2.0113750000000006, "y": 5.8509875000000005, "fAckley": 12.16618483341767, "ChiSquared": null},"Point T1-377-13082019113409-GenNb5": {"x": 4.851, "y": 5.853999999999999, "fAckley": 14.07077733459231, "ChiSquared": null},"Point T1-680-13082019113410-GenNb5": {"x": -8.32215, "y": 4.588874999999999, "fAckley": 16.976543670386427,