{"Point T7-668-13082019113329-GenNb0": {"x": -6.037899999999999, "y": 15.5992, "fAckley": 19.75713952765493, "ChiSquared": null},"Point T7-721-13082019113330-GenNb0": {"x": 29.1372, "y": 39.20385, "fAckley": 21.10084524203457, "ChiSquared": null},"Point T7-443-13082019113331-GenNb0": {"x": -19.147, "y": -15.111650000000001, "fAckley": 20.102489421320353, "ChiSquared": null},"Point T7-574-13082019113331-GenNb0": {"x": -2.44745, "y": -30.5303, "fAckley": 22.07394192152047, "ChiSquared": null},"Point T7-507-13082019113332-GenNb0": {"x": 4.7423, "y": 19.5183, "fAckley": 20.956483793845027, "ChiSquared": null},"Point T7-328-13082019113332-GenNb0": {"x": 30.9114, "y": 20.8688, "fAckley": 20.468982894684302, "ChiSquared": null},"Point T7-655-13082019113333-GenNb0": {"x": 9.687850000000001, "y": -9.6786, "fAckley": 19.169024609676608, "ChiSquared": null},"Point T7-236-13082019113333-GenNb0": {"x": 2.8, "y": 7.970149999999999, "fAckley": 14.754880741252585, "ChiSquared": null},"Point T7-827-13082019113334-GenNb0": {"x": 5.2757, "y": 18.3718, "fAckley": 20.72580523064876, "ChiSquared": null},"Point T7-320-13082019113334-GenNb0": {"x": 21.9991, "y": 17.7748, "fAckley": 20.570144290323068, "ChiSquared": null},"Point T7-870-13082019113334-GenNb0": {"x": 11.2111, "y": 4.7631499999999996, "fAckley": 17.970275429435052, "ChiSquared": null},"Point T7-291-13082019113335-GenNb0": {"x": 13.486, "y": 23.9402, "fAckley": 21.34009983241898, "ChiSquared": null},"Point T7-827-13082019113337-GenNb1": {"x": -6.037899999999999, "y": -21.016825, "fAckley": 19.13774641132296, "ChiSquared": null},"Point T7-514-13082019113338-GenNb1": {"x": -24.7573, "y": -18.2683, "fAckley": 21.4943123581541, "ChiSquared": null},"Point T7-534-13082019113338-GenNb1": {"x": -1.7819250000000002, "y": -4.535600000000001, "fAckley": 11.999841521818903, "ChiSquared": null},"Point T7-236-13082019113339-GenNb1": {"x": 20.713025000000002, "y": -30.5303, "fAckley": 22.064384741686663, "ChiSquared": null},"Point T7-899-13082019113339-GenNb1": {"x": -7.998775, "y": 19.5183, "fAckley": 20.70227777114182, "ChiSquared": null},"Point T7-11-13082019113341-GenNb1": {"x": 2.8, "y": -6.74235, "fAckley": 14.45634687413835, "ChiSquared": null},"Point T7-902-13082019113342-GenNb1": {"x": 5.692, "y": 3.216149999999999, "fAckley": 13.854414208137404, "ChiSquared": null},"Point T7-483-13082019113342-GenNb1": {"x": 21.9991, "y": 17.175449999999998, "fAckley": 20.265814341352517, "ChiSquared": null},"Point T7-515-13082019113342-GenNb1": {"x": 2.008700000000001, "y": -11.9517, "fAckley": 16.460264744066507, "ChiSquared": null},"Point T7-196-13082019113343-GenNb1": {"x": -18.3054, "y": 5.136500000000001, "fAckley": 20.189501542559512, "ChiSquared": null},"Point T7-712-13082019113343-GenNb1": {"x": 12.9075, "y": 3.3805499999999995, "fAckley": 18.63403166842976, "ChiSquared": null},"Point T7-888-13082019113344-GenNb1": {"x": 6.922700000000001, "y": 11.632, "fAckley": 18.65921470630762, "ChiSquared": null},"Point T7-316-13082019113344-GenNb1": {"x": 8.8241, "y": 17.852925, "fAckley": 19.830079385921827, "ChiSquared": null},"Point T7-43-13082019113344-GenNb1": {"x": -4.3456, "y": 12.16405, "fAckley": 18.52471479775898, "ChiSquared": null},"Point T7-56-13082019113345-GenNb2": {"x": -0.13929999999999865, "y": 12.2296, "fAckley": 17.70270254799, "ChiSquared": null},"Point T7-397-13082019113346-GenNb2": {"x": 29.1372, "y": -23.1255, "fAckley": 20.64475219663049, "ChiSquared": null},"Point T7-518-13082019113346-GenNb2": {"x": 18.96735, "y": -18.2683, "fAckley": 20.695076209677982, "ChiSquared": null},"Point T7-165-13082019113346-GenNb2": {"x": 0.19754999999999967, "y": 8.4314, "fAckley": 15.903880311931655, "ChiSquared": null},"Point T7-53-13082019113347-GenNb2": {"x": 20.713025000000002, "y": -3.85435, "fAckley": 20.493056188888165, "ChiSquared": null},"Point T7-359-13082019113348-GenNb2": {"x": -6.2952, "y": 13.41065, "fAckley": 19.687860104877863, "ChiSquared": null},"Point T7-80-13082019113348-GenNb2": {"x": -0.2546, "y": -2.2966999999999995, "fAckley": 7.4406670800482395, "ChiSquared": null},"Point T7-623-13082019113349-GenNb2": {"x": 9.687850000000001, "y": -8.495674999999999, "fAckley": 18.983565219852167, "ChiSquared": null},"Point T7-253-13082019113349-GenNb2": {"x": 2.8, "y": 3.5346875000000004, "fAckley": 11.432012588801125, "ChiSquared": null},"Point T7-460-13082019113349-GenNb2": {"x": -10.701600000000001, "y": -4.462724999999999, "fAckley": 18.308369362075318, "ChiSquared": null},"Point T7-198-13082019113350-GenNb2": {"x": 3.145550000000002, "y": 18.3718, "fAckley": 20.32574319940301, "ChiSquared": null},"Point T7-316-13082019113350-GenNb2": {"x": -7.563012499999999, "y": 4.7631499999999996, "fAckley": 16.410925885779015, "ChiSquared": null},"Point T7-674-13082019113350-GenNb2": {"x": 8.513150000000001, "y": 23.9402, "fAckley": 21.200790065214633, "ChiSquared": null},"Point T7-198-13082019113351-GenNb2": {"x": 12.9075, "y": 1.338124999999998, "fAckley": 18.358946546595654, "ChiSquared": null},"Point T7-798-13082019113353-GenNb3": {"x": -6.037899999999999, "y": 9.523700000000002, "fAckley": 17.667527481392103, "ChiSquared": null},"Point T7-565-13082019113353-GenNb3": {"x": -0.13929999999999865, "y": 3.1157, "fAckley": 7.849577448312404, "ChiSquared": null},"Point T7-408-13082019113353-GenNb3": {"x": 6.2071000000000005, "y": -23.1255, "fAckley": 20.41640805046234, "ChiSquared": null},"Point T7-105-13082019113353-GenNb3": {"x": 18.96735, "y": -7.3851249999999995, "fAckley": 20.47297253563392, "ChiSquared": null},"Point T7-585-13082019113354-GenNb3": {"x": 0.19754999999999967, "y": 7.213975000000001, "fAckley": 14.195411678740337, "ChiSquared": null},"Point T7-444-13082019113354-GenNb3": {"x": -1.7819250000000002, "y": -2.814675000000001, "fAckley": 8.886049193115351, "ChiSquared": null},"Point T7-395-13082019113355-GenNb3": {"x": -7.998775, "y": -26.1637625, "fAckley": 20.167094898516293, "ChiSquared": null},"Point T7-772-13082019113355-GenNb3": {"x": -2.4118999999999997, "y": -4.0524000000000004, "fAckley": 11.403581136871976, "ChiSquared": null},"Point T7-840-13082019113358-GenNb3": {"x": 5.692, "y": 1.5035249999999991, "fAckley": 13.512176057658538, "ChiSquared": null},"Point T7-423-13082019113359-GenNb3": {"x": -27.0646, "y": 23.9402, "fAckley": 20.076972278936392, "ChiSquared": null},"Point T7-629-13082019113400-GenNb3": {"x": -4.3456, "y": 1.3263499999999997, "fAckley": 11.600799141356264, "ChiSquared": null},"Point T7-8-13082019113401-GenNb4": {"x": -1.1695, "y": -2.3794, "fAckley": 8.085684298727191, "ChiSquared": null},"Point T7-336-13082019113402-GenNb4": {"x": 6.2071000000000005, "y": 4.832312500000001, "fAckley": 14.680534976675414, "ChiSquared": null},"Point T7-164-13082019113402-GenNb4": {"x": 18.96735, "y": 9.998099999999999, "fAckley": 19.06429070440438, "ChiSquared": null},"Point T7-446-13082019113402-GenNb4": {"x": -6.2952, "y": 6.964737499999998, "fAckley": 16.000688954626458, "ChiSquared": null},"Point T7-135-13082019113405-GenNb4": {"x": 3.145550000000002, "y": -10.372924999999999, "fAckley": 17.44307312470608, "ChiSquared": null},"Point T7-26-13082019113405-GenNb4": {"x": -3.4400249999999994, "y": 17.175449999999998, "fAckley": 20.25147607105085, "ChiSquared": null},"Point T7-310-13082019113406-GenNb4": {"x": -3.2498750000000003, "y": 4.7631499999999996, "fAckley": 12.827087155122888, "ChiSquared": null},"Point T7-79-13082019113406-GenNb4": {"x": 2.844525, "y": 23.9402, "fAckley": 19.950823611146635, "ChiSquared": null},"Point T7-652-13082019113406-GenNb4": {"x": -15.101212499999999, "y": 5.136500000000001, "fAckley": 18.548713101115304, "ChiSquared": null},"Point T7-292-13082019113407-GenNb4": {"x": 6.922700000000001, "y": -3.4113999999999987, "fAckley": 14.985759480493362, "ChiSquared": null},"Point T7-3-13082019113407-GenNb4": {"x": 8.8241, "y": 15.057862500000002, "fAckley": 19.026271475021037, "ChiSquared": null},"Point T7-320-13082019113407-GenNb5": {"x": 6.7164, "y": 0.2378625000000012,