{"Point T2-907-13082019113330-GenNb0": {"x": -13.892800000000001, "y": -3.5448, "fAckley": 19.17111397873718, "ChiSquared": null},"Point T2-497-13082019113331-GenNb0": {"x": -27.011649999999996, "y": 23.919, "fAckley": 20.04868668245286, "ChiSquared": null},"Point T2-338-13082019113331-GenNb0": {"x": 37.908699999999996, "y": 23.8157, "fAckley": 20.82273273344164, "ChiSquared": null},"Point T2-893-13082019113333-GenNb0": {"x": -29.0413, "y": 7.24215, "fAckley": 20.766242329202353, "ChiSquared": null},"Point T2-616-13082019113333-GenNb0": {"x": -13.2361, "y": 8.4888, "fAckley": 19.919885583506044, "ChiSquared": null},"Point T2-895-13082019113333-GenNb0": {"x": 17.816300000000002, "y": 9.6729, "fAckley": 20.61097714207297, "ChiSquared": null},"Point T2-520-13082019113334-GenNb0": {"x": 28.8325, "y": 34.20795, "fAckley": 21.22272793849736, "ChiSquared": null},"Point T2-707-13082019113334-GenNb0": {"x": 5.747199999999999, "y": 6.8545, "fAckley": 15.728611938541215, "ChiSquared": null},"Point T2-505-13082019113335-GenNb0": {"x": -15.767499999999998, "y": 25.3695, "fAckley": 21.674495844855056, "ChiSquared": null},"Point T2-666-13082019113335-GenNb0": {"x": 21.8512, "y": 1.2961, "fAckley": 20.646742012079194, "ChiSquared": null},"Point T2-871-13082019113336-GenNb0": {"x": 0.3603500000000004, "y": -15.3933, "fAckley": 19.96089189591105, "ChiSquared": null},"Point T2-326-13082019113336-GenNb0": {"x": -24.0869, "y": 2.373899999999999, "fAckley": 20.986752395880735, "ChiSquared": null},"Point T2-517-13082019113337-GenNb1": {"x": -26.03345, "y": -26.8395, "fAckley": 20.488382724885675, "ChiSquared": null},"Point T2-172-13082019113337-GenNb1": {"x": 7.8406, "y": -2.4605, "fAckley": 15.655594514191426, "ChiSquared": null},"Point T2-852-13082019113337-GenNb1": {"x": 5.0633, "y": -3.5448, "fAckley": 13.392705161663734, "ChiSquared": null},"Point T2-164-13082019113337-GenNb1": {"x": -25.016750000000002, "y": 9.0223, "fAckley": 19.555530456557946, "ChiSquared": null},"Point T2-416-13082019113339-GenNb1": {"x": -3.0465, "y": 2.038449999999999, "fAckley": 8.185793239457606, "ChiSquared": null},"Point T2-299-13082019113340-GenNb1": {"x": -19.270400000000002, "y": 7.24215, "fAckley": 20.668734655138408, "ChiSquared": null},"Point T2-202-13082019113341-GenNb1": {"x": 17.816300000000002, "y": 19.06895, "fAckley": 20.291860150695765, "ChiSquared": null},"Point T2-700-13082019113341-GenNb1": {"x": 28.8325, "y": 10.80885, "fAckley": 20.926498040690184, "ChiSquared": null},"Point T2-566-13082019113342-GenNb1": {"x": 5.747199999999999, "y": -2.2837500000000013, "fAckley": 13.485434777064556, "ChiSquared": null},"Point T2-175-13082019113342-GenNb1": {"x": -15.767499999999998, "y": -37.253775, "fAckley": 21.60880221477167, "ChiSquared": null},"Point T2-585-13082019113343-GenNb1": {"x": 23.863949999999996, "y": 18.78665, "fAckley": 20.889317310444902, "ChiSquared": null},"Point T2-754-13082019113343-GenNb1": {"x": 53.0678, "y": -5.6192, "fAckley": 21.614522707368316, "ChiSquared": null},"Point T2-719-13082019113343-GenNb2": {"x": -26.03345, "y": 10.980425, "fAckley": 19.672015405203332, "ChiSquared": null},"Point T2-604-13082019113344-GenNb2": {"x": 4.01155, "y": -3.5448, "fAckley": 12.319024509800988, "ChiSquared": null},"Point T2-424-13082019113344-GenNb2": {"x": 1.5461500000000004, "y": -20.188625000000002, "fAckley": 20.82939194656915, "ChiSquared": null},"Point T2-692-13082019113345-GenNb2": {"x": -17.953274999999998, "y": -8.1841, "fAckley": 19.51684534859459, "ChiSquared": null},"Point T2-60-13082019113347-GenNb2": {"x": -17.814575, "y": 9.9473, "fAckley": 19.64715140235275, "ChiSquared": null},"Point T2-310-13082019113347-GenNb2": {"x": -13.2361, "y": -6.8338, "fAckley": 18.942378146505416, "ChiSquared": null},"Point T2-229-13082019113347-GenNb2": {"x": -21.97855, "y": 10.80885, "fAckley": 20.125736071196723, "ChiSquared": null},"Point T2-95-13082019113348-GenNb2": {"x": -15.767499999999998, "y": -11.139999999999999, "fAckley": 19.961298457585098, "ChiSquared": null},"Point T2-301-13082019113348-GenNb2": {"x": 11.704675, "y": -2.000775, "fAckley": 17.55555502882506, "ChiSquared": null},"Point T2-771-13082019113349-GenNb2": {"x": -3.9598000000000013, "y": -9.6628, "fAckley": 16.900339858389295, "ChiSquared": null},"Point T2-801-13082019113349-GenNb2": {"x": 11.614025000000002, "y": 1.2961, "fAckley": 18.292925895087762, "ChiSquared": null},"Point T2-553-13082019113349-GenNb2": {"x": 0.3603500000000004, "y": -10.975725, "fAckley": 17.29538630151033, "ChiSquared": null},"Point T2-398-13082019113350-GenNb2": {"x": -28.981125, "y": 10.08845, "fAckley": 19.945086258601332, "ChiSquared": null},"Point T2-467-13082019113350-GenNb2": {"x": 5.982424999999999, "y": -45.9796875, "fAckley": 19.990870304182327, "ChiSquared": null},"Point T2-64-13082019113351-GenNb3": {"x": -4.154112499999999, "y": -11.1116, "fAckley": 17.036783576967817, "ChiSquared": null},"Point T2-65-13082019113351-GenNb3": {"x": 1.5461500000000004, "y": 0.4960999999999993, "fAckley": 6.446170821152833, "ChiSquared": null},"Point T2-741-13082019113351-GenNb3": {"x": -5.95215, "y": -5.8508, "fAckley": 14.40746089975269, "ChiSquared": null},"Point T2-186-13082019113352-GenNb3": {"x": 37.908699999999996, "y": -6.096100000000002, "fAckley": 20.3337426917342, "ChiSquared": null},"Point T2-466-13082019113352-GenNb3": {"x": -7.645599999999998, "y": -1.1107, "fAckley": 14.929335210039072, "ChiSquared": null},"Point T2-103-13082019113353-GenNb3": {"x": 14.721825, "y": 9.9473, "fAckley": 19.627985823737216, "ChiSquared": null},"Point T2-506-13082019113353-GenNb3": {"x": -12.297349999999994, "y": -6.8338, "fAckley": 18.872906501783305, "ChiSquared": null},"Point T2-109-13082019113353-GenNb3": {"x": 6.260975, "y": 19.06895, "fAckley": 20.02691048228365, "ChiSquared": null},"Point T2-234-13082019113354-GenNb3": {"x": -8.7216375, "y": 4.4957, "fAckley": 17.16985582792265, "ChiSquared": null},"Point T2-155-13082019113355-GenNb3": {"x": -15.767499999999998, "y": -8.858775000000001, "fAckley": 19.720019883021163, "ChiSquared": null},"Point T2-645-13082019113355-GenNb3": {"x": -3.9598000000000013, "y": -3.0081500000000005, "fAckley": 10.145192317890048, "ChiSquared": null},"Point T2-855-13082019113356-GenNb3": {"x": 11.884062499999999, "y": 1.2961, "fAckley": 17.77123508671377, "ChiSquared": null},"Point T2-616-13082019113356-GenNb3": {"x": -5.4181, "y": -10.692150000000002, "fAckley": 18.50515738678919, "ChiSquared": null},"Point T2-665-13082019113357-GenNb4": {"x": 1.8797374999999992, "y": 10.980425, "fAckley": 16.21652318168245, "ChiSquared": null},"Point T2-122-13082019113359-GenNb4": {"x": 5.268025, "y": -1.1107, "fAckley": 11.990666162477345, "ChiSquared": null},"Point T2-794-13082019113400-GenNb4": {"x": -14.416900000000002, "y": 7.24215, "fAckley": 20.011469525943806, "ChiSquared": null},"Point T2-628-13082019113400-GenNb4": {"x": 14.721825, "y": -6.1772, "fAckley": 19.48476039317769, "ChiSquared": null},"Point T2-451-13082019113400-GenNb4": {"x": 1.1887125000000003, "y": 19.06895, "fAckley": 19.477280196231014, "ChiSquared": null},"Point T2-384-13082019113401-GenNb4": {"x": 0.9642750000000007, "y": 10.80885, "fAckley": 16.457124035520962, "ChiSquared": null},"Point T2-68-13082019113402-GenNb4": {"x": -15.767499999999998, "y": 4.978037499999999, "fAckley": 19.05510409725113, "ChiSquared": null},"Point T2-43-13082019113403-GenNb4": {"x": 3.2272374999999993, "y": 18.78665, "fAckley": 20.164756838442035, "ChiSquared": null},"Point T2-513-13082019113403-GenNb4": {"x": 5.982424999999999, "y": 1.202024999999999, "fAckley": 12.373233170572535, "ChiSquared": null},"Point T2-99-13082019113404-GenNb5": {"x": -5.49441875, "y": -2.4605, "fAckley": 13.808128366162482, "ChiSquared": null},"Point T2-59-13082019113404-GenNb5": {"x": 0.17839999999999812, "y": -11.1116, "fAckley": 16.74297828506894, "ChiSquared": null},"Point T2-881-13082019113405-GenNb5": {"x": 7.4485375000000005, "y": 9.0223, "fAckley": 17.87362119429751, "ChiSquared": null},