{"Point T4-288-21082019102548-GenNb12": {"x": -0.3332198299812852, "y": 0.3427245799333124, "fAckley": 3.4339393278294, "ChiSquared": null}, "Point T4-487-21082019102553-GenNb16": {"x": -0.8632019881524817, "y": -1.2365061849270802, "fAckley": 5.113506536999775, "ChiSquared": null}, "Point T4-418-21082019102553-GenNb16": {"x": -0.08745720719893191, "y": 1.052249816336293, "fAckley": 3.033643140743323, "ChiSquared": null}, "Point T4-45-21082019102545-GenNb10": {"x": -1.1668529285617586, "y": 0.6892615772819206, "fAckley": 5.1411672302242515, "ChiSquared": null}, "Point T4-645-21082019102549-GenNb13": {"x": 1.4974887749085628, "y": -0.27391270108799937, "fAckley": 6.029309955559981, "ChiSquared": null}, "Point T4-515-21082019102553-GenNb16": {"x": -1.61610884486277, "y": 0.15134377957359324, "fAckley": 5.899475995798674, "ChiSquared": null}, "Point T4-247-21082019102552-GenNb15": {"x": 0.004456859806996283, "y": -0.7657039723750404, "fAckley": 3.0392890185837342, "ChiSquared": null}, "Point T4-114-21082019102553-GenNb16": {"x": -0.10738246594164913, "y": 0.10669957136320873, "fAckley": 0.9555584125004946, "ChiSquared": null}, "Point T4-921-21082019102545-GenNb9": {"x": -0.8430443845393918, "y": -0.808933483200001, "fAckley": 4.185215745996469, "ChiSquared": null}, "Point T4-41-21082019102553-GenNb15": {"x": 0.1427869777360733, "y": 0.9214854213887997, "fAckley": 3.0673608481570764, "ChiSquared": null}}