{"Point T5-496-21082019102556-GenNb19": {"x": 0.437124676431682, "y": 0.6630832996279538, "fAckley": 4.356885281220549, "ChiSquared": null}, "Point T5-792-21082019102553-GenNb17": {"x": -0.8661792729740796, "y": -0.9605661537134054, "fAckley": 3.7952382465817043, "ChiSquared": null}, "Point T5-34-21082019102557-GenNb20": {"x": -0.5526683136909771, "y": -0.09083795382104096, "fAckley": 3.292111747503775, "ChiSquared": null}, "Point T5-230-21082019102557-GenNb20": {"x": -0.11322717761774642, "y": -0.04454977517728553, "fAckley": 0.69808920337432, "ChiSquared": null}, "Point T5-594-21082019102551-GenNb15": {"x": -1.1360454921760006, "y": -0.13540306850176087, "fAckley": 3.7753111034720104, "ChiSquared": null}, "Point T5-959-21082019102555-GenNb18": {"x": 0.7127463051116787, "y": 0.984761542506801, "fAckley": 4.412459801061495, "ChiSquared": null}, "Point T5-535-21082019102553-GenNb16": {"x": -0.4200520775561183, "y": 0.3750541272000003, "fAckley": 3.7962868252552764, "ChiSquared": null}, "Point T5-969-21082019102555-GenNb18": {"x": 0.7069908956336031, "y": 1.3223629487112014, "fAckley": 5.837430440628449, "ChiSquared": null}, "Point T5-255-21082019102558-GenNb20": {"x": -1.0908334595832132, "y": 1.0522844435381948, "fAckley": 4.13197670019014, "ChiSquared": null}, "Point T5-964-21082019102553-GenNb16": {"x": 0.8988569599999989, "y": 1.647398752710183, "fAckley": 6.2730059990396185, "ChiSquared": null}}