{"Point T3-86-21082019102550-GenNb14": {"x": -0.22496243932665005, "y": -1.7116691315624717, "fAckley": 6.0909518933637194, "ChiSquared": null}, "Point T3-509-21082019102552-GenNb15": {"x": 0.9725850132127871, "y": -0.8502852315549612, "fAckley": 3.860594301232816, "ChiSquared": null}, "Point T3-595-21082019102542-GenNb7": {"x": 0.7850523144796795, "y": -0.2238214475596827, "fAckley": 3.688344771516285, "ChiSquared": null}, "Point T3-597-21082019102552-GenNb15": {"x": -0.17546555854709045, "y": -0.12829755324993175, "fAckley": 1.5522046252118398, "ChiSquared": null}, "Point T3-167-21082019102548-GenNb12": {"x": 0.9196228845923229, "y": 1.6991872695003694, "fAckley": 6.176059166791852, "ChiSquared": null}, "Point T3-326-21082019102547-GenNb11": {"x": -1.2567, "y": -1.3296902519653884, "fAckley": 6.507608198113257, "ChiSquared": null}, "Point T3-124-21082019102551-GenNb14": {"x": -1.1639840928139293, "y": -0.7236043027659099, "fAckley": 5.051377970552917, "ChiSquared": null}, "Point T3-328-21082019102550-GenNb13": {"x": -0.33235768692314516, "y": -0.2055317384489912, "fAckley": 2.897247012342803, "ChiSquared": null}, "Point T3-35-21082019102551-GenNb14": {"x": -0.3909766272642127, "y": -4.243339823268498, "fAckley": 11.077693337015189, "ChiSquared": null}, "Point T3-272-21082019102551-GenNb14": {"x": 1.1363968633955555, "y": -1.9564339429077513, "fAckley": 5.949793974747255, "ChiSquared": null}}