{"Point T7-24-21082019102600-GenNb21": {"x": -0.04911970120480014, "y": -0.8562314766543111, "fAckley": 2.80838422538081, "ChiSquared": null}, "Point T7-710-21082019102603-GenNb23": {"x": -0.19211107033959984, "y": 0.021459670090980154, "fAckley": 1.2968491716661785, "ChiSquared": null}, "Point T7-471-21082019102555-GenNb17": {"x": -0.10583009711990066, "y": -1.2430283908261992, "fAckley": 4.438148690971438, "ChiSquared": null}, "Point T7-994-21082019102559-GenNb20": {"x": -0.3773827157474992, "y": -0.23122744228051018, "fAckley": 3.1908945179348085, "ChiSquared": null}, "Point T7-187-21082019102602-GenNb22": {"x": -2.281816807927331, "y": 0.06340253377070848, "fAckley": 6.800667877803894, "ChiSquared": null}, "Point T7-210-21082019102601-GenNb21": {"x": 0.262916589951681, "y": 0.9380019667857906, "fAckley": 3.767210950490512, "ChiSquared": null}, "Point T7-887-21082019102553-GenNb15": {"x": -0.9278847504803194, "y": -0.3122487453639379, "fAckley": 4.008662351326109, "ChiSquared": null}, "Point T7-393-21082019102602-GenNb22": {"x": -0.32248368671808203, "y": 0.08680667999999958, "fAckley": 2.4102767036665544, "ChiSquared": null}, "Point T7-911-21082019102602-GenNb22": {"x": -0.9015468535070965, "y": -0.6737845744129196, "fAckley": 4.467696494572788, "ChiSquared": null}, "Point T7-478-21082019102603-GenNb23": {"x": -0.9427148591198278, "y": -0.870396566438094, "fAckley": 3.786697473334986, "ChiSquared": null}}