{"Point T6-373-21082019102557-GenNb20": {"x": -0.20355430822632925, "y": 0.4507807758476823, "fAckley": 3.3522604483958784, "ChiSquared": null}, "Point T6-28-21082019102554-GenNb17": {"x": -0.025899046998263398, "y": 0.3438703457176993, "fAckley": 2.4300193984876874, "ChiSquared": null}, "Point T6-45-21082019102600-GenNb22": {"x": 0.16031097884760465, "y": 1.0588468873468173, "fAckley": 3.4471314230431145, "ChiSquared": null}, "Point T6-872-21082019102558-GenNb20": {"x": 0.04641772800773741, "y": -0.9311241444736374, "fAckley": 2.647140689323653, "ChiSquared": null}, "Point T6-442-21082019102603-GenNb24": {"x": 0.08514143329329227, "y": 0.738797208664996, "fAckley": 3.2305571234761854, "ChiSquared": null}, "Point T6-802-21082019102603-GenNb24": {"x": -0.15009431811757112, "y": 0.49857657737806427, "fAckley": 3.3245036800739816, "ChiSquared": null}, "Point T6-175-21082019102603-GenNb24": {"x": -0.12918392936236106, "y": 0.12122046531236907, "fAckley": 1.187274366069183, "ChiSquared": null}, "Point T6-983-21082019102557-GenNb19": {"x": -0.491742037598897, "y": 0.10368951802891782, "fAckley": 3.187121340147194, "ChiSquared": null}, "Point T6-25-21082019102602-GenNb23": {"x": -0.04818394434909118, "y": 1.1027075536479982, "fAckley": 3.205744235144451, "ChiSquared": null}, "Point T6-780-21082019102602-GenNb23": {"x": -0.375844943734632, "y": -0.1554634581236843, "fAckley": 2.909027159112377, "ChiSquared": null}}