{"Point T0-942-21082019102557-GenNb18": {"x": -0.14238926160992005, "y": 0.4296042337290784, "fAckley": 3.08804621297648, "ChiSquared": null}, "Point T0-604-21082019102550-GenNb13": {"x": -0.11087594429986186, "y": -0.8250279355952017, "fAckley": 3.098000021566311, "ChiSquared": null}, "Point T0-472-21082019102600-GenNb21": {"x": -0.9726719632474699, "y": -0.17758473440158945, "fAckley": 3.289334718313573, "ChiSquared": null}, "Point T0-478-21082019102554-GenNb16": {"x": -0.17949205274107471, "y": 0.6907273892794836, "fAckley": 3.605389802087299, "ChiSquared": null}, "Point T0-382-21082019102558-GenNb19": {"x": -0.9420165596586108, "y": 0.2369634314177339, "fAckley": 3.6232371644553223, "ChiSquared": null}, "Point T0-51-21082019102601-GenNb21": {"x": 0.22645634315984442, "y": 0.12189947778716537, "fAckley": 1.889104719504609, "ChiSquared": null}, "Point T0-798-21082019102601-GenNb21": {"x": -0.28793064190374296, "y": 0.1418506961427083, "fAckley": 2.389105277970199, "ChiSquared": null}, "Point T0-965-21082019102557-GenNb18": {"x": 0.06002169729214271, "y": 0.9200583373385047, "fAckley": 2.6960131370356746, "ChiSquared": null}, "Point T0-784-21082019102558-GenNb19": {"x": 1.149806854258764, "y": 0.45029942703644665, "fAckley": 5.088897517020062, "ChiSquared": null}, "Point T0-463-21082019102559-GenNb19": {"x": 0.25136476301308486, "y": -2.1102307934101097, "fAckley": 6.4469120807449904, "ChiSquared": null}}