{"Point T1-314-07082019113853-GenNb0": {"Lambda": 0.5061, "Kappa": 0.5651, "tanBeta": 14.692000000000004, "mBottom": 14.398160000000003, "ChiSquared": null, "LogL": null, "testCalc": 15.757666410000006, "extTest": {"res1": -434.50935622096245, "res2": 188798.38064355523}},"Point T1-375-07082019113853-GenNb0": {"Lambda": 0.3071, "Kappa": 0.0209, "tanBeta": 14.014450000000002, "mBottom": 13.734161000000002, "ChiSquared": null, "LogL": null, "testCalc": 7.2542929150000015, "extTest": {"res1": 660.3476620470753, "res2": 436059.03477103845}},"Point T1-774-07082019113854-GenNb0": {"Lambda": 0.5787, "Kappa": -0.006599999999999995, "tanBeta": 24.9961, "mBottom": 24.496177999999997, "ChiSquared": null, "LogL": null, "testCalc": 12.418008429999999, "extTest": {"res1": 944.7561784409185, "res2": 892564.2367022886}},"Point T1-616-07082019113900-GenNb1": {"Lambda": 0.3349, "Kappa": 0.8863, "tanBeta": 18.67935, "mBottom": 18.305763, "ChiSquared": null, "LogL": null, "testCalc": 25.820547415, "extTest": {"res1": 8.206536376057898, "res2": 67.3472392915615}},"Point T1-484-07082019113900-GenNb1": {"Lambda": 0.2259, "Kappa": 0.192, "tanBeta": 8.155800000000003, "mBottom": 7.992684000000002, "ChiSquared": null, "LogL": null, "testCalc": 5.613286410000002, "extTest": {"res1": -113.6183900908335, "res2": 12909.138566832813}},"Point T1-641-07082019113900-GenNb1": {"Lambda": 0.72, "Kappa": 0.0408, "tanBeta": 18.863400000000002, "mBottom": 18.486132, "ChiSquared": null, "LogL": null, "testCalc": 10.53109272, "extTest": {"res1": -563.6885186823955, "res2": 317744.7460943534}},"Point T1-231-07082019113904-GenNb2": {"Lambda": 0.1267, "Kappa": 0.8863, "tanBeta": 12.130175000000001, "mBottom": 11.887571500000002, "ChiSquared": null, "LogL": null, "testCalc": 16.710812742500003, "extTest": {"res1": -305.22030073574626, "res2": 93159.43198121939}},"Point T1-422-07082019113905-GenNb2": {"Lambda": 0.57985, "Kappa": 0.0408, "tanBeta": 15.0501, "mBottom": 14.749098, "ChiSquared": null, "LogL": null, "testCalc": 8.3248191025, "extTest": {"res1": -360.91754963310564, "res2": 130261.47763316527}},"Point T1-670-07082019113905-GenNb3": {"Lambda": 0.3943, "Kappa": 0.5615, "tanBeta": 3.0037500000000055, "mBottom": 2.943675000000005, "ChiSquared": null, "LogL": null, "testCalc": 3.3139156150000053, "extTest": {"res1": -5.53010207512874, "res2": 30.582028961343195}},"Point T1-733-07082019113906-GenNb3": {"Lambda": 0.7845, "Kappa": 0.20565, "tanBeta": 18.1276, "mBottom": 17.765048, "ChiSquared": null, "LogL": null, "testCalc": 13.22590519, "extTest": {"res1": 1204.04364311171, "res2": 1449721.094517719}},"Point T1-968-07082019113909-GenNb4": {"Lambda": -0.16889999999999997, "Kappa": 0.5651, "tanBeta": 10.5323875, "mBottom": 10.32173975, "ChiSquared": null, "LogL": null, "testCalc": 11.141249261250001, "extTest": {"res1": 282.10987011233, "res2": 79585.9788147957}},"Point T1-501-07082019113913-GenNb5": {"Lambda": 0.097, "Kappa": 0.1053, "tanBeta": 6.821162500000005, "mBottom": 6.684739250000005, "ChiSquared": null, "LogL": null, "testCalc": 4.070047036250003, "extTest": {"res1": 59.66657628008191, "res2": 3560.1003249868336}},"Point T1-364-07082019113913-GenNb5": {"Lambda": 0.1763, "Kappa": 0.0116, "tanBeta": 9.544750000000002, "mBottom": 9.353855000000003, "ChiSquared": null, "LogL": null, "testCalc": 4.818728290000001, "extTest": {"res1": -291.7255824543325, "res2": 85103.81545831954}},"Point T1-332-07082019113913-GenNb5": {"Lambda": 0.5787, "Kappa": -0.006599999999999995, "tanBeta": 5.5593875000000015, "mBottom": 5.4481997500000015, "ChiSquared": null, "LogL": null, "testCalc": 3.0223016075000007, "extTest": {"res1": 22.460202560992364, "res2": 504.46069908080796}},"Point T1-97-07082019113917-GenNb6": {"Lambda": 0.8772, "Kappa": 0.8643, "tanBeta": 7.749106250000005, "mBottom": 7.594124125000005, "ChiSquared": null, "LogL": null, "testCalc": 11.264094434375007, "extTest": {"res1": -68.41375280335345, "res2": 4680.441572638351}},"Point T1-976-07082019113918-GenNb6": {"Lambda": 0.2082, "Kappa": 0.6015, "tanBeta": 11.815793750000001, "mBottom": 11.579477875, "ChiSquared": null, "LogL": null, "testCalc": 12.940286118125002, "extTest": {"res1": 82.54761625110582, "res2": 6814.10894873983}},"Point T1-797-07082019113918-GenNb6": {"Lambda": -0.114725, "Kappa": 0.192, "tanBeta": 8.015706250000004, "mBottom": 7.855392125000004, "ChiSquared": null, "LogL": null, "testCalc": 5.479873488125003, "extTest": {"res1": -46.182406898244565, "res2": 2132.8147069150273}},"Point T1-971-07082019113919-GenNb7": {"Lambda": -0.012249999999999983, "Kappa": 0.5651, "tanBeta": 8.903046875000001, "mBottom": 8.724985937500001, "ChiSquared": null, "LogL": null, "testCalc": 9.393754820312502, "extTest": {"res1": 164.3245491096854, "res2": 27002.557440101406}},"Point T1-531-07082019113920-GenNb7": {"Lambda": 0.7845, "Kappa": 0.20565, "tanBeta": 11.359943750000003, "mBottom": 11.132744875000002, "ChiSquared": null, "LogL": null, "testCalc": 8.517985119687502, "extTest": {"res1": 104.54830404654227, "res2": 10930.347879008246}},"Point T1-415-07082019113924-GenNb8": {"Lambda": 0.1267, "Kappa": 0.004400000000000015, "tanBeta": 7.749921875, "mBottom": 7.5949234375, "ChiSquared": null, "LogL": null, "testCalc": 3.8476142650000003, "extTest": {"res1": -68.04356550343364, "res2": 4629.926806420064}},"Point T1-942-07082019113925-GenNb8": {"Lambda": 0.2082, "Kappa": 0.6015, "tanBeta": 8.947478125000004, "mBottom": 8.768528562500004, "ChiSquared": null, "LogL": null, "testCalc": 9.809519613437505, "extTest": {"res1": 126.41280399650677, "res2": 15980.197014259238}},"Point T1-859-07082019113925-GenNb8": {"Lambda": 0.53525, "Kappa": 0.0408, "tanBeta": 11.340565625000002, "mBottom": 11.113754312500001, "ChiSquared": null, "LogL": null, "testCalc": 6.306064796250001, "extTest": {"res1": -412.9572513846243, "res2": 170533.6914711438}},"Point T1-299-07082019113926-GenNb9": {"Lambda": 0.16, "Kappa": 0.4709, "tanBeta": 5.260751562500002, "mBottom": 5.155536531250002, "ChiSquared": null, "LogL": null, "testCalc": 5.080656176406252, "extTest": {"res1": 33.972704324440976, "res2": 1154.1446391158906}},"Point T1-36-07082019113928-GenNb9": {"Lambda": 0.7845, "Kappa": 0.20565, "tanBeta": 8.647014062500006, "mBottom": 8.474073781250006, "ChiSquared": null, "LogL": null, "testCalc": 6.630735582578129, "extTest": {"res1": -147.48158492222225, "res2": 21750.817891170653}},"Point T1-690-07082019113932-GenNb10": {"Lambda": 0.20005, "Kappa": 0.6015, "tanBeta": 6.805478906250004, "mBottom": 6.669369328125003, "ChiSquared": null, "LogL": null, "testCalc": 7.468200228671879, "extTest": {"res1": 100.77097186729131, "res2": 10154.788771078416}},"Point T1-894-07082019113932-GenNb10": {"Lambda": -0.114725, "Kappa": 0.192, "tanBeta": 7.518513281250007, "mBottom": 7.368143015625007, "ChiSquared": null, "LogL": null, "testCalc": 5.140787883437505, "extTest": {"res1": -19.584549595706914, "res2": 383.55458286670387}},"Point T1-281-07082019113932-GenNb10": {"Lambda": 0.53525, "Kappa": 0.0408, "tanBeta": 10.09638828125, "mBottom": 9.894460515625001, "ChiSquared": null, "LogL": null, "testCalc": 5.645655462187501, "extTest": {"res1": 94.99985733605207, "res2": 9024.972893870246}},"Point T1-517-07082019113933-GenNb11": {"Lambda": 0.16, "Kappa": 0.4709, "tanBeta": 4.347825781250002, "mBottom": 4.260869265625002, "ChiSquared": null, "LogL": null, "testCalc": 4.2034257932031265, "extTest": {"res1": -18.209963705087187, "res2": 331.60277814059265}}}