{"Point T0-261-07082019113856-GenNb0": {"Lambda": 0.1597, "Kappa": 0.657, "tanBeta": 24.49, "mBottom": 24.0002, "ChiSquared": null, "LogL": null, "testCalc": 28.115534089999997, "extTest": {"res1": -472.4911342905627, "res2": 223247.87198318253}},"Point T0-576-07082019113857-GenNb1": {"Lambda": 0.6324, "Kappa": 0.0601, "tanBeta": 6.024749999999999, "mBottom": 5.904254999999999, "ChiSquared": null, "LogL": null, "testCalc": 3.7141447349999996, "extTest": {"res1": 34.557853188038074, "res2": 1194.2452169659932}},"Point T0-314-07082019113857-GenNb1": {"Lambda": 0.7699, "Kappa": 0.5158, "tanBeta": 15.40165, "mBottom": 15.093617, "ChiSquared": null, "LogL": null, "testCalc": 16.08372558, "extTest": {"res1": 212.77313948562556, "res2": 45272.40888656947}},"Point T0-721-07082019113859-GenNb1": {"Lambda": 0.1597, "Kappa": 0.657, "tanBeta": 7.454750000000001, "mBottom": 7.305655000000001, "ChiSquared": null, "LogL": null, "testCalc": 8.57610234, "extTest": {"res1": -285.3275336185721, "res2": 81411.80144085738}},"Point T0-265-07082019113859-GenNb1": {"Lambda": 0.7786, "Kappa": 0.0826, "tanBeta": 14.455499999999997, "mBottom": 14.166389999999996, "ChiSquared": null, "LogL": null, "testCalc": 8.88343726, "extTest": {"res1": -356.63306523400513, "res2": 127187.14321820215}},"Point T0-847-07082019113906-GenNb3": {"Lambda": 1.2054, "Kappa": 0.0804, "tanBeta": 1.895875000000002, "mBottom": 1.857957500000002, "ChiSquared": null, "LogL": null, "testCalc": 2.534396260000001, "extTest": {"res1": 2.3054785495751817, "res2": 5.315231342551284}},"Point T0-834-07082019113908-GenNb3": {"Lambda": 0.7786, "Kappa": 0.0826, "tanBeta": 13.37445, "mBottom": 13.106961, "ChiSquared": null, "LogL": null, "testCalc": 8.26442803, "extTest": {"res1": -466.5054396387716, "res2": 217627.32521256356}},"Point T0-998-07082019113913-GenNb5": {"Lambda": 0.0015, "Kappa": 0.379, "tanBeta": 17.49915, "mBottom": 17.149167, "ChiSquared": null, "LogL": null, "testCalc": 15.206763599999999, "extTest": {"res1": 1182.464279923057, "res2": 1398221.7732939534}},"Point T0-824-07082019113914-GenNb5": {"Lambda": 0.7786, "Kappa": 0.0826, "tanBeta": 1.3074875000000006, "mBottom": 1.2813377500000005, "ChiSquared": null, "LogL": null, "testCalc": 1.3548853025000003, "extTest": {"res1": 8.741970472147935, "res2": 76.42204773590639}},"Point T0-108-07082019113915-GenNb6": {"Lambda": 0.9438, "Kappa": 0.6852, "tanBeta": 0.7018625000000016, "mBottom": 0.6878252500000016, "ChiSquared": null, "LogL": null, "testCalc": 1.7155872500000018, "extTest": {"res1": -0.1565492287803455, "res2": 0.024507661031720956}},"Point T0-204-07082019113915-GenNb6": {"Lambda": 0.3261, "Kappa": 0.7916, "tanBeta": 19.79115, "mBottom": 19.395326999999998, "ChiSquared": null, "LogL": null, "testCalc": 25.470679049999998, "extTest": {"res1": -2199.445659746001, "res2": 4837561.210175523}},"Point T0-179-07082019113919-GenNb7": {"Lambda": 1.0589, "Kappa": 0.379, "tanBeta": 1.2196250000000024, "mBottom": 1.1952325000000024, "ChiSquared": null, "LogL": null, "testCalc": 2.181123335000002, "extTest": {"res1": 2.9395527375747754, "res2": 8.640970296983356}},"Point T0-603-07082019113921-GenNb8": {"Lambda": 0.7632, "Kappa": 0.6852, "tanBeta": 6.621756249999999, "mBottom": 6.489321124999999, "ChiSquared": null, "LogL": null, "testCalc": 8.364362185, "extTest": {"res1": -986.0252798743403, "res2": 972245.8525512711}},"Point T0-898-07082019113922-GenNb8": {"Lambda": 1.2133, "Kappa": 0.3872, "tanBeta": 3.623931250000002, "mBottom": 3.551452625000002, "ChiSquared": null, "LogL": null, "testCalc": 4.651009382500002, "extTest": {"res1": 27.08092668179304, "res2": 733.3765899446503}},"Point T0-466-07082019113922-GenNb8": {"Lambda": 0.2949, "Kappa": 0.7494999999999999, "tanBeta": 9.811262500000002, "mBottom": 9.615037250000002, "ChiSquared": null, "LogL": null, "testCalc": 12.248025878750003, "extTest": {"res1": -1844.2754413874459, "res2": 3401351.9037048584}},"Point T0-323-07082019113924-GenNb8": {"Lambda": 0.41899999999999993, "Kappa": 0.0826, "tanBeta": 5.7305562499999985, "mBottom": 5.615945124999999, "ChiSquared": null, "LogL": null, "testCalc": 3.4568775087499994, "extTest": {"res1": 69.85956529162223, "res2": 4880.35886273443}},"Point T0-655-07082019113925-GenNb9": {"Lambda": 0.3261, "Kappa": 0.7916, "tanBeta": 0.3442000000000025, "mBottom": 0.33731600000000245, "ChiSquared": null, "LogL": null, "testCalc": 0.5474679300000032, "extTest": {"res1": -6.208281383102532, "res2": 38.54275773177749}},"Point T0-326-07082019113925-GenNb9": {"Lambda": 0.7699, "Kappa": 0.5158, "tanBeta": 0.3442000000000025, "mBottom": 0.33731600000000245, "ChiSquared": null, "LogL": null, "testCalc": 0.9389423700000026, "extTest": {"res1": 1.05554137543139, "res2": 1.1141675952475907}},"Point T0-910-07082019113931-GenNb10": {"Lambda": 0.7882, "Kappa": 0.0059, "tanBeta": 10.149387500000001, "mBottom": 9.946399750000001, "ChiSquared": null, "LogL": null, "testCalc": 5.65434050125, "extTest": {"res1": 241.72755524947218, "res2": 58432.210966886625}},"Point T0-777-07082019113931-GenNb10": {"Lambda": 0.4842, "Kappa": 0.6102, "tanBeta": 11.5516125, "mBottom": 11.320580249999999, "ChiSquared": null, "LogL": null, "testCalc": 12.943533712499999, "extTest": {"res1": 123.95291406628641, "res2": 15364.324905524183}},"Point T0-221-07082019113935-GenNb11": {"Lambda": 1.37415, "Kappa": 0.6102, "tanBeta": 0.00261875000000078, "mBottom": 0.0025663750000007647, "ChiSquared": null, "LogL": null, "testCalc": 1.8911693712500008, "extTest": {"res1": 21.248428612904796, "res2": 451.4957185177112}},"Point T0-263-07082019113935-GenNb12": {"Lambda": 0.9835, "Kappa": 0.1004, "tanBeta": 6.122218750000002, "mBottom": 5.999774375000002, "ChiSquared": null, "LogL": null, "testCalc": 4.5818302000000015, "extTest": {"res1": 70.93251543722991, "res2": 5031.4217462528595}},"Point T0-958-07082019113936-GenNb12": {"Lambda": 0.3261, "Kappa": 0.7916, "tanBeta": 3.7577875, "mBottom": 3.68263175, "ChiSquared": null, "LogL": null, "testCalc": 4.92232167, "extTest": {"res1": 32.041772569723484, "res2": 1026.6751894098843}},"Point T0-552-07082019113937-GenNb12": {"Lambda": 0.7699, "Kappa": 0.5158, "tanBeta": 6.029059374999998, "mBottom": 5.908478187499998, "ChiSquared": null, "LogL": null, "testCalc": 6.656773929374999, "extTest": {"res1": -232.301368811999, "res2": 53963.92595192838}},"Point T0-862-07082019113940-GenNb13": {"Lambda": 0.9835, "Kappa": 0.1004, "tanBeta": 3.672665625000003, "mBottom": 3.599212312500003, "ChiSquared": null, "LogL": null, "testCalc": 3.1356140350000015, "extTest": {"res1": -17.79487811109277, "res2": 316.6576869886486}},"Point T0-379-07082019113942-GenNb13": {"Lambda": 0.41899999999999993, "Kappa": 0.0826, "tanBeta": 5.1626531249999985, "mBottom": 5.059400062499998, "ChiSquared": null, "LogL": null, "testCalc": 3.131696179374999, "extTest": {"res1": 215.9920933400055, "res2": 46652.584385397655}},"Point T0-841-07082019113943-GenNb14": {"Lambda": 0.3261, "Kappa": 0.7916, "tanBeta": 4.105868750000003, "mBottom": 4.0237513750000025, "ChiSquared": null, "LogL": null, "testCalc": 5.368422600000003, "extTest": {"res1": 18.524838915527273, "res2": 343.16965684623364}},"Point T0-287-07082019113945-GenNb14": {"Lambda": 0.2949, "Kappa": 0.7494999999999999, "tanBeta": 4.730714062500001, "mBottom": 4.63609978125, "ChiSquared": null, "LogL": null, "testCalc": 5.95068609046875, "extTest": {"res1": 42.29052752541545, "res2": 1788.4887183779217}},"Point T0-626-07082019113947-GenNb15": {"Lambda": 0.7632, "Kappa": 0.3067, "tanBeta": 5.115787500000003, "mBottom": 5.0134717500000034, "ChiSquared": null, "LogL": null, "testCalc": 4.658222141250003, "extTest": {"res1": -263.0771492966871, "res2": 69209.58648207139}},"Point T0-364-07082019113948-GenNb15": {"Lambda": 1.2054, "Kappa": 0.0804, "tanBeta": 3.098215625, "mBottom": 3.0362513124999997, "ChiSquared": null, "LogL": null, "testCalc": 3.2202113525000002, "extTest": {"res1": -48.205190049606045, "res2": 2323.7403477186376}},