{"Point T7-130-07082019113852-GenNb0": {"Lambda": 0.6859, "Kappa": 0.4999, "tanBeta": 32.6191, "mBottom": 31.966718000000004, "ChiSquared": null, "LogL": null, "testCalc": 32.7601059, "extTest": {"res1": -2576.045820224306, "res2": 6636012.067895119}},"Point T7-602-07082019113853-GenNb0": {"Lambda": 0.5811000000000001, "Kappa": 0.5173, "tanBeta": 27.0862, "mBottom": 26.544476, "ChiSquared": null, "LogL": null, "testCalc": 27.621606470000003, "extTest": {"res1": -1200.948237873351, "res2": 1442276.670051107}},"Point T7-673-07082019113855-GenNb0": {"Lambda": 0.7315, "Kappa": 0.4374, "tanBeta": 15.253749999999998, "mBottom": 14.948674999999998, "ChiSquared": null, "LogL": null, "testCalc": 14.68142, "extTest": {"res1": -269.1478002240229, "res2": 72440.53836543053}},"Point T7-920-07082019113856-GenNb1": {"Lambda": 0.5811000000000001, "Kappa": 0.5173, "tanBeta": 18.641199999999998, "mBottom": 18.268375999999996, "ChiSquared": null, "LogL": null, "testCalc": 19.11495797, "extTest": {"res1": -756.656053055713, "res2": 572528.3826258499}},"Point T7-242-07082019113858-GenNb2": {"Lambda": 0.2763, "Kappa": 1.00475, "tanBeta": 16.25385, "mBottom": 15.928773, "ChiSquared": null, "LogL": null, "testCalc": 24.3717839775, "extTest": {"res1": -422.4018211989324, "res2": 178423.29855217485}},"Point T7-962-07082019113859-GenNb2": {"Lambda": 0.6859, "Kappa": 0.4999, "tanBeta": 25.827925, "mBottom": 25.3113665, "ChiSquared": null, "LogL": null, "testCalc": 26.0375217675, "extTest": {"res1": 619.4226282526348, "res2": 383684.3923914018}},"Point T7-47-07082019113901-GenNb2": {"Lambda": 0.5699, "Kappa": 0.88, "tanBeta": 38.995200000000004, "mBottom": 38.215296, "ChiSquared": null, "LogL": null, "testCalc": 53.74821001000001, "extTest": {"res1": -18251.816050269113, "res2": 333128789.1328612}},"Point T7-211-07082019113901-GenNb2": {"Lambda": 0.3057, "Kappa": 0.2544, "tanBeta": 25.230249999999998, "mBottom": 24.725644999999997, "ChiSquared": null, "LogL": null, "testCalc": 18.874850589999998, "extTest": {"res1": -666.2268890157198, "res2": 443858.2676475643}},"Point T7-818-07082019113904-GenNb3": {"Lambda": 0.8184, "Kappa": 0.9487, "tanBeta": 16.972624999999997, "mBottom": 16.633172499999997, "ChiSquared": null, "LogL": null, "testCalc": 25.088294147499994, "extTest": {"res1": -602.2788431193896, "res2": 362739.8048692304}},"Point T7-907-07082019113906-GenNb4": {"Lambda": 0.2763, "Kappa": 1.00475, "tanBeta": 10.243512499999998, "mBottom": 10.038642249999997, "ChiSquared": null, "LogL": null, "testCalc": 15.387831999374995, "extTest": {"res1": -1977.8755482898607, "res2": 3911991.684522917}},"Point T7-403-07082019113907-GenNb4": {"Lambda": 0.311, "Kappa": 0.7833, "tanBeta": 15.620474999999997, "mBottom": 15.308065499999998, "ChiSquared": null, "LogL": null, "testCalc": 19.986271817499997, "extTest": {"res1": 242.8227153572594, "res2": 58962.87109347262}},"Point T7-20-07082019113907-GenNb4": {"Lambda": 0.8001, "Kappa": 0.3948, "tanBeta": 12.515749999999999, "mBottom": 12.265434999999998, "ChiSquared": null, "LogL": null, "testCalc": 11.714095609999998, "extTest": {"res1": -162.75568835969747, "res2": 26489.414093438965}},"Point T7-596-07082019113908-GenNb4": {"Lambda": 0.3057, "Kappa": 0.66385, "tanBeta": 23.3816, "mBottom": 22.913967999999997, "ChiSquared": null, "LogL": null, "testCalc": 27.07231165, "extTest": {"res1": 570.8359575783518, "res2": 325853.6904643938}},"Point T7-549-07082019113909-GenNb5": {"Lambda": 0.7259, "Kappa": 0.5208, "tanBeta": 16.914575, "mBottom": 16.5762835, "ChiSquared": null, "LogL": null, "testCalc": 17.62418322, "extTest": {"res1": -391.3963102496934, "res2": 153191.07167707424}},"Point T7-27-07082019113910-GenNb5": {"Lambda": 0.16119999999999995, "Kappa": 1.24735, "tanBeta": 23.4832375, "mBottom": 23.01357275, "ChiSquared": null, "LogL": null, "testCalc": 40.824588110625, "extTest": {"res1": 400.281120655298, "res2": 160224.97555306126}},"Point T7-219-07082019113911-GenNb5": {"Lambda": 0.5699, "Kappa": 0.67285, "tanBeta": 26.0112875, "mBottom": 25.49106175, "ChiSquared": null, "LogL": null, "testCalc": 30.572011679375, "extTest": {"res1": 715.0106734751962, "res2": 511240.26318345364}},"Point T7-68-07082019113914-GenNb6": {"Lambda": 0.5699, "Kappa": 0.67285, "tanBeta": 23.5043625, "mBottom": 23.03427525, "ChiSquared": null, "LogL": null, "testCalc": 27.656833943125, "extTest": {"res1": 1618.3791346747075, "res2": 2619151.023550455}},"Point T7-890-07082019113914-GenNb6": {"Lambda": 1.00445, "Kappa": 0.66385, "tanBeta": 13.779774999999999, "mBottom": 13.5041795, "ChiSquared": null, "LogL": null, "testCalc": 16.90871318625, "extTest": {"res1": -701.3188828064499, "res2": 491848.175380887}},"Point T7-283-07082019113916-GenNb7": {"Lambda": 0.6859, "Kappa": 0.4999, "tanBeta": 19.317275, "mBottom": 18.930929499999998, "ChiSquared": null, "LogL": null, "testCalc": 19.592629332499996, "extTest": {"res1": -420.6221379985794, "res2": 176922.98297449594}},"Point T7-688-07082019113917-GenNb7": {"Lambda": 0.5699, "Kappa": 0.71435, "tanBeta": 17.4821875, "mBottom": 17.132543749999996, "ChiSquared": null, "LogL": null, "testCalc": 21.379458525624997, "extTest": {"res1": 631.6645214498293, "res2": 399000.06765844184}},"Point T7-362-07082019113917-GenNb7": {"Lambda": 0.7303, "Kappa": 0.8671, "tanBeta": 25.056725, "mBottom": 24.5555905, "ChiSquared": null, "LogL": null, "testCalc": 34.537819587499996, "extTest": {"res1": -13022.979202700848, "res2": 169597987.31397882}},"Point T7-306-07082019113920-GenNb8": {"Lambda": 0.5699, "Kappa": 0.71435, "tanBeta": 14.757162499999998, "mBottom": 14.462019249999997, "ChiSquared": null, "LogL": null, "testCalc": 18.097574666874998, "extTest": {"res1": -4894.698219295531, "res2": 23958070.657974843}},"Point T7-297-07082019113920-GenNb8": {"Lambda": 1.2217250000000002, "Kappa": 0.8671, "tanBeta": 7.664018749999998, "mBottom": 7.510738374999997, "ChiSquared": null, "LogL": null, "testCalc": 11.893451821249997, "extTest": {"res1": -55.68952585104534, "res2": 3101.323289514247}},"Point T7-409-07082019113922-GenNb9": {"Lambda": 0.6859, "Kappa": 0.4999, "tanBeta": 12.2274125, "mBottom": 11.98286425, "ChiSquared": null, "LogL": null, "testCalc": 12.574374443750001, "extTest": {"res1": 54.74984145341649, "res2": 2997.545139174242}},"Point T7-562-07082019113922-GenNb9": {"Lambda": 0.311, "Kappa": 0.7833, "tanBeta": 6.804581249999998, "mBottom": 6.6684896249999985, "ChiSquared": null, "LogL": null, "testCalc": 8.760994305624997, "extTest": {"res1": -887.6119070611119, "res2": 787854.897556664}},"Point T7-244-07082019113922-GenNb9": {"Lambda": 0.8001, "Kappa": 0.945025, "tanBeta": 9.323162499999999, "mBottom": 9.136699249999998, "ChiSquared": null, "LogL": null, "testCalc": 14.019131276562497, "extTest": {"res1": 79.06605980250974, "res2": 6251.441812694046}},"Point T7-101-07082019113924-GenNb9": {"Lambda": 0.7315, "Kappa": 0.4374, "tanBeta": 13.527843749999999, "mBottom": 13.257286874999998, "ChiSquared": null, "LogL": null, "testCalc": 13.080814543749998, "extTest": {"res1": 238.72749139570809, "res2": 56990.81514808788}},"Point T7-612-07082019113925-GenNb10": {"Lambda": 0.6859, "Kappa": 0.4999, "tanBeta": 6.907981249999997, "mBottom": 6.769821624999997, "ChiSquared": null, "LogL": null, "testCalc": 7.308669449374997, "extTest": {"res1": -33.46437622398366, "res2": 1119.864476060323}},"Point T7-161-07082019113927-GenNb10": {"Lambda": 0.16119999999999995, "Kappa": 1.24735, "tanBeta": 19.1714, "mBottom": 18.787972, "ChiSquared": null, "LogL": null, "testCalc": 33.333417229999995, "extTest": {"res1": -1740.5005421764276, "res2": 3029342.1373164384}},"Point T7-881-07082019113927-GenNb10": {"Lambda": 0.5699, "Kappa": 0.8434, "tanBeta": 12.381040624999999, "mBottom": 12.133419812499998, "ChiSquared": null, "LogL": null, "testCalc": 16.833665579375, "extTest": {"res1": -125.91261586912039, "res2": 15853.986835004667}},"Point T7-797-07082019113929-GenNb11": {"Lambda": 0.311, "Kappa": 0.462125, "tanBeta": 4.842240624999998,