{"Point T5-570-07082019113852-GenNb0": {"Lambda": 0.93935, "Kappa": 0.9702, "tanBeta": 33.53425, "mBottom": 32.863565, "ChiSquared": null, "LogL": null, "testCalc": 49.8490902725, "extTest": {"res1": -1073.1032125893703, "res2": 1151550.5048696273}},"Point T5-952-07082019113854-GenNb0": {"Lambda": 0.0862, "Kappa": 0.7929, "tanBeta": 15.215399999999999, "mBottom": 14.911091999999998, "ChiSquared": null, "LogL": null, "testCalc": 19.5272671, "extTest": {"res1": -165.9543524296026, "res2": 27540.84709032875}},"Point T5-416-07082019113856-GenNb0": {"Lambda": 0.8481, "Kappa": 0.4299, "tanBeta": 16.97905, "mBottom": 16.639469000000002, "ChiSquared": null, "LogL": null, "testCalc": 16.338301705000003, "extTest": {"res1": -334.6368356127688, "res2": 111981.81174892724}},"Point T5-934-07082019113856-GenNb1": {"Lambda": 0.4166, "Kappa": 0.6024, "tanBeta": 27.0289, "mBottom": 26.488322, "ChiSquared": null, "LogL": null, "testCalc": 29.699925920000005, "extTest": {"res1": 714.2493774060245, "res2": 510152.17312489357}},"Point T5-257-07082019113857-GenNb1": {"Lambda": 0.5584, "Kappa": 0.4755, "tanBeta": 13.20765, "mBottom": 12.943496999999999, "ChiSquared": null, "LogL": null, "testCalc": 13.063796635, "extTest": {"res1": 156.55815919601486, "res2": 24510.457210844732}},"Point T5-640-07082019113858-GenNb1": {"Lambda": 0.1524, "Kappa": 0.4268, "tanBeta": 1.3763749999999995, "mBottom": 1.3488474999999995, "ChiSquared": null, "LogL": null, "testCalc": 1.2850863599999995, "extTest": {"res1": 2.02202284901346, "res2": 4.08857640193251}},"Point T5-87-07082019113859-GenNb2": {"Lambda": 0.93935, "Kappa": 0.25354999999999994, "tanBeta": 15.288675000000001, "mBottom": 14.9829015, "ChiSquared": null, "LogL": null, "testCalc": 12.25027271875, "extTest": {"res1": -398.9233999423583, "res2": 159139.87902157076}},"Point T5-156-07082019113902-GenNb2": {"Lambda": -0.23599999999999996, "Kappa": 0.3884, "tanBeta": 1.1389999999999993, "mBottom": 1.1162199999999993, "ChiSquared": null, "LogL": null, "testCalc": 1.0561935999999994, "extTest": {"res1": 15.925268819075464, "res2": 253.61418695981723}},"Point T5-220-07082019113902-GenNb2": {"Lambda": 0.5584, "Kappa": 0.4755, "tanBeta": 9.047225000000001, "mBottom": 8.8662805, "ChiSquared": null, "LogL": null, "testCalc": 9.0469062975, "extTest": {"res1": 109.58709621048337, "res2": 12009.331655845737}},"Point T5-402-07082019113904-GenNb3": {"Lambda": 0.0713, "Kappa": 0.5364, "tanBeta": 10.631475, "mBottom": 10.4188455, "ChiSquared": null, "LogL": null, "testCalc": 10.91722963, "extTest": {"res1": 197.15662558510408, "res2": 38870.73501210492}},"Point T5-415-07082019113906-GenNb3": {"Lambda": 0.4954, "Kappa": 0.056949999999999945, "tanBeta": 19.097975, "mBottom": 18.7160155, "ChiSquared": null, "LogL": null, "testCalc": 10.69105858625, "extTest": {"res1": -495.9574789214316, "res2": 245973.82089810225}},"Point T5-49-07082019113907-GenNb4": {"Lambda": 0.93935, "Kappa": 0.25354999999999994, "tanBeta": 13.9652625, "mBottom": 13.68595725, "ChiSquared": null, "LogL": null, "testCalc": 11.266249354374999, "extTest": {"res1": -528.9286832599064, "res2": 279765.5519750584}},"Point T5-496-07082019113909-GenNb4": {"Lambda": 0.5584, "Kappa": 0.4755, "tanBeta": 6.2061375000000005, "mBottom": 6.082014750000001, "ChiSquared": null, "LogL": null, "testCalc": 6.303836316250001, "extTest": {"res1": 42.69309271931817, "res2": 1822.7001659402983}},"Point T5-754-07082019113910-GenNb4": {"Lambda": 0.23775000000000002, "Kappa": 0.41085, "tanBeta": 13.20765, "mBottom": 12.943496999999999, "ChiSquared": null, "LogL": null, "testCalc": 11.954636565, "extTest": {"res1": 182.18051945335088, "res2": 33189.74166829276}},"Point T5-804-07082019113911-GenNb5": {"Lambda": 0.4166, "Kappa": 0.6024, "tanBeta": 3.9800875, "mBottom": 3.9004857499999996, "ChiSquared": null, "LogL": null, "testCalc": 4.521403145, "extTest": {"res1": 44.876382752030715, "res2": 2013.8897289067597}},"Point T5-556-07082019113913-GenNb5": {"Lambda": 0.32275, "Kappa": 0.056949999999999945, "tanBeta": 10.899262500000003, "mBottom": 10.681277250000003, "ChiSquared": null, "LogL": null, "testCalc": 6.065519186875001, "extTest": {"res1": 152.32045749930683, "res2": 23201.521772798136}},"Point T5-474-07082019113913-GenNb5": {"Lambda": -0.06334999999999996, "Kappa": 0.4299, "tanBeta": 6.401299999999999, "mBottom": 6.273273999999999, "ChiSquared": null, "LogL": null, "testCalc": 5.892569092499999, "extTest": {"res1": 33.66524473905764, "res2": 1133.3487033406482}},"Point T5-175-07082019113913-GenNb6": {"Lambda": 0.93935, "Kappa": 0.25354999999999994, "tanBeta": 2.692, "mBottom": 2.63816, "ChiSquared": null, "LogL": null, "testCalc": 2.8840150225, "extTest": {"res1": 7.302044730046758, "res2": 53.31985723960363}},"Point T5-72-07082019113914-GenNb6": {"Lambda": 0.3113, "Kappa": 0.1896, "tanBeta": 1.9845687499999993, "mBottom": 1.9448773749999992, "ChiSquared": null, "LogL": null, "testCalc": 1.4456206124999995, "extTest": {"res1": 4.789477103577553, "res2": 22.93909092569363}},"Point T5-99-07082019113916-GenNb6": {"Lambda": 0.23775000000000002, "Kappa": 0.41085, "tanBeta": 2.31319375, "mBottom": 2.2669298749999998, "ChiSquared": null, "LogL": null, "testCalc": 2.1403656521874996, "extTest": {"res1": -19.37603613441931, "res2": 375.43077628232277}},"Point T5-773-07082019113918-GenNb7": {"Lambda": -0.23599999999999996, "Kappa": 0.3884, "tanBeta": 2.1367593749999996, "mBottom": 2.0940241874999996, "ChiSquared": null, "LogL": null, "testCalc": 1.9326254349999996, "extTest": {"res1": -3.001705056555838, "res2": 9.010233246552888}},"Point T5-113-07082019113918-GenNb7": {"Lambda": 0.0862, "Kappa": 0.3761, "tanBeta": 6.6289218750000005, "mBottom": 6.4963434375, "ChiSquared": null, "LogL": null, "testCalc": 5.7487396759375, "extTest": {"res1": 214.0273190140405, "res2": 45807.69328433786}},"Point T5-931-07082019113920-GenNb8": {"Lambda": 0.0713, "Kappa": 0.5364, "tanBeta": 5.9485484374999995, "mBottom": 5.829577468749999, "ChiSquared": null, "LogL": null, "testCalc": 6.1106738062499995, "extTest": {"res1": -29.317751336354224, "res2": 859.5305434202999}},"Point T5-9-07082019113921-GenNb8": {"Lambda": 0.3113, "Kappa": 0.1896, "tanBeta": 5.926559375, "mBottom": 5.8080281875, "ChiSquared": null, "LogL": null, "testCalc": 4.12459744125, "extTest": {"res1": 61.2062415935076, "res2": 3746.20401000282}},"Point T5-444-07082019113925-GenNb9": {"Lambda": 0.23775000000000002, "Kappa": 0.51005, "tanBeta": 6.061113281249998, "mBottom": 5.939891015624998, "ChiSquared": null, "LogL": null, "testCalc": 6.117941399414061, "extTest": {"res1": 32.85134123754, "res2": 1079.210621105296}},"Point T5-509-07082019113926-GenNb9": {"Lambda": -0.06334999999999996, "Kappa": 0.4299, "tanBeta": 4.7630328125000005, "mBottom": 4.667772156250001, "ChiSquared": null, "LogL": null, "testCalc": 4.385527106718751, "extTest": {"res1": 27.82223735844303, "res2": 774.076891629543}},"Point T5-258-07082019113927-GenNb10": {"Lambda": 0.5772, "Kappa": 0.6505, "tanBeta": 5.932318749999998, "mBottom": 5.813672374999998, "ChiSquared": null, "LogL": null, "testCalc": 7.098969374374997, "extTest": {"res1": -24.54620452851219, "res2": 602.5161567555524}},"Point T5-277-07082019113928-GenNb10": {"Lambda": -0.23599999999999996, "Kappa": 0.3884, "tanBeta": 3.8512929687499993, "mBottom": 3.7742671093749993, "ChiSquared": null, "LogL": null, "testCalc": 3.4386717437499996, "extTest": {"res1": -21.976641651043934, "res2": 482.97277825839905}},"Point T5-759-07082019113929-GenNb10": {"Lambda": 0.1524, "Kappa": 0.4268, "tanBeta": 5.670928125, "mBottom": 5.5575095625, "ChiSquared": null, "LogL": null, "testCalc": 5.222332665, "extTest": {"res1": -26.434324139279763, "res2": 698.7734927005088}},"Point T5-887-07082019113930-GenNb11": {"Lambda": 0.0713, "Kappa": 0.5364, "tanBeta": 3.9819882812499983, "mBottom": 3.902348515624998, "ChiSquared": null, "LogL": null, "testCalc": 4.092196461874998, "extTest": {"res1": -84.86959842501155, "res2": 7202.8487368227225}},