{"Point T3-136-07082019113854-GenNb0": {"Lambda": 0.2729, "Kappa": 0.4158, "tanBeta": 19.31715, "mBottom": 18.930807, "ChiSquared": null, "LogL": null, "testCalc": 17.57194888, "extTest": {"res1": 564.1258128466983, "res2": 318237.93271994806}},"Point T3-333-07082019113855-GenNb0": {"Lambda": 0.6106, "Kappa": 0.256, "tanBeta": 14.12485, "mBottom": 13.842353, "ChiSquared": null, "LogL": null, "testCalc": 10.90997046, "extTest": {"res1": -233.70404224837924, "res2": 54617.57936323223}},"Point T3-487-07082019113858-GenNb1": {"Lambda": 0.8814, "Kappa": 0.1892, "tanBeta": 13.876299999999999, "mBottom": 13.598773999999999, "ChiSquared": null, "LogL": null, "testCalc": 10.20164892, "extTest": {"res1": 218.0675653616441, "res2": 47553.46306275493}},"Point T3-836-07082019113900-GenNb2": {"Lambda": 0.9017999999999999, "Kappa": 0.6627, "tanBeta": 21.558600000000002, "mBottom": 21.127428000000002, "ChiSquared": null, "LogL": null, "testCalc": 25.66384146, "extTest": {"res1": -424.5133899430982, "res2": 180211.61824098096}},"Point T3-668-07082019113901-GenNb2": {"Lambda": 0.1257, "Kappa": 0.1991, "tanBeta": 9.181175, "mBottom": 8.9975515, "ChiSquared": null, "LogL": null, "testCalc": 6.3425481825, "extTest": {"res1": 1049.0758821168874, "res2": 1100560.2064393256}},"Point T3-159-07082019113903-GenNb3": {"Lambda": 0.811, "Kappa": 0.8119, "tanBeta": 21.515100000000004, "mBottom": 21.084798000000003, "ChiSquared": null, "LogL": null, "testCalc": 28.668229690000004, "extTest": {"res1": -305.6685289009014, "res2": 93433.24956044118}},"Point T3-415-07082019113905-GenNb3": {"Lambda": 0.5839, "Kappa": 0.4158, "tanBeta": 9.917275, "mBottom": 9.7189295, "ChiSquared": null, "LogL": null, "testCalc": 9.324006905000001, "extTest": {"res1": -132.5679587961979, "res2": 17574.263699390423}},"Point T3-90-07082019113906-GenNb3": {"Lambda": 0.1092, "Kappa": 0.0254, "tanBeta": 8.79195, "mBottom": 8.616111, "ChiSquared": null, "LogL": null, "testCalc": 4.54329567, "extTest": {"res1": -210.1587035610138, "res2": 44166.68068244607}},"Point T3-805-07082019113906-GenNb3": {"Lambda": 0.9314, "Kappa": 0.1774, "tanBeta": 10.672925, "mBottom": 10.4594665, "ChiSquared": null, "LogL": null, "testCalc": 7.990616104999999, "extTest": {"res1": -2147.8263053504993, "res2": 4613157.837955576}},"Point T3-882-07082019113907-GenNb3": {"Lambda": 0.4686, "Kappa": 0.493, "tanBeta": 21.787800000000004, "mBottom": 21.352044000000003, "ChiSquared": null, "LogL": null, "testCalc": 21.636993360000005, "extTest": {"res1": 471.9765562780333, "res2": 222761.8696760715}},"Point T3-101-07082019113907-GenNb4": {"Lambda": 0.9017999999999999, "Kappa": 0.91345, "tanBeta": 16.067600000000002, "mBottom": 15.746248000000001, "ChiSquared": null, "LogL": null, "testCalc": 23.363316460000004, "extTest": {"res1": 285.6027922041586, "res2": 81568.95491481181}},"Point T3-522-07082019113909-GenNb4": {"Lambda": 0.015, "Kappa": 0.5918, "tanBeta": 16.0842375, "mBottom": 15.76255275, "ChiSquared": null, "LogL": null, "testCalc": 17.4001531275, "extTest": {"res1": 428.1253963941304, "res2": 183291.3550376313}},"Point T3-911-07082019113910-GenNb4": {"Lambda": 0.9314, "Kappa": 0.27315, "tanBeta": 9.856574999999998, "mBottom": 9.659443499999998, "ChiSquared": null, "LogL": null, "testCalc": 8.389551171249998, "extTest": {"res1": 114.87556484105247, "res2": 13196.39539755085}},"Point T3-416-07082019113910-GenNb4": {"Lambda": 0.6106, "Kappa": 0.256, "tanBeta": 11.881949999999996, "mBottom": 11.644310999999997, "ChiSquared": null, "LogL": null, "testCalc": 9.236767059999998, "extTest": {"res1": 398.4913028938696, "res2": 158795.31848205373}},"Point T3-237-07082019113913-GenNb5": {"Lambda": 0.015, "Kappa": 0.5918, "tanBeta": 12.372999999999998, "mBottom": 12.125539999999997, "ChiSquared": null, "LogL": null, "testCalc": 13.385336399999996, "extTest": {"res1": -490.8310939848625, "res2": 240915.1628223769}},"Point T3-532-07082019113917-GenNb6": {"Lambda": 0.4149, "Kappa": 0.1622, "tanBeta": 9.317525, "mBottom": 9.1311745, "ChiSquared": null, "LogL": null, "testCalc": 6.249031815, "extTest": {"res1": -97.87726223381341, "res2": 9579.958462386678}},"Point T3-913-07082019113917-GenNb6": {"Lambda": 0.1092, "Kappa": 0.27444999999999997, "tanBeta": 7.572987499999996, "mBottom": 7.4215277499999965, "ChiSquared": null, "LogL": null, "testCalc": 5.801094934374998, "extTest": {"res1": 88.75371845284415, "res2": 7877.222539206729}},"Point T3-328-07082019113919-GenNb7": {"Lambda": 0.811, "Kappa": 0.8119, "tanBeta": 10.1628, "mBottom": 9.959544000000001, "ChiSquared": null, "LogL": null, "testCalc": 13.888670320000001, "extTest": {"res1": 498.95938140136326, "res2": 248960.46428843107}},"Point T3-122-07082019113919-GenNb7": {"Lambda": 0.9017999999999999, "Kappa": 0.91345, "tanBeta": 6.2120124999999975, "mBottom": 6.087772249999998, "ChiSquared": null, "LogL": null, "testCalc": 9.531492183124996, "extTest": {"res1": -798.6736961724607, "res2": 637879.6729577801}},"Point T3-383-07082019113921-GenNb7": {"Lambda": 0.1092, "Kappa": 0.27444999999999997, "tanBeta": 7.386012499999998, "mBottom": 7.238292249999998, "ChiSquared": null, "LogL": null, "testCalc": 5.658161895624998, "extTest": {"res1": 95.11758440644105, "res2": 9047.35486331644}},"Point T3-619-07082019113922-GenNb7": {"Lambda": 0.4686, "Kappa": 0.493, "tanBeta": 8.553599999999996, "mBottom": 8.382527999999995, "ChiSquared": null, "LogL": null, "testCalc": 8.627774759999994, "extTest": {"res1": -144.71347559322643, "res2": 20941.990018271343}},"Point T3-892-07082019113923-GenNb8": {"Lambda": 0.7271, "Kappa": 0.38130000000000003, "tanBeta": 7.8737749999999975, "mBottom": 7.716299499999997, "ChiSquared": null, "LogL": null, "testCalc": 7.389094567499998, "extTest": {"res1": -56.74977786502572, "res2": 3220.537287729763}},"Point T3-131-07082019113924-GenNb8": {"Lambda": 0.4385, "Kappa": 0.4798, "tanBeta": 12.556975, "mBottom": 12.305835499999999, "ChiSquared": null, "LogL": null, "testCalc": 12.370036605, "extTest": {"res1": 351.53421711623014, "res2": 123576.30580352082}},"Point T3-764-07082019113925-GenNb8": {"Lambda": 0.4686, "Kappa": 0.493, "tanBeta": 8.308074999999995, "mBottom": 8.141913499999996, "ChiSquared": null, "LogL": null, "testCalc": 8.386423684999995, "extTest": {"res1": -221.84766031244985, "res2": 49216.38438610813}},"Point T3-9-07082019113925-GenNb9": {"Lambda": 0.811, "Kappa": 0.8119, "tanBeta": 6.634362499999997, "mBottom": 6.501675249999997, "ChiSquared": null, "LogL": null, "testCalc": 9.294997538749996, "extTest": {"res1": -38.43857123658874, "res2": 1477.5237587103074}},"Point T3-33-07082019113926-GenNb9": {"Lambda": 0.7271, "Kappa": 0.709225, "tanBeta": 7.57731875, "mBottom": 7.425772374999999, "ChiSquared": null, "LogL": null, "testCalc": 9.61558448796875, "extTest": {"res1": 52.56064641175814, "res2": 2762.621551221864}},"Point T3-665-07082019113927-GenNb9": {"Lambda": 0.5839, "Kappa": 0.9079499999999999, "tanBeta": 7.1615375, "mBottom": 7.01830675, "ChiSquared": null, "LogL": null, "testCalc": 10.352410558125, "extTest": {"res1": -143.98555906158106, "res2": 20731.841218276048}},"Point T3-978-07082019113928-GenNb9": {"Lambda": 0.9314, "Kappa": 0.8551249999999999, "tanBeta": 4.475931249999995, "mBottom": 4.386412624999995, "ChiSquared": null, "LogL": null, "testCalc": 6.888192982656243, "extTest": {"res1": -40.27272950925451, "res2": 1621.8927421255792}},"Point T3-660-07082019113929-GenNb9": {"Lambda": 0.6106, "Kappa": 0.256, "tanBeta": 11.811018749999999, "mBottom": 11.574798374999999, "ChiSquared": null, "LogL": null, "testCalc": 9.1838523475, "extTest": {"res1": -113.69514383338573, "res2": 12926.585731294268}},"Point T3-570-07082019113929-GenNb10": {"Lambda": 0.811, "Kappa": 0.8119, "tanBeta": 4.912481249999997, "mBottom": 4.814231624999997, "ChiSquared": null, "LogL": null, "testCalc": 7.0532803393749965, "extTest": {"res1": -195.0596056756833, "res2": 38048.24976635305}},"Point T3-156-07082019113930-GenNb10": {"Lambda": 0.1257, "Kappa": 0.430925,