{"Point T2-608-07082019113853-GenNb0": {"Lambda": 0.1101, "Kappa": 0.5737, "tanBeta": 25.388800000000003, "mBottom": 24.881024000000004, "ChiSquared": null, "LogL": null, "testCalc": 27.018188570000007, "extTest": {"res1": -1055.2867719484784, "res2": 1113630.1710494398}},"Point T2-923-07082019113854-GenNb0": {"Lambda": 0.6507, "Kappa": 0.47485000000000005, "tanBeta": 25.5787, "mBottom": 25.067126000000002, "ChiSquared": null, "LogL": null, "testCalc": 25.103019185, "extTest": {"res1": 989.0649009835555, "res2": 978249.3783576104}},"Point T2-405-07082019113855-GenNb0": {"Lambda": 0.6806, "Kappa": 0.4592, "tanBeta": 14.003900000000003, "mBottom": 13.723822000000004, "ChiSquared": null, "LogL": null, "testCalc": 13.755718240000004, "extTest": {"res1": -120.95433406430382, "res2": 14629.950928939208}},"Point T2-927-07082019113855-GenNb0": {"Lambda": 0.6489, "Kappa": 0.9712, "tanBeta": 21.77335, "mBottom": 21.337883, "ChiSquared": null, "LogL": null, "testCalc": 32.236290229999994, "extTest": {"res1": -374.5579645903391, "res2": 140293.66883805773}},"Point T2-339-07082019113857-GenNb1": {"Lambda": 1.0482, "Kappa": 0.0085, "tanBeta": 27.04055, "mBottom": 26.499738999999998, "ChiSquared": null, "LogL": null, "testCalc": 14.578437415, "extTest": {"res1": 544.4093730555535, "res2": 296381.5654707408}},"Point T2-846-07082019113859-GenNb2": {"Lambda": 0.8325, "Kappa": 0.6935, "tanBeta": 6.236600000000005, "mBottom": 6.111868000000005, "ChiSquared": null, "LogL": null, "testCalc": 8.074072350000005, "extTest": {"res1": 31.401876366971248, "res2": 986.0778393665473}},"Point T2-784-07082019113902-GenNb2": {"Lambda": 0.3772, "Kappa": 0.6588, "tanBeta": 12.270150000000001, "mBottom": 12.024747000000001, "ChiSquared": null, "LogL": null, "testCalc": 14.238228160000002, "extTest": {"res1": 262.70313342341836, "res2": 69012.93631048236}},"Point T2-45-07082019113905-GenNb3": {"Lambda": 0.1101, "Kappa": 0.5737, "tanBeta": 17.598525000000002, "mBottom": 17.246554500000002, "ChiSquared": null, "LogL": null, "testCalc": 18.731673052500003, "extTest": {"res1": 455.48221747779786, "res2": 207464.05043849195}},"Point T2-465-07082019113906-GenNb3": {"Lambda": 0.68345, "Kappa": 0.36169999999999997, "tanBeta": 4.8879000000000055, "mBottom": 4.790142000000006, "ChiSquared": null, "LogL": null, "testCalc": 4.630128332500004, "extTest": {"res1": 9.424646828741537, "res2": 88.82396784650791}},"Point T2-408-07082019113906-GenNb3": {"Lambda": 0.6489, "Kappa": 0.9712, "tanBeta": 10.945400000000001, "mBottom": 10.726492, "ChiSquared": null, "LogL": null, "testCalc": 16.41448969, "extTest": {"res1": -2258.248392664634, "res2": 5099685.802972403}},"Point T2-867-07082019113908-GenNb4": {"Lambda": 0.6797, "Kappa": 0.204, "tanBeta": 12.273100000000005, "mBottom": 12.027638000000005, "ChiSquared": null, "LogL": null, "testCalc": 8.979523490000004, "extTest": {"res1": -6674.873474825742, "res2": 44553935.904932275}},"Point T2-598-07082019113912-GenNb5": {"Lambda": 0.0202, "Kappa": 0.8082, "tanBeta": 17.100825, "mBottom": 16.7588085, "ChiSquared": null, "LogL": null, "testCalc": 22.200699055, "extTest": {"res1": 450.74386842912844, "res2": 203170.03492645544}},"Point T2-669-07082019113917-GenNb6": {"Lambda": 0.4143, "Kappa": 0.0244, "tanBeta": 11.610725000000006, "mBottom": 11.378510500000006, "ChiSquared": null, "LogL": null, "testCalc": 6.144201430000003, "extTest": {"res1": -651.2710061028043, "res2": 424153.923390159}},"Point T2-872-07082019113919-GenNb7": {"Lambda": 0.9778, "Kappa": 0.8676, "tanBeta": 27.502799999999997, "mBottom": 26.952743999999996, "ChiSquared": null, "LogL": null, "testCalc": 38.29389412, "extTest": {"res1": -15689.572396594445, "res2": 246162681.98797837}},"Point T2-64-07082019113921-GenNb7": {"Lambda": 0.3772, "Kappa": 0.89885, "tanBeta": 10.213325000000003, "mBottom": 10.009058500000002, "ChiSquared": null, "LogL": null, "testCalc": 14.327056266250004, "extTest": {"res1": 278.54618099565084, "res2": 77587.97494726189}},"Point T2-614-07082019113922-GenNb8": {"Lambda": 0.0202, "Kappa": 0.8082, "tanBeta": 14.639475000000004, "mBottom": 14.346685500000005, "ChiSquared": null, "LogL": null, "testCalc": 19.005374485000008, "extTest": {"res1": -193.59629951180045, "res2": 37479.52718466275}},"Point T2-406-07082019113922-GenNb8": {"Lambda": 0.9624, "Kappa": 0.0085, "tanBeta": 26.838949999999997, "mBottom": 26.302170999999998, "ChiSquared": null, "LogL": null, "testCalc": 14.305430334999999, "extTest": {"res1": -415.5834996739701, "res2": 172709.6452012647}},"Point T2-335-07082019113923-GenNb8": {"Lambda": 0.6507, "Kappa": 0.47485000000000005, "tanBeta": 13.041600000000003, "mBottom": 12.780768000000002, "ChiSquared": null, "LogL": null, "testCalc": 13.006598250000003, "extTest": {"res1": 62.49842609505237, "res2": 3906.0532643587235}},"Point T2-128-07082019113924-GenNb8": {"Lambda": 0.4143, "Kappa": 0.14664999999999997, "tanBeta": 6.840987500000007, "mBottom": 6.704167750000007, "ChiSquared": null, "LogL": null, "testCalc": 4.526959181875004, "extTest": {"res1": -896.5067440567975, "res2": 803724.3421393202}},"Point T2-588-07082019113925-GenNb8": {"Lambda": 0.48432499999999995, "Kappa": 0.9712, "tanBeta": 10.076550000000005, "mBottom": 9.875019000000004, "ChiSquared": null, "LogL": null, "testCalc": 14.958425565625006, "extTest": {"res1": 167.2203903875015, "res2": 27962.658961348407}},"Point T2-30-07082019113925-GenNb8": {"Lambda": 0.34504999999999997, "Kappa": 0.6441, "tanBeta": 23.4371125, "mBottom": 22.96837025, "ChiSquared": null, "LogL": null, "testCalc": 26.699088788750004, "extTest": {"res1": -1766.0930499212975, "res2": 3119084.6609803108}},"Point T2-42-07082019113926-GenNb9": {"Lambda": 0.0202, "Kappa": 0.8082, "tanBeta": 13.521675000000004, "mBottom": 13.251241500000003, "ChiSquared": null, "LogL": null, "testCalc": 17.554246525000003, "extTest": {"res1": 163.04645506644707, "res2": 26584.146509734943}},"Point T2-520-07082019113926-GenNb9": {"Lambda": 0.9778, "Kappa": 0.8676, "tanBeta": 7.294031250000003, "mBottom": 7.148150625000003, "ChiSquared": null, "LogL": null, "testCalc": 10.858469665000005, "extTest": {"res1": 61.24575829327512, "res2": 3751.0429089182776}},"Point T2-898-07082019113926-GenNb9": {"Lambda": 0.9624, "Kappa": 0.0085, "tanBeta": 12.064912500000004, "mBottom": 11.823614250000004, "ChiSquared": null, "LogL": null, "testCalc": 6.940572641250003, "extTest": {"res1": -6330.387710299678, "res2": 40073808.56271319}},"Point T2-372-07082019113930-GenNb10": {"Lambda": 0.9778, "Kappa": 0.8676, "tanBeta": 7.162393750000005, "mBottom": 7.019145875000005, "ChiSquared": null, "LogL": null, "testCalc": 10.679758595000006, "extTest": {"res1": 47.44344132648999, "res2": 2250.880124900098}},"Point T2-291-07082019113931-GenNb10": {"Lambda": 0.9624, "Kappa": 0.13102499999999997, "tanBeta": 5.381340625000007, "mBottom": 5.273713812500007, "ChiSquared": null, "LogL": null, "testCalc": 4.268160821640629, "extTest": {"res1": 15.534384723392833, "res2": 241.3171087343806}},"Point T2-624-07082019113931-GenNb10": {"Lambda": 0.1101, "Kappa": 0.5737, "tanBeta": 9.003406250000005, "mBottom": 8.823338125000005, "ChiSquared": null, "LogL": null, "testCalc": 9.589045238125005, "extTest": {"res1": 87.02205472228273, "res2": 7572.838008087971}},"Point T2-43-07082019113932-GenNb10": {"Lambda": 0.6507, "Kappa": 0.47485000000000005, "tanBeta": 10.447275000000003, "mBottom": 10.238329500000003, "ChiSquared": null, "LogL": null, "testCalc": 10.503463773750003, "extTest": {"res1": 41.39508430326818, "res2": 1713.5530044746795}},"Point T2-568-07082019113935-GenNb11": {"Lambda": 0.700975, "Kappa": 0.8676, "tanBeta": 4.783234375000007, "mBottom": 4.687569687500007, "ChiSquared": null, "LogL": null, "testCalc": 6.98508493812501, "extTest": {"res1": -21.690777081968037, "res2": 470.4898104196298}},"Point T2-469-07082019113935-GenNb11": {"Lambda": 0.6797, "Kappa": 0.204, "tanBeta": 10.749896875000003, "mBottom": 10.534898937500003, "ChiSquared": null, "LogL": null,