{"Point T0-522-19082019084013-GenNb18": {"x": -0.16985430048892625, "y": -0.1576258973285265, "fAckley": 1.6886695636971933, "ChiSquared": null}, "Point T0-408-19082019084002-GenNb14": {"x": 0.3994601058999745, "y": 0.5623310000000004, "fAckley": 4.156335914677694, "ChiSquared": null}, "Point T0-678-19082019084014-GenNb18": {"x": 0.9370118105665248, "y": 0.8873694265893601, "fAckley": 3.735332774905569, "ChiSquared": null}, "Point T0-935-19082019084014-GenNb18": {"x": 2.127502793786727, "y": 0.15595256705405158, "fAckley": 6.055739402352234, "ChiSquared": null}, "Point T0-589-19082019084014-GenNb18": {"x": 2.341142047059173, "y": -0.24577312452437994, "fAckley": 7.608684065916593, "ChiSquared": null}, "Point T0-335-19082019084006-GenNb15": {"x": 1.7579362165507242, "y": 0.9583979037401056, "fAckley": 5.988377098928261, "ChiSquared": null}, "Point T0-611-19082019084003-GenNb14": {"x": -0.8638567308826492, "y": 0.6693237110926047, "fAckley": 4.493268640629882, "ChiSquared": null}, "Point T0-817-19082019084010-GenNb16": {"x": -1.0840896689118706, "y": -0.3790671169693436, "fAckley": 4.644717051798253, "ChiSquared": null}, "Point T0-484-19082019084013-GenNb17": {"x": 1.8578526661778239, "y": -1.603467305642647, "fAckley": 7.66415293415103, "ChiSquared": null}, "Point T0-379-19082019084004-GenNb14": {"x": -0.3022699667785633, "y": 1.5332051408640903, "fAckley": 6.162153521176588, "ChiSquared": null}}