{"Point T0-431-18072019131206-GenNb28": {"Lambda": 0.6564, "Kappa": 0.1907, "tanBeta": 7.861604033660891, "mBottom": 7.704371952987673, "ChiSquared": null, "testCalc": 5.782254825712968}, "Point T0-883-18072019131153-GenNb16": {"Lambda": -0.15637500000000001, "Kappa": 0.27747499999999997, "tanBeta": 7.86692808227539, "mBottom": 7.709589520629882, "ChiSquared": null, "testCalc": 6.062123770569304}, "Point T0-161-18072019131203-GenNb25": {"Lambda": -0.1883875, "Kappa": 0.5204, "tanBeta": 7.86845666809082, "mBottom": 7.711087534729003, "ChiSquared": null, "testCalc": 7.985778467595214}, "Point T0-391-18072019131159-GenNb21": {"Lambda": 0.218, "Kappa": 0.35989999999999994, "tanBeta": 7.860457594299318, "mBottom": 7.703248442413331, "ChiSquared": null, "testCalc": 6.728126909394989}}