{"Point T0-195-23082019093529-GenNb0": {"x": 8.141022000000001, "y": 20.316322000000003, "fAckley": 20.692422271452603, "ChiSquared": null},"Point T0-127-23082019093530-GenNb0": {"x": 6.083296, "y": -16.2212, "fAckley": 19.30529605499179, "ChiSquared": null},"Point T0-677-23082019093530-GenNb0": {"x": 11.9369, "y": -45.86148, "fAckley": 20.504598301506054, "ChiSquared": null},"Point T0-509-23082019093531-GenNb0": {"x": -1.8105, "y": 5.1381879999999995, "fAckley": 11.799133410339737, "ChiSquared": null},"Point T0-336-23082019093531-GenNb0": {"x": 3.310934000000003, "y": 23.3884, "fAckley": 21.443773027781255, "ChiSquared": null},"Point T0-736-23082019093532-GenNb0": {"x": 23.5196, "y": -5.9701260000000005, "fAckley": 21.076599550473123, "ChiSquared": null},"Point T0-297-23082019093532-GenNb0": {"x": -23.8608, "y": 24.972248, "fAckley": 20.31223171029732, "ChiSquared": null},"Point T0-536-23082019093532-GenNb0": {"x": -28.7612, "y": 15.557132000000001, "fAckley": 21.873503128424527, "ChiSquared": null},"Point T0-905-23082019093533-GenNb0": {"x": 9.70226, "y": 22.6131, "fAckley": 21.51153297149847, "ChiSquared": null},"Point T0-516-23082019093534-GenNb0": {"x": -28.991889999999998, "y": 0.8687959999999997, "fAckley": 20.073739790137434, "ChiSquared": null},"Point T0-18-23082019093534-GenNb0": {"x": -4.751734, "y": -1.9523899999999976, "fAckley": 11.425078650868585, "ChiSquared": null},"Point T0-257-23082019093534-GenNb0": {"x": -17.7557, "y": 42.02525800000001, "fAckley": 21.018742058981328, "ChiSquared": null},"Point T0-307-23082019093535-GenNb0": {"x": -10.8665, "y": 5.737552000000003, "fAckley": 17.85692758410302, "ChiSquared": null},"Point T0-658-23082019093535-GenNb0": {"x": -8.175642000000003, "y": -8.1051, "fAckley": 16.93311763535515, "ChiSquared": null},"Point T0-788-23082019093535-GenNb0": {"x": 0.2678, "y": 16.528054, "fAckley": 20.209271957953273, "ChiSquared": null},"Point T0-929-23082019093535-GenNb0": {"x": -13.499262, "y": -3.152460000000001, "fAckley": 19.093729048345896, "ChiSquared": null},"Point T0-522-23082019093535-GenNb0": {"x": -11.876352, "y": 7.1827, "fAckley": 18.155428726338886, "ChiSquared": null},"Point T0-609-23082019093536-GenNb0": {"x": -4.7966239999999996, "y": 10.588123999999999, "fAckley": 18.09857868177702, "ChiSquared": null},"Point T0-568-23082019093536-GenNb0": {"x": 11.699392, "y": 30.218542, "fAckley": 21.570207848412313, "ChiSquared": null},"Point T0-578-23082019093537-GenNb0": {"x": -26.4706, "y": 51.121781999999996, "fAckley": 21.835120321050802, "ChiSquared": null},"Point T0-724-23082019093538-GenNb0": {"x": 4.0704, "y": 24.236768, "fAckley": 20.461541896397776, "ChiSquared": null},"Point T0-691-23082019093538-GenNb0": {"x": -0.8686, "y": 3.099708, "fAckley": 7.927952968188288, "ChiSquared": null},"Point T0-596-23082019093538-GenNb0": {"x": -8.59812, "y": -20.5816, "fAckley": 21.43491784338804, "ChiSquared": null},"Point T0-599-23082019093538-GenNb0": {"x": 7.126385999999998, "y": 18.842774000000002, "fAckley": 19.690681067701465, "ChiSquared": null},"Point T0-868-23082019093538-GenNb0": {"x": -11.081178000000001, "y": 5.4, "fAckley": 18.18703151504047, "ChiSquared": null},"Point T0-438-23082019093538-GenNb0": {"x": 1.9829, "y": -0.8181420000000017, "fAckley": 5.928299620665431, "ChiSquared": null},"Point T0-156-23082019093538-GenNb0": {"x": 10.552748, "y": 12.600022000000003, "fAckley": 20.345342748584514, "ChiSquared": null},"Point T0-38-23082019093539-GenNb0": {"x": -27.3255, "y": 13.967746000000002, "fAckley": 21.158838727788538, "ChiSquared": null},"Point T0-798-23082019093539-GenNb0": {"x": 8.951266, "y": -29.8392, "fAckley": 20.37288156674773, "ChiSquared": null},"Point T0-530-23082019093540-GenNb0": {"x": -9.658534000000007, "y": 4.911976000000003, "fAckley": 17.231911990213334, "ChiSquared": null},"Point T0-969-23082019093541-GenNb0": {"x": -7.7851, "y": 9.435326, "fAckley": 18.467595816975727, "ChiSquared": null},"Point T0-372-23082019093542-GenNb0": {"x": -6.642232000000002, "y": 13.223, "fAckley": 19.455738602994373, "ChiSquared": null},"Point T0-704-23082019093542-GenNb0": {"x": 1.8891479999999987, "y": -7.751, "fAckley": 14.774175736708743, "ChiSquared": null},"Point T0-911-23082019093543-GenNb0": {"x": -7.322586000000001, "y": -16.7488, "fAckley": 20.41121342666441, "ChiSquared": null},"Point T0-158-23082019093544-GenNb0": {"x": 0.3868, "y": -2.117607999999997, "fAckley": 6.976549049697839, "ChiSquared": null},"Point T0-511-23082019093544-GenNb0": {"x": 19.7253, "y": 24.007826, "fAckley": 20.946138892648577, "ChiSquared": null},"Point T0-747-23082019093544-GenNb0": {"x": -6.725668000000002, "y": 2.062, "fAckley": 13.851047622942048, "ChiSquared": null},"Point T0-322-23082019093544-GenNb0": {"x": -0.7224579999999996, "y": 15.8364, "fAckley": 19.405308798690225, "ChiSquared": null},"Point T0-233-23082019093544-GenNb0": {"x": -7.300401999999998, "y": 17.6008, "fAckley": 20.795165236719868, "ChiSquared": null},"Point T0-930-23082019093545-GenNb0": {"x": 9.0875, "y": -13.424492, "fAckley": 19.716489047208437, "ChiSquared": null},"Point T0-275-23082019093545-GenNb0": {"x": -22.614172, "y": -4.274991999999999, "fAckley": 21.312016405227, "ChiSquared": null},"Point T0-88-23082019093545-GenNb0": {"x": 22.37123, "y": 19.119014, "fAckley": 21.38492602760903, "ChiSquared": null},"Point T0-861-23082019093546-GenNb0": {"x": 4.6965, "y": 27.163232, "fAckley": 21.213865231524757, "ChiSquared": null},"Point T0-181-23082019093546-GenNb0": {"x": -9.95914, "y": -5.1462, "fAckley": 16.423820205283608, "ChiSquared": null},"Point T0-569-23082019093546-GenNb0": {"x": 16.4021, "y": -7.241226000000002, "fAckley": 20.450689622086617, "ChiSquared": null},"Point T0-969-23082019093546-GenNb0": {"x": 30.96015, "y": -20.033492, "fAckley": 19.96273398547066, "ChiSquared": null},"Point T0-977-23082019093546-GenNb0": {"x": -46.21531, "y": -7.9814, "fAckley": 20.86122476636547, "ChiSquared": null},"Point T0-474-23082019093546-GenNb0": {"x": 14.2255, "y": 18.941932, "fAckley": 20.294211174118807, "ChiSquared": null},"Point T0-856-23082019093546-GenNb0": {"x": 9.6597, "y": -29.22749, "fAckley": 21.64080934615035, "ChiSquared": null},"Point T0-17-23082019093547-GenNb0": {"x": 31.254523999999996, "y": 16.912074, "fAckley": 21.0779951334289, "ChiSquared": null},"Point T0-964-23082019093547-GenNb0": {"x": -6.496006000000001, "y": 14.821174, "fAckley": 19.93689334117926, "ChiSquared": null},"Point T0-263-23082019093548-GenNb1": {"x": 6.083296, "y": 17.978164000000003, "fAckley": 18.822247359426033, "ChiSquared": null},"Point T0-684-23082019093548-GenNb1": {"x": -8.651204680000005, "y": -25.1454, "fAckley": 21.23817721220448, "ChiSquared": null},"Point T0-369-23082019093548-GenNb1": {"x": 15.3044, "y": 6.0039940000000005, "fAckley": 19.368441217956946, "ChiSquared": null},"Point T0-221-23082019093548-GenNb1": {"x": -16.986244000000003, "y": 3.1775199999999995, "fAckley": 18.93140282736982, "ChiSquared": null},"Point T0-814-23082019093549-GenNb1": {"x": 5.118623280000001, "y": -29.9865, "fAckley": 20.070960277651608, "ChiSquared": null},"Point T0-246-23082019093549-GenNb1": {"x": -11.43183968, "y": 0.5142214799999998, "fAckley": 18.36809550989382, "ChiSquared": null},"Point T0-383-23082019093549-GenNb1": {"x": 14.1117, "y": 12.865338600000001, "fAckley": 19.33427201538797, "ChiSquared": null},"Point T0-363-23082019093549-GenNb1": {"x": -24.998452, "y": -5.9701260000000005, "fAckley": 19.49601369491075, "ChiSquared": null},"Point T0-561-23082019093550-GenNb1": {"x": -3.814017999999998, "y": 15.557132000000001, "fAckley": 19.880672875730976, "ChiSquared": null},"Point T0-59-23082019093550-GenNb1": {"x": -14.32920756, "y": 10.020787640000002, "fAckley": 19.738243169159233, "ChiSquared": null},"Point T0-345-23082019093550-GenNb1": {"x": -5.6291, "y": 5.552355999999999, "fAckley": 15.73921974666352, "ChiSquared": null},"Point T0-376-23082019093550-GenNb1": {"x": 10.508756, "y": 6.1068, "fAckley": 18.235000427718383, "ChiSquared": null},