{"Point T1-141-23082019093530-GenNb0": {"x": -10.201778, "y": -6.5079, "fAckley": 18.401151428564418, "ChiSquared": null},"Point T1-82-23082019093530-GenNb0": {"x": -19.846168, "y": -6.7938, "fAckley": 20.1668166811701, "ChiSquared": null},"Point T1-829-23082019093530-GenNb0": {"x": 2.4976999999999983, "y": -0.21305399999999963, "fAckley": 8.007445446977062, "ChiSquared": null},"Point T1-695-23082019093530-GenNb0": {"x": 11.195815999999997, "y": 8.4349, "fAckley": 19.216573847527247, "ChiSquared": null},"Point T1-516-23082019093530-GenNb0": {"x": -0.3967099999999997, "y": -17.051555999999998, "fAckley": 19.84717370658062, "ChiSquared": null},"Point T1-723-23082019093531-GenNb0": {"x": -26.5843, "y": 6.245276, "fAckley": 21.638484674798168, "ChiSquared": null},"Point T1-477-23082019093531-GenNb0": {"x": -4.7658, "y": -0.705136, "fAckley": 11.68497916059688, "ChiSquared": null},"Point T1-174-23082019093531-GenNb0": {"x": -9.0052, "y": 1.0702440000000024, "fAckley": 14.580946361353567, "ChiSquared": null},"Point T1-51-23082019093532-GenNb0": {"x": 9.6251, "y": 20.6152, "fAckley": 21.434326718110178, "ChiSquared": null},"Point T1-654-23082019093532-GenNb0": {"x": 17.799764, "y": -17.267813999999998, "fAckley": 21.01572985809433, "ChiSquared": null},"Point T1-51-23082019093532-GenNb0": {"x": 19.7075, "y": -14.883436000000001, "fAckley": 20.838769504171974, "ChiSquared": null},"Point T1-949-23082019093532-GenNb0": {"x": -24.64551, "y": 26.5785, "fAckley": 22.125027633221514, "ChiSquared": null},"Point T1-988-23082019093533-GenNb0": {"x": 23.3985, "y": 22.912774, "fAckley": 21.498091239191893, "ChiSquared": null},"Point T1-980-23082019093533-GenNb0": {"x": -17.677732, "y": -25.326016, "fAckley": 21.826543775316427, "ChiSquared": null},"Point T1-340-23082019093533-GenNb0": {"x": 14.331566, "y": 2.4927, "fAckley": 19.68720126901672, "ChiSquared": null},"Point T1-551-23082019093533-GenNb0": {"x": -26.0298, "y": -0.8833959999999994, "fAckley": 19.845300673813984, "ChiSquared": null},"Point T1-372-23082019093533-GenNb0": {"x": -5.915789999999999, "y": 12.9601, "fAckley": 17.55193555858384, "ChiSquared": null},"Point T1-988-23082019093533-GenNb0": {"x": 21.0929, "y": -0.9542680000000001, "fAckley": 19.257009362712992, "ChiSquared": null},"Point T1-360-23082019093533-GenNb0": {"x": -6.0519099999999995, "y": -16.81135, "fAckley": 19.18210029149594, "ChiSquared": null},"Point T1-981-23082019093534-GenNb0": {"x": 1.7566440000000014, "y": 1.6434, "fAckley": 7.737016070870535, "ChiSquared": null},"Point T1-867-23082019093534-GenNb0": {"x": 2.6640620000000013, "y": -18.398408000000003, "fAckley": 20.757786591531023, "ChiSquared": null},"Point T1-65-23082019093534-GenNb0": {"x": -5.191492000000004, "y": 13.067879999999999, "fAckley": 18.09362522728824, "ChiSquared": null},"Point T1-172-23082019093534-GenNb0": {"x": -16.839254, "y": 20.7926, "fAckley": 20.77450304111437, "ChiSquared": null},"Point T1-389-23082019093534-GenNb0": {"x": -6.662459999999999, "y": -7.9302, "fAckley": 16.88477177706904, "ChiSquared": null},"Point T1-839-23082019093534-GenNb0": {"x": 4.5271360000000005, "y": 19.3753, "fAckley": 21.090137540353183, "ChiSquared": null},"Point T1-20-23082019093534-GenNb0": {"x": 24.204164000000002, "y": -2.9556340000000008, "fAckley": 20.218379358445556, "ChiSquared": null},"Point T1-986-23082019093534-GenNb0": {"x": 2.1667, "y": 7.88687, "fAckley": 14.552406508484815, "ChiSquared": null},"Point T1-772-23082019093535-GenNb0": {"x": 1.0622520000000009, "y": -21.044806, "fAckley": 19.13587102873227, "ChiSquared": null},"Point T1-252-23082019093536-GenNb0": {"x": -21.6634, "y": -15.474499999999999, "fAckley": 21.78371186432219, "ChiSquared": null},"Point T1-473-23082019093537-GenNb0": {"x": -9.929516, "y": 18.866068000000002, "fAckley": 19.545154076293787, "ChiSquared": null},"Point T1-3-23082019093537-GenNb0": {"x": 42.092552, "y": -19.1967, "fAckley": 20.899588087737328, "ChiSquared": null},"Point T1-557-23082019093538-GenNb0": {"x": 6.3726, "y": -2.6093399999999995, "fAckley": 14.68609313111351, "ChiSquared": null},"Point T1-400-23082019093538-GenNb0": {"x": -16.592586, "y": -2.3901900000000023, "fAckley": 20.402294242577177, "ChiSquared": null},"Point T1-19-23082019093539-GenNb0": {"x": 2.9828, "y": 0.566416000000001, "fAckley": 8.659097897511618, "ChiSquared": null},"Point T1-66-23082019093539-GenNb0": {"x": 16.339354, "y": -16.3985, "fAckley": 21.448254402984098, "ChiSquared": null},"Point T1-576-23082019093539-GenNb0": {"x": -15.917336, "y": -16.0548, "fAckley": 19.42956430551368, "ChiSquared": null},"Point T1-283-23082019093539-GenNb0": {"x": -23.681890000000003, "y": 16.832995999999998, "fAckley": 21.347332184455244, "ChiSquared": null},"Point T1-365-23082019093540-GenNb0": {"x": -5.991536000000002, "y": -12.6887, "fAckley": 18.603761793643585, "ChiSquared": null},"Point T1-897-23082019093540-GenNb0": {"x": 4.315064000000001, "y": -5.5504, "fAckley": 14.80855140940511, "ChiSquared": null},"Point T1-180-23082019093540-GenNb0": {"x": -27.639324000000002, "y": 9.131976, "fAckley": 21.374760948774668, "ChiSquared": null},"Point T1-959-23082019093540-GenNb0": {"x": 27.2376, "y": 8.029523999999999, "fAckley": 20.658229491050992, "ChiSquared": null},"Point T1-354-23082019093541-GenNb0": {"x": 40.99303, "y": 11.6191, "fAckley": 21.527591158468265, "ChiSquared": null},"Point T1-677-23082019093541-GenNb0": {"x": -8.276380000000001, "y": 1.4854, "fAckley": 16.06905558580568, "ChiSquared": null},"Point T1-851-23082019093541-GenNb0": {"x": -31.205256, "y": -7.9788239999999995, "fAckley": 20.622296023190174, "ChiSquared": null},"Point T1-467-23082019093542-GenNb0": {"x": 0.3328800000000003, "y": 16.047868, "fAckley": 19.39495947386888, "ChiSquared": null},"Point T1-905-23082019093542-GenNb0": {"x": 16.037458, "y": -22.4313, "fAckley": 21.280703168593927, "ChiSquared": null},"Point T1-905-23082019093542-GenNb0": {"x": 13.693532000000001, "y": 15.848315999999999, "fAckley": 20.561129881481545, "ChiSquared": null},"Point T1-983-23082019093542-GenNb0": {"x": 12.4147, "y": 1.2881380000000004, "fAckley": 18.717208290909113, "ChiSquared": null},"Point T1-991-23082019093543-GenNb0": {"x": 2.830812, "y": -1.5943, "fAckley": 9.243557927449787, "ChiSquared": null},"Point T1-534-23082019093543-GenNb0": {"x": 4.671372000000002, "y": -13.4833, "fAckley": 19.580103836829338, "ChiSquared": null},"Point T1-138-23082019093543-GenNb0": {"x": -1.9223, "y": -34.88944, "fAckley": 20.29189073272069, "ChiSquared": null},"Point T1-831-23082019093544-GenNb0": {"x": 23.1179, "y": 18.819176, "fAckley": 20.637867673620104, "ChiSquared": null},"Point T1-547-23082019093544-GenNb0": {"x": 14.348064, "y": 1.0372440000000012, "fAckley": 18.884892862070597, "ChiSquared": null},"Point T1-500-23082019093544-GenNb0": {"x": -28.2625, "y": -11.000392, "fAckley": 20.858617529750454, "ChiSquared": null},"Point T1-179-23082019093544-GenNb0": {"x": 0.4918, "y": -19.02852, "fAckley": 20.370607214010573, "ChiSquared": null},"Point T1-527-23082019093544-GenNb0": {"x": -13.510102, "y": -0.25400800000000023, "fAckley": 19.159954370188867, "ChiSquared": null},"Point T1-682-23082019093544-GenNb0": {"x": -41.722685999999996, "y": 1.7933860000000008, "fAckley": 21.613354353774024, "ChiSquared": null},"Point T1-427-23082019093544-GenNb0": {"x": -33.026094, "y": 20.7486, "fAckley": 21.00731503504525, "ChiSquared": null},"Point T1-535-23082019093544-GenNb0": {"x": -15.0014, "y": 1.092632000000001, "fAckley": 17.831307645514233, "ChiSquared": null},"Point T1-889-23082019093545-GenNb0": {"x": 11.959064, "y": -12.3526, "fAckley": 19.75923447276632, "ChiSquared": null},"Point T1-828-23082019093547-GenNb1": {"x": -5.292485999999998, "y": 6.245276, "fAckley": 15.544607909907493, "ChiSquared": null},"Point T1-45-23082019093549-GenNb1": {"x": 5.386093999999996, "y": 26.5785, "fAckley": 21.844893345307977, "ChiSquared": null},"Point T1-684-23082019093549-GenNb1": {"x": 23.3985, "y": -5.30981216, "fAckley": 21.48927409465868,