{"Point T6-609-23082019093529-GenNb0": {"x": 2.812, "y": 4.3971, "fAckley": 12.346912229255286, "ChiSquared": null},"Point T6-700-23082019093530-GenNb0": {"x": -28.1663, "y": -29.93087, "fAckley": 20.635505300100903, "ChiSquared": null},"Point T6-856-23082019093530-GenNb0": {"x": 27.199730000000002, "y": -2.2817, "fAckley": 21.238974487629704, "ChiSquared": null},"Point T6-36-23082019093531-GenNb0": {"x": -13.481282, "y": -3.8315, "fAckley": 19.18494742597435, "ChiSquared": null},"Point T6-9-23082019093531-GenNb0": {"x": -0.7378160000000022, "y": -4.592848, "fAckley": 11.724948891545946, "ChiSquared": null},"Point T6-889-23082019093532-GenNb0": {"x": 19.76457, "y": 25.2256, "fAckley": 21.37328117108697, "ChiSquared": null},"Point T6-472-23082019093532-GenNb0": {"x": -31.857893999999998, "y": 10.1368, "fAckley": 20.64494990575124, "ChiSquared": null},"Point T6-263-23082019093532-GenNb0": {"x": 21.6113, "y": 16.302196000000002, "fAckley": 21.70277000059186, "ChiSquared": null},"Point T6-893-23082019093532-GenNb0": {"x": 27.461, "y": -22.981376, "fAckley": 21.580304711698982, "ChiSquared": null},"Point T6-722-23082019093532-GenNb0": {"x": 25.277922, "y": 29.14441, "fAckley": 21.385983910796586, "ChiSquared": null},"Point T6-447-23082019093533-GenNb0": {"x": -4.0557, "y": 6.454512000000001, "fAckley": 14.92307977276015, "ChiSquared": null},"Point T6-258-23082019093533-GenNb0": {"x": 17.8532, "y": -18.773944, "fAckley": 20.74785487978003, "ChiSquared": null},"Point T6-467-23082019093533-GenNb0": {"x": -1.6344639999999977, "y": 11.800088000000002, "fAckley": 18.170685325107353, "ChiSquared": null},"Point T6-833-23082019093533-GenNb0": {"x": -3.0808099999999996, "y": 30.126061999999997, "fAckley": 20.242940070247773, "ChiSquared": null},"Point T6-769-23082019093534-GenNb0": {"x": -5.045114000000003, "y": -31.438394, "fAckley": 21.479569777826438, "ChiSquared": null},"Point T6-106-23082019093534-GenNb0": {"x": 7.2267, "y": -15.053096, "fAckley": 19.107354330524313, "ChiSquared": null},"Point T6-775-23082019093535-GenNb0": {"x": 15.3046, "y": -10.804190000000002, "fAckley": 20.305597152218898, "ChiSquared": null},"Point T6-586-23082019093535-GenNb0": {"x": -10.350272, "y": 29.4457, "fAckley": 22.011174464234003, "ChiSquared": null},"Point T6-506-23082019093536-GenNb0": {"x": -16.0376, "y": -4.049913999999999, "fAckley": 18.17409833958999, "ChiSquared": null},"Point T6-952-23082019093537-GenNb0": {"x": 13.107484, "y": -20.794384, "fAckley": 20.404474021686738, "ChiSquared": null},"Point T6-311-23082019093537-GenNb0": {"x": 16.759, "y": -6.207587999999999, "fAckley": 19.947593650385926, "ChiSquared": null},"Point T6-648-23082019093537-GenNb0": {"x": 16.655094000000002, "y": -15.2257, "fAckley": 21.08105092739788, "ChiSquared": null},"Point T6-612-23082019093537-GenNb0": {"x": 4.375788000000001, "y": -27.3605, "fAckley": 21.81183252466363, "ChiSquared": null},"Point T6-278-23082019093537-GenNb0": {"x": -20.7298, "y": 7.189776, "fAckley": 20.69085282417335, "ChiSquared": null},"Point T6-26-23082019093538-GenNb0": {"x": -28.6099, "y": 13.569686, "fAckley": 22.05872971519735, "ChiSquared": null},"Point T6-214-23082019093539-GenNb0": {"x": -21.203776000000005, "y": 15.7133, "fAckley": 21.21020512176868, "ChiSquared": null},"Point T6-132-23082019093539-GenNb0": {"x": -15.8363, "y": -15.996825999999999, "fAckley": 19.75550237441293, "ChiSquared": null},"Point T6-625-23082019093539-GenNb0": {"x": -5.385696, "y": -14.3685, "fAckley": 19.945847182625506, "ChiSquared": null},"Point T6-560-23082019093540-GenNb0": {"x": -25.003402, "y": 28.633, "fAckley": 21.44689317359403, "ChiSquared": null},"Point T6-761-23082019093540-GenNb0": {"x": -22.0897, "y": -18.241312, "fAckley": 20.802096950874017, "ChiSquared": null},"Point T6-651-23082019093540-GenNb0": {"x": -26.6234, "y": 1.5292640000000013, "fAckley": 21.82986293357716, "ChiSquared": null},"Point T6-795-23082019093541-GenNb0": {"x": 17.172852, "y": -23.978306, "fAckley": 20.337890365195932, "ChiSquared": null},"Point T6-744-23082019093541-GenNb0": {"x": -19.890644, "y": 5.0408, "fAckley": 19.232495240688593, "ChiSquared": null},"Point T6-418-23082019093541-GenNb0": {"x": 6.560159999999999, "y": -24.4252, "fAckley": 21.75657803754801, "ChiSquared": null},"Point T6-111-23082019093541-GenNb0": {"x": 9.301704, "y": -4.3491, "fAckley": 17.400062999509178, "ChiSquared": null},"Point T6-162-23082019093541-GenNb0": {"x": 40.979116000000005, "y": -22.3654, "fAckley": 21.51279918095894, "ChiSquared": null},"Point T6-75-23082019093542-GenNb0": {"x": 15.065083999999999, "y": -46.045926, "fAckley": 20.142004530285206, "ChiSquared": null},"Point T6-668-23082019093542-GenNb0": {"x": -6.885534, "y": 6.416608000000002, "fAckley": 16.48941435841262, "ChiSquared": null},"Point T6-110-23082019093542-GenNb0": {"x": -15.253102, "y": -12.537677999999998, "fAckley": 20.883610926915704, "ChiSquared": null},"Point T6-365-23082019093542-GenNb0": {"x": -6.1538, "y": -2.1312800000000003, "fAckley": 12.890415570185132, "ChiSquared": null},"Point T6-454-23082019093543-GenNb0": {"x": -8.22806, "y": -24.7125, "fAckley": 21.26246465895859, "ChiSquared": null},"Point T6-61-23082019093543-GenNb0": {"x": 11.976732, "y": -3.0533, "fAckley": 16.605887017546365, "ChiSquared": null},"Point T6-751-23082019093543-GenNb0": {"x": -16.1731, "y": -37.867406, "fAckley": 20.89335504170681, "ChiSquared": null},"Point T6-81-23082019093544-GenNb0": {"x": -14.418187999999999, "y": 13.3329, "fAckley": 20.969577875663052, "ChiSquared": null},"Point T6-833-23082019093544-GenNb0": {"x": 20.7335, "y": -31.976312, "fAckley": 21.07005143761838, "ChiSquared": null},"Point T6-795-23082019093544-GenNb0": {"x": 4.513060000000001, "y": -13.289492, "fAckley": 19.43286912484062, "ChiSquared": null},"Point T6-528-23082019093545-GenNb0": {"x": 0.2814, "y": 4.730074, "fAckley": 11.633533258380242, "ChiSquared": null},"Point T6-836-23082019093545-GenNb0": {"x": 34.95011, "y": -4.030572, "fAckley": 19.95160720547281, "ChiSquared": null},"Point T6-449-23082019093545-GenNb0": {"x": -2.8306620000000002, "y": 17.104044000000002, "fAckley": 19.099739049853216, "ChiSquared": null},"Point T6-874-23082019093546-GenNb0": {"x": -1.9826, "y": -9.17678, "fAckley": 15.36433404922249, "ChiSquared": null},"Point T6-591-23082019093546-GenNb1": {"x": -3.916430000000002, "y": -24.1908, "fAckley": 20.244742306242788, "ChiSquared": null},"Point T6-805-23082019093547-GenNb1": {"x": -22.8762, "y": -7.409432000000001, "fAckley": 21.1141774188074, "ChiSquared": null},"Point T6-82-23082019093547-GenNb1": {"x": -3.9411163999999985, "y": -19.3631, "fAckley": 20.345086752723343, "ChiSquared": null},"Point T6-640-23082019093547-GenNb1": {"x": 0.3421882399999987, "y": -2.2817, "fAckley": 7.597434790235074, "ChiSquared": null},"Point T6-506-23082019093548-GenNb1": {"x": -8.340932200000001, "y": 5.6292, "fAckley": 17.35798849978744, "ChiSquared": null},"Point T6-409-23082019093548-GenNb1": {"x": 2.3584, "y": -19.968608, "fAckley": 20.362164124250064, "ChiSquared": null},"Point T6-556-23082019093548-GenNb1": {"x": -20.1194, "y": 17.757568, "fAckley": 20.792348094346874, "ChiSquared": null},"Point T6-92-23082019093548-GenNb1": {"x": -8.147104000000002, "y": -26.35848724, "fAckley": 21.32784914522408, "ChiSquared": null},"Point T6-879-23082019093549-GenNb1": {"x": -16.09625, "y": 10.1368, "fAckley": 19.26971140776801, "ChiSquared": null},"Point T6-832-23082019093549-GenNb1": {"x": 1.4853990400000026, "y": 12.634818000000001, "fAckley": 18.97296259763042, "ChiSquared": null},"Point T6-48-23082019093549-GenNb1": {"x": -14.696, "y": 29.044524000000003, "fAckley": 21.148826093118384, "ChiSquared": null},"Point T6-519-23082019093549-GenNb1": {"x": -18.984192, "y": -27.226, "fAckley": 20.762314501647108, "ChiSquared": null},"Point T6-136-23082019093549-GenNb1": {"x": 5.939323999999999, "y": 14.8875, "fAckley": 18.319000833895757, "ChiSquared": null},"Point T6-587-23082019093550-GenNb1": {"x": 3.3972819999999997, "y": 9.9031,