{"Point T3-840-23082019093530-GenNb0": {"x": -51.937524, "y": -19.7226, "fAckley": 21.25363593985785, "ChiSquared": null},"Point T3-877-23082019093530-GenNb0": {"x": -1.2567, "y": -29.014765999999998, "fAckley": 20.778268487855176, "ChiSquared": null},"Point T3-626-23082019093530-GenNb0": {"x": -20.493006, "y": -7.203037999999996, "fAckley": 21.08988171980223, "ChiSquared": null},"Point T3-921-23082019093531-GenNb0": {"x": -4.938146000000001, "y": -23.0409, "fAckley": 19.428043964558217, "ChiSquared": null},"Point T3-888-23082019093531-GenNb0": {"x": -12.8655, "y": -3.847572, "fAckley": 17.866114331671515, "ChiSquared": null},"Point T3-690-23082019093532-GenNb0": {"x": -11.262051999999997, "y": -22.3221, "fAckley": 21.361973191469698, "ChiSquared": null},"Point T3-391-23082019093532-GenNb0": {"x": 23.141417999999998, "y": 29.6693, "fAckley": 21.54539485168782, "ChiSquared": null},"Point T3-900-23082019093532-GenNb0": {"x": -8.650736, "y": 25.7535, "fAckley": 21.534291879160836, "ChiSquared": null},"Point T3-984-23082019093532-GenNb0": {"x": -8.6476, "y": -3.300273999999998, "fAckley": 16.682163084231533, "ChiSquared": null},"Point T3-86-23082019093532-GenNb0": {"x": 23.8255, "y": 14.822358, "fAckley": 20.775037904690645, "ChiSquared": null},"Point T3-946-23082019093532-GenNb0": {"x": -29.2735, "y": 7.6352959999999985, "fAckley": 21.773018925030925, "ChiSquared": null},"Point T3-952-23082019093533-GenNb0": {"x": 9.465948000000001, "y": -21.3168, "fAckley": 21.479123810577164, "ChiSquared": null},"Point T3-497-23082019093533-GenNb0": {"x": -6.6106500000000015, "y": -6.38347, "fAckley": 16.795893522242096, "ChiSquared": null},"Point T3-149-23082019093533-GenNb0": {"x": 12.7019, "y": -0.20532600000000056, "fAckley": 18.411150037073714, "ChiSquared": null},"Point T3-572-23082019093533-GenNb0": {"x": -13.513086000000001, "y": -9.816626, "fAckley": 20.08930206037348, "ChiSquared": null},"Point T3-278-23082019093534-GenNb0": {"x": 1.9441619999999995, "y": -1.4504619999999986, "fAckley": 7.5324078891851745, "ChiSquared": null},"Point T3-944-23082019093534-GenNb0": {"x": -13.719837999999998, "y": 0.6169939999999994, "fAckley": 19.222542400669877, "ChiSquared": null},"Point T3-212-23082019093534-GenNb0": {"x": -19.67514, "y": 1.7230340000000002, "fAckley": 20.760925490476236, "ChiSquared": null},"Point T3-498-23082019093534-GenNb0": {"x": 3.355132000000001, "y": -12.249575999999998, "fAckley": 18.662782762049652, "ChiSquared": null},"Point T3-819-23082019093535-GenNb0": {"x": 29.8019, "y": -36.204394, "fAckley": 21.340039958717906, "ChiSquared": null},"Point T3-858-23082019093535-GenNb0": {"x": 21.025375999999998, "y": 21.877952, "fAckley": 20.096168388179155, "ChiSquared": null},"Point T3-425-23082019093535-GenNb0": {"x": 0.1442740000000029, "y": -10.7696, "fAckley": 16.910707248295605, "ChiSquared": null},"Point T3-291-23082019093535-GenNb0": {"x": 14.804146000000001, "y": -9.3732, "fAckley": 20.20700687987033, "ChiSquared": null},"Point T3-148-23082019093536-GenNb0": {"x": 17.7341, "y": 13.091928, "fAckley": 20.386488977654192, "ChiSquared": null},"Point T3-367-23082019093536-GenNb0": {"x": -2.307127999999995, "y": -4.4005, "fAckley": 12.253758063550961, "ChiSquared": null},"Point T3-416-23082019093536-GenNb0": {"x": -7.914604000000001, "y": -7.761452, "fAckley": 16.95461367991184, "ChiSquared": null},"Point T3-767-23082019093536-GenNb0": {"x": 7.460834000000001, "y": 0.4398, "fAckley": 15.381121050388279, "ChiSquared": null},"Point T3-585-23082019093536-GenNb0": {"x": -24.8738, "y": 12.909476000000002, "fAckley": 20.173819479740704, "ChiSquared": null},"Point T3-208-23082019093537-GenNb0": {"x": -27.165474, "y": -17.7364, "fAckley": 21.28046858145474, "ChiSquared": null},"Point T3-145-23082019093538-GenNb0": {"x": -2.22941, "y": 16.1552, "fAckley": 19.313754372599096, "ChiSquared": null},"Point T3-649-23082019093538-GenNb0": {"x": 24.186956, "y": 27.6452, "fAckley": 21.714251254351048, "ChiSquared": null},"Point T3-879-23082019093538-GenNb0": {"x": -11.738035999999997, "y": 2.3688579999999995, "fAckley": 18.354916483915567, "ChiSquared": null},"Point T3-942-23082019093538-GenNb0": {"x": 27.0504, "y": -24.258522, "fAckley": 21.035178754895934, "ChiSquared": null},"Point T3-603-23082019093538-GenNb0": {"x": 6.398042, "y": -0.8191, "fAckley": 13.859009022896531, "ChiSquared": null},"Point T3-243-23082019093539-GenNb0": {"x": 0.8752199999999988, "y": 1.0826, "fAckley": 4.093015393959718, "ChiSquared": null},"Point T3-898-23082019093539-GenNb0": {"x": 24.957316000000002, "y": -16.764828, "fAckley": 20.736908154263592, "ChiSquared": null},"Point T3-236-23082019093539-GenNb0": {"x": -27.614406000000002, "y": 29.9302, "fAckley": 21.575816576305666, "ChiSquared": null},"Point T3-642-23082019093540-GenNb0": {"x": 19.9054, "y": -28.198756000000003, "fAckley": 20.793918637190657, "ChiSquared": null},"Point T3-515-23082019093540-GenNb0": {"x": 4.314634000000002, "y": 15.394198, "fAckley": 20.07953078563685, "ChiSquared": null},"Point T3-72-23082019093540-GenNb0": {"x": -13.1272, "y": 25.307360000000003, "fAckley": 21.17540586567701, "ChiSquared": null},"Point T3-477-23082019093540-GenNb0": {"x": -54.291226, "y": -26.00536, "fAckley": 21.264148613260737, "ChiSquared": null},"Point T3-499-23082019093540-GenNb0": {"x": -12.1938, "y": -1.573646, "fAckley": 18.44358785057667, "ChiSquared": null},"Point T3-769-23082019093541-GenNb0": {"x": -19.797914000000002, "y": 27.1695, "fAckley": 21.068238221360115, "ChiSquared": null},"Point T3-977-23082019093541-GenNb0": {"x": 8.543232, "y": 14.6758, "fAckley": 20.41327854566364, "ChiSquared": null},"Point T3-264-23082019093542-GenNb0": {"x": -13.457472, "y": -13.266768, "fAckley": 20.75091945149915, "ChiSquared": null},"Point T3-860-23082019093542-GenNb0": {"x": 32.125516000000005, "y": 20.1736, "fAckley": 20.832747519582238, "ChiSquared": null},"Point T3-636-23082019093542-GenNb0": {"x": 0.33988000000000085, "y": -21.484, "fAckley": 21.29501599386181, "ChiSquared": null},"Point T3-650-23082019093543-GenNb0": {"x": -3.860884000000002, "y": 11.2605, "fAckley": 17.67014952594766, "ChiSquared": null},"Point T3-205-23082019093543-GenNb0": {"x": -11.96007, "y": 18.101396, "fAckley": 19.362177578565642, "ChiSquared": null},"Point T3-619-23082019093543-GenNb0": {"x": 6.9252340000000014, "y": -27.7219, "fAckley": 20.93617741365084, "ChiSquared": null},"Point T3-135-23082019093543-GenNb0": {"x": -14.7765, "y": 8.864619999999999, "fAckley": 19.458887117974626, "ChiSquared": null},"Point T3-822-23082019093543-GenNb0": {"x": 20.138, "y": -4.0614799999999995, "fAckley": 19.427517132605715, "ChiSquared": null},"Point T3-456-23082019093543-GenNb0": {"x": 5.95476, "y": -20.7116, "fAckley": 20.33494305857895, "ChiSquared": null},"Point T3-129-23082019093544-GenNb0": {"x": 9.442768, "y": 11.248282, "fAckley": 19.582458546797366, "ChiSquared": null},"Point T3-34-23082019093544-GenNb0": {"x": -20.965276, "y": -9.6187, "fAckley": 20.823630024238412, "ChiSquared": null},"Point T3-918-23082019093544-GenNb0": {"x": 9.17427, "y": -22.9874, "fAckley": 20.044647967552397, "ChiSquared": null},"Point T3-986-23082019093545-GenNb0": {"x": -8.3601, "y": 8.169865999999999, "fAckley": 17.963961283298467, "ChiSquared": null}}