{"Point T5-437-23082019093529-GenNb0": {"x": 24.9974, "y": 43.849166, "fAckley": 20.49524632480286, "ChiSquared": null},"Point T5-444-23082019093530-GenNb0": {"x": 22.014682, "y": -1.7759120000000035, "fAckley": 20.05407858010386, "ChiSquared": null},"Point T5-182-23082019093530-GenNb0": {"x": -18.267932, "y": 10.685102, "fAckley": 20.940192544397206, "ChiSquared": null},"Point T5-450-23082019093530-GenNb0": {"x": -1.2691, "y": -0.501980000000001, "fAckley": 5.657458552936635, "ChiSquared": null},"Point T5-669-23082019093531-GenNb0": {"x": 15.0425, "y": 8.8225, "fAckley": 19.001901285121992, "ChiSquared": null},"Point T5-947-23082019093531-GenNb0": {"x": 24.250754, "y": -27.9589, "fAckley": 20.99387607293362, "ChiSquared": null},"Point T5-636-23082019093531-GenNb0": {"x": 36.976118, "y": -9.2614, "fAckley": 21.04525586144058, "ChiSquared": null},"Point T5-428-23082019093531-GenNb0": {"x": 8.806700000000001, "y": -27.7459, "fAckley": 21.217064544536708, "ChiSquared": null},"Point T5-803-23082019093531-GenNb0": {"x": 15.323458, "y": -7.740364000000002, "fAckley": 20.17721866106176, "ChiSquared": null},"Point T5-206-23082019093531-GenNb0": {"x": 6.916332000000001, "y": -15.425, "fAckley": 19.899857016800425, "ChiSquared": null},"Point T5-864-23082019093532-GenNb0": {"x": -15.1023, "y": -16.972388000000002, "fAckley": 19.471753731615905, "ChiSquared": null},"Point T5-462-23082019093532-GenNb0": {"x": -13.0658, "y": 4.385179999999998, "fAckley": 18.784232998059835, "ChiSquared": null},"Point T5-953-23082019093532-GenNb0": {"x": -17.014376000000002, "y": -7.9811, "fAckley": 18.61298275883709, "ChiSquared": null},"Point T5-556-23082019093532-GenNb0": {"x": 26.785942000000002, "y": 13.4331, "fAckley": 21.72092377349597, "ChiSquared": null},"Point T5-986-23082019093532-GenNb0": {"x": -7.3774, "y": 17.812739999999998, "fAckley": 20.563101417094604, "ChiSquared": null},"Point T5-638-23082019093533-GenNb0": {"x": 12.3864, "y": -20.904258, "fAckley": 21.039746454398617, "ChiSquared": null},"Point T5-607-23082019093533-GenNb0": {"x": 0.1331319999999998, "y": -29.2347, "fAckley": 20.93133537547336, "ChiSquared": null},"Point T5-806-23082019093534-GenNb0": {"x": -24.1766, "y": 4.9909040000000005, "fAckley": 20.05107848476243, "ChiSquared": null},"Point T5-310-23082019093534-GenNb0": {"x": 24.904, "y": 29.172137999999997, "fAckley": 20.72083234202729, "ChiSquared": null},"Point T5-244-23082019093534-GenNb0": {"x": 51.168712, "y": 23.7537, "fAckley": 21.41962245364809, "ChiSquared": null},"Point T5-688-23082019093534-GenNb0": {"x": 16.0483, "y": 6.406151999999995, "fAckley": 19.918001895793747, "ChiSquared": null},"Point T5-202-23082019093535-GenNb0": {"x": -2.6357200000000027, "y": 2.6824, "fAckley": 10.38206519799008, "ChiSquared": null},"Point T5-635-23082019093535-GenNb0": {"x": 12.8028, "y": -18.656986, "fAckley": 21.009882392655413, "ChiSquared": null},"Point T5-117-23082019093535-GenNb0": {"x": -1.3335, "y": -2.4676400000000003, "fAckley": 8.790161587132753, "ChiSquared": null},"Point T5-110-23082019093535-GenNb0": {"x": 11.269360000000002, "y": 0.528929999999999, "fAckley": 18.086522033171555, "ChiSquared": null},"Point T5-807-23082019093535-GenNb0": {"x": 2.228486, "y": 2.4755580000000004, "fAckley": 9.578751729592081, "ChiSquared": null},"Point T5-365-23082019093535-GenNb0": {"x": -19.58426, "y": 9.002416, "fAckley": 20.69864414786467, "ChiSquared": null},"Point T5-524-23082019093535-GenNb0": {"x": 2.1220480000000017, "y": 18.5745, "fAckley": 20.379193976441886, "ChiSquared": null},"Point T5-680-23082019093535-GenNb0": {"x": 18.2405, "y": -34.04374, "fAckley": 20.966320508038844, "ChiSquared": null},"Point T5-885-23082019093536-GenNb0": {"x": -19.0975, "y": -10.982224, "fAckley": 19.356869811263085, "ChiSquared": null},"Point T5-931-23082019093536-GenNb0": {"x": 21.747569999999996, "y": -24.8089, "fAckley": 21.34091183924405, "ChiSquared": null},"Point T5-592-23082019093536-GenNb0": {"x": -20.1044, "y": 4.820824, "fAckley": 19.800569251618985, "ChiSquared": null},"Point T5-830-23082019093537-GenNb0": {"x": -18.921386, "y": 5.882100000000001, "fAckley": 19.25864350113302, "ChiSquared": null},"Point T5-761-23082019093538-GenNb0": {"x": -10.435306, "y": -13.4677, "fAckley": 20.533874042746735, "ChiSquared": null},"Point T5-907-23082019093538-GenNb0": {"x": -17.254762, "y": 29.3416, "fAckley": 21.80551510456405, "ChiSquared": null},"Point T5-518-23082019093538-GenNb0": {"x": 11.689917999999999, "y": -6.8983, "fAckley": 18.54253215144028, "ChiSquared": null},"Point T5-511-23082019093539-GenNb0": {"x": 3.03468, "y": 11.0103, "fAckley": 16.057555981673943, "ChiSquared": null},"Point T5-759-23082019093539-GenNb0": {"x": 7.700272000000002, "y": 28.5159, "fAckley": 21.890035928020986, "ChiSquared": null},"Point T5-485-23082019093540-GenNb0": {"x": 16.1542, "y": 27.177106, "fAckley": 20.833939686960544, "ChiSquared": null},"Point T5-644-23082019093540-GenNb0": {"x": 1.0737420000000029, "y": -9.090422, "fAckley": 14.85378234706792, "ChiSquared": null},"Point T5-345-23082019093541-GenNb0": {"x": -28.067736, "y": -16.963946, "fAckley": 19.958049026289252, "ChiSquared": null},"Point T5-254-23082019093541-GenNb0": {"x": 12.771928, "y": 26.5905, "fAckley": 21.70695464328925, "ChiSquared": null},"Point T5-370-23082019093541-GenNb0": {"x": 25.5054, "y": -2.1103059999999996, "fAckley": 21.29096671366428, "ChiSquared": null},"Point T5-948-23082019093541-GenNb0": {"x": 27.176412, "y": -25.0438, "fAckley": 20.588555943521147, "ChiSquared": null},"Point T5-874-23082019093542-GenNb0": {"x": -21.0144, "y": 23.319108, "fAckley": 21.148977278452527, "ChiSquared": null},"Point T5-990-23082019093542-GenNb0": {"x": -6.307751999999997, "y": -15.5853, "fAckley": 20.31835366842694, "ChiSquared": null},"Point T5-266-23082019093542-GenNb0": {"x": -35.957831999999996, "y": -9.5185, "fAckley": 21.62838725527527, "ChiSquared": null},"Point T5-516-23082019093543-GenNb0": {"x": 28.697, "y": 26.076242, "fAckley": 21.31170130397469, "ChiSquared": null},"Point T5-90-23082019093543-GenNb0": {"x": -12.690014000000001, "y": 1.5707, "fAckley": 18.910067225161825, "ChiSquared": null},"Point T5-711-23082019093543-GenNb0": {"x": 28.1149, "y": 0.950531999999999, "fAckley": 20.00123755461015, "ChiSquared": null},"Point T5-381-23082019093544-GenNb0": {"x": 5.727288000000001, "y": -40.117668, "fAckley": 21.30577278877208, "ChiSquared": null},"Point T5-33-23082019093544-GenNb0": {"x": -16.877816, "y": 21.8963, "fAckley": 20.184818071857347, "ChiSquared": null},"Point T5-35-23082019093544-GenNb0": {"x": 28.4742, "y": -17.138626, "fAckley": 21.69391242257204, "ChiSquared": null},"Point T5-231-23082019093544-GenNb0": {"x": -4.223844, "y": 29.229134, "fAckley": 21.252710300966026, "ChiSquared": null},"Point T5-323-23082019093545-GenNb0": {"x": -1.33155, "y": -7.7218, "fAckley": 15.398279843568272, "ChiSquared": null},"Point T5-24-23082019093545-GenNb0": {"x": 8.148120000000002, "y": 10.4631, "fAckley": 18.823967806518915, "ChiSquared": null},"Point T5-507-23082019093545-GenNb0": {"x": 0.9045440000000013, "y": 24.86156, "fAckley": 20.039363094133297, "ChiSquared": null},"Point T5-173-23082019093546-GenNb0": {"x": -13.535622, "y": 6.316928000000001, "fAckley": 19.798640751672437, "ChiSquared": null},"Point T5-49-23082019093546-GenNb0": {"x": -3.068092, "y": -27.2403, "fAckley": 20.679102715726142, "ChiSquared": null},"Point T5-697-23082019093546-GenNb0": {"x": -20.4752, "y": 1.039676, "fAckley": 20.626468455011814, "ChiSquared": null},"Point T5-863-23082019093547-GenNb1": {"x": 3.5536980000000007, "y": -11.431414000000002, "fAckley": 18.642709082410516, "ChiSquared": null},"Point T5-818-23082019093547-GenNb1": {"x": 49.122378, "y": 14.7887, "fAckley": 21.088534810099553, "ChiSquared": null},"Point T5-564-23082019093548-GenNb1": {"x": 15.0425, "y": 6.121364200000002, "fAckley": 18.38130985761118, "ChiSquared": null},"Point T5-882-23082019093548-GenNb1": {"x": 17.10896, "y": -27.9589, "fAckley": 20.135561022601003,