{"Point T2-368-23082019093529-GenNb0": {"x": -8.2055, "y": 1.7637579999999993, "fAckley": 15.416596001256623, "ChiSquared": null},"Point T2-323-23082019093530-GenNb0": {"x": -7.2245, "y": -17.380750000000003, "fAckley": 20.57094535307612, "ChiSquared": null},"Point T2-72-23082019093530-GenNb0": {"x": 25.2254, "y": 29.872238000000003, "fAckley": 21.11032620661682, "ChiSquared": null},"Point T2-125-23082019093530-GenNb0": {"x": 12.746, "y": 8.055338, "fAckley": 18.767008095684222, "ChiSquared": null},"Point T2-115-23082019093530-GenNb0": {"x": -27.0532, "y": -4.045076, "fAckley": 19.708521529668275, "ChiSquared": null},"Point T2-332-23082019093531-GenNb0": {"x": -0.6777839999999973, "y": -12.205294000000002, "fAckley": 18.245554038962066, "ChiSquared": null},"Point T2-642-23082019093531-GenNb0": {"x": -14.943018, "y": 6.57029, "fAckley": 19.713707211661177, "ChiSquared": null},"Point T2-841-23082019093531-GenNb0": {"x": 8.8508, "y": -22.710516000000005, "fAckley": 20.89244479834106, "ChiSquared": null},"Point T2-966-23082019093532-GenNb0": {"x": 25.912818, "y": -23.3864, "fAckley": 21.52456597273947, "ChiSquared": null},"Point T2-123-23082019093532-GenNb0": {"x": 38.030472, "y": -29.0346, "fAckley": 20.03320423839769, "ChiSquared": null},"Point T2-200-23082019093532-GenNb0": {"x": 8.077546000000002, "y": 12.4154, "fAckley": 19.245279889641353, "ChiSquared": null},"Point T2-122-23082019093532-GenNb0": {"x": -24.016328, "y": -1.5728540000000013, "fAckley": 21.00321958190416, "ChiSquared": null},"Point T2-18-23082019093533-GenNb0": {"x": 0.7005439999999972, "y": -15.2167, "fAckley": 19.44631507410671, "ChiSquared": null},"Point T2-174-23082019093533-GenNb0": {"x": -20.000802, "y": -3.108, "fAckley": 19.14250956760159, "ChiSquared": null},"Point T2-536-23082019093534-GenNb0": {"x": 26.8342, "y": -0.7225880000000015, "fAckley": 21.087855012216146, "ChiSquared": null},"Point T2-744-23082019093534-GenNb0": {"x": 3.5311360000000036, "y": -16.4459, "fAckley": 20.482879864334507, "ChiSquared": null},"Point T2-492-23082019093534-GenNb0": {"x": -24.6593, "y": 5.011046000000002, "fAckley": 20.891346333910626, "ChiSquared": null},"Point T2-230-23082019093535-GenNb0": {"x": -5.2523, "y": -3.698506, "fAckley": 13.808560789026286, "ChiSquared": null},"Point T2-570-23082019093535-GenNb0": {"x": 2.3008, "y": -4.412496, "fAckley": 12.265730249597297, "ChiSquared": null},"Point T2-655-23082019093535-GenNb0": {"x": -3.1004100000000037, "y": 8.311, "fAckley": 15.771706677833386, "ChiSquared": null},"Point T2-68-23082019093535-GenNb0": {"x": -9.49527, "y": -22.7747, "fAckley": 21.452577480769023, "ChiSquared": null},"Point T2-631-23082019093535-GenNb0": {"x": -6.513826000000002, "y": 13.746505999999998, "fAckley": 19.79049424811564, "ChiSquared": null},"Point T2-471-23082019093536-GenNb0": {"x": 19.947754, "y": 1.385, "fAckley": 20.43222770867559, "ChiSquared": null},"Point T2-835-23082019093536-GenNb0": {"x": 19.7892, "y": 6.477817999999998, "fAckley": 20.977468408065867, "ChiSquared": null},"Point T2-820-23082019093536-GenNb0": {"x": -40.80697, "y": -9.819136, "fAckley": 21.19490398624491, "ChiSquared": null},"Point T2-195-23082019093536-GenNb0": {"x": -9.528468000000002, "y": 4.8461, "fAckley": 17.49590931395858, "ChiSquared": null},"Point T2-350-23082019093537-GenNb0": {"x": -0.2167, "y": 13.136054000000003, "fAckley": 18.058143322642124, "ChiSquared": null},"Point T2-374-23082019093537-GenNb0": {"x": -11.91129, "y": 7.6976, "fAckley": 18.726444983684704, "ChiSquared": null},"Point T2-314-23082019093537-GenNb0": {"x": -4.506112000000002, "y": -7.6269, "fAckley": 16.576305130092457, "ChiSquared": null},"Point T2-650-23082019093537-GenNb0": {"x": -9.319642, "y": 14.234, "fAckley": 20.064226980162356, "ChiSquared": null},"Point T2-798-23082019093539-GenNb0": {"x": -17.3942, "y": -3.9655439999999995, "fAckley": 20.01452155230879, "ChiSquared": null},"Point T2-920-23082019093539-GenNb0": {"x": -16.4183, "y": -4.570322, "fAckley": 20.510631224092954, "ChiSquared": null},"Point T2-756-23082019093540-GenNb0": {"x": 0.05254599999999998, "y": 4.08271, "fAckley": 9.014659009799743, "ChiSquared": null},"Point T2-799-23082019093540-GenNb0": {"x": 14.358001999999999, "y": -10.2927, "fAckley": 20.433966642207853, "ChiSquared": null},"Point T2-891-23082019093540-GenNb0": {"x": 6.009971999999998, "y": 3.8731, "fAckley": 13.106500364622514, "ChiSquared": null},"Point T2-626-23082019093541-GenNb0": {"x": -6.489835999999999, "y": -24.6014, "fAckley": 21.7646061446678, "ChiSquared": null},"Point T2-61-23082019093541-GenNb0": {"x": -16.865602000000003, "y": -24.8682, "fAckley": 20.478198285112125, "ChiSquared": null},"Point T2-41-23082019093542-GenNb0": {"x": 17.249691999999996, "y": -6.9848, "fAckley": 19.632857157147665, "ChiSquared": null},"Point T2-465-23082019093542-GenNb0": {"x": 10.010858, "y": -8.3935, "fAckley": 18.45319576333267, "ChiSquared": null},"Point T2-966-23082019093542-GenNb0": {"x": 1.186714000000002, "y": 23.3284, "fAckley": 21.02505678846766, "ChiSquared": null},"Point T2-402-23082019093542-GenNb0": {"x": -20.1098, "y": 35.14223200000001, "fAckley": 20.64147426468998, "ChiSquared": null},"Point T2-183-23082019093543-GenNb0": {"x": -12.0503, "y": -8.432565999999998, "fAckley": 19.20001273517761, "ChiSquared": null},"Point T2-25-23082019093543-GenNb0": {"x": -19.0812, "y": -22.75831, "fAckley": 20.830482454289516, "ChiSquared": null},"Point T2-746-23082019093543-GenNb0": {"x": -4.8091, "y": -0.4219239999999935, "fAckley": 11.842126169125414, "ChiSquared": null},"Point T2-378-23082019093543-GenNb0": {"x": -23.011814, "y": 19.3819, "fAckley": 21.295468780403116, "ChiSquared": null},"Point T2-236-23082019093544-GenNb0": {"x": 39.096998, "y": 24.2852, "fAckley": 21.338225109156344, "ChiSquared": null},"Point T2-683-23082019093544-GenNb0": {"x": -28.3333, "y": -2.724076, "fAckley": 21.642949266607186, "ChiSquared": null},"Point T2-244-23082019093544-GenNb0": {"x": -27.1263, "y": -59.820826000000004, "fAckley": 20.95542153915669, "ChiSquared": null},"Point T2-190-23082019093545-GenNb0": {"x": 21.948122, "y": -4.997078000000002, "fAckley": 19.241937525410254, "ChiSquared": null},"Point T2-792-23082019093545-GenNb0": {"x": -0.14746199999999998, "y": -25.1026, "fAckley": 20.13017881267549, "ChiSquared": null},"Point T2-291-23082019093545-GenNb0": {"x": -7.755908, "y": 19.9064, "fAckley": 20.199273280464944, "ChiSquared": null},"Point T2-808-23082019093546-GenNb0": {"x": -31.775538, "y": -21.607, "fAckley": 21.898503343141947, "ChiSquared": null},"Point T2-37-23082019093546-GenNb0": {"x": 6.525986, "y": -7.5114, "fAckley": 17.45088221514313, "ChiSquared": null},"Point T2-292-23082019093546-GenNb0": {"x": 15.604787999999997, "y": -25.6611, "fAckley": 21.91563563615955, "ChiSquared": null},"Point T2-150-23082019093546-GenNb0": {"x": 15.521011999999999, "y": 3.692068, "fAckley": 20.11358933027736, "ChiSquared": null},"Point T2-879-23082019093546-GenNb0": {"x": 2.081167999999998, "y": 8.259587999999999, "fAckley": 15.22078536098198, "ChiSquared": null},"Point T2-159-23082019093546-GenNb0": {"x": 10.935279999999999, "y": 3.6788, "fAckley": 17.5311656679138, "ChiSquared": null},"Point T2-407-23082019093547-GenNb0": {"x": -6.662638, "y": -7.0381, "fAckley": 16.386981091301756, "ChiSquared": null},"Point T2-327-23082019093547-GenNb0": {"x": -10.4803, "y": 4.431653999999998, "fAckley": 18.330889397775046, "ChiSquared": null},"Point T2-58-23082019093547-GenNb1": {"x": 10.608784000000002, "y": 10.572373839999996, "fAckley": 19.880064640304564, "ChiSquared": null},"Point T2-66-23082019093547-GenNb1": {"x": -12.9445, "y": -0.13586852000000094, "fAckley": 17.29012233715118, "ChiSquared": null},"Point T2-692-23082019093548-GenNb1": {"x": -3.1586119999999998, "y": 8.055338, "fAckley": 14.735731854135333, "ChiSquared": null},"Point T2-249-23082019093549-GenNb1": {"x": 5.725258, "y": 14.706849999999998, "fAckley": 19.76229270923686, "ChiSquared": null},