{"Point T7-623-23082019093530-GenNb0": {"x": 2.977687999999997, "y": -10.3514, "fAckley": 17.139797516439547, "ChiSquared": null},"Point T7-669-23082019093530-GenNb0": {"x": -23.2666, "y": 30.841, "fAckley": 21.38929469356164, "ChiSquared": null},"Point T7-423-23082019093530-GenNb0": {"x": 12.828748, "y": -43.734061999999994, "fAckley": 21.480377294695742, "ChiSquared": null},"Point T7-598-23082019093530-GenNb0": {"x": -28.5081, "y": -6.586497999999999, "fAckley": 22.003525255408164, "ChiSquared": null},"Point T7-400-23082019093530-GenNb0": {"x": -12.707246, "y": -11.2409, "fAckley": 20.00154624586119, "ChiSquared": null},"Point T7-38-23082019093531-GenNb0": {"x": 10.5213, "y": -0.14725400000000022, "fAckley": 17.379095615457672, "ChiSquared": null},"Point T7-912-23082019093531-GenNb0": {"x": 3.316128000000001, "y": -9.7828, "fAckley": 17.172081909409183, "ChiSquared": null},"Point T7-566-23082019093531-GenNb0": {"x": -14.654092000000002, "y": -13.9114, "fAckley": 20.418507402673146, "ChiSquared": null},"Point T7-859-23082019093532-GenNb0": {"x": 6.286384, "y": -12.3826, "fAckley": 19.29538948183326, "ChiSquared": null},"Point T7-909-23082019093532-GenNb0": {"x": -3.9114939999999994, "y": 10.7026, "fAckley": 17.406084957775914, "ChiSquared": null},"Point T7-975-23082019093532-GenNb0": {"x": 2.280555999999999, "y": -8.1401, "fAckley": 15.41738672985473, "ChiSquared": null},"Point T7-775-23082019093532-GenNb0": {"x": 10.5287, "y": 0.017609999999997683, "fAckley": 17.201189155394903, "ChiSquared": null},"Point T7-869-23082019093532-GenNb0": {"x": -15.612124000000001, "y": 3.7305900000000003, "fAckley": 20.009255228077468, "ChiSquared": null},"Point T7-342-23082019093532-GenNb0": {"x": 27.06192, "y": -4.8523, "fAckley": 20.16533622902381, "ChiSquared": null},"Point T7-882-23082019093533-GenNb0": {"x": 24.8945, "y": -7.4195139999999995, "fAckley": 21.252987722555407, "ChiSquared": null},"Point T7-300-23082019093533-GenNb0": {"x": 10.8129, "y": -0.2547139999999999, "fAckley": 17.191371680813592, "ChiSquared": null},"Point T7-490-23082019093533-GenNb0": {"x": 9.813226, "y": -18.154, "fAckley": 20.026568801078852, "ChiSquared": null},"Point T7-524-23082019093533-GenNb0": {"x": 2.7431339999999977, "y": 11.7301, "fAckley": 18.158392384799484, "ChiSquared": null},"Point T7-302-23082019093533-GenNb0": {"x": 16.92317, "y": 18.8849, "fAckley": 19.898890983893825, "ChiSquared": null},"Point T7-816-23082019093534-GenNb0": {"x": 8.205070000000003, "y": 17.814876, "fAckley": 20.068330340102662, "ChiSquared": null},"Point T7-45-23082019093534-GenNb0": {"x": -17.531032, "y": -12.6587, "fAckley": 21.311897348959665, "ChiSquared": null},"Point T7-287-23082019093534-GenNb0": {"x": 23.034188, "y": 26.0449, "fAckley": 19.937249927046246, "ChiSquared": null},"Point T7-20-23082019093535-GenNb0": {"x": -6.9197, "y": 13.900682, "fAckley": 18.168837781126694, "ChiSquared": null},"Point T7-475-23082019093535-GenNb0": {"x": 14.221360000000002, "y": -1.488, "fAckley": 19.406703130756416, "ChiSquared": null},"Point T7-941-23082019093535-GenNb0": {"x": 17.8492, "y": -11.098096, "fAckley": 19.681234901893028, "ChiSquared": null},"Point T7-527-23082019093536-GenNb0": {"x": -20.8272, "y": -6.088935999999999, "fAckley": 19.859509782928562, "ChiSquared": null},"Point T7-277-23082019093536-GenNb0": {"x": -13.835134000000002, "y": -2.1047, "fAckley": 18.037824158156045, "ChiSquared": null},"Point T7-841-23082019093537-GenNb0": {"x": -11.897, "y": -16.1018, "fAckley": 19.313865677469206, "ChiSquared": null},"Point T7-954-23082019093537-GenNb0": {"x": -1.9059959999999982, "y": -6.334732000000001, "fAckley": 13.695527612198088, "ChiSquared": null},"Point T7-636-23082019093537-GenNb0": {"x": 25.915321999999996, "y": 0.6088, "fAckley": 21.16252099160998, "ChiSquared": null},"Point T7-940-23082019093537-GenNb0": {"x": 11.646080000000001, "y": -22.6198, "fAckley": 21.658338338732502, "ChiSquared": null},"Point T7-954-23082019093537-GenNb0": {"x": 17.128242, "y": 22.850174000000003, "fAckley": 20.46818849543579, "ChiSquared": null},"Point T7-531-23082019093538-GenNb0": {"x": 2.2464, "y": 7.634372000000001, "fAckley": 15.502491454371253, "ChiSquared": null},"Point T7-989-23082019093538-GenNb0": {"x": -16.649058, "y": 0.095, "fAckley": 19.695186550304115, "ChiSquared": null},"Point T7-317-23082019093538-GenNb0": {"x": 8.483892, "y": 10.6706, "fAckley": 19.330480274940477, "ChiSquared": null},"Point T7-226-23082019093539-GenNb0": {"x": 6.0064199999999985, "y": -22.9016, "fAckley": 19.538441354329226, "ChiSquared": null},"Point T7-397-23082019093539-GenNb0": {"x": 10.139292000000005, "y": 19.881262000000003, "fAckley": 19.877554024901745, "ChiSquared": null},"Point T7-894-23082019093539-GenNb0": {"x": 13.9607, "y": -2.6354359999999994, "fAckley": 18.868496998334095, "ChiSquared": null},"Point T7-179-23082019093540-GenNb0": {"x": 38.962504, "y": -19.1093, "fAckley": 20.2813557382865, "ChiSquared": null},"Point T7-359-23082019093541-GenNb0": {"x": -6.037082000000002, "y": -11.2715, "fAckley": 17.91888110384523, "ChiSquared": null},"Point T7-846-23082019093541-GenNb0": {"x": 8.2977, "y": -6.455206, "fAckley": 17.662476687008155, "ChiSquared": null},"Point T7-828-23082019093541-GenNb0": {"x": 10.878357999999997, "y": -16.96083, "fAckley": 19.230924563987774, "ChiSquared": null},"Point T7-233-23082019093541-GenNb0": {"x": -18.0879, "y": 3.0215319999999988, "fAckley": 18.71102838300601, "ChiSquared": null},"Point T7-285-23082019093541-GenNb0": {"x": -30.890542, "y": -28.3085, "fAckley": 21.435300995273096, "ChiSquared": null},"Point T7-254-23082019093542-GenNb0": {"x": 4.837396000000001, "y": -7.0727, "fAckley": 14.73169067082751, "ChiSquared": null},"Point T7-844-23082019093542-GenNb0": {"x": -16.798236, "y": -28.1485, "fAckley": 20.960819364528103, "ChiSquared": null},"Point T7-444-23082019093542-GenNb0": {"x": -7.305285999999999, "y": -10.013208, "fAckley": 17.864560486998585, "ChiSquared": null},"Point T7-373-23082019093542-GenNb0": {"x": 25.232, "y": 12.870378, "fAckley": 20.862890164170423, "ChiSquared": null},"Point T7-664-23082019093542-GenNb0": {"x": -0.7315, "y": 13.178951999999999, "fAckley": 18.454457280410953, "ChiSquared": null},"Point T7-938-23082019093542-GenNb0": {"x": -7.129370000000001, "y": 11.843724000000002, "fAckley": 18.02540924771247, "ChiSquared": null},"Point T7-496-23082019093543-GenNb0": {"x": 10.6945, "y": -12.712611999999998, "fAckley": 20.059402489212363, "ChiSquared": null},"Point T7-885-23082019093543-GenNb0": {"x": -4.2083, "y": 1.272768000000001, "fAckley": 10.918435047236784, "ChiSquared": null},"Point T7-84-23082019093543-GenNb0": {"x": 18.6287, "y": -14.046270000000002, "fAckley": 20.837089399498954, "ChiSquared": null},"Point T7-922-23082019093543-GenNb0": {"x": -3.853188, "y": 5.975325999999999, "fAckley": 13.184531913795343, "ChiSquared": null},"Point T7-845-23082019093543-GenNb0": {"x": 9.660568000000001, "y": -15.0177, "fAckley": 19.85836432044263, "ChiSquared": null},"Point T7-666-23082019093544-GenNb0": {"x": -14.03877, "y": 7.761776000000001, "fAckley": 18.96345670531291, "ChiSquared": null},"Point T7-95-23082019093544-GenNb0": {"x": -7.821649999999999, "y": -62.109876, "fAckley": 20.887695698900334, "ChiSquared": null},"Point T7-201-23082019093544-GenNb0": {"x": -0.41239000000000203, "y": -13.905682, "fAckley": 18.933287345629207, "ChiSquared": null},"Point T7-139-23082019093544-GenNb0": {"x": 2.070956, "y": 4.111342000000002, "fAckley": 9.986334402519235, "ChiSquared": null},"Point T7-847-23082019093545-GenNb0": {"x": -28.6459, "y": 4.148047999999999, "fAckley": 21.390000088394327, "ChiSquared": null},"Point T7-521-23082019093545-GenNb0": {"x": -1.5144759999999984, "y": -1.3031180000000004, "fAckley": 7.125159080034679, "ChiSquared": null},"Point T7-755-23082019093546-GenNb0": {"x": -30.909502000000003, "y": -18.8252, "fAckley": 20.685149230804196, "ChiSquared": null},"Point T7-985-23082019093546-GenNb0": {"x": 8.526171999999999, "y": 9.447866000000001,