{"Point T1-683-07082019112510-GenNb0": {"Lambda": 0.5787, "Kappa": 0.4856, "tanBeta": 15.63475, "mBottom": 15.322055, "ChiSquared": null, "LogL": null, "testCalc": 15.58815579, "extTest": {"res1": 131.6591477371619, "res2": 17334.131182875823}},"Point T1-62-07082019112510-GenNb0": {"Lambda": 0.7845, "Kappa": 0.8651, "tanBeta": 28.0059, "mBottom": 27.445782, "ChiSquared": null, "LogL": null, "testCalc": 38.56623534, "extTest": {"res1": -1513.8909173559118, "res2": 2291865.709652724}},"Point T1-539-07082019112511-GenNb0": {"Lambda": 0.4073, "Kappa": 0.8863, "tanBeta": 19.269199999999998, "mBottom": 18.883815999999996, "ChiSquared": null, "LogL": null, "testCalc": 26.686093249999995, "extTest": {"res1": -277.08752265745363, "res2": 76777.49521244488}},"Point T1-125-07082019112511-GenNb0": {"Lambda": 0.2082, "Kappa": 0.6015, "tanBeta": 12.26435, "mBottom": 12.019063000000001, "ChiSquared": null, "LogL": null, "testCalc": 13.429885265000001, "extTest": {"res1": 200.69194161632396, "res2": 40277.25542972999}},"Point T1-798-07082019112512-GenNb0": {"Lambda": 0.72, "Kappa": 0.0408, "tanBeta": 14.632, "mBottom": 14.33936, "ChiSquared": null, "LogL": null, "testCalc": 8.2850656, "extTest": {"res1": -514.6506143309638, "res2": 264865.2548312384}},"Point T1-964-07082019112513-GenNb1": {"Lambda": 0.3071, "Kappa": 0.0209, "tanBeta": 17.015475000000002, "mBottom": 16.675165500000002, "ChiSquared": null, "LogL": null, "testCalc": 8.7875165875, "extTest": {"res1": 676.3946052242479, "res2": 457509.6619764662}}}