{"Point T0-506-07082019112510-GenNb0": {"Lambda": 0.5879, "Kappa": 0.3872, "tanBeta": 26.4409, "mBottom": 25.912081999999998, "ChiSquared": null, "LogL": null, "testCalc": 23.539583889999996, "extTest": {"res1": -2112.1507682749, "res2": 4461180.867924252}},"Point T0-819-07082019112510-GenNb0": {"Lambda": 0.7699, "Kappa": 0.5158, "tanBeta": 18.5256, "mBottom": 18.155088, "ChiSquared": null, "LogL": null, "testCalc": 19.225794490000002, "extTest": {"res1": -494.7062899681061, "res2": 244734.31333400786}},"Point T0-184-07082019112513-GenNb1": {"Lambda": 0.5879, "Kappa": 0.3872, "tanBeta": 18.37905, "mBottom": 18.011468999999998, "ChiSquared": null, "LogL": null, "testCalc": 16.467729069999997, "extTest": {"res1": -138.4285547427088, "res2": 19162.464768155125}}}