{"Point T7-675-07082019112509-GenNb0": {"Lambda": 0.6859, "Kappa": 0.4999, "tanBeta": 23.199499999999997, "mBottom": 22.735509999999998, "ChiSquared": null, "LogL": null, "testCalc": 23.43564386, "extTest": {"res1": -722.9586814243876, "res2": 522669.2550468891}},"Point T7-114-07082019112510-GenNb0": {"Lambda": 0.7838, "Kappa": 0.6026, "tanBeta": 23.0846, "mBottom": 22.622908, "ChiSquared": null, "LogL": null, "testCalc": 25.8365764, "extTest": {"res1": -1029.1714274725498, "res2": 1059193.8271258858}}}