{"Point T3-793-07082019112508-GenNb0": {"Lambda": -0.19505, "Kappa": 0.6627, "tanBeta": 19.993049999999997, "mBottom": 19.593188999999995, "ChiSquared": null, "LogL": null, "testCalc": 23.084033237499995, "extTest": {"res1": -536.1083254892204, "res2": 287412.1366588559}},"Point T3-476-07082019112511-GenNb1": {"Lambda": 0.811, "Kappa": 0.6234, "tanBeta": 15.549849999999996, "mBottom": 15.238852999999995, "ChiSquared": null, "LogL": null, "testCalc": 17.970923989999996, "extTest": {"res1": -472.5852617055822, "res2": 223336.82958133362}},"Point T3-302-07082019112512-GenNb1": {"Lambda": 0.4385, "Kappa": 0.4798, "tanBeta": 6.969999999999999, "mBottom": 6.830599999999999, "ChiSquared": null, "LogL": null, "testCalc": 6.951788249999998, "extTest": {"res1": -19.89303719047566, "res2": 395.73292866164775}},"Point T3-464-07082019112512-GenNb1": {"Lambda": -0.335375, "Kappa": 0.1892, "tanBeta": 20.457625, "mBottom": 20.0484725, "ChiSquared": null, "LogL": null, "testCalc": 14.007295290624999, "extTest": {"res1": 5560.688037891629, "res2": 30921251.45475106}},"Point T3-919-07082019112513-GenNb2": {"Lambda": 0.811, "Kappa": 0.6234, "tanBeta": 10.272725000000001, "mBottom": 10.067270500000001, "ChiSquared": null, "LogL": null, "testCalc": 12.095373015000002, "extTest": {"res1": -1034.0701144721456, "res2": 1069301.0016444363}},"Point T3-296-07082019112513-GenNb2": {"Lambda": 0.7271, "Kappa": 0.6961, "tanBeta": 7.144149999999999, "mBottom": 7.001266999999999, "ChiSquared": null, "LogL": null, "testCalc": 9.002350725, "extTest": {"res1": -67.26983732517996, "res2": 4525.231013756175}}}