{"Point T6-321-07082019112509-GenNb0": {"Lambda": 0.9232, "Kappa": 0.3216, "tanBeta": 13.79975, "mBottom": 13.523755, "ChiSquared": null, "LogL": null, "testCalc": 12.052175339999998, "extTest": {"res1": 827.0070999625447, "res2": 683940.7433884584}},"Point T6-460-07082019112511-GenNb0": {"Lambda": 0.7545, "Kappa": 0.4344, "tanBeta": 14.5125, "mBottom": 14.222249999999999, "ChiSquared": null, "LogL": null, "testCalc": 13.984625249999999, "extTest": {"res1": 285.4247439820637, "res2": 81467.28447722661}},"Point T6-168-07082019112512-GenNb1": {"Lambda": 0.8532, "Kappa": 0.8682, "tanBeta": 18.51385, "mBottom": 18.143573, "ChiSquared": null, "LogL": null, "testCalc": 25.87346131, "extTest": {"res1": 800.3814791112585, "res2": 640610.5121043259}},"Point T6-793-07082019112513-GenNb1": {"Lambda": 0.1044, "Kappa": 0.4684, "tanBeta": 20.790725000000002, "mBottom": 20.374910500000002, "ChiSquared": null, "LogL": null, "testCalc": 19.9367302, "extTest": {"res1": 1884.327071487507, "res2": 3550688.5123406844}}}