{"Point T2-935-07082019112508-GenNb0": {"Lambda": 0.9229, "Kappa": 0.0085, "tanBeta": 27.268549999999998, "mBottom": 26.723179, "ChiSquared": null, "LogL": null, "testCalc": 14.445116585, "extTest": {"res1": 3233.580236921348, "res2": 10456041.148608321}},"Point T2-499-07082019112509-GenNb0": {"Lambda": 0.6797, "Kappa": 0.204, "tanBeta": 24.25105, "mBottom": 23.766029, "ChiSquared": null, "LogL": null, "testCalc": 17.292220790000002, "extTest": {"res1": -1777.056105399407, "res2": 3157928.401737308}}}