{"Point T5-600-07082019112509-GenNb0": {"Lambda": 0.3113, "Kappa": 0.24664999999999998, "tanBeta": 14.11215, "mBottom": 13.829906999999999, "ChiSquared": null, "LogL": null, "testCalc": 10.492622987499999, "extTest": {"res1": -601.6240565892526, "res2": 361951.5054669083}},"Point T5-938-07082019112509-GenNb0": {"Lambda": 0.5584, "Kappa": 0.22719999999999999, "tanBeta": 18.55565, "mBottom": 18.184537, "ChiSquared": null, "LogL": null, "testCalc": 13.61992274, "extTest": {"res1": 186.2047728314665, "res2": 34672.21742521804}},"Point T5-762-07082019112511-GenNb1": {"Lambda": 0.465, "Kappa": 0.9702, "tanBeta": 14.3545, "mBottom": 14.067409999999999, "ChiSquared": null, "LogL": null, "testCalc": 21.176665899999996, "extTest": {"res1": -485.28738709583587, "res2": 235503.84807430365}},"Point T5-677-07082019112513-GenNb1": {"Lambda": 0.4954, "Kappa": 0.9956, "tanBeta": 15.552150000000001, "mBottom": 15.241107000000001, "ChiSquared": null, "LogL": null, "testCalc": 23.349695200000003, "extTest": {"res1": 238.2298690798536, "res2": 56753.47052180418}}}