{"Point T1-489-07082019113553-GenNb0": {"Lambda": 0.5061, "Kappa": -0.3245100000000001, "tanBeta": 20.74125, "mBottom": 20.326425, "ChiSquared": null, "LogL": null, "testCalc": 3.688606672499999, "extTest": {"res1": -854.0218412929296, "res2": 729353.3054053658}},"Point T1-88-07082019113555-GenNb1": {"Lambda": 0.11876809290839335, "Kappa": 0.7995107627600445, "tanBeta": 15.511336755684626, "mBottom": 15.201110020570933, "ChiSquared": null, "LogL": null, "testCalc": 20.016141551143892, "extTest": {"res1": -942.6964485781546, "res2": 888676.5941618652}},"Point T1-864-07082019113556-GenNb1": {"Lambda": 0.3071, "Kappa": 0.0209, "tanBeta": 17.685998, "mBottom": 17.332278040000002, "ChiSquared": null, "LogL": null, "testCalc": 9.130086788200002, "extTest": {"res1": -306.44198505683374, "res2": 93906.69020557271}},"Point T1-549-07082019113556-GenNb1": {"Lambda": 0.1763, "Kappa": 1.070374, "tanBeta": 17.452598000000002, "mBottom": 17.10354604, "ChiSquared": null, "LogL": null, "testCalc": 27.263661841652002, "extTest": {"res1": 1074.8304659093321, "res2": 1155260.5304468719}},"Point T1-124-07082019113556-GenNb1": {"Lambda": 0.5787, "Kappa": 0.4856, "tanBeta": 16.542202, "mBottom": 16.21135796, "ChiSquared": null, "LogL": null, "testCalc": 16.4734659612, "extTest": {"res1": -1455.2983432698693, "res2": 2117893.267924026}},"Point T1-645-07082019113557-GenNb1": {"Lambda": -0.04479800000000003, "Kappa": -0.04455999999999993, "tanBeta": 7.797020000000001, "mBottom": 7.6410796, "ChiSquared": null, "LogL": null, "testCalc": 3.4751114496040003, "extTest": {"res1": 273.6191823166328, "res2": 74867.45693162274}},"Point T1-46-07082019113557-GenNb1": {"Lambda": 0.303382, "Kappa": 0.8863, "tanBeta": 19.769504, "mBottom": 19.37411392, "ChiSquared": null, "LogL": null, "testCalc": 27.300808993124, "extTest": {"res1": -296.11264559832506, "res2": 87682.69888323925}},"Point T1-65-07082019113557-GenNb1": {"Lambda": 0.48643400000000003, "Kappa": 0.6015, "tanBeta": 13.205392, "mBottom": 12.94128416, "ChiSquared": null, "LogL": null, "testCalc": 14.650303404356, "extTest": {"res1": 127.6677295201486, "res2": 16299.049160829822}},"Point T1-786-07082019113557-GenNb1": {"Lambda": 0.2259, "Kappa": -0.1125840000000001, "tanBeta": 16.418184000000004, "mBottom": 16.089820320000005, "ChiSquared": null, "LogL": null, "testCalc": 6.247516142544001, "extTest": {"res1": -681.3322162497644, "res2": 464213.58889981575}},"Point T1-659-07082019113559-GenNb2": {"Lambda": 0.097, "Kappa": 0.07692884000000004, "tanBeta": 6.267862040000001, "mBottom": 6.1425047992, "ChiSquared": null, "LogL": null, "testCalc": 3.562840755617234, "extTest": {"res1": -27.26971443936449, "res2": 743.6373256044841}},"Point T1-20-07082019113600-GenNb2": {"Lambda": 0.303382, "Kappa": 0.20538200000000006, "tanBeta": 4.817646680000001, "mBottom": 4.721293746400001, "ChiSquared": null, "LogL": null, "testCalc": 3.442145421555761, "extTest": {"res1": -43.82759878211191, "res2": 1920.8584150057777}},"Point T1-395-07082019113601-GenNb2": {"Lambda": 0.2259, "Kappa": 0.16669855999999994, "tanBeta": 16.300248120000003, "mBottom": 15.974243157600002, "ChiSquared": null, "LogL": null, "testCalc": 10.755380278046708, "extTest": {"res1": -950.4633718697743, "res2": 903380.6212660609}},"Point T1-799-07082019113602-GenNb3": {"Lambda": 0.11876809290839335, "Kappa": -0.3985887921252075, "tanBeta": 4.590117484426658, "mBottom": 4.4983151347381245, "ChiSquared": null, "LogL": null, "testCalc": 0.43369404343174134, "extTest": {"res1": 937.4640611523587, "res2": 878838.8659522732}},"Point T1-28-07082019113602-GenNb3": {"Lambda": 0.16, "Kappa": -0.34947075999999994, "tanBeta": 2.698336520000001, "mBottom": 2.644369789600001, "ChiSquared": null, "LogL": null, "testCalc": 0.4047951804198452, "extTest": {"res1": -69.44099527863254, "res2": 4822.051825287067}},"Point T1-758-07082019113603-GenNb3": {"Lambda": 0.1763, "Kappa": 0.6635270495999999, "tanBeta": 13.855637759200002, "mBottom": 13.578525004016003, "ChiSquared": null, "LogL": null, "testCalc": 16.013934634696334, "extTest": {"res1": -96.74789152621885, "res2": 9360.154514769009}},"Point T1-240-07082019113604-GenNb3": {"Lambda": 0.8772, "Kappa": 0.8643, "tanBeta": 8.383144814665206, "mBottom": 8.215481918371902, "ChiSquared": null, "LogL": null, "testCalc": 12.122772862501087, "extTest": {"res1": 31.474797005365016, "res2": 990.6628465289346}},"Point T1-961-07082019113605-GenNb3": {"Lambda": 0.35002750176942765, "Kappa": 0.16669855999999994, "tanBeta": 12.597962107389135, "mBottom": 12.346002865241353, "ChiSquared": null, "LogL": null, "testCalc": 8.395582826851957, "extTest": {"res1": -133.1722439489923, "res2": 17734.846558409918}},"Point T1-841-07082019113607-GenNb4": {"Lambda": 0.3071, "Kappa": 0.3533628951315516, "tanBeta": 0.7841132636710304, "mBottom": 0.7684309983976098, "ChiSquared": null, "LogL": null, "testCalc": 0.7556024421606499, "extTest": {"res1": -0.23244584225984544, "res2": 0.054031069583888945}},"Point T1-116-07082019113607-GenNb4": {"Lambda": 0.41170184883217775, "Kappa": 0.4856, "tanBeta": 12.36433595552317, "mBottom": 12.117049236412706, "ChiSquared": null, "LogL": null, "testCalc": 12.232144570540239, "extTest": {"res1": -80.18511594370634, "res2": 6429.652818905628}},"Point T1-20-07082019113609-GenNb4": {"Lambda": 0.35002750176942765, "Kappa": 0.23202532042519736, "tanBeta": 3.9260221729252183, "mBottom": 3.847501729466714, "ChiSquared": null, "LogL": null, "testCalc": 2.9572066693977073, "extTest": {"res1": -25.897384372894884, "res2": 670.6745173574601}},"Point T1-320-07082019113609-GenNb4": {"Lambda": 0.72, "Kappa": 0.07606808506595333, "tanBeta": 30.83989347785068, "mBottom": 30.223095608293665, "ChiSquared": null, "LogL": null, "testCalc": 17.975879444644917, "extTest": {"res1": 454.1558414044985, "res2": 206257.528281828}},"Point T1-130-07082019113610-GenNb5": {"Lambda": 0.1763, "Kappa": 0.6635270495999999, "tanBeta": 8.226182201072003, "mBottom": 8.061658557050563, "ChiSquared": null, "LogL": null, "testCalc": 9.52020537387462, "extTest": {"res1": 288.10707607376696, "res2": 83005.68728377535}},"Point T1-154-07082019113612-GenNb5": {"Lambda": 0.48643400000000003, "Kappa": -0.16400260187889, "tanBeta": 10.41328496981103, "mBottom": 10.20501927041481, "ChiSquared": null, "LogL": null, "testCalc": 3.6313218424080578, "extTest": {"res1": -98.9913534522873, "res2": 9799.288058315673}},"Point T1-913-07082019113613-GenNb5": {"Lambda": 0.72, "Kappa": 0.07606808506595333, "tanBeta": 2.279634795640609, "mBottom": 2.2340420997277968, "ChiSquared": null, "LogL": null, "testCalc": 1.8088285034179954, "extTest": {"res1": 33.83582604154463, "res2": 1144.8631239136696}},"Point T1-160-07082019113613-GenNb6": {"Lambda": 0.19243984883217774, "Kappa": 0.6381540363869214, "tanBeta": 3.6222188822479082, "mBottom": 3.54977450460295, "ChiSquared": null, "LogL": null, "testCalc": 4.123453948103451, "extTest": {"res1": 61.611500870847024, "res2": 3795.9770395583837}},"Point T1-469-07082019113614-GenNb6": {"Lambda": 0.41170184883217775, "Kappa": 0.4856, "tanBeta": 7.1735335232000015, "mBottom": 7.030062852736001, "ChiSquared": null, "LogL": null, "testCalc": 7.167997717565754, "extTest": {"res1": -43.60913992062938, "res2": 1901.757084617031}},"Point T1-124-07082019113615-GenNb6": {"Lambda": -0.04479800000000003, "Kappa": -0.04455999999999993, "tanBeta": 6.48856368222631, "mBottom": 6.358792408581784, "ChiSquared": null, "LogL": null, "testCalc": 2.892272667414888, "extTest": {"res1": 68.60709876936413, "res2": 4706.934001549285}},"Point T1-93-07082019113619-GenNb7": {"Lambda": 0.012178227471335124, "Kappa": -0.16400260187889, "tanBeta": 9.438753529847991, "mBottom": 9.24997845925103, "ChiSquared": null, "LogL": null, "testCalc": 3.077157401461231, "extTest": {"res1": 37.49831988865508, "res2": 1406.1239944719052}},"Point T1-204-07082019113620-GenNb8": {"Lambda": 1.1205255492115116, "Kappa": 1.0108816715137934, "tanBeta": 6.496766104153074, "mBottom": 6.3668307820700125,