{"Point T4-916-07082019113553-GenNb0": {"Lambda": 0.8983, "Kappa": -0.33637400000000006, "tanBeta": 9.407621999999998, "mBottom": 9.219469559999999, "ChiSquared": null, "LogL": null, "testCalc": 2.2521982273719994, "extTest": {"res1": -566.0982722684544, "res2": 320467.2538653291}},"Point T4-259-07082019113554-GenNb0": {"Lambda": 0.6067, "Kappa": 0.4728, "tanBeta": 17.413922, "mBottom": 17.065643559999998, "ChiSquared": null, "LogL": null, "testCalc": 17.134208991599998, "extTest": {"res1": 240.33208544529796, "res2": 57759.511294486}},"Point T4-328-07082019113555-GenNb0": {"Lambda": 0.304222, "Kappa": 0.0853, "tanBeta": 3.079197999999998, "mBottom": 3.017614039999998, "ChiSquared": null, "LogL": null, "testCalc": 1.8640136346839988, "extTest": {"res1": -7.203744035802665, "res2": 51.89392813336247}},"Point T4-340-07082019113557-GenNb1": {"Lambda": 0.79247548, "Kappa": 0.812568, "tanBeta": 24.53908532, "mBottom": 24.0483036136, "ChiSquared": null, "LogL": null, "testCalc": 32.59184467350299, "extTest": {"res1": -589.8818082786833, "res2": 347960.5477381292}},"Point T4-959-07082019113557-GenNb1": {"Lambda": 0.6067, "Kappa": 0.4728, "tanBeta": 16.753297999999997, "mBottom": 16.418232039999996, "ChiSquared": null, "LogL": null, "testCalc": 16.498160204399998, "extTest": {"res1": 381.9034172300728, "res2": 145850.22009200708}},"Point T4-896-07082019113559-GenNb1": {"Lambda": 0.7519, "Kappa": 0.9138, "tanBeta": 15.544888595916081, "mBottom": 15.23399082399776, "ChiSquared": null, "LogL": null, "testCalc": 22.387268220946993, "extTest": {"res1": 177.68363312126502, "res2": 31571.473479172306}},"Point T4-149-07082019113559-GenNb2": {"Lambda": 0.314, "Kappa": 0.08355621235284762, "tanBeta": 0.17329555144809206, "mBottom": 0.1698296404191302, "ChiSquared": null, "LogL": null, "testCalc": 0.1979907401061657, "extTest": {"res1": -0.16931823100154902, "res2": 0.028668663349493917}},"Point T4-429-07082019113600-GenNb2": {"Lambda": 0.50959948, "Kappa": 0.6708, "tanBeta": 29.68873532, "mBottom": 29.094960613599998, "ChiSquared": null, "LogL": null, "testCalc": 34.722375589472264, "extTest": {"res1": -663.267897215993, "res2": 439924.30347732507}},"Point T4-747-07082019113600-GenNb2": {"Lambda": 0.17704999999999999, "Kappa": 0.44776, "tanBeta": 10.948629999999998, "mBottom": 10.729657399999997, "ChiSquared": null, "LogL": null, "testCalc": 10.298533971299996, "extTest": {"res1": 776.4637406356876, "res2": 602895.9405219643}},"Point T4-908-07082019113602-GenNb2": {"Lambda": 0.6814, "Kappa": 0.22827315999999992, "tanBeta": 3.4106805199999997, "mBottom": 3.3424669095999997, "ChiSquared": null, "LogL": null, "testCalc": 2.9141062348508426, "extTest": {"res1": -39.807221657806735, "res2": 1584.6148961137576}},"Point T4-101-07082019113602-GenNb2": {"Lambda": 0.7533, "Kappa": 0.227, "tanBeta": 11.360221633198824, "mBottom": 11.133017200534848, "ChiSquared": null, "LogL": null, "testCalc": 8.712739801003558, "extTest": {"res1": 114.15813607066988, "res2": 13032.08003112958}},"Point T4-3-07082019113608-GenNb4": {"Lambda": 0.3025, "Kappa": 0.1172, "tanBeta": 5.154138688800001, "mBottom": 5.051055915024, "ChiSquared": null, "LogL": null, "testCalc": 3.2210992618393606, "extTest": {"res1": -12.408670943572764, "res2": 153.97511458586698}},"Point T4-667-07082019113610-GenNb5": {"Lambda": 0.8983, "Kappa": -0.33637400000000006, "tanBeta": 8.107905845978195, "mBottom": 7.945747729058631, "ChiSquared": null, "LogL": null, "testCalc": 2.052528033494246, "extTest": {"res1": 36.37151153411033, "res2": 1322.886851275921}},"Point T4-485-07082019113611-GenNb5": {"Lambda": 0.641284, "Kappa": 0.6708, "tanBeta": 17.204576318004857, "mBottom": 16.860484791644758, "ChiSquared": null, "LogL": null, "testCalc": 20.382317358596037, "extTest": {"res1": -466.41972379681675, "res2": 217547.35874669882}},"Point T4-416-07082019113612-GenNb5": {"Lambda": 0.286742, "Kappa": 0.654802, "tanBeta": 12.050822473304612, "mBottom": 11.809806023838519, "ChiSquared": null, "LogL": null, "testCalc": 13.878026643648067, "extTest": {"res1": -158.53904643217382, "res2": 25134.629243622967}},"Point T4-354-07082019113613-GenNb5": {"Lambda": 0.601696, "Kappa": 0.0122, "tanBeta": 2.5497270613033844, "mBottom": 2.4987325200773167, "ChiSquared": null, "LogL": null, "testCalc": 1.6425110066025597, "extTest": {"res1": 45.491680319313176, "res2": 2069.4929782745858}},"Point T4-946-07082019113614-GenNb5": {"Lambda": 0.7519, "Kappa": 0.9138, "tanBeta": 0.121173786186338, "mBottom": 0.11875031046261124, "ChiSquared": null, "LogL": null, "testCalc": 0.7354573710483814, "extTest": {"res1": -2.698167439740115, "res2": 7.280107532873728}},"Point T4-537-07082019113614-GenNb6": {"Lambda": 0.641284, "Kappa": 0.6708, "tanBeta": 0.9888341371704767, "mBottom": 0.9690574544270671, "ChiSquared": null, "LogL": null, "testCalc": 1.5590838350834892, "extTest": {"res1": 0.48603072623984156, "res2": 0.2362258668492278}},"Point T4-580-07082019113615-GenNb6": {"Lambda": 0.850846, "Kappa": -0.3355337144000001, "tanBeta": 2.86120871126697, "mBottom": 2.8039845370416305, "ChiSquared": null, "LogL": null, "testCalc": 1.1658991976717712, "extTest": {"res1": -6.067294177506485, "res2": 36.81205863640409}},"Point T4-602-07082019113616-GenNb6": {"Lambda": 0.7519, "Kappa": 0.9138, "tanBeta": 1.725423460629259, "mBottom": 1.690914991416674, "ChiSquared": null, "LogL": null, "testCalc": 2.987503064031354, "extTest": {"res1": 7.758474946480421, "res2": 60.193933495164366}},"Point T4-774-07082019113617-GenNb7": {"Lambda": 0.314, "Kappa": 0.9218860213338896, "tanBeta": 5.2235741788612255, "mBottom": 5.119102695284001, "ChiSquared": null, "LogL": null, "testCalc": 7.473687364534815, "extTest": {"res1": 41.675250961952045, "res2": 1736.8265427416848}},"Point T4-305-07082019113617-GenNb7": {"Lambda": 0.5857, "Kappa": 0.6001, "tanBeta": 5.419992686159317, "mBottom": 5.31159283243613, "ChiSquared": null, "LogL": null, "testCalc": 6.251378517182271, "extTest": {"res1": -35.46917203444059, "res2": 1258.0621648087424}},"Point T4-301-07082019113617-GenNb7": {"Lambda": 0.648226, "Kappa": 0.4646477144000001, "tanBeta": 1.4374574021186957, "mBottom": 1.4087082540763218, "ChiSquared": null, "LogL": null, "testCalc": 1.7924623705559748, "extTest": {"res1": 2.751616293884062, "res2": 7.57139222876826}},"Point T4-865-07082019113619-GenNb8": {"Lambda": 0.8495924670250994, "Kappa": 0.6708, "tanBeta": 2.4118797720541427, "mBottom": 2.3636421766130598, "ChiSquared": null, "LogL": null, "testCalc": 3.5215173994262434, "extTest": {"res1": -11.644484401334973, "res2": 135.5940169729335}},"Point T4-860-07082019113620-GenNb8": {"Lambda": 0.895054, "Kappa": 0.5411328743999999, "tanBeta": 4.825592175774868, "mBottom": 4.729080332259371, "ChiSquared": null, "LogL": null, "testCalc": 5.77694839380489, "extTest": {"res1": -20.904531026804058, "res2": 436.9994174506135}},"Point T4-335-07082019113620-GenNb8": {"Lambda": 0.7667448400000001, "Kappa": -0.5164743315040001, "tanBeta": 6.952223034250654, "mBottom": 6.813178573565641, "ChiSquared": null, "LogL": null, "testCalc": 0.40384219236812813, "extTest": {"res1": 20.168067893033086, "res2": 406.75096253799205}},"Point T4-476-07082019113624-GenNb9": {"Lambda": 0.6885224055999999, "Kappa": 0.13106621879264005, "tanBeta": 3.3124777170435613, "mBottom": 3.24622816270269, "ChiSquared": null, "LogL": null, "testCalc": 2.531331113572332, "extTest": {"res1": 8.953161281466869, "res2": 80.15909693195746}},"Point T4-105-07082019113625-GenNb9": {"Lambda": 0.7533, "Kappa": 0.227, "tanBeta": 4.0972803354417096, "mBottom": 4.015334728732875, "ChiSquared": null, "LogL": null, "testCalc": 3.5052108905117056, "extTest": {"res1": -108.75525762509602, "res2": 11827.706061101006}},"Point T4-38-07082019113626-GenNb10": {"Lambda": 0.2381762984310113, "Kappa": -0.33637400000000006, "tanBeta": 6.691755315097802, "mBottom": 6.557920208795846, "ChiSquared": null, "LogL": null, "testCalc": 1.0847555511715128, "extTest": {"res1": 285.8929425443484,