{"Point T5-267-07082019113552-GenNb0": {"Lambda": 0.465, "Kappa": 0.9702, "tanBeta": 21.097340151181598, "mBottom": 20.675393348157964, "ChiSquared": null, "LogL": null, "testCalc": 31.022561088755367, "extTest": {"res1": -2842.1694017873874, "res2": 8077926.9084564755}},"Point T5-974-07082019113553-GenNb0": {"Lambda": 0.5584, "Kappa": 0.4755, "tanBeta": 27.900473279885908, "mBottom": 27.34246381428819, "ChiSquared": null, "LogL": null, "testCalc": 27.249717511729845, "extTest": {"res1": 1203.238993363062, "res2": 1447784.0751493548}},"Point T5-833-07082019113554-GenNb0": {"Lambda": 0.0862, "Kappa": 0.7929, "tanBeta": 31.216182, "mBottom": 30.59185836, "ChiSquared": null, "LogL": null, "testCalc": 40.054670327800004, "extTest": {"res1": 2726.0454996917065, "res2": 7431324.066389406}},"Point T5-399-07082019113555-GenNb1": {"Lambda": 0.465, "Kappa": 0.9702, "tanBeta": 12.36747629159854, "mBottom": 12.12012676576657, "ChiSquared": null, "LogL": null, "testCalc": 18.275213880992187, "extTest": {"res1": 124.30285778634074, "res2": 15451.20045385125}},"Point T5-349-07082019113556-GenNb1": {"Lambda": 0.3113, "Kappa": 0.1896, "tanBeta": 5.829065999999999, "mBottom": 5.712484679999999, "ChiSquared": null, "LogL": null, "testCalc": 4.058340943599999, "extTest": {"res1": -33.23043360177611, "res2": 1104.261717362051}},"Point T5-997-07082019113556-GenNb1": {"Lambda": 0.6019267763850021, "Kappa": 0.4755, "tanBeta": 19.344475046377454, "mBottom": 18.957585545449906, "ChiSquared": null, "LogL": null, "testCalc": 19.039406501406674, "extTest": {"res1": 1323.4795317595037, "res2": 1751598.0709863552}},"Point T5-967-07082019113558-GenNb2": {"Lambda": 0.465, "Kappa": 0.5606748983067091, "tanBeta": 9.49145921764384, "mBottom": 9.301630033290962, "ChiSquared": null, "LogL": null, "testCalc": 10.188662948280218, "extTest": {"res1": -231.68701495210496, "res2": 53678.872897416906}},"Point T5-723-07082019113600-GenNb2": {"Lambda": 0.9979, "Kappa": 0.3884, "tanBeta": 1.6697215599999975, "mBottom": 1.6363271287999974, "ChiSquared": null, "LogL": null, "testCalc": 2.4624878283039977, "extTest": {"res1": -2.7691338114346755, "res2": 7.668102065630733}},"Point T5-832-07082019113600-GenNb2": {"Lambda": 0.4954, "Kappa": 0.9956, "tanBeta": 17.815666693922417, "mBottom": 17.459353360043966, "ChiSquared": null, "LogL": null, "testCalc": 26.712375600491143, "extTest": {"res1": -310.6990403793079, "res2": 96533.8936926228}},"Point T5-397-07082019113603-GenNb3": {"Lambda": 0.424594512754656, "Kappa": 0.4755, "tanBeta": 9.953225402459388, "mBottom": 9.7541608944102, "ChiSquared": null, "LogL": null, "testCalc": 9.790119626335901, "extTest": {"res1": -50.27264983266544, "res2": 2527.339321197796}},"Point T5-26-07082019113604-GenNb3": {"Lambda": 0.8481, "Kappa": 0.4299, "tanBeta": 12.4616882296, "mBottom": 12.212454465008, "ChiSquared": null, "LogL": null, "testCalc": 12.18278061240904, "extTest": {"res1": 70.87906404747797, "res2": 5023.841720246483}},"Point T5-990-07082019113604-GenNb4": {"Lambda": 0.37590026193777065, "Kappa": 0.17170339872885526, "tanBeta": 1.1751015562092775, "mBottom": 1.151599525085092, "ChiSquared": null, "LogL": null, "testCalc": 0.9188697005201304, "extTest": {"res1": 2.5539783650465, "res2": 6.522805489125593}},"Point T5-704-07082019113609-GenNb5": {"Lambda": 0.4166, "Kappa": 0.6024, "tanBeta": 17.979337463976805, "mBottom": 17.61975071469727, "ChiSquared": null, "LogL": null, "testCalc": 19.814183805648263, "extTest": {"res1": -504.947549941733, "res2": 254972.0281921589}},"Point T5-622-07082019113609-GenNb5": {"Lambda": 0.9979, "Kappa": 0.201012, "tanBeta": 5.416033789599998, "mBottom": 5.307713113807998, "ChiSquared": null, "LogL": null, "testCalc": 4.738348751019074, "extTest": {"res1": -27.951776191120327, "res2": 781.3017922384812}},"Point T5-92-07082019113612-GenNb6": {"Lambda": 0.37590026193777065, "Kappa": 0.17170339872885526, "tanBeta": 6.73696254067522, "mBottom": 6.6022232898617155, "ChiSquared": null, "LogL": null, "testCalc": 4.599172017198661, "extTest": {"res1": -19.480817936012695, "res2": 379.5022674560739}},"Point T5-848-07082019113615-GenNb6": {"Lambda": 1.27908, "Kappa": 0.208, "tanBeta": 13.655628229600001, "mBottom": 13.382515665008, "ChiSquared": null, "LogL": null, "testCalc": 11.1676741506608, "extTest": {"res1": -196.72880955771387, "res2": 38702.224509995256}},"Point T5-204-07082019113616-GenNb7": {"Lambda": 0.4166, "Kappa": 0.400194, "tanBeta": 11.991635402459387, "mBottom": 11.7518026944102, "ChiSquared": null, "LogL": null, "testCalc": 10.84843744545693, "extTest": {"res1": -154.08635464912734, "res2": 23742.604689056647}},"Point T5-720-07082019113617-GenNb7": {"Lambda": -0.017353380809295604, "Kappa": 0.4755, "tanBeta": 5.0330326080746985, "mBottom": 4.932371955913204, "ChiSquared": null, "LogL": null, "testCalc": 4.859694122921633, "extTest": {"res1": 792.2008509183432, "res2": 627582.1881957471}},"Point T5-367-07082019113618-GenNb7": {"Lambda": 0.43393957841807296, "Kappa": 0.7929, "tanBeta": 2.9724479236871937, "mBottom": 2.9129989652134496, "ChiSquared": null, "LogL": null, "testCalc": 4.001656999015956, "extTest": {"res1": 17.73974234072555, "res2": 314.69845831533075}},"Point T5-891-07082019113618-GenNb7": {"Lambda": 0.5360579999999999, "Kappa": 0.4268, "tanBeta": 2.2440195749113077, "mBottom": 2.1991391834130813, "ChiSquared": null, "LogL": null, "testCalc": 2.3446753256426867, "extTest": {"res1": -4.629354725081331, "res2": 21.430925170632847}},"Point T5-303-07082019113619-GenNb8": {"Lambda": 0.39432839728294805, "Kappa": 0.5500924892390429, "tanBeta": 1.9007354251810913, "mBottom": 1.8627207166774695, "ChiSquared": null, "LogL": null, "testCalc": 2.13243552466517, "extTest": {"res1": -9.707414147836944, "res2": 94.23388943762487}},"Point T5-433-07082019113620-GenNb8": {"Lambda": 0.4166, "Kappa": 0.400194, "tanBeta": 3.8865656601744485, "mBottom": 3.8088343469709596, "ChiSquared": null, "LogL": null, "testCalc": 3.633352991293333, "extTest": {"res1": -29.330612828279023, "res2": 860.284848882406}},"Point T5-373-07082019113622-GenNb8": {"Lambda": 0.4954, "Kappa": 0.9956, "tanBeta": 15.33108704671032, "mBottom": 15.024465305776113, "ChiSquared": null, "LogL": null, "testCalc": 23.02128407659285, "extTest": {"res1": 192.77306618528578, "res2": 37161.45504647657}},"Point T5-262-07082019113623-GenNb8": {"Lambda": 1.27908, "Kappa": 0.208, "tanBeta": 7.425316047769032, "mBottom": 7.276809726813651, "ChiSquared": null, "LogL": null, "testCalc": 6.818916247742784, "extTest": {"res1": 98.78945558553954, "res2": 9759.35653488729}},"Point T5-102-07082019113623-GenNb9": {"Lambda": 0.7867397908172633, "Kappa": 0.3409040762797796, "tanBeta": 2.9035926175439015, "mBottom": 2.8455207651930237, "ChiSquared": null, "LogL": null, "testCalc": 3.0315664402282945, "extTest": {"res1": 9.744803299506357, "res2": 94.96119134606998}},"Point T5-480-07082019113626-GenNb9": {"Lambda": 0.5360579999999999, "Kappa": 0.4268, "tanBeta": 3.3818874088602247, "mBottom": 3.31424966068302, "ChiSquared": null, "LogL": null, "testCalc": 3.387872555807054, "extTest": {"res1": -9.644286995956753, "res2": 93.01227166038052}},"Point T5-332-07082019113628-GenNb10": {"Lambda": 0.23820464690993665, "Kappa": 0.21731599999999995, "tanBeta": 4.741873300555978, "mBottom": 4.647035834544859, "ChiSquared": null, "LogL": null, "testCalc": 3.4107443092655396, "extTest": {"res1": 70.3310034997282, "res2": 4946.45005327878}},"Point T5-991-07082019113630-GenNb10": {"Lambda": 0.4954, "Kappa": 0.9956, "tanBeta": 3.3951376698731304, "mBottom": 3.3272349164756676, "ChiSquared": null, "LogL": null, "testCalc": 5.289237682363523, "extTest": {"res1": -652.2158925003196, "res2": 425385.57042998844}},"Point T5-448-07082019113631-GenNb11": {"Lambda": 0.5772, "Kappa": 0.6505, "tanBeta": 2.0526010585848797, "mBottom": 2.011549037413182, "ChiSquared": null, "LogL": null, "testCalc": 2.674151347316055, "extTest": {"res1": 2.79732191619972, "res2": 7.8250099028512725}},