{"Point T7-31-07082019113554-GenNb0": {"Lambda": 0.8001, "Kappa": 0.3948, "tanBeta": 22.34098, "mBottom": 21.894160399999997, "ChiSquared": null, "LogL": null, "testCalc": 20.407459113999998, "extTest": {"res1": 345.6245186310063, "res2": 119456.30787891483}},"Point T7-568-07082019113554-GenNb0": {"Lambda": 0.5799, "Kappa": 0.5173, "tanBeta": 14.851151999999997, "mBottom": 14.554128959999996, "ChiSquared": null, "LogL": null, "testCalc": 15.295849419599996, "extTest": {"res1": 174.8499624179343, "res2": 30572.50935755304}},"Point T7-382-07082019113554-GenNb0": {"Lambda": 0.2691, "Kappa": 0.45697800000000005, "tanBeta": 21.567621999999997, "mBottom": 21.136269559999995, "ChiSquared": null, "LogL": null, "testCalc": 20.496478356315997, "extTest": {"res1": 719.2243497952152, "res2": 517283.66533835005}},"Point T7-694-07082019113556-GenNb1": {"Lambda": 0.7259, "Kappa": 0.5208, "tanBeta": 27.574886, "mBottom": 27.02338828, "ChiSquared": null, "LogL": null, "testCalc": 28.3996255788, "extTest": {"res1": 670.6469230331111, "res2": 449767.2953737796}},"Point T7-654-07082019113556-GenNb1": {"Lambda": 0.7699246517093603, "Kappa": 0.1771, "tanBeta": 24.291120697664308, "mBottom": 23.80529828371102, "ChiSquared": null, "LogL": null, "testCalc": 16.79739058672164, "extTest": {"res1": -394.9156250298392, "res2": 155958.35089270855}},"Point T7-512-07082019113556-GenNb1": {"Lambda": 0.6859, "Kappa": 0.389552, "tanBeta": 18.90473, "mBottom": 18.5266354, "ChiSquared": null, "LogL": null, "testCalc": 17.09815189096, "extTest": {"res1": -1410.212282909438, "res2": 1988698.682868649}},"Point T7-471-07082019113557-GenNb1": {"Lambda": 0.9357320000000001, "Kappa": 0.282368, "tanBeta": 14.616234799999997, "mBottom": 14.323910103999998, "ChiSquared": null, "LogL": null, "testCalc": 12.164706415830398, "extTest": {"res1": 290.8253196515033, "res2": 84579.36655039908}},"Point T7-17-07082019113559-GenNb2": {"Lambda": 0.7259, "Kappa": 0.5208, "tanBeta": 24.47813465393535, "mBottom": 23.988571960856643, "ChiSquared": null, "LogL": null, "testCalc": 25.26942931819785, "extTest": {"res1": -1516.814173421108, "res2": 2300725.236691159}},"Point T7-928-07082019113600-GenNb2": {"Lambda": 0.311, "Kappa": 0.7833, "tanBeta": 14.514198799999999, "mBottom": 14.223914824, "ChiSquared": null, "LogL": null, "testCalc": 18.57765033204, "extTest": {"res1": -158.82982507059333, "res2": 25226.91333195528}},"Point T7-952-07082019113602-GenNb2": {"Lambda": 0.2691, "Kappa": 0.45697800000000005, "tanBeta": 14.003782519999998, "mBottom": 13.723706869599997, "ChiSquared": null, "LogL": null, "testCalc": 13.333688773224559, "extTest": {"res1": -134.62796013685647, "res2": 18124.687650611017}},"Point T7-478-07082019113602-GenNb2": {"Lambda": 0.8098201548254227, "Kappa": 0.6026, "tanBeta": 25.856694127125103, "mBottom": 25.3395602445826, "ChiSquared": null, "LogL": null, "testCalc": 28.90683268645836, "extTest": {"res1": -4952.071084157388, "res2": 24523008.02254773}},"Point T7-875-07082019113603-GenNb2": {"Lambda": 0.4655326517093603, "Kappa": 0.88, "tanBeta": 19.390173217664305, "mBottom": 19.00236975331102, "ChiSquared": null, "LogL": null, "testCalc": 26.78125795800765, "extTest": {"res1": 454.29685668766155, "res2": 206385.6339962897}},"Point T7-703-07082019113603-GenNb2": {"Lambda": 0.9103717298718224, "Kappa": 0.45416599999999996, "tanBeta": 16.536821139541555, "mBottom": 16.206084716750723, "ChiSquared": null, "LogL": null, "testCalc": 16.442280954586206, "extTest": {"res1": 242.21690794793162, "res2": 58669.03049585678}},"Point T7-194-07082019113605-GenNb3": {"Lambda": 0.4649480377389441, "Kappa": 0.29994018339921, "tanBeta": 14.035769916801716, "mBottom": 13.75505451846568, "ChiSquared": null, "LogL": null, "testCalc": 11.303595340024756, "extTest": {"res1": -654.7431600547003, "res2": 428688.6056384149}},"Point T7-871-07082019113605-GenNb3": {"Lambda": 0.9103717298718224, "Kappa": 0.78067368, "tanBeta": 14.324175043658439, "mBottom": 14.03769154278527, "ChiSquared": null, "LogL": null, "testCalc": 19.030128902239444, "extTest": {"res1": -369.04672125849737, "res2": 136195.48247164706}},"Point T7-181-07082019113606-GenNb4": {"Lambda": 0.7259, "Kappa": 0.6508942732830107, "tanBeta": 21.94484229852215, "mBottom": 21.505945452551707, "ChiSquared": null, "LogL": null, "testCalc": 25.563675716482706, "extTest": {"res1": 973.0543759262365, "res2": 946834.8185091976}},"Point T7-281-07082019113606-GenNb4": {"Lambda": 0.7082061441325029, "Kappa": 0.44736553030459314, "tanBeta": 16.25770385011475, "mBottom": 15.932549773112456, "ChiSquared": null, "LogL": null, "testCalc": 15.740967133584867, "extTest": {"res1": -221.3209974550698, "res2": 48982.983914507015}},"Point T7-399-07082019113607-GenNb4": {"Lambda": 0.8001, "Kappa": 0.858714, "tanBeta": 19.106354663199998, "mBottom": 18.724227569935998, "ChiSquared": null, "LogL": null, "testCalc": 26.409168033223125, "extTest": {"res1": 1400.5962368977555, "res2": 1961669.8188121535}},"Point T7-278-07082019113608-GenNb4": {"Lambda": 0.6417523631923004, "Kappa": 0.88, "tanBeta": 14.42588741627456, "mBottom": 14.137369667949068, "ChiSquared": null, "LogL": null, "testCalc": 20.17531185595905, "extTest": {"res1": 3217.370997715869, "res2": 10351476.136943208}},"Point T7-100-07082019113608-GenNb4": {"Lambda": 0.7315, "Kappa": 0.4374, "tanBeta": 12.326545868356128, "mBottom": 12.080014950989005, "ChiSquared": null, "LogL": null, "testCalc": 11.966730888313473, "extTest": {"res1": 248.09454735534067, "res2": 61550.90442745137}},"Point T7-10-07082019113612-GenNb5": {"Lambda": 0.7303, "Kappa": 0.0744, "tanBeta": 18.02298509012426, "mBottom": 17.66252538832177, "ChiSquared": null, "LogL": null, "testCalc": 10.70551087486613, "extTest": {"res1": 156.8363057986188, "res2": 24597.626816557873}},"Point T7-941-07082019113612-GenNb5": {"Lambda": 0.5007905408790915, "Kappa": 0.6325209993812242, "tanBeta": 11.313864888898863, "mBottom": 11.087587591120885, "ChiSquared": null, "LogL": null, "testCalc": 12.950842087784867, "extTest": {"res1": -117.03415143422909, "res2": 13696.992601930066}},"Point T7-501-07082019113612-GenNb6": {"Lambda": 0.7259, "Kappa": 0.6069818398813823, "tanBeta": 20.172213119083153, "mBottom": 19.768768856701488, "ChiSquared": null, "LogL": null, "testCalc": 22.655482271851195, "extTest": {"res1": -174.14525364100433, "res2": 30326.56936568973}},"Point T7-622-07082019113613-GenNb6": {"Lambda": 0.5362173482698209, "Kappa": 0.058559112043762095, "tanBeta": 8.857273910323928, "mBottom": 8.68012843211745, "ChiSquared": null, "LogL": null, "testCalc": 5.146267355961193, "extTest": {"res1": 43.553191081705414, "res2": 1896.880453399544}},"Point T7-226-07082019113613-GenNb6": {"Lambda": 0.28731952459096666, "Kappa": 0.6005180429908179, "tanBeta": 5.47078108301652, "mBottom": 5.36136546135619, "ChiSquared": null, "LogL": null, "testCalc": 6.048537989493543, "extTest": {"res1": -31.272616118359572, "res2": 977.9765188862829}},"Point T7-274-07082019113613-GenNb6": {"Lambda": 0.6051877298718222, "Kappa": 0.282368, "tanBeta": 7.826591602741552, "mBottom": 7.670059770686721, "ChiSquared": null, "LogL": null, "testCalc": 6.411261091413697, "extTest": {"res1": 385.94965344381814, "res2": 148957.1349934033}},"Point T7-842-07082019113615-GenNb6": {"Lambda": 0.6417523631923004, "Kappa": 1.0838778595916079, "tanBeta": 5.949209966214804, "mBottom": 5.830225766890508, "ChiSquared": null, "LogL": null, "testCalc": 9.775175943550119, "extTest": {"res1": 167.15955074710476, "res2": 27942.31540597389}},"Point T7-499-07082019113615-GenNb6": {"Lambda": 0.7303, "Kappa": 0.0744, "tanBeta": 15.433788332804916, "mBottom": 15.125112566148818, "ChiSquared": null, "LogL": null, "testCalc": 9.244168225035093, "extTest": {"res1": 634.7698479286123, "res2": 402932.75983931357}},"Point T7-970-07082019113616-GenNb7": {"Lambda": 0.5784717124503441, "Kappa": -0.08316397932977074, "tanBeta": 7.445813344651406, "mBottom": 7.296897077758378, "ChiSquared": null, "LogL": null,