{"Point T0-418-07082019113554-GenNb0": {"Lambda": 0.6324, "Kappa": 0.201524, "tanBeta": 24.338608, "mBottom": 23.85183584, "ChiSquared": null, "LogL": null, "testCalc": 17.230661318592, "extTest": {"res1": -659.1448980102704, "res2": 434471.9965729697}},"Point T0-818-07082019113555-GenNb0": {"Lambda": 0.2949, "Kappa": 0.4751, "tanBeta": 3.854563999999998, "mBottom": 3.7774727199999982, "ChiSquared": null, "LogL": null, "testCalc": 3.807005726399998, "extTest": {"res1": 44.742259634333124, "res2": 2001.8697971860752}},"Point T0-265-07082019113555-GenNb0": {"Lambda": 0.0015, "Kappa": 0.379, "tanBeta": 26.58515, "mBottom": 26.053447, "ChiSquared": null, "LogL": null, "testCalc": 23.1024976, "extTest": {"res1": -433.53681218025565, "res2": 187954.16751541826}},"Point T0-974-07082019113558-GenNb1": {"Lambda": 0.44383799999999995, "Kappa": 0.26382799999999995, "tanBeta": 20.520046, "mBottom": 20.10964508, "ChiSquared": null, "LogL": null, "testCalc": 15.665577406331998, "extTest": {"res1": 574.6936692788934, "res2": 330272.81350923807}},"Point T0-874-07082019113602-GenNb2": {"Lambda": 0.28603199999999995, "Kappa": 0.18388615999999994, "tanBeta": 13.79252872, "mBottom": 13.5166781456, "ChiSquared": null, "LogL": null, "testCalc": 9.376408520834515, "extTest": {"res1": 1231.954757032159, "res2": 1517712.5233741659}},"Point T0-20-07082019113602-GenNb2": {"Lambda": 0.7565113830133305, "Kappa": -0.10911404164452121, "tanBeta": 14.50793411849292, "mBottom": 14.21777543612306, "ChiSquared": null, "LogL": null, "testCalc": 6.098177863109066, "extTest": {"res1": -164.30018949505055, "res2": 26994.552268109517}},"Point T0-585-07082019113602-GenNb2": {"Lambda": 0.7699, "Kappa": 0.5158, "tanBeta": 9.87544436, "mBottom": 9.6779354728, "ChiSquared": null, "LogL": null, "testCalc": 10.525467947288, "extTest": {"res1": -721.5788379187162, "res2": 520676.0193321249}},"Point T0-744-07082019113602-GenNb2": {"Lambda": 0.3933, "Kappa": 0.23696599999999995, "tanBeta": 9.708100239999998, "mBottom": 9.513938235199998, "ChiSquared": null, "LogL": null, "testCalc": 7.212143689071839, "extTest": {"res1": 115.90990175635484, "res2": 13435.105325167831}},"Point T0-276-07082019113603-GenNb2": {"Lambda": 0.0015, "Kappa": 0.379, "tanBeta": 16.63309509099698, "mBottom": 16.300433189177042, "ChiSquared": null, "LogL": null, "testCalc": 14.454161884076377, "extTest": {"res1": 246.01595403971572, "res2": 60523.84964207152}},"Point T0-708-07082019113605-GenNb3": {"Lambda": 0.3261, "Kappa": 0.7916, "tanBeta": 7.315491999999997, "mBottom": 7.169182159999997, "ChiSquared": null, "LogL": null, "testCalc": 9.481875757199996, "extTest": {"res1": -27.49505915752864, "res2": 755.9782780759996}},"Point T0-626-07082019113609-GenNb4": {"Lambda": 0.0015, "Kappa": -0.12142503838284494, "tanBeta": 12.686729241986843, "mBottom": 12.432994657147105, "ChiSquared": null, "LogL": null, "testCalc": 4.676012993412539, "extTest": {"res1": 84.96300621434885, "res2": 7218.7124249794815}},"Point T0-170-07082019113610-GenNb4": {"Lambda": 0.1597, "Kappa": 0.657, "tanBeta": 14.257181999999998, "mBottom": 13.972038359999999, "ChiSquared": null, "LogL": null, "testCalc": 16.378491844, "extTest": {"res1": -369.9197986306125, "res2": 136840.6574189129}},"Point T0-53-07082019113610-GenNb4": {"Lambda": 0.6565, "Kappa": 0.0826, "tanBeta": 10.396976201600001, "mBottom": 10.189036677568001, "ChiSquared": null, "LogL": null, "testCalc": 6.384300823036161, "extTest": {"res1": -174.59272858838028, "res2": 30482.620875935823}},"Point T0-572-07082019113610-GenNb5": {"Lambda": 0.9438, "Kappa": 0.31429460906732243, "tanBeta": 9.145616704511315, "mBottom": 8.96270437042109, "ChiSquared": null, "LogL": null, "testCalc": 8.246528652034502, "extTest": {"res1": -87.51744569429853, "res2": 7659.303300854493}},"Point T0-991-07082019113613-GenNb5": {"Lambda": 0.43846912, "Kappa": 0.6332708656, "tanBeta": 6.7652133152000005, "mBottom": 6.629909048896001, "ChiSquared": null, "LogL": null, "testCalc": 7.791422185726925, "extTest": {"res1": -48.493120834041605, "res2": 2351.58276822496}},"Point T0-84-07082019113613-GenNb5": {"Lambda": 0.4842, "Kappa": 0.6102, "tanBeta": 12.222511015456, "mBottom": 11.97806079514688, "ChiSquared": null, "LogL": null, "testCalc": 13.68165625920469, "extTest": {"res1": 940.27925904656, "res2": 884125.0849931479}},"Point T0-332-07082019113615-GenNb6": {"Lambda": 0.6383224375487443, "Kappa": -0.10911404164452121, "tanBeta": 10.850991545320523, "mBottom": 10.633971714414113, "ChiSquared": null, "LogL": null, "testCalc": 4.540445848124776, "extTest": {"res1": -121.84459828440968, "res2": 14846.106131089171}},"Point T0-543-07082019113615-GenNb6": {"Lambda": 0.26030849920000004, "Kappa": 0.9535939056960001, "tanBeta": 9.619153832831998, "mBottom": 9.426770756175358, "ChiSquared": null, "LogL": null, "testCalc": 13.95391236578435, "extTest": {"res1": -80.40026212206158, "res2": 6464.202149296209}},"Point T0-687-07082019113616-GenNb6": {"Lambda": 0.0015, "Kappa": -0.12142503838284494, "tanBeta": 11.451265219991843, "mBottom": 11.222239915592006, "ChiSquared": null, "LogL": null, "testCalc": 4.220651888926356, "extTest": {"res1": -164.01061774706577, "res2": 26899.482733774123}},"Point T0-472-07082019113616-GenNb6": {"Lambda": 0.1597, "Kappa": 0.657, "tanBeta": 11.137665249385883, "mBottom": 10.914911944398165, "ChiSquared": null, "LogL": null, "testCalc": 12.800406131045609, "extTest": {"res1": -83.90368850304002, "res2": 7039.82894441517}},"Point T0-646-07082019113617-GenNb7": {"Lambda": 0.28603199999999995, "Kappa": 1.1457950400960002, "tanBeta": 3.0600971176319964, "mBottom": 2.9988951752793565, "ChiSquared": null, "LogL": null, "testCalc": 5.087505992258486, "extTest": {"res1": 6.678846043117993, "res2": 44.606984467672866}},"Point T0-33-07082019113618-GenNb7": {"Lambda": 0.348262, "Kappa": 0.5946960000000001, "tanBeta": 9.588601256784923, "mBottom": 9.396829231649225, "ChiSquared": null, "LogL": null, "testCalc": 10.522003849473581, "extTest": {"res1": -43.63478769438118, "res2": 1903.9946971337195}},"Point T0-925-07082019113619-GenNb7": {"Lambda": 0.7882, "Kappa": 0.0059, "tanBeta": 8.561391401656506, "mBottom": 8.390163573623376, "ChiSquared": null, "LogL": null, "testCalc": 4.866853236081461, "extTest": {"res1": -46.429819644417684, "res2": 2155.7281522131543}},"Point T0-374-07082019113620-GenNb8": {"Lambda": 0.52674, "Kappa": 0.392762, "tanBeta": 4.899153054892331, "mBottom": 4.801169993794484, "ChiSquared": null, "LogL": null, "testCalc": 4.602241176642863, "extTest": {"res1": 19.619336456502506, "res2": 384.9183629934483}},"Point T0-224-07082019113621-GenNb8": {"Lambda": 0.7699, "Kappa": 0.5158, "tanBeta": 7.587185774798185, "mBottom": 7.435442059302221, "ChiSquared": null, "LogL": null, "testCalc": 8.223937462292014, "extTest": {"res1": 75.11747442081004, "res2": 5642.634963361051}},"Point T0-689-07082019113621-GenNb8": {"Lambda": 0.0015, "Kappa": 0.3026264261537383, "tanBeta": 9.99963930254263, "mBottom": 9.799646516491777, "ChiSquared": null, "LogL": null, "testCalc": 7.925980613200824, "extTest": {"res1": -172.4435962000452, "res2": 29736.79387040424}},"Point T0-419-07082019113623-GenNb8": {"Lambda": 0.4842, "Kappa": 0.6102, "tanBeta": 11.593553970261384, "mBottom": 11.361682890856157, "ChiSquared": null, "LogL": null, "testCalc": 12.989677718081575, "extTest": {"res1": -125.1818141963249, "res2": 15670.48660548321}},"Point T0-493-07082019113624-GenNb9": {"Lambda": 0.4278208087821712, "Kappa": 0.316852732514616, "tanBeta": 6.410289149710582, "mBottom": 6.28208336671637, "ChiSquared": null, "LogL": null, "testCalc": 5.355189961079809, "extTest": {"res1": 259.0527079775049, "res2": 67108.30551047843}},"Point T0-354-07082019113625-GenNb9": {"Lambda": 0.7218282334606007, "Kappa": 0.13834306755636086, "tanBeta": 8.814341912186586, "mBottom": 8.638055073942855, "ChiSquared": null, "LogL": null, "testCalc": 6.059466634214771, "extTest": {"res1": -430.35701885723165, "res2": 185207.16367968364}},