{"Point T6-441-07082019113552-GenNb0": {"Lambda": 0.6632840000000001, "Kappa": 0.16512, "tanBeta": 18.51378, "mBottom": 18.1435044, "ChiSquared": null, "LogL": null, "testCalc": 12.568693218256, "extTest": {"res1": -2187.414120391748, "res2": 4784780.534089204}},"Point T6-84-07082019113555-GenNb0": {"Lambda": 0.43, "Kappa": 0.053645999999999916, "tanBeta": 21.153944, "mBottom": 20.730865119999997, "ChiSquared": null, "LogL": null, "testCalc": 11.685157039823997, "extTest": {"res1": 1248.3968889387793, "res2": 1558494.7923120228}},"Point T6-718-07082019113555-GenNb0": {"Lambda": 0.7545, "Kappa": 0.928222, "tanBeta": 4.9628879999999995, "mBottom": 4.863630239999999, "ChiSquared": null, "LogL": null, "testCalc": 7.607747195135999, "extTest": {"res1": 30.903531600383726, "res2": 955.0282653759156}},"Point T6-47-07082019113556-GenNb1": {"Lambda": 0.6142, "Kappa": 0.6242, "tanBeta": 10.502004, "mBottom": 10.291963919999999, "ChiSquared": null, "LogL": null, "testCalc": 12.078574496799998, "extTest": {"res1": -72.72965225937665, "res2": 5289.602317769851}},"Point T6-310-07082019113556-GenNb1": {"Lambda": 0.9232, "Kappa": 0.9720473199999999, "tanBeta": 13.431711279999998, "mBottom": 13.163077054399999, "ChiSquared": null, "LogL": null, "testCalc": 20.490095719937766, "extTest": {"res1": -122.02015057703241, "res2": 14888.917146841663}},"Point T6-957-07082019113557-GenNb1": {"Lambda": 1.267716, "Kappa": 0.5014, "tanBeta": 10.6245, "mBottom": 10.412009999999999, "ChiSquared": null, "LogL": null, "testCalc": 12.140233156655999, "extTest": {"res1": 151.73391066491055, "res2": 23023.179645667056}},"Point T6-137-07082019113557-GenNb1": {"Lambda": 0.1044, "Kappa": 0.18056400000000006, "tanBeta": 14.956908, "mBottom": 14.65776984, "ChiSquared": null, "LogL": null, "testCalc": 10.040463416112, "extTest": {"res1": 791.1755212121668, "res2": 625958.7053653438}},"Point T6-543-07082019113557-GenNb1": {"Lambda": 0.43, "Kappa": 0.3584339999999999, "tanBeta": 15.761413999999998, "mBottom": 15.446185719999999, "ChiSquared": null, "LogL": null, "testCalc": 13.557419525675996, "extTest": {"res1": -1321.215855680261, "res2": 1745611.3373009244}},"Point T6-845-07082019113558-GenNb1": {"Lambda": 0.1456, "Kappa": 0.9683, "tanBeta": 20.499886, "mBottom": 20.08988828, "ChiSquared": null, "LogL": null, "testCalc": 29.916183113800003, "extTest": {"res1": 306.7787196290381, "res2": 94113.18281723197}},"Point T6-863-07082019113559-GenNb2": {"Lambda": 0.24974044894787958, "Kappa": 0.8682, "tanBeta": 16.030754486401236, "mBottom": 15.710139396673211, "ChiSquared": null, "LogL": null, "testCalc": 21.835341035270847, "extTest": {"res1": 1664.9307659539872, "res2": 2771994.455420131}},"Point T6-173-07082019113600-GenNb2": {"Lambda": 0.2666834399999999, "Kappa": 0.928222, "tanBeta": 4.9628879999999995, "mBottom": 4.863630239999999, "ChiSquared": null, "LogL": null, "testCalc": 7.1095970023062325, "extTest": {"res1": -11.478139792478592, "res2": 131.7476930956805}},"Point T6-860-07082019113601-GenNb2": {"Lambda": 0.43, "Kappa": 0.3584339999999999, "tanBeta": 6.7794495600000015, "mBottom": 6.643860568800001, "ChiSquared": null, "LogL": null, "testCalc": 5.93681550798904, "extTest": {"res1": -340.17691712507906, "res2": 115720.33494472291}},"Point T6-932-07082019113601-GenNb2": {"Lambda": 0.5286, "Kappa": 0.5566240800000002, "tanBeta": 7.82988084, "mBottom": 7.6732832232, "ChiSquared": null, "LogL": null, "testCalc": 8.47435979067463, "extTest": {"res1": 70.9988995539367, "res2": 5040.843737869992}},"Point T6-674-07082019113602-GenNb2": {"Lambda": 0.1456, "Kappa": 1.0626575600000001, "tanBeta": 17.10952276, "mBottom": 16.7673323048, "ChiSquared": null, "LogL": null, "testCalc": 26.58642922130607, "extTest": {"res1": -553.6357121562523, "res2": 306512.5017747607}},"Point T6-204-07082019113602-GenNb3": {"Lambda": 0.7864430109393541, "Kappa": 0.9562633311554076, "tanBeta": 16.184326191719432, "mBottom": 15.860639667885042, "ChiSquared": null, "LogL": null, "testCalc": 24.025290119997216, "extTest": {"res1": -544.7543135310992, "res2": 296757.26211073913}},"Point T6-653-07082019113603-GenNb3": {"Lambda": 0.0852, "Kappa": 0.4245, "tanBeta": 8.863207161024814, "mBottom": 8.685943017804318, "ChiSquared": null, "LogL": null, "testCalc": 8.112661988757193, "extTest": {"res1": -153.43874011437836, "res2": 23543.446967887743}},"Point T6-451-07082019113603-GenNb3": {"Lambda": 0.24974044894787958, "Kappa": 0.6405393844580526, "tanBeta": 7.489073313723214, "mBottom": 7.33929184744875, "ChiSquared": null, "LogL": null, "testCalc": 8.52906262609856, "extTest": {"res1": 2494.695013971049, "res2": 6223503.212732011}},"Point T6-265-07082019113604-GenNb3": {"Lambda": 0.4214929296, "Kappa": 0.06316980000000022, "tanBeta": 14.425934040000001, "mBottom": 14.1374153592, "ChiSquared": null, "LogL": null, "testCalc": 8.157647337422786, "extTest": {"res1": -105.40926479327689, "res2": 11111.113104259162}},"Point T6-609-07082019113605-GenNb3": {"Lambda": 0.1456, "Kappa": 1.0626575600000001, "tanBeta": 14.831823856801234, "mBottom": 14.53518737966521, "ChiSquared": null, "LogL": null, "testCalc": 23.049942799850797, "extTest": {"res1": 100.57616461209857, "res2": 10115.564888079947}},"Point T6-87-07082019113605-GenNb4": {"Lambda": 0.43796872289188515, "Kappa": 0.5227100772554811, "tanBeta": 11.484119040903476, "mBottom": 11.254436660085407, "ChiSquared": null, "LogL": null, "testCalc": 11.821899683356051, "extTest": {"res1": 266.2754031218679, "res2": 70902.59030771325}},"Point T6-460-07082019113609-GenNb5": {"Lambda": 0.9232, "Kappa": 0.955446989055519, "tanBeta": 11.761441914527847, "mBottom": 11.52621307623729, "ChiSquared": null, "LogL": null, "testCalc": 17.852839042305654, "extTest": {"res1": -228.92384050011813, "res2": 52406.12474932353}},"Point T6-584-07082019113610-GenNb5": {"Lambda": 0.24974044894787958, "Kappa": 0.6405393844580526, "tanBeta": 7.20777785489396, "mBottom": 7.063622297796081, "ChiSquared": null, "LogL": null, "testCalc": 8.21104703122289, "extTest": {"res1": 25.05207407316089, "res2": 627.6064153671401}},"Point T6-573-07082019113611-GenNb5": {"Lambda": 0.8234, "Kappa": 0.1836, "tanBeta": 4.737955032657321, "mBottom": 4.643195932004175, "ChiSquared": null, "LogL": null, "testCalc": 3.8694740699979713, "extTest": {"res1": 11.36241378350325, "res2": 129.10444698754463}},"Point T6-147-07082019113614-GenNb6": {"Lambda": 0.4346122762432098, "Kappa": 0.6405393844580526, "tanBeta": 6.168338327367063, "mBottom": 6.044971560819722, "ChiSquared": null, "LogL": null, "testCalc": 7.162437246411876, "extTest": {"res1": -39.7555121939239, "res2": 1580.500749801232}},"Point T6-340-07082019113614-GenNb6": {"Lambda": 0.4214929296, "Kappa": 0.8591623972346951, "tanBeta": 8.03900687848234, "mBottom": 7.878226740912693, "ChiSquared": null, "LogL": null, "testCalc": 11.023582081262226, "extTest": {"res1": -37.11589345861776, "res2": 1377.5895472314648}},"Point T6-404-07082019113614-GenNb6": {"Lambda": 0.5286, "Kappa": 0.5566240800000002, "tanBeta": 4.552300029830013, "mBottom": 4.461254029233412, "ChiSquared": null, "LogL": null, "testCalc": 5.043964790604811, "extTest": {"res1": 94.42511807179265, "res2": 8916.102922871984}},"Point T6-130-07082019113615-GenNb6": {"Lambda": 0.1456, "Kappa": 0.50880956, "tanBeta": 9.15461761195383, "mBottom": 8.971525259714753, "ChiSquared": null, "LogL": null, "testCalc": 9.164918948963855, "extTest": {"res1": 262.081227078917, "res2": 68686.56958719085}},"Point T6-529-07082019113616-GenNb7": {"Lambda": 0.0852, "Kappa": 0.4245, "tanBeta": 4.564662413266383, "mBottom": 4.473369165001055, "ChiSquared": null, "LogL": null, "testCalc": 4.181642816932108, "extTest": {"res1": -26.15718545680646, "res2": 684.1983510217674}},"Point T6-750-07082019113616-GenNb7": {"Lambda": 0.9232, "Kappa": 0.6995732013466509, "tanBeta": 5.690962748834307, "mBottom": 5.577143493857621, "ChiSquared": null, "LogL": null, "testCalc": 7.622115015875363, "extTest": {"res1": -35.115873345481674,