{"Point T3-445-21082019102531": {"x": 8.4476, "y": 0.9643, "fAckley": 15.694581356207365, "ChiSquared": null}, "Point T6-131-21082019102531": {"x": -0.2598, "y": -5.1314, "fAckley": 11.686370410773343, "ChiSquared": null}, "Point T1-522-23082019091508-GenNb0": {"x": 6.4579, "y": -0.20080399999999887, "fAckley": 13.979179511163359, "ChiSquared": null}, "Point T1-752-23082019091509-GenNb1": {"x": -18.428184, "y": 6.164611999999999, "fAckley": 20.613942287832543, "ChiSquared": null}, "Point T1-867-23082019091508-GenNb0": {"x": -17.239396, "y": -6.7938, "fAckley": 20.07865078144456, "ChiSquared": null}, "Point T1-641-23082019091511-GenNb2": {"x": -2.3849502800000018, "y": 3.7565, "fAckley": 11.357210587026294, "ChiSquared": null}, "Point T1-815-23082019091508-GenNb0": {"x": -3.8411379999999973, "y": 1.374684, "fAckley": 10.564871656767984, "ChiSquared": null}, "Point T7-803-21082019102532": {"x": 1.8005, "y": -20.1435, "fAckley": 19.97912628632208, "ChiSquared": null}, "Point T7-770-21082019102532": {"x": -20.1766, "y": 0.2775, "fAckley": 20.41933426985987, "ChiSquared": null}, "Point T1-986-23082019091511-GenNb2": {"x": -11.780563719999998, "y": 7.1000299999999985, "fAckley": 18.210609997716546, "ChiSquared": null}}