{"Point T7-258-23082019091509-GenNb1": {"x": -0.43391408000000053, "y": -6.65987692, "fAckley": 14.451752020862667, "ChiSquared": null}, "Point T7-179-23082019091510-GenNb2": {"x": -7.426921461600001, "y": -7.14714708, "fAckley": 17.199551969685533, "ChiSquared": null}, "Point T7-806-23082019091509-GenNb1": {"x": 1.2205, "y": -4.200883239999999, "fAckley": 10.66860911919834, "ChiSquared": null}, "Point T7-469-23082019091508-GenNb0": {"x": 49.135252, "y": -48.046046000000004, "fAckley": 20.47078579496532, "ChiSquared": null}, "Point T7-994-23082019091511-GenNb2": {"x": -16.080276, "y": -9.885924000000001, "fAckley": 19.074013305495388, "ChiSquared": null}, "Point T7-109-23082019091508-GenNb0": {"x": 21.2606, "y": -8.426462, "fAckley": 21.31222623339237, "ChiSquared": null}, "Point T7-177-23082019091511-GenNb2": {"x": -3.608020221600004, "y": -5.7666, "fAckley": 14.361855525432738, "ChiSquared": null}, "Point T7-223-23082019091510-GenNb1": {"x": 24.80064808000001, "y": -5.953393999999999, "fAckley": 20.288287198255336, "ChiSquared": null}, "Point T7-16-23082019091510-GenNb1": {"x": -12.261374760000004, "y": -11.2409, "fAckley": 19.822656695125243, "ChiSquared": null}, "Point T7-160-23082019091511-GenNb2": {"x": -20.0145, "y": -3.1645120183999977, "fAckley": 19.454360808692304, "ChiSquared": null}}