{"Point T2-410-23082019091511-GenNb3": {"x": -8.2055, "y": 14.969442920000002, "fAckley": 19.05412055491265, "ChiSquared": null}, "Point T2-390-23082019091510-GenNb2": {"x": 10.541030800000001, "y": 2.0468, "fAckley": 17.342709231257192, "ChiSquared": null}, "Point T3-541-21082019102531": {"x": -7.2245, "y": 25.8741, "fAckley": 20.731185690957368, "ChiSquared": null}, "Point T0-94-21082019102531": {"x": -12.9445, "y": 5.4151, "fAckley": 18.92873823953752, "ChiSquared": null}, "Point T2-774-23082019091512-GenNb3": {"x": 11.87753044, "y": 28.1339, "fAckley": 20.453512788157198, "ChiSquared": null}, "Point T2-107-23082019091508-GenNb0": {"x": -18.041284, "y": -23.5018, "fAckley": 21.43192556860155, "ChiSquared": null}, "Point T2-292-23082019091511-GenNb2": {"x": 0.41433399999999976, "y": 10.6192, "fAckley": 17.817355366138727, "ChiSquared": null}, "Point T0-676-21082019102532": {"x": 12.746, "y": 26.9178, "fAckley": 20.896595217689278, "ChiSquared": null}, "Point T2-838-23082019091509-GenNb0": {"x": -7.822070000000001, "y": 20.0678, "fAckley": 19.805088625854086, "ChiSquared": null}, "Point T5-310-21082019102532": {"x": 6.8359, "y": -28.2094, "fAckley": 20.921585894069786, "ChiSquared": null}}