{"Point T5-656-23082019091510-GenNb2": {"x": -1.3383194800000018, "y": -9.014678, "fAckley": 15.942286724147662, "ChiSquared": null}, "Point T5-876-23082019091510-GenNb2": {"x": -8.9003, "y": -20.26456548, "fAckley": 20.411567889681944, "ChiSquared": null}, "Point T5-837-23082019091509-GenNb1": {"x": -28.605, "y": 8.876135999999999, "fAckley": 21.4671290782625, "ChiSquared": null}, "Point T5-424-23082019091508-GenNb0": {"x": -1.2691, "y": -7.905486000000002, "fAckley": 14.847062919201313, "ChiSquared": null}, "Point T5-641-23082019091509-GenNb1": {"x": -0.6379419999999995, "y": 2.1609, "fAckley": 7.231971424415015, "ChiSquared": null}, "Point T0-656-21082019102532": {"x": -9.8566, "y": -16.7524, "fAckley": 20.063884733546864, "ChiSquared": null}, "Point T7-778-21082019102532": {"x": 1.7684, "y": 9.7112, "fAckley": 16.827425979295846, "ChiSquared": null}, "Point T5-135-23082019091509-GenNb0": {"x": 2.868336, "y": 14.7887, "fAckley": 18.760297102716766, "ChiSquared": null}, "Point T4-393-21082019102532": {"x": 10.221, "y": -27.0543, "fAckley": 20.62969847867028, "ChiSquared": null}, "Point T5-720-23082019091511-GenNb2": {"x": -9.751721999999997, "y": 2.5314175999999993, "fAckley": 17.291426749773, "ChiSquared": null}}