{"Point T6-283-24092019151101-GenNb272": {"k": 49923.19442370376, "zL": 31.145220624860954, "c0": 0.12169707052696321, "c1": 0.1628363496097445, "c2": -0.5072954300551817, "c0Prime": 0.32627383419552003, "Mu1": 13.782548945424313, "Mu11": 0.38312512840408447, "Mu11Prime": 0.143164484928, "Mu2Tilde": 2.4516482819117695, "mWpm": 73.53791920412164, "mTop": 168.46504904315438, "mZ0": 83.86961507029491, "mZprime": 5929.429101371169, "mPsiDark": 1758.1278637583823, "mTau": 1.7600715071638058, "mBottom": 4.1812837535042755, "mTauTow": 942.6561121914727, "mBottomTow": 2029.6906643770699, "Higgs": 138.69309647566044, "ThetaHiggs": 0.20708491426396483, "mNeutrino": 0.02504401543120148, "Triviality": 0, "ChiSquared": null, "LogL": null, "sin2ThW": null},"Point T6-547-26092019010737-GenNb1665": {"k": 349126.8662602975, "zL": 38.065019359999994, "c0": 0.11901973230896329, "c1": 0.1852, "c2": -0.955, "c0Prime": 0.51859284, "Mu1": 10.918566039999998, "Mu11": 0.4185978241331793, "Mu11Prime": 0.32708599999999993, "Mu2Tilde": 0.899, "mWpm": 58.74514931782526, "mTop": 147.2987577330869, "mZ0": 66.99853781362988, "mZprime": 33748.628291784655, "mPsiDark": 7323.099568141348, "mTau": 1.9770129689217593, "mBottom": 4.657197074528798, "mTauTow": 609.8439078954934, "mBottomTow": 10892.111302535392, "Higgs": 129.77096743591713, "ThetaHiggs": 0.031843327856342106, "mNeutrino": 0.024201168354727163, "Triviality": 0, "ChiSquared": null, "LogL": null, "sin2ThW": null},"Point T6-963-26092019112230-GenNb2084": {"k": 111435.95573301555, "zL": 39.31220925752819, "c0": 0.19461354006962564, "c1": 0.053189000210105634, "c2": -0.7515487649651198, "c0Prime": 0.6262346, "Mu1": 12.547556889278557, "Mu11": 0.18186707777012942, "Mu11Prime": 0.6356305445092596, "Mu2Tilde": 3.5881420400000006, "mWpm": 75.3968027383769, "mTop": 186.73256772121442, "mZ0": 85.98966209046897, "mZprime": 10419.006443328492, "mPsiDark": 1839.2031098735606, "mTau": 1.9496555687653052, "mBottom": 4.078533608087455, "mTauTow": 1099.8374843065558, "mBottomTow": 3494.227271605455, "Higgs": 108.59930556755242, "ThetaHiggs": 0.1348190407344931, "mNeutrino": 0.06284151332135299, "Triviality": 0, "ChiSquared": null, "LogL": null, "sin2ThW": null},"Point T6-892-26092019175922-GenNb2355": {"k": 131070.74550814202, "zL": 38.85013318554908, "c0": 0.09768839814604713, "c1": 0.11745463405943342, "c2": -0.70053532, "c0Prime": 0.5447951069209601, "Mu1": 11.14126261555112, "Mu11": 0.25066086060538273, "Mu11Prime": 0.26222380850907523, "Mu2Tilde": 2.750223796, "mWpm": 74.76666079640923, "mTop": 190.79547713950694, "mZ0": 85.27098847712155, "mZprime": 12405.337937594015, "mPsiDark": 2557.4050861416026, "mTau": 1.632939034983578, "mBottom": 4.051920313792458, "mTauTow": 1157.209755074988, "mBottomTow": 4365.491591090292, "Higgs": 132.4739442643715, "ThetaHiggs": 0.1115456363721953, "mNeutrino": 0.03689548985503055, "Triviality": 0, "ChiSquared": null, "LogL": null, "sin2ThW": null},"Point T6-800-27092019084540-GenNb2965": {"k": 349126.8662602975, "zL": 38.065019359999994, "c0": 0.11901973230896329, "c1": 0.16907286554419654, "c2": -0.955, "c0Prime": 0.51859284, "Mu1": 10.918566039999998, "Mu11": 0.4185978241331793, "Mu11Prime": 0.30727412003361065, "Mu2Tilde": 0.899, "mWpm": 58.786850775417314, "mTop": 147.4033547649767, "mZ0": 67.04609810951489, "mZprime": 33748.6276187291, "mPsiDark": 7323.097914632796, "mTau": 1.858527138027942, "mBottom": 4.885566180684846, "mTauTow": 609.8625965054731, "mBottomTow": 11085.869402796114, "Higgs": 127.94818520361065, "ThetaHiggs": 0.031865939912627955, "mNeutrino": 0.024235551117783357, "Triviality": 0, "ChiSquared": null, "LogL": null, "sin2ThW": null},"Point T6-601-27092019094951-GenNb3008": {"k": 349126.8662602975, "zL": 38.065019359999994, "c0": 0.11901973230896329, "c1": 0.16907286554419654, "c2": -0.955, "c0Prime": 0.51859284, "Mu1": 10.918566039999998, "Mu11": 0.4185978241331793, "Mu11Prime": 0.3070317997249382, "Mu2Tilde": 0.899, "mWpm": 59.968160212042356, "mTop": 150.3663860214251, "mZ0": 68.3933753890588, "mZprime": 33748.60835420019, "mPsiDark": 7323.050586514609, "mTau": 1.892238632275884, "mBottom": 4.9837641797855134, "mTauTow": 610.5563662922874, "mBottomTow": 11085.877506650044, "Higgs": 130.55854891499524, "ThetaHiggs": 0.03250649571808632, "mNeutrino": 0.025219686758457063, "Triviality": 0, "ChiSquared": null, "LogL": null, "sin2ThW": null},"Point T6-870-27092019112322-GenNb3071": {"k": 349126.8662602975, "zL": 35.68575431461482, "c0": 0.11901973230896329, "c1": 0.39983752373214243, "c2": -0.955, "c0Prime": 0.51859284, "Mu1": 10.918566039999998, "Mu11": 0.682989468869317, "Mu11Prime": 0.3070317997249382, "Mu2Tilde": 0.899, "mWpm": 64.06597089362432, "mTop": 155.73203648867704, "mZ0": 73.06690719706732, "mZprime": 36063.58739191676, "mPsiDark": 7901.701442356623, "mTau": 2.106497811482167, "mBottom": 4.279897991667475, "mTauTow": 684.6695305501069, "mBottomTow": 8670.01309989897, "Higgs": 130.12238097586413, "ThetaHiggs": 0.03149441830969027, "mNeutrino": 0.02497413130458179, "Triviality": 0, "ChiSquared": null, "LogL": null, "sin2ThW": null},"Point T6-955-27092019220249-GenNb3505": {"k": 111435.95573301555, "zL": 39.31220925752819, "c0": 0.19461354006962564, "c1": 0.053189000210105634, "c2": -0.7515487649651198, "c0Prime": 0.6262346, "Mu1": 12.562932354933857, "Mu11": 0.18186707777012942, "Mu11Prime": 0.6356305445092596, "Mu2Tilde": 3.5881420400000006, "mWpm": 75.2237754692657, "mTop": 186.30157169219265, "mZ0": 85.792325388342, "mZprime": 10419.017987536417, "mPsiDark": 1839.2252544314556, "mTau": 1.9452137372853033, "mBottom": 4.064156620669471, "mTauTow": 1099.8061682157095, "mBottomTow": 3494.558796664597, "Higgs": 108.512059854121, "ThetaHiggs": 0.13450782096148214, "mNeutrino": 0.06255176005195212, "Triviality": 0, "ChiSquared": null, "LogL": null, "sin2ThW": null},"Point T6-451-28092019000315-GenNb3587": {"k": 40754.87025276471, "zL": 28.563282105134334, "c0": 0.36683418734272, "c1": 0.2248335273059595, "c2": -0.549028774976, "c0Prime": 0.47313396473536, "Mu1": 14.929139686951556, "Mu11": 0.2584197781689126, "Mu11Prime": 0.14353163691083703, "Mu2Tilde": 1.319059121402534, "mWpm": 85.13662531466281, "mTop": 163.21018271408474, "mZ0": 97.09787917312316, "mZprime": 5291.263433557063, "mPsiDark": 1275.7806259484273, "mTau": 1.7517103299800845, "mBottom": 4.156078326970369, "mTauTow": 756.0752815813189, "mBottomTow": 1366.6379681229844, "Higgs": 123.01948426936383, "ThetaHiggs": 0.25852783014407377, "mNeutrino": 0.07831338133291642, "Triviality": 0, "ChiSquared": null, "LogL": null, "sin2ThW": null},"Point T6-397-28092019020326-GenNb3670": {"k": 126429.93035217734, "zL": 45.323874509395715, "c0": 0.24462078603150994, "c1": 0.25355462777456134, "c2": -0.5625102446057599, "c0Prime": 0.6136, "Mu1": 12.876677978336598, "Mu11": 0.2675213577221422, "Mu11Prime": 0.45291092, "Mu2Tilde": 4.275724241784664, "mWpm": 74.88918453097968, "mTop": 192.68441539478334, "mZ0": 85.41072616030068, "mZprime": 10217.596274646474, "mPsiDark": 1795.479897860533, "mTau": 1.7715953787169874, "mBottom": 3.886904501980348, "mTauTow": 1773.4062795790378, "mBottomTow": 2736.4908363685818, "Higgs": 123.95250729949836, "ThetaHiggs": 0.14644685175918584, "mNeutrino": 0.1113827966948203, "Triviality": 0, "ChiSquared": null, "LogL": null, "sin2ThW": null},"Point T6-644-28092019090950-GenNb3959": {"k": 49923.19442370376, "zL": 31.145220624860954, "c0": 0.12169707052696321, "c1": 0.1628363496097445, "c2": -0.5072954300551817, "c0Prime": 0.32627383419552003, "Mu1": 13.792442359400576, "Mu11": 0.38312512840408447, "Mu11Prime": 0.143164484928, "Mu2Tilde": 2.4516482819117695, "mWpm": 73.51203764879752, "mTop": 168.40493630543077, "mZ0": 83.84009729081534, "mZprime": 5929.4321148423805, "mPsiDark": 1758.139169464301, "mTau": 1.7594553351972433, "mBottom": 4.176801633414443, "mTauTow": 942.6501171671528, "mBottomTow": 2029.823790827791, "Higgs": 138.64892896503005, "ThetaHiggs": 0.20701101136354338,