{"Point T5-339-24092019131119-GenNb180": {"k": 169980.31790408457, "zL": 33.0881821224, "c0": 0.05759479695093269, "c1": 0.04235154139074129, "c2": -0.8148882269439999, "c0Prime": 0.5890768151999999, "Mu1": 13.229964604293416, "Mu11": 0.29279089991178164, "Mu11Prime": 0.3558278299162785, "Mu2Tilde": 3.2295503200000004, "mWpm": 79.3455650785072, "mTop": 188.60318860028562, "mZ0": 90.49320503885639, "mZprime": 18978.465994036982, "mPsiDark": 3722.19506341314, "mTau": 1.643855616629395, "mBottom": 4.344987923005818, "mTauTow": 1453.8530837520227, "mBottomTow": 7417.7282353713, "Higgs": 125.34699264316413, "ThetaHiggs": 0.07149482873890378, "mNeutrino": 0.02409305035249823, "Triviality": 0, "ChiSquared": null, "LogL": null, "sin2ThW": null},"Point T5-755-25092019105716-GenNb1015": {"k": 83635.72572086143, "zL": 37.37295563114524, "c0": 0.13219557974705137, "c1": 0.3674465218868507, "c2": -0.6355455429664001, "c0Prime": 0.49833096, "Mu1": 16.319154960323903, "Mu11": 0.7666401064829724, "Mu11Prime": 0.19616731830048353, "Mu2Tilde": 2.00902581928512, "mWpm": 73.34572730781605, "mTop": 182.26374563142025, "mZ0": 83.6504212103485, "mZprime": 8235.629367475609, "mPsiDark": 1848.683618114286, "mTau": 1.837600011029511, "mBottom": 4.254463893999214, "mTauTow": 815.1905908916541, "mBottomTow": 2167.695388680271, "Higgs": 126.77940169204692, "ThetaHiggs": 0.16207758751968393, "mNeutrino": 0.03901807915047279, "Triviality": 0, "ChiSquared": null, "LogL": null, "sin2ThW": null},"Point T5-94-25092019123636-GenNb1078": {"k": 493954.18292702973, "zL": 35.992391781600006, "c0": 0.3932122762638587, "c1": 0.2888579033252541, "c2": -0.8140364036982402, "c0Prime": 0.7118, "Mu1": 17.97883245090628, "Mu11": 0.3966492966991865, "Mu11Prime": 0.2658677782802078, "Mu2Tilde": 1.8129825177652605, "mWpm": 88.7812188474686, "mTop": 181.2672896333399, "mZ0": 101.25451917589027, "mZprime": 50576.64226704335, "mPsiDark": 7712.835533774049, "mTau": 0.9011084957744646, "mBottom": 5.464763171361852, "mTauTow": 4174.012533717214, "mBottomTow": 11860.757435517105, "Higgs": 115.41677235331356, "ThetaHiggs": 0.03125, "mNeutrino": 0.1690932386598307, "Triviality": 0, "ChiSquared": null, "LogL": null, "sin2ThW": null},"Point T5-326-25092019130348-GenNb1096": {"k": 493954.18292702973, "zL": 29.276259289454853, "c0": 0.3932122762638587, "c1": 0.48493040062036974, "c2": -0.8140364036982402, "c0Prime": 0.7321368023511308, "Mu1": 17.143416982790903, "Mu11": 0.6094692765613863, "Mu11Prime": 0.2658677782802078, "Mu2Tilde": 1.8129825177652605, "mWpm": 100.18915914110177, "mTop": 187.65918575026302, "mZ0": 114.26521585492135, "mZprime": 62589.662924720586, "mPsiDark": 9710.71203170878, "mTau": 1.1736296475587107, "mBottom": 5.134781878088242, "mTauTow": 5630.603913391971, "mBottomTow": 12016.843951092076, "Higgs": 106.38555033951978, "ThetaHiggs": 0.025784131883611755, "mNeutrino": 0.12531222637653602, "Triviality": 0, "ChiSquared": null, "LogL": null, "sin2ThW": null},"Point T5-927-25092019233959-GenNb1499": {"k": 83463.26946223486, "zL": 37.37295563114524, "c0": 0.13219557974705137, "c1": 0.3674465218868507, "c2": -0.6355455429664001, "c0Prime": 0.49833096, "Mu1": 16.319154960323903, "Mu11": 0.7666401064829724, "Mu11Prime": 0.19616731830048353, "Mu2Tilde": 2.00902581928512, "mWpm": 73.19448890828018, "mTop": 181.88791900510296, "mZ0": 83.47793460085234, "mZprime": 8218.647559574587, "mPsiDark": 1844.8716459379289, "mTau": 1.8338108921171963, "mBottom": 4.245691217867793, "mTauTow": 813.5096738004867, "mBottomTow": 2163.225616541037, "Higgs": 126.5179833897048, "ThetaHiggs": 0.16207758742397274, "mNeutrino": 0.03885733501090031, "Triviality": 0, "ChiSquared": null, "LogL": null, "sin2ThW": null},"Point T5-957-26092019195827-GenNb2268": {"k": 486273.11874545255, "zL": 29.276259289454853, "c0": 0.3932122762638587, "c1": 0.48493040062036974, "c2": -0.8140364036982402, "c0Prime": 0.7321368023511308, "Mu1": 17.143416982790903, "Mu11": 0.6094692765613863, "Mu11Prime": 0.2658677782802078, "Mu2Tilde": 1.8129825177652605, "mWpm": 98.63120227682623, "mTop": 184.74105649270138, "mZ0": 112.48837413955786, "mZprime": 61616.383955444464, "mPsiDark": 9559.708952995486, "mTau": 1.1553795256766657, "mBottom": 5.054935228589985, "mTauTow": 5543.04714895334, "mBottomTow": 11829.980163238488, "Higgs": 104.73123868062828, "ThetaHiggs": 0.025784131910996294, "mNeutrino": 0.1214452789240424, "Triviality": 0, "ChiSquared": null, "LogL": null, "sin2ThW": null},"Point T5-476-26092019222554-GenNb2361": {"k": 47304.057353362354, "zL": 36.33308322893376, "c0": 0.1310510694936256, "c1": 0.0902728961626468, "c2": -0.47913885755872, "c0Prime": 0.5049291479528321, "Mu1": 14.666227243302739, "Mu11": 0.2935042240255112, "Mu11Prime": 0.27594518536000007, "Mu2Tilde": 5.124826469993213, "mWpm": 75.96085114521235, "mTop": 187.97658052213254, "mZ0": 86.63295637013157, "mZprime": 4791.316042630869, "mPsiDark": 1059.1321693577365, "mTau": 1.76449513793596, "mBottom": 4.20457500895926, "mTauTow": 1005.8191712343939, "mBottomTow": 1722.3395475738894, "Higgs": 125.69327264298877, "ThetaHiggs": 0.2869597382861668, "mNeutrino": 0.03979173004456547, "Triviality": 0, "ChiSquared": null, "LogL": null, "sin2ThW": null},"Point T5-471-27092019110106-GenNb2836": {"k": 87483.06675246071, "zL": 27.333066540252346, "c0": 0.19160104, "c1": 0.031584005249204954, "c2": -0.490616, "c0Prime": 0.4391927400000001, "Mu1": 12.610280003838058, "Mu11": 0.207631950558611, "Mu11Prime": 0.21010067999999996, "Mu2Tilde": 3.559136314159123, "mWpm": 80.77026135921957, "mTop": 168.72207843291108, "mZ0": 92.11806375050634, "mZprime": 11900.634426986888, "mPsiDark": 3062.005176877404, "mTau": 1.7423677900135037, "mBottom": 4.173117570788574, "mTauTow": 2442.0005799479845, "mBottomTow": 4101.098597121082, "Higgs": 129.43523807050232, "ThetaHiggs": 0.10592234100037232, "mNeutrino": 0.030486498612236443, "Triviality": 0, "ChiSquared": null, "LogL": null, "sin2ThW": null},"Point T5-583-27092019115127-GenNb2868": {"k": 230322.12680024898, "zL": 32.8295, "c0": 0.02, "c1": 0.24845574212608, "c2": -0.9728, "c0Prime": 0.5988620544, "Mu1": 10.519171663887496, "Mu11": 0.365947925358964, "Mu11Prime": 0.5897234218683345, "Mu2Tilde": 4.4827320788012806, "mWpm": 100.82767981206148, "mTop": 239.5760013131668, "mZ0": 114.99344536518488, "mZprime": 25924.96612322108, "mPsiDark": 5004.69055443358, "mTau": 1.6808217194162949, "mBottom": 4.453892190240783, "mTauTow": 1491.8772042881526, "mBottomTow": 8169.751305369189, "Higgs": 158.56573833099299, "ThetaHiggs": 0.0662487601862613, "mNeutrino": 0.031782433434322875, "Triviality": 0, "ChiSquared": null, "LogL": null, "sin2ThW": null},"Point T5-247-27092019120737-GenNb2879": {"k": 230322.12680024898, "zL": 32.8295, "c0": 0.02, "c1": 0.24845574212608, "c2": -0.9728, "c0Prime": 0.5988620544, "Mu1": 10.519171663887496, "Mu11": 0.18152153350909284, "Mu11Prime": 0.5897234218683345, "Mu2Tilde": 4.4827320788012806, "mWpm": 87.92910042952043, "mTop": 208.89245688747934, "mZ0": 100.28268254410783, "mZprime": 25925.406866051682, "mPsiDark": 5005.470268029201, "mTau": 1.468277133312995, "mBottom": 1.9266634637741433, "mTauTow": 1489.119852838531, "mBottomTow": 8169.6241363261815, "Higgs": 142.0480703712147, "ThetaHiggs": 0.05776398970507843, "mNeutrino": 0.02416273205157741, "Triviality": 0, "ChiSquared": null, "LogL": null, "sin2ThW": null},"Point T5-936-27092019151135-GenNb2999": {"k": 136484.1180995932, "zL": 32.8295, "c0": 0.02, "c1": 0.24845574212608, "c2": -0.9728, "c0Prime": 0.5988620544, "Mu1": 10.519171663887496, "Mu11": 0.5893788275222304, "Mu11Prime": 0.5897234218683345, "Mu2Tilde": 4.4827320788012806, "mWpm": 74.4808672703983, "mTop": 177.04280603087605, "mZ0": 84.94504244444164, "mZprime": 15361.993530353959, "mPsiDark": 2964.6061804590304, "mTau": 1.2367999549900264, "mBottom": 5.2988436600777185, "mTauTow": 887.8274294821956, "mBottomTow": 4841.397645834974, "Higgs": 112.0334387070457, "ThetaHiggs": 0.08261640935100283,