{"Point T3-7-04092019222750-GenNb76": {"k": 97068.90231447201, "zL": 39.462630756799996, "c0": 0.29116876, "c1": 0.39848885394915584, "c2": -0.9088658034189725, "c0Prime": 0.6320040000000001, "Mu1": 13.820059032504213, "Mu11": 0.41848485330968244, "Mu11Prime": 0.7547331508497239, "Mu2Tilde": 2.1701425175299716, "mWpm": 82.41877955391307, "mTop": 192.66378615212756, "mZ0": 93.99819019305015, "mZprime": 9038.944681346067, "mPsiDark": 1574.2772783470075, "mTau": 1.7992169093603474, "mBottom": 4.17855973438688, "mTauTow": 553.2197302951324, "mBottomTow": 1945.754948224059, "Higgs": 97.91899366050751, "ThetaHiggs": 0.17046882490964815, "mNeutrino": 0.1200674059455805, "Triviality": 0, "ChiSquared": null, "LogL": null, "sin2ThW": null},"Point T3-279-05092019054043-GenNb373": {"k": 113870.6835027918, "zL": 37.7712, "c0": 0.2717, "c1": 0.055055771200000006, "c2": -1.14966, "c0Prime": 0.6361, "Mu1": 14.273512391192385, "Mu11": 0.16258253746508833, "Mu11Prime": 1.7742193826012247, "Mu2Tilde": 2.4035, "mWpm": 83.53499465619797, "mTop": 193.86817935956245, "mZ0": 95.27122772222515, "mZprime": 11092.596565576232, "mPsiDark": 1937.3273396657771, "mTau": 1.7905628493379195, "mBottom": 4.1386342156643945, "mTauTow": 372.3571379283094, "mBottomTow": 3400.6813394453425, "Higgs": 106.83399136222232, "ThetaHiggs": 0.13761004375720282, "mNeutrino": 0.10095865171507865, "Triviality": 0, "ChiSquared": null, "LogL": null, "sin2ThW": null},"Point T3-973-05092019074649-GenNb459": {"k": 93031.93094032397, "zL": 42.43489212, "c0": 0.22892243439999999, "c1": 0.15539781357495788, "c2": -0.9388442, "c0Prime": 0.5530430000000001, "Mu1": 9.682790392795164, "Mu11": 0.1689589922841251, "Mu11Prime": 0.471099900208, "Mu2Tilde": 0.958367457633997, "mWpm": 74.93774526736385, "mTop": 189.17911541601308, "mZ0": 85.46610942803724, "mZprime": 8041.479527433521, "mPsiDark": 1605.0260341490432, "mTau": 1.8080118189505319, "mBottom": 4.122400888997751, "mTauTow": 262.6465779496334, "mBottomTow": 2328.3329145997754, "Higgs": 118.96604950490217, "ThetaHiggs": 0.18060268278614156, "mNeutrino": 0.08839381198418614, "Triviality": 0, "ChiSquared": null, "LogL": null, "sin2ThW": null},"Point T3-821-05092019092856-GenNb529": {"k": 93031.93094032397, "zL": 42.43489212, "c0": 0.22892243439999999, "c1": 0.15539781357495788, "c2": -0.9388442, "c0Prime": 0.5530430000000001, "Mu1": 9.682790392795164, "Mu11": 0.17117365160674422, "Mu11Prime": 0.471099900208, "Mu2Tilde": 0.958367457633997, "mWpm": 74.98857666289817, "mTop": 189.30876733533023, "mZ0": 85.52408237074609, "mZprime": 8041.475183403898, "mPsiDark": 1605.0152042948291, "mTau": 1.8086547030758706, "mBottom": 4.179263271362789, "mTauTow": 262.73314155813233, "mBottomTow": 2328.339793964322, "Higgs": 119.02613591725358, "ThetaHiggs": 0.18072650176931004, "mNeutrino": 0.08851501304272849, "Triviality": 0, "ChiSquared": null, "LogL": null, "sin2ThW": null}}