{"Point T6-560-05092019041124-GenNb317": {"k": 162470.92457757617, "zL": 42.17299604, "c0": 0.14415063999999997, "c1": 0.14334956601830176, "c2": -0.7028433498409601, "c0Prime": 0.5964, "Mu1": 11.739110963446826, "Mu11": 0.2660483393537566, "Mu11Prime": 0.5107615128854159, "Mu2Tilde": 4.337061552656966, "mWpm": 71.31597709592337, "mTop": 186.50094217641077, "mZ0": 81.33550163140632, "mZprime": 14136.945025738563, "mPsiDark": 2610.11668839313, "mTau": 1.6329508715897636, "mBottom": 4.234052904465268, "mTauTow": 1676.3073975465463, "mBottomTow": 4682.2428803922485, "Higgs": 128.26983345123213, "ThetaHiggs": 0.09713309789051092, "mNeutrino": 0.051085495822007596, "Triviality": 0, "ChiSquared": null, "LogL": null, "sin2ThW": null},"Point T6-406-05092019041429-GenNb320": {"k": 140445.77523445315, "zL": 33.87921144, "c0": 0.07597080270400995, "c1": 0.10928251310463044, "c2": -0.8822084933414784, "c0Prime": 0.5624309576, "Mu1": 7.984132854043103, "Mu11": 0.20068883276762997, "Mu11Prime": 0.401604151174133, "Mu2Tilde": 2.3166586146548913, "mWpm": 75.92144357686787, "mTop": 182.0550966203749, "mZ0": 86.5880122430244, "mZprime": 15303.13661657421, "mPsiDark": 3131.3942953490455, "mTau": 1.8592563740910784, "mBottom": 4.175254187777061, "mTauTow": 792.4197185884185, "mBottomTow": 5330.759544439696, "Higgs": 120.27782194744653, "ThetaHiggs": 0.08584468420352061, "mNeutrino": 0.025397329595136218, "Triviality": 0, "ChiSquared": null, "LogL": null, "sin2ThW": null},"Point T6-925-05092019080322-GenNb480": {"k": 89831.1858276641, "zL": 41.172364463040964, "c0": 0.36300549443392, "c1": 0.3122277908426243, "c2": -0.5622043516544001, "c0Prime": 0.5362191963519999, "Mu1": 17.454802147775133, "Mu11": 0.3545042271404418, "Mu11Prime": 0.18023683466669488, "Mu2Tilde": 1.0194615088, "mWpm": 70.97547224004535, "mTop": 158.80803812987176, "mZ0": 80.94715761105422, "mZprime": 8009.143269299101, "mPsiDark": 1657.6501222593658, "mTau": 1.9787321444131514, "mBottom": 3.774631413786898, "mTauTow": 860.5113501161162, "mBottomTow": 1858.6279161794935, "Higgs": 121.84481017810495, "ThetaHiggs": 0.16912778744620843, "mNeutrino": 0.13644191161330443, "Triviality": 0, "ChiSquared": null, "LogL": null, "sin2ThW": null}}