{"Point T7-394-04092019222629-GenNb74": {"k": 223731.70705852006, "zL": 36.573335138400004, "c0": 0.150944954944, "c1": 0.2694533608656596, "c2": -0.7352689394750569, "c0Prime": 0.58960696, "Mu1": 11.892282181370497, "Mu11": 0.42675306419896913, "Mu11Prime": 0.3877616150693715, "Mu2Tilde": 2.883507117744916, "mWpm": 72.60630281842661, "mTop": 176.7266979296784, "mZ0": 82.80711141902161, "mZprime": 22533.319482259765, "mPsiDark": 4332.8122273748895, "mTau": 1.761577281815814, "mBottom": 4.486598836271998, "mTauTow": 2176.908401526065, "mBottomTow": 6512.508862916417, "Higgs": 126.15876887630932, "ThetaHiggs": 0.05783061430762484, "mNeutrino": 0.039675029885238, "Triviality": 0, "ChiSquared": null, "LogL": null, "sin2ThW": null}}