{"Point T0-470-05092019015926-GenNb218": {"k": 121627.59034956091, "zL": 36.57471311475378, "c0": 0.06696357441920002, "c1": 0.22112636168004512, "c2": -0.9065264738982399, "c0Prime": 0.52709196, "Mu1": 14.072506162181742, "Mu11": 0.47256819072515777, "Mu11Prime": 0.2838332759817425, "Mu2Tilde": 1.526128749012653, "mWpm": 72.57801604470062, "mTop": 181.00430356899597, "mZ0": 82.7748505004417, "mZprime": 12247.939098177947, "mPsiDark": 2630.71170717362, "mTau": 1.6209753901751351, "mBottom": 3.9103926934866315, "mTauTow": 412.64773829801413, "mBottomTow": 4001.719925754934, "Higgs": 126.53283919441901, "ThetaHiggs": 0.10648021582310353, "mNeutrino": 0.02610627831300935, "Triviality": 0, "ChiSquared": null, "LogL": null, "sin2ThW": null},"Point T0-93-05092019061603-GenNb394": {"k": 45414.89545958434, "zL": 32.62569796, "c0": 0.07012487969599998, "c1": 0.15829022668605824, "c2": -1.0333, "c0Prime": 0.5569791256, "Mu1": 11.621645102675407, "Mu11": 0.32044827735154274, "Mu11Prime": 0.6722261067924999, "Mu2Tilde": 1.5173217178736567, "mWpm": 80.80522875018434, "mTop": 192.48203279264587, "mZ0": 92.15794387836375, "mZprime": 5139.24870710905, "mPsiDark": 1059.094255845812, "mTau": 1.8011414149847227, "mBottom": 4.161590811109804, "mTauTow": 218.26387433301022, "mBottomTow": 1789.2693617232544, "Higgs": 95.2972663788521, "ThetaHiggs": 0.2696863260377892, "mNeutrino": 0.026365477238211078, "Triviality": 0, "ChiSquared": null, "LogL": null, "sin2ThW": null},"Point T0-175-05092019123724-GenNb669": {"k": 142997.15524128234, "zL": 37.504456, "c0": 0.06422888720000001, "c1": 0.2800782523425446, "c2": -1.0956372799999998, "c0Prime": 0.53587652, "Mu1": 14.310140435303543, "Mu11": 0.6126558977926042, "Mu11Prime": 0.8842236798088882, "Mu2Tilde": 2.2296821504099205, "mWpm": 72.1486258836437, "mTop": 182.1416381543258, "mZ0": 82.2851332509931, "mZprime": 14033.676593925004, "mPsiDark": 2957.667210139911, "mTau": 1.7857629403944766, "mBottom": 4.162635520924842, "mTauTow": 362.2925253571173, "mBottomTow": 4242.992106712781, "Higgs": 131.20551857056967, "ThetaHiggs": 0.09348015122034709, "mNeutrino": 0.02679404229340911, "Triviality": 0, "ChiSquared": null, "LogL": null, "sin2ThW": null},"Point T0-764-05092019125753-GenNb685": {"k": 121627.59034956091, "zL": 36.57471311475378, "c0": 0.06696357441920002, "c1": 0.22266108210286956, "c2": -0.9065264738982399, "c0Prime": 0.52709196, "Mu1": 14.072506162181742, "Mu11": 0.47256819072515777, "Mu11Prime": 0.2838332759817425, "Mu2Tilde": 1.526128749012653, "mWpm": 73.19158341879309, "mTop": 182.54017233172692, "mZ0": 83.47462090517655, "mZprime": 12247.905179694868, "mPsiDark": 2630.6324429225847, "mTau": 1.6323060844195083, "mBottom": 3.9258727927085704, "mTauTow": 413.26036394908084, "mBottomTow": 3994.005057863585, "Higgs": 127.37828854859573, "ThetaHiggs": 0.10738373819803321, "mNeutrino": 0.02655119512787395, "Triviality": 0, "ChiSquared": null, "LogL": null, "sin2ThW": null},"Point T0-36-05092019134653-GenNb721": {"k": 88914.08909963504, "zL": 45.08697143999999, "c0": 0.054373473599999965, "c1": 0.21078082151137667, "c2": -0.8496818535199998, "c0Prime": 0.49015000000000003, "Mu1": 9.952268917355035, "Mu11": 0.3576420905178699, "Mu11Prime": 0.3203856456352008, "Mu2Tilde": 1.3786485545010825, "mWpm": 68.02796104532511, "mTop": 188.9261872374793, "mZ0": 77.5855363958769, "mZprime": 7223.16456152865, "mPsiDark": 1601.2516435097073, "mTau": 1.7737164335822546, "mBottom": 4.20731427591393, "mTauTow": 270.48840899187024, "mBottomTow": 2304.7557780875327, "Higgs": 133.2979984209781, "ThetaHiggs": 0.18809270239437287, "mNeutrino": 0.03350386986880933, "Triviality": 0, "ChiSquared": null, "LogL": null, "sin2ThW": null}}