{"Point T1-845-04092019233329-GenNb125": {"k": 167050.69627099196, "zL": 31.488267999999998, "c0": 0.5989, "c1": 0.1011227735297395, "c2": -0.6909983891833601, "c0Prime": 0.5497920480808447, "Mu1": 14.370909871875078, "Mu11": 0.10744352590176409, "Mu11Prime": 0.0429, "Mu2Tilde": 0.13263516411308385, "mWpm": 81.51998511922467, "mTop": 122.59414096368816, "mZ0": 92.97311980650034, "mZprime": 19630.14140084487, "mPsiDark": 4159.0863349386655, "mTau": 1.5032571948272124, "mBottom": 3.8018298729294213, "mTauTow": 373.73807002945887, "mBottomTow": 3576.684959509303, "Higgs": 128.6717284406944, "ThetaHiggs": 0.0693287248959933, "mNeutrino": 0.2046452441886061, "Triviality": 0, "ChiSquared": null, "LogL": null, "sin2ThW": null},"Point T1-662-05092019011154-GenNb193": {"k": 31919.62470123589, "zL": 35.36133749827754, "c0": 0.29634361887999994, "c1": 0.1674494085612132, "c2": -0.5459858762720001, "c0Prime": 0.5151738469163362, "Mu1": 12.403598193118373, "Mu11": 0.19880730092251836, "Mu11Prime": 0.17934455664319998, "Mu2Tilde": 1.6849657499762347, "mWpm": 79.06621536862657, "mTop": 179.50745775630864, "mZ0": 90.17460814501914, "mZprime": 3319.6742318952415, "mPsiDark": 713.2654407880184, "mTau": 1.8042073370909144, "mBottom": 4.148127804287245, "mTauTow": 493.5816618841025, "mBottomTow": 930.2288754238522, "Higgs": 118.98251499235477, "ThetaHiggs": 0.43213560371245996, "mNeutrino": 0.09031822337700669, "Triviality": 0, "ChiSquared": null, "LogL": null, "sin2ThW": null},"Point T1-910-05092019065717-GenNb436": {"k": 311859.34752707806, "zL": 30.0203, "c0": 0.06758800000000001, "c1": 0.14328901228153798, "c2": -0.7332, "c0Prime": 0.55035576, "Mu1": 13.8972, "Mu11": 0.42867150111001834, "Mu11Prime": 0.2318, "Mu2Tilde": 2.1792, "mWpm": 73.79527832151054, "mTop": 167.01076165055997, "mZ0": 84.16313180756246, "mZprime": 38502.81630135899, "mPsiDark": 8221.31865188142, "mTau": 1.9132891213432544, "mBottom": 4.219487583245697, "mTauTow": 3012.0049708908505, "mBottomTow": 13840.362319998512, "Higgs": 126.14222439493051, "ThetaHiggs": 0.03125, "mNeutrino": 0.017822590007722384, "Triviality": 0, "ChiSquared": null, "LogL": null, "sin2ThW": null}}