{"Point T0-93-26072019142906": {"Lambda": 0.5230249325917751, "Kappa": 0.17895335662206335, "tanBeta": 9.814924490807163, "mBottom": 9.61862600099102, "ChiSquared": null, "LogL": null, "testCalc": 6.839281763230179, "extTest": {"res1": -78.9554348331549, "res2": 6233.96068969257}}}