{"Point T3-887-26072019142906": {"Lambda": 0.032732062122356916, "Kappa": 0.4265968874572753, "tanBeta": 9.878728409638388, "mBottom": 9.681153841445619, "ChiSquared": null, "LogL": null, "testCalc": 9.055883100201086, "extTest": {"res1": -72.04822637886805, "res2": 5190.946924340618}}}