{"Point T4-241-26072019142906": {"Lambda": 0.22067110950357738, "Kappa": 0.29689308970501666, "tanBeta": 9.96605451052721, "mBottom": 9.766733420316665, "ChiSquared": null, "LogL": null, "testCalc": 7.8909151645269135, "extTest": {"res1": -74.63179318160695, "res2": 5569.904553502154}}}