{"Point T6-753-26072019142906": {"Lambda": 0.9316059546429158, "Kappa": 0.29073245406883635, "tanBeta": 9.93565054481225, "mBottom": 9.736937533916004, "ChiSquared": null, "LogL": null, "testCalc": 8.624974487347778, "extTest": {"res1": -315.33697569768094, "res2": 99437.40824215981}}}