{"Point T5-141-26072019142905": {"Lambda": 0.44957456507714183, "Kappa": 0.6521439552038283, "tanBeta": 10.012007900403722, "mBottom": 9.811767742395647, "ChiSquared": null, "LogL": null, "testCalc": 11.637271592463385, "extTest": {"res1": -57.094516503795866, "res2": 3259.7838148022183}}}