{"Point T7-143-26072019142906": {"Lambda": 0.0483941654687508, "Kappa": 0.3697672097595848, "tanBeta": 10.022551136311675, "mBottom": 9.82210011358544, "ChiSquared": null, "LogL": null, "testCalc": 8.619402820390862, "extTest": {"res1": -47.59812421114104, "res2": 2265.581428419211}}}