{"Point T5-137-01102019160004": {"k": 87307.00517656, "zL": 39.324842, "c0": 0.0822, "c1": 0.173558, "c2": -0.5868466800000001, "c0Prime": 0.59398816, "Mu1": 11.072796000000002, "Mu11": 1.68029928, "Mu11Prime": 1.1667, "Mu2Tilde": 1.256686, "mWpm": 0.0007371627693991379, "mTop": 0.001895204234483917, "mZ0": 0.0008407303114199768, "mZprime": 8162.287794037676, "mPsiDark": 1536.140872289678, "mTau": 0.0002357378164581264, "mBottom": 0.000218948531314453, "mTauTow": 562.6122882527948, "mBottomTow": 2735.2781860974915, "Higgs": 121.83081728867009, "ThetaHiggs": 1.6783103560236157e-06, "mNeutrino": 3.3842239967465147e-12, "Triviality": 0, "HiggsTrilin": 0.0007977317379174765, "TopYukawa": -0.9913292142084272, "ChiSquared": null, "LogL": null, "sin2ThW": null, "CrossSect": 464.07536873135456, "Error": 3.367058520259869, "LambdaMax": null}, "Point T5-113-01102019155937": {"k": 43914.82023505852, "zL": 39.48395840470912, "c0": 0.24244054719999997, "c1": 0.43041438834879997, "c2": -0.962154, "c0Prime": 0.589, "Mu1": 10.9792945592, "Mu11": 0.4406, "Mu11Prime": 0.9193551776, "Mu2Tilde": 2.05144736, "mWpm": 73.47742443811678, "mTop": 180.2050948933569, "mZ0": 83.80062110373309, "mZprime": 4082.5240379370493, "mPsiDark": 762.9564138080984, "mTau": 1.6205929714603537, "mBottom": 4.010474861080113, "mTauTow": 238.24862349203454, "mBottomTow": 831.1708223360918, "Higgs": 77.6400003374738, "ThetaHiggs": 0.34100395535058997, "mNeutrino": 0.07829902794116847, "Triviality": 0, "HiggsTrilin": 8.890865851646131, "TopYukawa": 0.9342478677145363, "ChiSquared": null, "LogL": null, "sin2ThW": null, "CrossSect": 22.795516842192498, "Error": 0.15469441145832832, "LambdaMax": null}, "Point T5-257-01102019155911": {"k": 55392.21621030397, "zL": 35.53706357727671, "c0": 0.22623144442431997, "c1": 0.0763514168, "c2": -0.6687919770240002, "c0Prime": 0.62701027190528, "Mu1": 12.776320694820184, "Mu11": 0.26498109899573935, "Mu11Prime": 0.431966779481896, "Mu2Tilde": 2.2843089816, "mWpm": 63.83750052399255, "mTop": 148.73514068535127, "mZ0": 72.80633792663696, "mZprime": 5743.240967017002, "mPsiDark": 1031.3043253950095, "mTau": 2.1713838027059116, "mBottom": 4.708690392832253, "mTauTow": 658.8253879635042, "mBottomTow": 1848.341932252035, "Higgs": 74.95434906604545, "ThetaHiggs": 0.19776153973998178, "mNeutrino": 0.04153828319654019, "Triviality": 0, "HiggsTrilin": 11.195908473172018, "TopYukawa": 0.9720070533831664, "ChiSquared": null, "LogL": null, "sin2ThW": null, "CrossSect": 55.803910207227304, "Error": 0.40303129606647853, "LambdaMax": null}, "Point T5-778-01102019155844": {"k": 226866.7948478089, "zL": 37.103852306890886, "c0": 0.18673798953459836, "c1": 0.09902542452218348, "c2": -0.9422579999999998, "c0Prime": 0.5981, "Mu1": 12.983770173795056, "Mu11": 0.22214970942220527, "Mu11Prime": 0.7110242377711506, "Mu2Tilde": 2.451481780272, "mWpm": 75.53599260648306, "mTop": 182.31949150762594, "mZ0": 86.14840741242111, "mZprime": 22513.233448695122, "mPsiDark": 4249.56085405118, "mTau": 1.8004120233932095, "mBottom": 4.010961946866085, "mTauTow": 1156.35826503868, "mBottomTow": 7501.16302700128, "Higgs": 127.05795249192299, "ThetaHiggs": 0.06064382676600126, "mNeutrino": 0.05282304795233227, "Triviality": 0, "HiggsTrilin": 30.49570742545798, "TopYukawa": 0.9895068801065154, "ChiSquared": null, "LogL": null, "sin2ThW": null, "CrossSect": 14.235709868898363, "Error": 0.10112638687187792, "LambdaMax": null}, "Point T5-275-01102019155817": {"k": 123086.9163224848, "zL": 35.453718817249964, "c0": 0.08010430719999997, "c1": 0.12216034535817291, "c2": -0.59886, "c0Prime": 0.5246698224947199, "Mu1": 17.505505164347984, "Mu11": 0.48194925072492245, "Mu11Prime": 0.24302000000000004, "Mu2Tilde": 3.2376294702560005, "mWpm": 71.23233775697287, "mTop": 174.5255118623151, "mZ0": 81.24011139955817, "mZprime": 12798.417856178467, "mPsiDark": 2774.4403748408854, "mTau": 1.8267589869467034, "mBottom": 4.270650445829395, "mTauTow": 1710.4034567386022, "mBottomTow": 4715.327998890521, "Higgs": 127.83308759255625, "ThetaHiggs": 0.09848576305574731, "mNeutrino": 0.025149638247100668, "Triviality": 0, "HiggsTrilin": 32.90704290814399, "TopYukawa": 0.9865254270777953, "ChiSquared": null, "LogL": null, "sin2ThW": null, "CrossSect": 15.809894806110004, "Error": 0.11195873437893872, "LambdaMax": null}, "Point T5-852-01102019155749": {"k": 207646.2979, "zL": 34.13348644, "c0": 0.34077812, "c1": 0.0786, "c2": -0.7883572799999999, "c0Prime": 0.6785300000000001, "Mu1": 16.36470404, "Mu11": 0.7463335503999999, "Mu11Prime": 0.5685, "Mu2Tilde": 1.214968, "mWpm": 65.32534749909271, "mTop": 136.951611026775, "mZ0": 74.50321967738086, "mZprime": 22453.44825243908, "mPsiDark": 3706.1099884809464, "mTau": 2.7715419649462687, "mBottom": 13.106304311079622, "mTauTow": 1463.1156449507675, "mBottomTow": 6323.03737932248, "Higgs": 81.73247052856999, "ThetaHiggs": 0.050489232477347525, "mNeutrino": 0.0644126853555076, "Triviality": 0, "HiggsTrilin": 14.312596082728486, "TopYukawa": 0.9900659529222314, "ChiSquared": null, "LogL": null, "sin2ThW": null, "CrossSect": 75.01486323299152, "Error": 0.546002181403508, "LambdaMax": null}, "Point T5-500-01102019155722": {"k": 155582.94814998974, "zL": 37.537157909600005, "c0": 0.249, "c1": 0.17961212790228637, "c2": -0.5193, "c0Prime": 0.436, "Mu1": 17.1939, "Mu11": 0.779642632064, "Mu11Prime": 0.1789, "Mu2Tilde": 1.3778, "mWpm": 60.77954295990827, "mTop": 142.51076582019007, "mZ0": 69.31875320059713, "mZprime": 15255.921474095134, "mPsiDark": 3806.13238571408, "mTau": 2.1026236065362727, "mBottom": 7.913561353222609, "mTauTow": 1912.8221290538715, "mBottomTow": 4637.235833441252, "Higgs": 128.2205928228174, "ThetaHiggs": 0.07243396744543922, "mNeutrino": 0.04722214549328821, "Triviality": 0, "HiggsTrilin": 40.92849356486742, "TopYukawa": 0.9887297576487138, "ChiSquared": null, "LogL": null, "sin2ThW": null, "CrossSect": 28.385166666951267, "Error": 0.1790062516289093, "LambdaMax": null}, "Point T5-716-01102019155657": {"k": 143384.90468516177, "zL": 34.7798, "c0": 0.26480752, "c1": 0.02886127904703599, "c2": -0.8278078799999999, "c0Prime": 0.6513819999999999, "Mu1": 18.198316719934063, "Mu11": 0.3024474141279061, "Mu11Prime": 0.6872544944000001, "Mu2Tilde": 1.931636932672, "mWpm": 69.12549107240147, "mTop": 154.91771950554832, "mZ0": 78.83726369378263, "mZprime": 15207.143726283166, "mPsiDark": 2631.247349654993, "mTau": 2.4251529931808538, "mBottom": 4.990587118853793, "mTauTow": 1086.8581131346739, "mBottomTow": 4814.349648432128, "Higgs": 90.72857068310815, "ThetaHiggs": 0.07964953408246474, "mNeutrino": 0.0545351046921113, "Triviality": 0, "HiggsTrilin": 16.482123112239865, "TopYukawa": 0.9881863560760381, "ChiSquared": null, "LogL": null, "sin2ThW": null, "CrossSect": 41.55257738791996, "Error": 0.3016803258556359, "LambdaMax": null}, "Point T5-709-01102019155630": {"k": 243495.4316150989, "zL": 35.26369892213792, "c0": 0.22606199999999999, "c1": 0.2726328296845337, "c2": -0.829182, "c0Prime": 0.6385, "Mu1": 17.338758899783333, "Mu11": 0.5062259749702699, "Mu11Prime": 0.5919662136, "Mu2Tilde": 2.6477880832, "mWpm": 77.14934690414015, "mTop": 178.11153836619857, "mZ0": 87.98842961295303, "mZprime": 25461.33440443968, "mPsiDark": 4502.629735984299, "mTau": 1.8882791164567587, "mBottom": 4.538529263990524, "mTauTow": 2051.8535123927077, "mBottomTow": 7330.265986241682, "Higgs": 117.94613771049549, "ThetaHiggs": 0.05342388710982712, "mNeutrino": 0.0588452424998145, "Triviality": 0, "HiggsTrilin": 25.470046547526238, "TopYukawa": 0.9899148684882426, "ChiSquared": null, "LogL": null, "sin2ThW": null, "CrossSect": 17.898868157384715, "Error": 0.1275012838640172, "LambdaMax": null}, "Point T5-942-01102019155604": {"k": 105661.23320910745, "zL": 34.7798, "c0": 0.25550012391648, "c1": 0.042634538007181935, "c2": -0.8278078799999999, "c0Prime": 0.6486537080000001, "Mu1": 19.517800608936003, "Mu11": 0.24762367605012736, "Mu11Prime": 0.5020089177950144, "Mu2Tilde": 2.097133290966963,