{"Point T1-35-28082019085127-GenNb13": {"x": 1.2504650676120381, "y": 2.143934204081966, "fAckley": 7.278434195346243, "ChiSquared": null}, "Point T1-397-28082019085129-GenNb14": {"x": 1.906796693284731, "y": -0.15711800207488047, "fAckley": 5.461371608494485, "ChiSquared": null}, "Point T1-509-28082019085127-GenNb13": {"x": -0.5170295917395855, "y": 0.3118737717920008, "fAckley": 3.8519729029938756, "ChiSquared": null}, "Point T1-544-28082019085125-GenNb11": {"x": 0.11746266600386335, "y": -2.1349336949925943, "fAckley": 5.9219896900034605, "ChiSquared": null}, "Point T1-832-28082019085129-GenNb14": {"x": -1.0838903525339123, "y": -1.1935148119299006, "fAckley": 4.9629870436871535, "ChiSquared": null}, "Point T1-391-28082019085124-GenNb10": {"x": 1.1496852057856284, "y": -4.388488277008001, "fAckley": 11.272777049945597, "ChiSquared": null}, "Point T1-217-28082019085129-GenNb14": {"x": 0.24037493787575032, "y": -0.6067879653827186, "fAckley": 3.7849579550917487, "ChiSquared": null}, "Point T1-475-28082019085124-GenNb10": {"x": 1.6036852970305489, "y": -0.3519880015907202, "fAckley": 6.364117730549037, "ChiSquared": null}, "Point T1-570-28082019085129-GenNb14": {"x": -0.11075808439307444, "y": 0.11184422691812701, "fAckley": 1.008994255816877, "ChiSquared": null}, "Point T1-941-28082019085126-GenNb11": {"x": -1.029675951419019, "y": -1.986010155855404, "fAckley": 5.45284485975737, "ChiSquared": null}}