{"Point T7-362-28082019085141-GenNb25": {"x": -0.10620692489351924, "y": -1.1286389784653945, "fAckley": 3.5888392821703907, "ChiSquared": null}, "Point T7-919-28082019085139-GenNb23": {"x": 0.24253806601385097, "y": -0.18855589897646774, "fAckley": 2.3328127381528074, "ChiSquared": null}, "Point T7-333-28082019085138-GenNb22": {"x": 0.2719769120780858, "y": 0.1504296875916819, "fAckley": 2.327293374412488, "ChiSquared": null}, "Point T7-883-28082019085142-GenNb26": {"x": -0.2975023017920245, "y": -0.05666215496889121, "fAckley": 2.177427946158876, "ChiSquared": null}, "Point T7-519-28082019085142-GenNb26": {"x": -0.5380853516026448, "y": -0.21161479422583873, "fAckley": 3.595328580453256, "ChiSquared": null}, "Point T7-987-28082019085141-GenNb25": {"x": -0.021318517660221303, "y": 0.810227114851158, "fAckley": 2.9098734382671094, "ChiSquared": null}, "Point T7-286-28082019085142-GenNb26": {"x": 0.02134578582896063, "y": 0.04851529829832768, "fAckley": 0.22319988160140314, "ChiSquared": null}, "Point T7-373-28082019085143-GenNb26": {"x": -0.8610890016387072, "y": -0.03797013698161808, "fAckley": 2.7718756267331206, "ChiSquared": null}, "Point T7-193-28082019085143-GenNb26": {"x": 0.10493643109279219, "y": 0.18686582783603978, "fAckley": 1.5142897537921631, "ChiSquared": null}, "Point T7-980-28082019085140-GenNb23": {"x": -0.9257318857132252, "y": 0.14375738604800326, "fAckley": 3.0701108745650534, "ChiSquared": null}}