{"Point T0-980-28082019085133-GenNb19": {"x": -1.2507203784921392, "y": -0.9365672647406216, "fAckley": 5.101745370713342, "ChiSquared": null}, "Point T0-995-28082019085133-GenNb19": {"x": -0.14359542551104, "y": 0.09076706856261252, "fAckley": 1.1163087136037046, "ChiSquared": null}, "Point T0-111-28082019085129-GenNb15": {"x": -1.9421338822009577, "y": -0.08941838115199896, "fAckley": 5.089845797845104, "ChiSquared": null}, "Point T0-568-28082019085133-GenNb18": {"x": 0.8871233818043269, "y": 1.7903366496960016, "fAckley": 5.984747596866473, "ChiSquared": null}, "Point T0-142-28082019085117-GenNb6": {"x": 0.3196644799999995, "y": 0.32755000000000045, "fAckley": 3.331642729730803, "ChiSquared": null}, "Point T0-360-28082019085122-GenNb9": {"x": -1.042864653855999, "y": 0.9095883600000017, "fAckley": 3.805008095215261, "ChiSquared": null}, "Point T0-177-28082019085123-GenNb10": {"x": 2.9849, "y": -1.0069171055999995, "fAckley": 7.197306354319517, "ChiSquared": null}, "Point T0-859-28082019085133-GenNb18": {"x": 1.926108377792307, "y": -0.7487628303123194, "fAckley": 6.228999933616844, "ChiSquared": null}, "Point T0-895-28082019085132-GenNb17": {"x": 0.3196644799999995, "y": 1.5681883203596807, "fAckley": 6.255902121618249, "ChiSquared": null}, "Point T0-499-28082019085130-GenNb15": {"x": 0.4333214587396752, "y": -0.08941838115199896, "fAckley": 2.96443296302304, "ChiSquared": null}}