{"Point T2-426-28082019085140-GenNb24": {"x": -0.9338676043724428, "y": -0.9704043430825604, "fAckley": 3.6040488253957155, "ChiSquared": null}, "Point T2-784-28082019085140-GenNb24": {"x": -0.9382725064486879, "y": 1.4480587630657158, "fAckley": 6.059492731731673, "ChiSquared": null}, "Point T2-584-28082019085141-GenNb24": {"x": -0.9544042245014241, "y": 0.13638697521182652, "fAckley": 3.0262731217855117, "ChiSquared": null}, "Point T2-542-28082019085139-GenNb23": {"x": -0.9781038070175574, "y": 1.065093493776, "fAckley": 3.821098669012724, "ChiSquared": null}, "Point T2-508-28082019085139-GenNb23": {"x": -0.24282309422717244, "y": -0.5933416913127745, "fAckley": 3.7774132329766528, "ChiSquared": null}, "Point T2-126-28082019085134-GenNb19": {"x": -0.942308582610034, "y": -0.9948283183839997, "fAckley": 3.61089219092861, "ChiSquared": null}, "Point T2-450-28082019085141-GenNb24": {"x": 0.23998282241528587, "y": 0.1706465447836858, "fAckley": 2.2233845056251806, "ChiSquared": null}, "Point T2-201-28082019085137-GenNb21": {"x": -0.25325378494753736, "y": 0.9480281197237563, "fAckley": 3.7203675686509787, "ChiSquared": null}, "Point T2-502-28082019085141-GenNb24": {"x": 0.11767035721108078, "y": 0.10819671721725976, "fAckley": 1.030700742516434, "ChiSquared": null}, "Point T2-528-28082019085137-GenNb21": {"x": -0.953661809967957, "y": -0.21792777982527944, "fAckley": 3.517998558168355, "ChiSquared": null}}