{"Point T6-242-28082019085136-GenNb20": {"x": -0.9848335583140723, "y": 0.9349013828142523, "fAckley": 3.6102443526420243, "ChiSquared": null}, "Point T6-573-28082019085132-GenNb17": {"x": 0.8160651257751166, "y": 0.05804999999999971, "fAckley": 2.951651454821054, "ChiSquared": null}, "Point T6-16-28082019085135-GenNb19": {"x": -0.039884526217084715, "y": 0.6667381402880008, "fAckley": 3.2566186878567724, "ChiSquared": null}, "Point T6-584-28082019085138-GenNb22": {"x": -0.09481353635517992, "y": 0.16423088131200153, "fAckley": 1.2923721525637935, "ChiSquared": null}, "Point T6-693-28082019085135-GenNb19": {"x": 0.013186250150854173, "y": 1.10632467105121, "fAckley": 3.1780482719144456, "ChiSquared": null}, "Point T6-828-28082019085127-GenNb13": {"x": -0.05978682395234025, "y": -1.3826853597119975, "fAckley": 5.173919457517446, "ChiSquared": null}, "Point T6-664-28082019085139-GenNb22": {"x": -0.3027094408024872, "y": 0.5575497467196802, "fAckley": 3.9021015825952614, "ChiSquared": null}, "Point T6-787-28082019085137-GenNb20": {"x": -0.10221340573792348, "y": 0.8464113647401167, "fAckley": 3.0060555857385194, "ChiSquared": null}, "Point T6-99-28082019085138-GenNb21": {"x": -0.08548860058097507, "y": 0.995708039390077, "fAckley": 2.821265217389961, "ChiSquared": null}, "Point T6-877-28082019085133-GenNb17": {"x": -0.09205243790794593, "y": 0.31778225490448114, "fAckley": 2.3962192617706113, "ChiSquared": null}}