{"Point T4-142-28082019085129-GenNb15": {"x": -0.3013705019337646, "y": -0.03533986307247261, "fAckley": 2.1686188575114334, "ChiSquared": null}, "Point T4-829-28082019085129-GenNb15": {"x": -0.9892653929876858, "y": 0.21442300452660795, "fAckley": 3.5459483536587055, "ChiSquared": null}, "Point T4-49-28082019085128-GenNb14": {"x": 0.7418904329035385, "y": 0.12126880475335622, "fAckley": 3.335664398110208, "ChiSquared": null}, "Point T4-159-28082019085129-GenNb15": {"x": 0.0359897543957486, "y": -0.9637095169699451, "fAckley": 2.618745419274156, "ChiSquared": null}, "Point T4-673-28082019085128-GenNb14": {"x": 0.9059968078142964, "y": 6.606839103792002, "fAckley": 13.905779065906257, "ChiSquared": null}, "Point T4-942-28082019085126-GenNb12": {"x": 0.8889260162796728, "y": -0.08825501062150598, "fAckley": 2.848018343020421, "ChiSquared": null}, "Point T4-510-28082019085124-GenNb10": {"x": -0.8115264570713621, "y": 0.20130109780799987, "fAckley": 3.5449962629669156, "ChiSquared": null}, "Point T4-857-28082019085121-GenNb8": {"x": 0.13303323942399725, "y": -0.8781117449088764, "fAckley": 3.0739062233142715, "ChiSquared": null}, "Point T4-599-28082019085125-GenNb11": {"x": -0.1230221864000014, "y": -1.3367147981635945, "fAckley": 5.072615082088657, "ChiSquared": null}, "Point T4-45-28082019085130-GenNb15": {"x": 1.6813319970104492, "y": 0.896154208799997, "fAckley": 6.235114418347781, "ChiSquared": null}}