{"Point T5-411-28082019085125-GenNb12": {"x": 0.2975453960857431, "y": 0.8411821414411496, "fAckley": 3.957343824577603, "ChiSquared": null}, "Point T5-208-28082019085125-GenNb12": {"x": 0.4855066561266185, "y": -2.028422860160003, "fAckley": 6.832991193643899, "ChiSquared": null}, "Point T5-881-28082019085126-GenNb13": {"x": 0.9206118886648438, "y": 0.13511987218419086, "fAckley": 3.0256797356117002, "ChiSquared": null}, "Point T5-601-28082019085126-GenNb13": {"x": 1.8567708879814369, "y": -0.6699647950603322, "fAckley": 6.517515169213976, "ChiSquared": null}, "Point T5-743-28082019085125-GenNb12": {"x": 2.0014792399999983, "y": -1.243613173495044, "fAckley": 6.704247394618886, "ChiSquared": null}, "Point T5-810-28082019085124-GenNb11": {"x": -2.4395986238560017, "y": -0.24292910114536986, "fAckley": 7.935572369641941, "ChiSquared": null}, "Point T5-38-28082019085126-GenNb13": {"x": -0.15582970741304103, "y": 0.01186201992556063, "fAckley": 0.9794488208678556, "ChiSquared": null}, "Point T5-165-28082019085121-GenNb9": {"x": 1.2838258380915182, "y": -0.17700381728000214, "fAckley": 4.9446632201396845, "ChiSquared": null}, "Point T5-276-28082019085126-GenNb13": {"x": -0.1521354184000021, "y": -0.8374553050307871, "fAckley": 3.253973599413826, "ChiSquared": null}, "Point T5-851-28082019085126-GenNb13": {"x": -0.6294809526726379, "y": 1.3922816827510762, "fAckley": 6.1246418275739245, "ChiSquared": null}}