{"Point T3-342-29072019090648": {"Lambda": 1.3976805198991191, "Kappa": 0.15841003392930955, "tanBeta": 4.251086432153462, "mBottom": 4.166064703510393, "ChiSquared": null, "LogL": 2.2324336635483895, "testCalc": 4.709957933414525, "extTest": {"res1": 87.02049238546057, "res2": 7572.566095008001}}}