{"Point T6-108-29072019090653": {"Lambda": 1.4612293216145738, "Kappa": 0.07925008807043675, "tanBeta": 4.300486187997631, "mBottom": 4.214476464237678, "ChiSquared": null, "LogL": 1.9264539410626507, "testCalc": 4.583243271609535, "extTest": {"res1": -149.92912278426883, "res2": 22478.741858860358}}}