{"Point T1-693-29072019090653": {"Lambda": 0.8298697909663855, "Kappa": 0.48824331129535464, "tanBeta": 4.169086013296244, "mBottom": 4.085704293030319, "ChiSquared": null, "LogL": -0.44371644865427307, "testCalc": 4.7670643766806595, "extTest": {"res1": -7.886984949762693, "res2": 62.20453159778324}}}