{"Point T2-775-29072019090649": {"Lambda": 0.5793222364535081, "Kappa": 0.4299239663581681, "tanBeta": 4.1606770712764165, "mBottom": 4.077463529850888, "ChiSquared": null, "LogL": -0.9428079433397185, "testCalc": 4.163120807793582, "extTest": {"res1": -8.695687101121756, "res2": 75.61497416061529}}}