{"Point T7-312-29072019090650": {"Lambda": 0.9099960290755255, "Kappa": 0.04206841136178683, "tanBeta": 4.299533538012018, "mBottom": 4.213542867251778, "ChiSquared": null, "LogL": 1.945993215789256, "testCalc": 3.115738752100002, "extTest": {"res1": -154.08156193200855, "res2": 23741.127727407387}}}