{"Point T0-603-29072019090651": {"Lambda": 1.3741484817996998, "Kappa": 0.4863476538117365, "tanBeta": 4.175661426604987, "mBottom": 4.092148198072887, "ChiSquared": null, "LogL": -0.0825652944785058, "testCalc": 5.965181287010367, "extTest": {"res1": -5.673663550599372, "res2": 32.19045808539987}}}