{"Point T5-55-29072019090649": {"Lambda": 0.12685706539113228, "Kappa": 0.1037355005848721, "tanBeta": 4.223080224836277, "mBottom": 4.138618620339551, "ChiSquared": null, "LogL": 1.7652871729794946, "testCalc": 2.523485366342891, "extTest": {"res1": 87.39830854350595, "res2": 7638.464336265864}}}