{"Point T4-597-29072019090648": {"Lambda": 0.9449849114915042, "Kappa": 0.538562535169438, "tanBeta": 4.2423010203274485, "mBottom": 4.157454999920899, "ChiSquared": null, "LogL": 2.1357922665288886, "testCalc": 5.2564683753665, "extTest": {"res1": 87.78188243629198, "res2": 7705.658884058987}}}