{"Point T1-793-19082019090453": {"mWpm": 5068.317648645362, "mTop": 4559.42675884295, "mZ0": 5780.389965426763, "mZprime": 8256.374518471004, "mPsiDark": 2352.9710606280555, "mTau": 4416.619012442681, "mBottom": 0.06873451690409617, "Higgs": 