{"Point T5-517-13092019142626-GenNb0": {"x": 0.01222496138169582, "y": -5.500030960238706, "fAckley": 12.531661026911985, "ChiSquared": null},"Point T5-179-13092019142627-GenNb0": {"x": 1.5127, "y": 3.7389061662559344, "fAckley": 10.825566059377314, "ChiSquared": null},"Point T5-46-13092019142627-GenNb1": {"x": -8.375107193974802, "y": 11.437, "fAckley": 19.58176953137939, "ChiSquared": null},"Point T5-806-13092019142627-GenNb1": {"x": -29.0158, "y": 1.3741014066773012, "fAckley": 21.23230600208698, "ChiSquared": null},"Point T5-895-13092019142628-GenNb1": {"x": -3.992880776350489, "y": 9.4222, "fAckley": 16.95399500804807, "ChiSquared": null},"Point T5-445-13092019142628-GenNb1": {"x": -9.5642, "y": 3.042011980836424, "fAckley": 16.857785946136293, "ChiSquared": null},"Point T5-299-13092019142629-GenNb2": {"x": 6.3562, "y": -9.220626193464712, "fAckley": 17.81001294473444, "ChiSquared": null},"Point T5-521-13092019142631-GenNb3": {"x": 3.4257197282944247, "y": 4.809702328208916, "fAckley": 13.273089780602529, "ChiSquared": null},"Point T5-319-13092019142631-GenNb4": {"x": -4.0265376765209515, "y": -2.4498568523401194, "fAckley": 11.430963244970131, "ChiSquared": null},"Point T5-286-13092019142632-GenNb5": {"x": -7.85838680642708, "y": 2.740765208409881, "fAckley": 15.223401345245598, "ChiSquared": null},"Point T5-445-13092019142632-GenNb5": {"x": 1.0665821236002935, "y": -5.162954601550239, "fAckley": 11.18090472606442, "ChiSquared": null},"Point T5-185-13092019142633-GenNb6": {"x": -0.4099587581248185, "y": 0.20201050505718499, "fAckley": 3.209430207457903, "ChiSquared": null},"Point T5-292-13092019142633-GenNb6": {"x": -3.992880776350489, "y": 0.7716562951479082, "fAckley": 9.702069151334069, "ChiSquared": null},"Point T5-846-13092019142634-GenNb7": {"x": 1.7563485516866746, "y": 7.639289665533148, "fAckley": 15.377043815757567, "ChiSquared": null},"Point T5-534-13092019142634-GenNb7": {"x": 2.0435872152997585, "y": 4.3060592565844535, "fAckley": 11.16377478668617, "ChiSquared": null},"Point T5-424-13092019142635-GenNb7": {"x": -0.38643100632361826, "y": 0.20201050505718499, "fAckley": 3.119440081416887, "ChiSquared": null},"Point T5-78-13092019142635-GenNb7": {"x": -3.992880776350489, "y": -1.0827043138278323, "fAckley": 9.033556090119202, "ChiSquared": null},"Point T5-374-13092019142635-GenNb8": {"x": -4.312953529411159, "y": -1.2422191668974005, "fAckley": 11.271639387038674, "ChiSquared": null},"Point T5-547-13092019142636-GenNb8": {"x": 2.0435872152997585, "y": -2.7967737480452453, "fAckley": 8.593554400426193, "ChiSquared": null},"Point T5-470-13092019142636-GenNb8": {"x": 0.1673851702670543, "y": -1.0827043138278323, "fAckley": 3.61098255723703, "ChiSquared": null},"Point T5-75-13092019142636-GenNb8": {"x": 1.509355233788367, "y": 2.44910246502098, "fAckley": 9.025720870914169, "ChiSquared": null},"Point T5-854-13092019142637-GenNb9": {"x": -0.10932615601229845, "y": 2.032313770464683, "fAckley": 5.3183990865598325, "ChiSquared": null},"Point T5-8-13092019142637-GenNb9": {"x": 2.2536990098693623, "y": -3.2501066767651245, "fAckley": 10.29829686225927, "ChiSquared": null},"Point T5-577-13092019142638-GenNb10": {"x": -0.36645475976265973, "y": -3.1296402728018933, "fAckley": 8.900695436766725, "ChiSquared": null},"Point T5-989-13092019142638-GenNb10": {"x": 3.214344226714171, "y": 1.7289317952738705, "fAckley": 9.736041628717214, "ChiSquared": null},"Point T5-284-13092019142639-GenNb11": {"x": 0.01222496138169582, "y": 0.31060463501020397, "fAckley": 2.211330267096536, "ChiSquared": null},"Point T5-672-13092019142640-GenNb11": {"x": 1.7045282701366895, "y": -0.5738561925251204, "fAckley": 6.654479666099874, "ChiSquared": null},"Point T5-823-13092019142640-GenNb11": {"x": 3.214344226714171, "y": -0.4258088398989637, "fAckley": 9.359334932094482, "ChiSquared": null},"Point T5-729-13092019142640-GenNb11": {"x": 1.7838040616686843, "y": -2.172438751698399, "fAckley": 7.874409524208669, "ChiSquared": null},"Point T5-912-13092019142640-GenNb11": {"x": 0.13522269203299242, "y": -1.0444932137670495, "fAckley": 3.2364498522038194, "ChiSquared": null}}