{"Point T2-156-13092019142626-GenNb0": {"x": 18.4098, "y": -18.18159403674704, "fAckley": 21.39545610531572, "ChiSquared": null},"Point T2-972-13092019142627-GenNb0": {"x": -2.2183472643930777, "y": -20.7294, "fAckley": 20.63488323273698, "ChiSquared": null},"Point T2-781-13092019142627-GenNb0": {"x": -8.33065773116266, "y": 18.254277891717564, "fAckley": 20.77299603110911, "ChiSquared": null},"Point T2-658-13092019142627-GenNb0": {"x": 46.29160908273492, "y": 32.929724952910476, "fAckley": 21.330793866843273, "ChiSquared": null},"Point T2-219-13092019142627-GenNb0": {"x": 9.326692417392806, "y": 13.042750837000206, "fAckley": 19.362598268811904, "ChiSquared": null},"Point T2-489-13092019142627-GenNb1": {"x": 18.379449360180008, "y": 14.7756, "fAckley": 21.25265977232333, "ChiSquared": null},"Point T2-120-13092019142629-GenNb2": {"x": 18.4098, "y": 11.423064923827802, "fAckley": 21.36303225202471, "ChiSquared": null},"Point T2-801-13092019142629-GenNb2": {"x": 18.82367735133351, "y": 0.33037642177110627, "fAckley": 20.34123738651057, "ChiSquared": null},"Point T2-456-13092019142629-GenNb2": {"x": 7.9081, "y": -2.1251863581060277, "fAckley": 14.272094059707378, "ChiSquared": null},"Point T2-792-13092019142629-GenNb2": {"x": -28.032815431290594, "y": 9.078993263922136, "fAckley": 19.876189219972538, "ChiSquared": null},"Point T2-672-13092019142629-GenNb2": {"x": 3.7759420740923204, "y": 6.486423364176751, "fAckley": 15.140057842025321, "ChiSquared": null},"Point T2-274-13092019142630-GenNb3": {"x": 2.9630987758396525, "y": -7.88830296746914, "fAckley": 14.260849959992001, "ChiSquared": null},"Point T2-320-13092019142631-GenNb4": {"x": -8.9404, "y": -2.2309075204043247, "fAckley": 15.593918746734838, "ChiSquared": null},"Point T2-133-13092019142631-GenNb4": {"x": 17.89412999779895, "y": 3.8051668086069563, "fAckley": 19.457282042018363, "ChiSquared": null},"Point T2-14-13092019142632-GenNb5": {"x": 5.837359264527571, "y": 0.7153289196014597, "fAckley": 12.847028877819241, "ChiSquared": null},"Point T2-420-13092019142632-GenNb5": {"x": -10.271470688638406, "y": 3.8051668086069563, "fAckley": 17.361350340126393, "ChiSquared": null},"Point T2-900-13092019142632-GenNb5": {"x": 8.383730071748134, "y": 5.493317032990431, "fAckley": 17.453708082283075, "ChiSquared": null},"Point T2-435-13092019142633-GenNb6": {"x": 18.4098, "y": 18.138976378694185, "fAckley": 21.296785376241967, "ChiSquared": null},"Point T2-540-13092019142633-GenNb6": {"x": -4.418868985108273, "y": -2.1284441705400186, "fAckley": 11.809814405637098, "ChiSquared": null},"Point T2-691-13092019142633-GenNb6": {"x": -7.571407568991703, "y": 6.4129, "fAckley": 17.38637818302276, "ChiSquared": null},"Point T2-699-13092019142633-GenNb6": {"x": 1.8581990244050184, "y": 4.537428698899295, "fAckley": 11.878892552945857, "ChiSquared": null},"Point T2-200-13092019142634-GenNb6": {"x": 5.799643822996398, "y": -0.6742049350418295, "fAckley": 13.03283755911956, "ChiSquared": null},"Point T2-91-13092019142634-GenNb6": {"x": 6.6205344888497235, "y": 2.775062739383689, "fAckley": 14.719673067458174, "ChiSquared": null},"Point T2-654-13092019142634-GenNb7": {"x": 6.3688199224993625, "y": 18.138976378694185, "fAckley": 20.417370067561624, "ChiSquared": null},"Point T2-987-13092019142634-GenNb7": {"x": 5.315265893451686, "y": 1.8778488713160635, "fAckley": 12.53264838693949, "ChiSquared": null},"Point T2-131-13092019142635-GenNb7": {"x": 6.6205344888497235, "y": -2.157914395397211, "fAckley": 14.333726306266103, "ChiSquared": null},"Point T2-348-13092019142635-GenNb8": {"x": 3.9501575195195784, "y": 18.352105362001442, "fAckley": 20.119061721495303, "ChiSquared": null},"Point T2-375-13092019142635-GenNb8": {"x": -4.418868985108273, "y": -1.095563554525345, "fAckley": 11.236483648141672, "ChiSquared": null},"Point T2-279-13092019142636-GenNb8": {"x": 7.035943272923602, "y": -2.157914395397211, "fAckley": 13.514867353521698, "ChiSquared": null},"Point T2-219-13092019142636-GenNb9": {"x": 6.675665325816579, "y": -1.127699299612297, "fAckley": 13.910748327008989, "ChiSquared": null},"Point T2-3-13092019142636-GenNb9": {"x": 6.375364807980775, "y": 6.4129, "fAckley": 16.693244025348402, "ChiSquared": null},"Point T2-208-13092019142637-GenNb9": {"x": 2.9630987758396525, "y": 0.11487272466815224, "fAckley": 7.201184713540144, "ChiSquared": null},"Point T2-529-13092019142637-GenNb9": {"x": 4.574342483363525, "y": 3.4324664388143287, "fAckley": 13.404560641433822, "ChiSquared": null},"Point T2-846-13092019142638-GenNb10": {"x": 1.5809758861586012, "y": 6.4129, "fAckley": 14.437672335343812, "ChiSquared": null},"Point T2-587-13092019142638-GenNb10": {"x": 5.379267986107501, "y": -2.1251863581060277, "fAckley": 12.90138170368427, "ChiSquared": null},"Point T2-125-13092019142638-GenNb10": {"x": 5.799643822996398, "y": -2.0896507989357356, "fAckley": 12.575136281452595, "ChiSquared": null},"Point T2-56-13092019142639-GenNb11": {"x": 1.869001356712746, "y": -1.127699299612297, "fAckley": 6.04159197050058, "ChiSquared": null},"Point T2-762-13092019142639-GenNb11": {"x": -3.575151191624297, "y": -1.095563554525345, "fAckley": 9.964372002333093, "ChiSquared": null},"Point T2-368-13092019142639-GenNb11": {"x": -3.1788671675343294, "y": -2.6904013774273885, "fAckley": 10.586382356306935, "ChiSquared": null},"Point T2-778-13092019142639-GenNb11": {"x": -0.9033184033284676, "y": 0.11487272466815224, "fAckley": 2.9405773891200266, "ChiSquared": null},"Point T2-826-13092019142640-GenNb11": {"x": 3.73396075143576, "y": 3.4324664388143287, "fAckley": 12.353763103154588, "ChiSquared": null},"Point T2-614-13092019142640-GenNb12": {"x": -5.028118299463272, "y": -0.9656492272213613, "fAckley": 10.356757328691899, "ChiSquared": null},"Point T2-528-13092019142640-GenNb12": {"x": -3.652628829439619, "y": 0.6213092693651387, "fAckley": 10.352435891610202, "ChiSquared": null},"Point T2-193-13092019142641-GenNb12": {"x": -2.646280875009684, "y": -2.157914395397211, "fAckley": 9.407795150471056, "ChiSquared": null},"Point T2-519-13092019142641-GenNb13": {"x": -2.9652153016065537, "y": 1.155701479233056, "fAckley": 7.812621099602833, "ChiSquared": null},"Point T2-848-13092019142642-GenNb13": {"x": -3.378705838417341, "y": 0.6213092693651387, "fAckley": 9.929462833448223, "ChiSquared": null},"Point T2-47-13092019142642-GenNb13": {"x": -0.6716917185718767, "y": -2.157914395397211, "fAckley": 7.151826058769629, "ChiSquared": null},"Point T2-586-13092019142642-GenNb13": {"x": -0.7908072166940574, "y": 1.3386109690185548, "fAckley": 5.794298014250149, "ChiSquared": null},"Point T2-197-13092019142642-GenNb14": {"x": 1.869001356712746, "y": 0.056379807909095137, "fAckley": 5.120007336947861, "ChiSquared": null},"Point T2-264-13092019142643-GenNb14": {"x": -2.9652153016065537, "y": 0.9254321454813343, "fAckley": 7.283210091372288, "ChiSquared": null},"Point T2-963-13092019142643-GenNb14": {"x": -1.3671543693159007, "y": 0.6213092693651387, "fAckley": 6.047139496558064, "ChiSquared": null},"Point T2-139-13092019142643-GenNb14": {"x": -0.2566253680671915, "y": -2.1251863581060277, "fAckley": 6.548097198655665, "ChiSquared": null},"Point T2-463-13092019142644-GenNb15": {"x": 0.9786005777766098, "y": 0.6213092693651387, "fAckley": 4.599086901286398, "ChiSquared": null},"Point T2-327-13092019142645-GenNb15": {"x": 2.634184361521167, "y": -2.3395934798214273, "fAckley": 10.017277900167922, "ChiSquared": null},"Point T2-513-13092019142645-GenNb15": {"x": -3.85468279715477, "y": -2.0896507989357356, "fAckley": 9.88850192054078, "ChiSquared": null},"Point T2-198-13092019142645-GenNb16": {"x": 0.6561107000131008, "y": -1.095563554525345, "fAckley": 4.8789833968339735, "ChiSquared": null},"Point T2-147-13092019142646-GenNb16": {"x": -2.5007989916457527, "y": -2.0896507989357356, "fAckley": 9.178081780905556, "ChiSquared": null},"Point T2-292-13092019142646-GenNb16": {"x": -0.7908072166940574, "y": -1.2636061483644219, "fAckley": 5.432004059032579,