{"Point T7-723-13092019142626-GenNb0": {"x": 14.801632306065109, "y": 8.61869206276878, "fAckley": 20.131603930127646, "ChiSquared": null},"Point T7-92-13092019142626-GenNb0": {"x": 9.4351, "y": -5.501526008421125, "fAckley": 18.06701051288237, "ChiSquared": null},"Point T7-235-13092019142627-GenNb0": {"x": 15.86129943618924, "y": -0.22978820218386353, "fAckley": 19.12638837937139, "ChiSquared": null},"Point T7-675-13092019142627-GenNb1": {"x": -5.106808190618825, "y": -14.3251, "fAckley": 19.211801428175143, "ChiSquared": null},"Point T7-419-13092019142627-GenNb1": {"x": 6.9557, "y": 18.887269773501266, "fAckley": 19.192952705902552, "ChiSquared": null},"Point T7-91-13092019142628-GenNb1": {"x": 10.349945240706905, "y": -8.070221480649815, "fAckley": 18.420978231097035, "ChiSquared": null},"Point T7-912-13092019142629-GenNb3": {"x": -18.996053283713394, "y": 8.3902, "fAckley": 20.536634846941865, "ChiSquared": null},"Point T7-500-13092019142630-GenNb3": {"x": -2.4971542614374176, "y": -1.2844317617282146, "fAckley": 8.728478641198233, "ChiSquared": null},"Point T7-171-13092019142630-GenNb3": {"x": -4.336481597382378, "y": -16.19503499308863, "fAckley": 19.935936720752487, "ChiSquared": null},"Point T7-144-13092019142631-GenNb4": {"x": 6.9557, "y": 9.50226227639405, "fAckley": 17.954922055565106, "ChiSquared": null},"Point T7-516-13092019142631-GenNb4": {"x": 6.411427676644788, "y": 6.591672427766876, "fAckley": 16.839975490321017, "ChiSquared": null},"Point T7-599-13092019142632-GenNb5": {"x": -9.705651509905511, "y": 5.163752586357261, "fAckley": 17.36558293453613, "ChiSquared": null},"Point T7-927-13092019142632-GenNb5": {"x": 3.0371, "y": 1.4218030123019938, "fAckley": 9.224529260295386, "ChiSquared": null},"Point T7-572-13092019142632-GenNb5": {"x": 8.098409938683888, "y": -16.19503499308863, "fAckley": 19.3931577655802, "ChiSquared": null},"Point T7-945-13092019142632-GenNb5": {"x": -4.220362049669301, "y": -1.5000528503041153, "fAckley": 11.43754817734104, "ChiSquared": null},"Point T7-382-13092019142633-GenNb6": {"x": -14.793054152073609, "y": 8.3902, "fAckley": 20.135974827617428, "ChiSquared": null},"Point T7-55-13092019142633-GenNb6": {"x": -5.408893657890422, "y": 2.353918835883484, "fAckley": 13.549333349129807, "ChiSquared": null},"Point T7-23-13092019142633-GenNb6": {"x": 3.256102707995941, "y": 2.6034090615513423, "fAckley": 10.968194394286764, "ChiSquared": null},"Point T7-177-13092019142633-GenNb6": {"x": 6.705378778184173, "y": -0.05715042316766983, "fAckley": 13.57981235295339, "ChiSquared": null},"Point T7-641-13092019142633-GenNb7": {"x": -4.159042177670689, "y": 5.480218450276815, "fAckley": 14.360901484714894, "ChiSquared": null},"Point T7-847-13092019142634-GenNb7": {"x": -14.793054152073609, "y": 7.9690368493555255, "fAckley": 18.99368872408996, "ChiSquared": null},"Point T7-103-13092019142634-GenNb7": {"x": -1.8222021744300343, "y": -2.3297704273842594, "fAckley": 8.57572577939983, "ChiSquared": null},"Point T7-659-13092019142635-GenNb8": {"x": 4.4607468071533845, "y": 0.3774149199441257, "fAckley": 11.669306540687717, "ChiSquared": null},"Point T7-221-13092019142635-GenNb9": {"x": 4.171470392028263, "y": 0.4141986089581887, "fAckley": 10.838045054107576, "ChiSquared": null},"Point T7-689-13092019142636-GenNb9": {"x": -3.540247053710384, "y": 7.056619766444319, "fAckley": 15.185130238249226, "ChiSquared": null},"Point T7-967-13092019142636-GenNb9": {"x": 0.985887331228438, "y": -2.3297704273842594, "fAckley": 7.439471550013659, "ChiSquared": null},"Point T7-982-13092019142636-GenNb9": {"x": 2.1268267456576373, "y": 2.7324797462898913, "fAckley": 9.119449713534543, "ChiSquared": null},"Point T7-237-13092019142636-GenNb10": {"x": -2.962621224631114, "y": 0.4141986089581887, "fAckley": 8.55854464811544, "ChiSquared": null},"Point T7-862-13092019142637-GenNb10": {"x": 2.0638236793481606, "y": -2.436009486902974, "fAckley": 8.984881655974615, "ChiSquared": null},"Point T7-40-13092019142637-GenNb11": {"x": 0.15452055329149206, "y": 0.4141986089581887, "fAckley": 3.0669264817112567, "ChiSquared": null},"Point T7-665-13092019142637-GenNb11": {"x": 2.8424020805380374, "y": -3.481304993059868, "fAckley": 11.32514881325105, "ChiSquared": null},"Point T7-743-13092019142639-GenNb12": {"x": 2.8424020805380374, "y": -0.7731593748090627, "fAckley": 8.117881635447855, "ChiSquared": null},"Point T7-470-13092019142639-GenNb12": {"x": 2.0638236793481606, "y": 0.1070676727249249, "fAckley": 5.443898466965404, "ChiSquared": null},"Point T7-52-13092019142639-GenNb12": {"x": 3.256102707995941, "y": -0.5660775191031208, "fAckley": 9.564727833534246, "ChiSquared": null},"Point T7-731-13092019142640-GenNb12": {"x": -1.4611689047971588, "y": -2.4975725531843285, "fAckley": 9.061476232713284, "ChiSquared": null},"Point T7-210-13092019142640-GenNb13": {"x": -2.0907183435114955, "y": -0.7731593748090627, "fAckley": 6.488077818531359, "ChiSquared": null},"Point T7-4-13092019142640-GenNb13": {"x": -1.9962399127327912, "y": 0.3774149199441257, "fAckley": 6.561327622577284, "ChiSquared": null},"Point T7-977-13092019142640-GenNb13": {"x": -0.9427244493187099, "y": -1.2844317617282146, "fAckley": 5.318844953183014, "ChiSquared": null},"Point T7-546-13092019142640-GenNb13": {"x": 0.3154232728155937, "y": -0.5660775191031208, "fAckley": 3.951451970025119, "ChiSquared": null},"Point T7-838-13092019142641-GenNb14": {"x": 1.149003460981067, "y": -0.0795470910710585, "fAckley": 3.638445338030689, "ChiSquared": null},"Point T7-468-13092019142641-GenNb14": {"x": 0.7424587441284024, "y": -0.44600339383169296, "fAckley": 4.414488965476014, "ChiSquared": null},"Point T7-674-13092019142642-GenNb14": {"x": -1.1471039266129575, "y": -0.9222390547657016, "fAckley": 4.375009279763795, "ChiSquared": null},"Point T7-432-13092019142642-GenNb14": {"x": 5.665443669593799, "y": 0.5368305720100512, "fAckley": 13.297648742471088, "ChiSquared": null},"Point T7-255-13092019142642-GenNb15": {"x": -0.03406107989901219, "y": -1.1164290842058537, "fAckley": 3.2758773756985957, "ChiSquared": null},"Point T7-540-13092019142643-GenNb15": {"x": -1.1471039266129575, "y": -0.16021357273567582, "fAckley": 3.9743331918516174, "ChiSquared": null},"Point T7-32-13092019142643-GenNb15": {"x": 0.8980454875962469, "y": -2.4030231414676155, "fAckley": 7.812806190383885, "ChiSquared": null},"Point T7-197-13092019142643-GenNb16": {"x": 0.6027069505715226, "y": -0.0795470910710585, "fAckley": 3.325763642154954, "ChiSquared": null},"Point T7-434-13092019142643-GenNb16": {"x": -0.03406107989901219, "y": -0.2829476904236681, "fAckley": 2.037504559303056, "ChiSquared": null},"Point T7-38-13092019142643-GenNb16": {"x": -0.41843276299573073, "y": 0.19345432342916635, "fAckley": 3.210919831113991, "ChiSquared": null},"Point T7-268-13092019142644-GenNb16": {"x": -1.4611689047971588, "y": 0.6221251332026884, "fAckley": 6.311897306192019, "ChiSquared": null},"Point T7-953-13092019142644-GenNb16": {"x": 0.5725994834322022, "y": -0.609272224172066, "fAckley": 4.515077811238001, "ChiSquared": null}}