{"Point T0-901-13092019142626-GenNb0": {"x": 17.01565891424386, "y": 26.448283290677406, "fAckley": 21.460110328752755, "ChiSquared": null},"Point T0-256-13092019142626-GenNb0": {"x": -13.7654, "y": 11.89197422632055, "fAckley": 19.642688971022167, "ChiSquared": null},"Point T0-193-13092019142626-GenNb0": {"x": -26.994228982876837, "y": -7.072470456937328, "fAckley": 19.74938603099354, "ChiSquared": null},"Point T0-586-13092019142627-GenNb0": {"x": -2.513033148332255, "y": -11.7247, "fAckley": 18.48785435473082, "ChiSquared": null},"Point T0-811-13092019142627-GenNb0": {"x": 19.6489, "y": -46.01949933324774, "fAckley": 21.48050957363858, "ChiSquared": null},"Point T0-289-13092019142628-GenNb1": {"x": -21.218666409898386, "y": -18.1225, "fAckley": 20.75263604132454, "ChiSquared": null},"Point T0-943-13092019142628-GenNb2": {"x": -8.773800012360903, "y": -3.6559, "fAckley": 16.68808165224015, "ChiSquared": null},"Point T0-417-13092019142629-GenNb2": {"x": 51.02115126555391, "y": -18.1225, "fAckley": 20.358267138240233, "ChiSquared": null},"Point T0-583-13092019142629-GenNb2": {"x": -2.5437484702834716, "y": -22.925231490882513, "fAckley": 20.986835754526723, "ChiSquared": null},"Point T0-526-13092019142629-GenNb2": {"x": 19.6489, "y": -1.498745934534651, "fAckley": 21.035147285674196, "ChiSquared": null},"Point T0-130-13092019142630-GenNb3": {"x": 43.96951555357246, "y": -16.163656321285593, "fAckley": 20.576861631774864, "ChiSquared": null},"Point T0-491-13092019142630-GenNb4": {"x": 4.35594720228489, "y": -3.6559, "fAckley": 13.213984802897969, "ChiSquared": null},"Point T0-776-13092019142631-GenNb4": {"x": -12.999773440411445, "y": 4.742414629501316, "fAckley": 18.282625805594943, "ChiSquared": null},"Point T0-601-13092019142631-GenNb4": {"x": -2.5437484702834716, "y": -10.967693159229652, "fAckley": 17.640341994488534, "ChiSquared": null},"Point T0-261-13092019142632-GenNb5": {"x": -3.177005957454212, "y": 7.45539336862804, "fAckley": 15.589020517360902, "ChiSquared": null},"Point T0-425-13092019142633-GenNb6": {"x": 17.01565891424386, "y": 23.99958933881703, "fAckley": 19.694593194141536, "ChiSquared": null},"Point T0-601-13092019142634-GenNb6": {"x": -37.970300367825715, "y": -18.1225, "fAckley": 20.32562639712747, "ChiSquared": null},"Point T0-484-13092019142634-GenNb6": {"x": -2.9789350250466278, "y": -11.7247, "fAckley": 17.587263747816326, "ChiSquared": null},"Point T0-949-13092019142634-GenNb7": {"x": -2.4612156041265987, "y": -3.6559, "fAckley": 11.52866808440623, "ChiSquared": null},"Point T0-762-13092019142635-GenNb7": {"x": 2.3193398095024413, "y": -7.072470456937328, "fAckley": 14.468991197917997, "ChiSquared": null},"Point T0-400-13092019142635-GenNb7": {"x": 32.011148008119, "y": -18.1225, "fAckley": 20.25013693121457, "ChiSquared": null},"Point T0-87-13092019142635-GenNb7": {"x": -2.9789350250466278, "y": -4.571635260663093, "fAckley": 12.427020868700756, "ChiSquared": null},"Point T0-144-13092019142637-GenNb8": {"x": 15.996995702443728, "y": -19.77385107007129, "fAckley": 20.393797391029832, "ChiSquared": null},"Point T0-576-13092019142637-GenNb9": {"x": 2.178292383234911, "y": 0.09331455693698665, "fAckley": 6.139406537905742, "ChiSquared": null},"Point T0-901-13092019142637-GenNb9": {"x": -4.29059518348529, "y": 4.742414629501316, "fAckley": 13.762104632273395, "ChiSquared": null},"Point T0-704-13092019142638-GenNb9": {"x": -14.412743525751003, "y": 6.4817994086721615, "fAckley": 20.18109923539661, "ChiSquared": null},"Point T0-360-13092019142638-GenNb9": {"x": 15.996995702443728, "y": 3.572039602043042, "fAckley": 19.697388593159086, "ChiSquared": null},"Point T0-158-13092019142639-GenNb10": {"x": -2.8952505183535204, "y": 6.4817994086721615, "fAckley": 14.485953660900577, "ChiSquared": null},"Point T0-826-13092019142639-GenNb10": {"x": 12.572758553760833, "y": -3.6429698725752333, "fAckley": 19.109674498339253, "ChiSquared": null},"Point T0-130-13092019142640-GenNb11": {"x": -4.29059518348529, "y": 3.675251567677002, "fAckley": 13.01936559108523, "ChiSquared": null},"Point T0-408-13092019142642-GenNb12": {"x": -1.4927641256382647, "y": -10.967693159229652, "fAckley": 17.54775640642363, "ChiSquared": null},"Point T0-943-13092019142642-GenNb13": {"x": 2.1535894347737314, "y": 4.7749870170967945, "fAckley": 11.746080590342237, "ChiSquared": null},"Point T0-370-13092019142643-GenNb14": {"x": 2.1535894347737314, "y": 1.3272590996615223, "fAckley": 7.6807022628415815, "ChiSquared": null},"Point T0-548-13092019142644-GenNb14": {"x": -3.898105540850767, "y": 3.675251567677002, "fAckley": 12.152195905465545, "ChiSquared": null},"Point T0-260-13092019142644-GenNb14": {"x": -2.8952505183535204, "y": -0.7552381740868181, "fAckley": 8.108840605944328, "ChiSquared": null},"Point T0-191-13092019142645-GenNb14": {"x": 12.430409949872159, "y": 3.308995097480879, "fAckley": 18.944575724190248, "ChiSquared": null},"Point T0-550-13092019142645-GenNb15": {"x": -2.4612156041265987, "y": 0.059745788690474644, "fAckley": 7.618564727193316, "ChiSquared": null},"Point T0-380-13092019142646-GenNb15": {"x": -3.6241894694547745, "y": -7.827756148148282, "fAckley": 15.92679937565742, "ChiSquared": null},"Point T0-922-13092019142646-GenNb16": {"x": 1.1921056541655939, "y": -5.636167049073753, "fAckley": 13.002207051344856, "ChiSquared": null},"Point T0-667-13092019142647-GenNb16": {"x": -3.5712040524687785, "y": -2.9905656131855545, "fAckley": 11.318713180182725, "ChiSquared": null},"Point T0-524-13092019142647-GenNb16": {"x": 1.9951765356972493, "y": 3.308995097480879, "fAckley": 9.762940686648362, "ChiSquared": null},"Point T0-554-13092019142648-GenNb17": {"x": -0.43661730971544044, "y": -6.052340717345264, "fAckley": 13.22699796449744, "ChiSquared": null},"Point T0-50-13092019142649-GenNb18": {"x": 1.4485242986358782, "y": -0.7552381740868181, "fAckley": 6.21108886400096, "ChiSquared": null},"Point T0-940-13092019142649-GenNb18": {"x": -0.5563526164915675, "y": -7.827756148148282, "fAckley": 15.334695548298486, "ChiSquared": null},"Point T0-150-13092019142649-GenNb18": {"x": 1.9951765356972493, "y": -2.9129975371253614, "fAckley": 8.052803229859704, "ChiSquared": null},"Point T0-44-13092019142650-GenNb19": {"x": 1.4949641177684059, "y": -2.7947659402896394, "fAckley": 9.246156609644697, "ChiSquared": null},"Point T0-87-13092019142650-GenNb19": {"x": -0.6646700297369135, "y": 1.9550981087125292, "fAckley": 6.5313222238404265, "ChiSquared": null},"Point T0-296-13092019142650-GenNb19": {"x": -0.5563526164915675, "y": -2.4091908140433462, "fAckley": 8.209232502898795, "ChiSquared": null},"Point T0-190-13092019142651-GenNb20": {"x": 1.3831861322702899, "y": 0.09331455693698665, "fAckley": 5.232700334191691, "ChiSquared": null},"Point T0-415-13092019142651-GenNb20": {"x": 0.8440565613814874, "y": -6.052340717345264, "fAckley": 12.169833443262437, "ChiSquared": null},"Point T0-155-13092019142651-GenNb20": {"x": -3.5712040524687785, "y": -0.4208693975867943, "fAckley": 10.28026689828531, "ChiSquared": null},"Point T0-533-13092019142651-GenNb21": {"x": 0.5944930002027267, "y": -0.8469338864459187, "fAckley": 4.561430712549029, "ChiSquared": null},"Point T0-817-13092019142652-GenNb21": {"x": -0.7902641708358176, "y": -1.3938248346264133, "fAckley": 6.00823867023675, "ChiSquared": null},"Point T0-166-13092019142652-GenNb21": {"x": -0.5563526164915675, "y": -2.3054914707556637, "fAckley": 7.889915046179082, "ChiSquared": null},"Point T0-121-13092019142655-GenNb23": {"x": -4.713088922183618, "y": -0.3713319815340314, "fAckley": 11.838605777813767, "ChiSquared": null},"Point T0-875-13092019142655-GenNb24": {"x": -2.0199075378014952, "y": 0.059745788690474644, "fAckley": 5.074739263627084, "ChiSquared": null},"Point T0-983-13092019142656-GenNb24": {"x": 0.6117005239781821, "y": -1.4162916653366635, "fAckley": 6.195648305200134, "ChiSquared": null},"Point T0-218-13092019142656-GenNb24": {"x": -1.353454702049186, "y": -1.7509935426626253, "fAckley": 7.351786125917416,