{"Point T3-419-13092019142627-GenNb0": {"x": 8.809884574176536, "y": -69.1985297905057, "fAckley": 21.308609846456815, "ChiSquared": null},"Point T3-452-13092019142627-GenNb0": {"x": 13.996949691133514, "y": 29.7305, "fAckley": 20.975665537825403, "ChiSquared": null},"Point T3-408-13092019142627-GenNb1": {"x": 15.414753449699576, "y": 20.9741, "fAckley": 21.148908685767513, "ChiSquared": null},"Point T3-614-13092019142628-GenNb1": {"x": -5.079735091898994, "y": -24.81186482606715, "fAckley": 20.287767059831644, "ChiSquared": null},"Point T3-682-13092019142628-GenNb2": {"x": -3.2812940749150683, "y": 20.9741, "fAckley": 20.2393503359245, "ChiSquared": null},"Point T3-856-13092019142628-GenNb2": {"x": -19.072194277139424, "y": -3.0265, "fAckley": 18.848711061618456, "ChiSquared": null},"Point T3-683-13092019142629-GenNb2": {"x": -1.2367, "y": -1.4806412127631123, "fAckley": 6.859070564397163, "ChiSquared": null},"Point T3-617-13092019142629-GenNb2": {"x": 5.9265, "y": -7.6130659279546595, "fAckley": 16.536724977793337, "ChiSquared": null},"Point T3-411-13092019142629-GenNb2": {"x": -16.02024010540832, "y": 4.481508795206869, "fAckley": 19.816483039012702, "ChiSquared": null},"Point T3-774-13092019142629-GenNb3": {"x": 15.937392341632856, "y": 7.02164338944776, "fAckley": 18.41022242637729, "ChiSquared": null},"Point T3-158-13092019142630-GenNb3": {"x": 5.967, "y": 1.262230295775181, "fAckley": 12.706732496932652, "ChiSquared": null},"Point T3-249-13092019142630-GenNb3": {"x": -14.35614776813243, "y": 12.119797666359162, "fAckley": 20.257945422520415, "ChiSquared": null},"Point T3-440-13092019142630-GenNb3": {"x": -14.815650590932506, "y": -3.0265, "fAckley": 18.36092570120264, "ChiSquared": null},"Point T3-885-13092019142631-GenNb4": {"x": -0.9319385976094321, "y": 7.02164338944776, "fAckley": 12.786692713442514, "ChiSquared": null},"Point T3-813-13092019142631-GenNb4": {"x": 3.719307154720674, "y": 4.939692987220081, "fAckley": 12.930658584883304, "ChiSquared": null},"Point T3-667-13092019142631-GenNb4": {"x": -5.079735091898994, "y": 8.426874613774762, "fAckley": 16.75387147938177, "ChiSquared": null},"Point T3-402-13092019142632-GenNb5": {"x": -2.976203828611655, "y": 1.262230295775181, "fAckley": 8.47923907848272, "ChiSquared": null},"Point T3-355-13092019142632-GenNb5": {"x": -7.427416586282316, "y": -0.11523421873900697, "fAckley": 14.794812048395304, "ChiSquared": null},"Point T3-381-13092019142632-GenNb5": {"x": -5.08108889899304, "y": 3.800721666633499, "fAckley": 12.755716891324187, "ChiSquared": null},"Point T3-4-13092019142632-GenNb5": {"x": -11.392188548641265, "y": -2.2507564321353044, "fAckley": 18.171649288799042, "ChiSquared": null},"Point T3-693-13092019142633-GenNb5": {"x": 4.9834944001538375, "y": 8.426874613774762, "fAckley": 16.659101644145835, "ChiSquared": null},"Point T3-398-13092019142633-GenNb6": {"x": 3.103427618291394, "y": -1.5877372366559197, "fAckley": 9.529847994017976, "ChiSquared": null},"Point T3-800-13092019142634-GenNb6": {"x": -16.02024010540832, "y": 18.09731649907559, "fAckley": 19.589928265737452, "ChiSquared": null},"Point T3-351-13092019142634-GenNb7": {"x": 1.0983834881817023, "y": 4.194708382342888, "fAckley": 10.104274135250215, "ChiSquared": null},"Point T3-214-13092019142635-GenNb7": {"x": -3.2812940749150683, "y": 16.126302097538073, "fAckley": 19.479332758155575, "ChiSquared": null},"Point T3-974-13092019142635-GenNb7": {"x": 1.0217476091210536, "y": -7.6130659279546595, "fAckley": 14.845722560451641, "ChiSquared": null},"Point T3-504-13092019142636-GenNb8": {"x": 4.117272513354599, "y": -6.987413916837518, "fAckley": 13.982377159332827, "ChiSquared": null},"Point T3-809-13092019142636-GenNb8": {"x": -12.650103052302846, "y": -0.041028186755451834, "fAckley": 18.16668616110403, "ChiSquared": null},"Point T3-43-13092019142638-GenNb10": {"x": -5.08108889899304, "y": 3.8124716825208167, "fAckley": 12.700131120280528, "ChiSquared": null},"Point T3-724-13092019142639-GenNb10": {"x": 4.9834944001538375, "y": 8.38476329991721, "fAckley": 16.553171194964712, "ChiSquared": null},"Point T3-582-13092019142639-GenNb11": {"x": -8.618001544334664, "y": 4.281192179447155, "fAckley": 16.962105941024863, "ChiSquared": null},"Point T3-368-13092019142639-GenNb11": {"x": -0.43803347484826416, "y": -2.5334225917360547, "fAckley": 8.428717314650518, "ChiSquared": null},"Point T3-501-13092019142640-GenNb11": {"x": -2.865905976312778, "y": -9.815687580450948, "fAckley": 16.303956159702302, "ChiSquared": null},"Point T3-708-13092019142640-GenNb12": {"x": 4.117272513354599, "y": 1.6686729027782332, "fAckley": 10.91401726331797, "ChiSquared": null},"Point T3-122-13092019142641-GenNb12": {"x": -1.8910912934054962, "y": -6.322545148310765, "fAckley": 13.67091561578572, "ChiSquared": null},"Point T3-813-13092019142641-GenNb13": {"x": -0.3446672394005348, "y": -1.5877372366559197, "fAckley": 6.330387163734027, "ChiSquared": null},"Point T3-424-13092019142641-GenNb13": {"x": 4.781132139759086, "y": 0.790000362861045, "fAckley": 11.391742730625392, "ChiSquared": null},"Point T3-890-13092019142641-GenNb13": {"x": 6.778748287416408, "y": -1.4601613055746372, "fAckley": 14.542965577274167, "ChiSquared": null},"Point T3-337-13092019142644-GenNb14": {"x": 0.19951912650311954, "y": -6.322545148310765, "fAckley": 13.604900218535732, "ChiSquared": null},"Point T3-317-13092019142644-GenNb14": {"x": -1.2192594224348046, "y": 0.13822833967812342, "fAckley": 4.3841356538418275, "ChiSquared": null},"Point T3-335-13092019142644-GenNb15": {"x": -0.1313148308666101, "y": 3.259110058985849, "fAckley": 8.744474719675864, "ChiSquared": null},"Point T3-907-13092019142644-GenNb15": {"x": 4.117272513354599, "y": 0.5548314550697246, "fAckley": 10.699810662557566, "ChiSquared": null},"Point T3-366-13092019142644-GenNb15": {"x": -0.4617576607057111, "y": -0.9729263247853375, "fAckley": 4.536542384978556, "ChiSquared": null},"Point T3-570-13092019142645-GenNb15": {"x": 0.30029401854617666, "y": -1.715008563771433, "fAckley": 6.3157730645595755, "ChiSquared": null},"Point T3-971-13092019142645-GenNb16": {"x": -1.4442328509248696, "y": 0.6679537451569628, "fAckley": 6.259818910428962, "ChiSquared": null},"Point T3-769-13092019142646-GenNb16": {"x": 0.16949221191153563, "y": -0.17454002966833349, "fAckley": 1.793833561515609, "ChiSquared": null},"Point T3-536-13092019142646-GenNb16": {"x": 0.30029401854617666, "y": 0.6615769391354501, "fAckley": 4.013564575530079, "ChiSquared": null},"Point T3-298-13092019142646-GenNb16": {"x": 4.136972621993324, "y": -0.28287391371262227, "fAckley": 10.341632935889415, "ChiSquared": null}}