{"Point T1-835-13092019142626-GenNb0": {"x": 1.1004870277013241, "y": 22.1054, "fAckley": 19.62306538075368, "ChiSquared": null},"Point T1-98-13092019142626-GenNb0": {"x": -6.447408948449785, "y": 8.8724, "fAckley": 17.595494504586142, "ChiSquared": null},"Point T1-303-13092019142627-GenNb0": {"x": -13.523287842111152, "y": 18.0627827802426, "fAckley": 20.928234920986853, "ChiSquared": null},"Point T1-643-13092019142627-GenNb0": {"x": -1.3156727612462342, "y": 18.6728, "fAckley": 20.653264976725954, "ChiSquared": null},"Point T1-452-13092019142627-GenNb1": {"x": -0.7012, "y": -11.7697640529595, "fAckley": 18.02886060652424, "ChiSquared": null},"Point T1-409-13092019142627-GenNb1": {"x": -4.905318054003862, "y": -13.4047, "fAckley": 19.06050621262481, "ChiSquared": null},"Point T1-75-13092019142628-GenNb1": {"x": -1.8692178397245156, "y": 10.432604957669902, "fAckley": 17.359666089328815, "ChiSquared": null},"Point T1-354-13092019142628-GenNb1": {"x": -1.3156727612462342, "y": 8.95658961585117, "fAckley": 15.834444415281165, "ChiSquared": null},"Point T1-522-13092019142628-GenNb2": {"x": -12.368203095972014, "y": -1.1326192731890057, "fAckley": 18.26704259067442, "ChiSquared": null},"Point T1-64-13092019142629-GenNb2": {"x": -2.981038512582421, "y": 1.951997601890831, "fAckley": 7.98694085067628, "ChiSquared": null},"Point T1-123-13092019142629-GenNb2": {"x": -17.1216, "y": -12.03016458705319, "fAckley": 19.336683551013735, "ChiSquared": null},"Point T1-442-13092019142629-GenNb3": {"x": -2.8272340538665586, "y": -0.7924634828963804, "fAckley": 8.074068503690562, "ChiSquared": null},"Point T1-205-13092019142630-GenNb3": {"x": -6.130423138742286, "y": 0.10957776145233744, "fAckley": 12.245309921666028, "ChiSquared": null},"Point T1-660-13092019142630-GenNb4": {"x": -3.49602614109555, "y": -5.596667041150604, "fAckley": 14.450211812710883, "ChiSquared": null},"Point T1-951-13092019142630-GenNb4": {"x": 1.9731112771371926, "y": -0.7924634828963804, "fAckley": 6.044656387909793, "ChiSquared": null},"Point T1-780-13092019142631-GenNb4": {"x": -1.8692178397245156, "y": -12.013328517063986, "fAckley": 16.821333953446402, "ChiSquared": null},"Point T1-53-13092019142632-GenNb5": {"x": -1.0204038700782954, "y": -0.8719875685072225, "fAckley": 3.8535073846639176, "ChiSquared": null},"Point T1-176-13092019142632-GenNb5": {"x": 3.646590692826162, "y": 0.6164908630430581, "fAckley": 10.354322483424012, "ChiSquared": null},"Point T1-180-13092019142632-GenNb5": {"x": -4.905318054003862, "y": -1.2869012716482207, "fAckley": 11.607077541857782, "ChiSquared": null},"Point T1-695-13092019142634-GenNb6": {"x": 3.646590692826162, "y": 1.059731242762071, "fAckley": 9.852085206686661, "ChiSquared": null},"Point T1-695-13092019142634-GenNb6": {"x": -2.8250573193052597, "y": 8.8724, "fAckley": 15.58161745361591, "ChiSquared": null},"Point T1-828-13092019142634-GenNb6": {"x": -2.91710051785023, "y": -0.7746573384103286, "fAckley": 8.000206217280173, "ChiSquared": null},"Point T1-712-13092019142634-GenNb6": {"x": -8.707310766007, "y": -12.03016458705319, "fAckley": 18.83841098603724, "ChiSquared": null},"Point T1-431-13092019142635-GenNb7": {"x": 6.310017457617468, "y": -0.07497277707227779, "fAckley": 13.226350449429097, "ChiSquared": null},"Point T1-746-13092019142635-GenNb7": {"x": 0.845468069642066, "y": 1.951997601890831, "fAckley": 5.776690290536841, "ChiSquared": null},"Point T1-682-13092019142635-GenNb7": {"x": -2.098153237597847, "y": -12.03016458705319, "fAckley": 16.70496206398328, "ChiSquared": null},"Point T1-324-13092019142636-GenNb8": {"x": -0.8807123929735243, "y": -0.07497277707227779, "fAckley": 2.8169736817673408, "ChiSquared": null},"Point T1-692-13092019142636-GenNb8": {"x": -2.1878327954350367, "y": -1.2869012716482207, "fAckley": 7.671875757168484, "ChiSquared": null},"Point T1-516-13092019142636-GenNb8": {"x": 0.9563632444263925, "y": -0.7746573384103286, "fAckley": 4.1652270198114785, "ChiSquared": null},"Point T1-847-13092019142637-GenNb8": {"x": -2.487812681457876, "y": -5.5077406239009825, "fAckley": 13.84131113166194, "ChiSquared": null},"Point T1-641-13092019142637-GenNb9": {"x": -3.49602614109555, "y": 2.4374994532855774, "fAckley": 11.38965908887477, "ChiSquared": null},"Point T1-412-13092019142637-GenNb9": {"x": -0.38613852593525677, "y": -0.8132446793583301, "fAckley": 4.27716560287093, "ChiSquared": null},"Point T1-843-13092019142638-GenNb9": {"x": -2.8750665142458374, "y": -0.13706985377626793, "fAckley": 7.4333697835972234, "ChiSquared": null},"Point T1-440-13092019142640-GenNb10": {"x": 0.845468069642066, "y": 1.0217086946240646, "fAckley": 3.962217934381887, "ChiSquared": null},"Point T1-381-13092019142640-GenNb10": {"x": -2.098153237597847, "y": 2.2592414882299168, "fAckley": 8.325767513653897, "ChiSquared": null},"Point T1-536-13092019142640-GenNb11": {"x": -0.23627140321807327, "y": 0.0013582558871128025, "fAckley": 1.6542650225028415, "ChiSquared": null},"Point T1-662-13092019142640-GenNb11": {"x": 0.6833580031078155, "y": -0.1759653293240604, "fAckley": 3.5965915417327463, "ChiSquared": null},"Point T1-379-13092019142640-GenNb11": {"x": -2.098153237597847, "y": -0.07953247236378158, "fAckley": 5.524405638440729, "ChiSquared": null}}