{"Point T4-820-13092019142626-GenNb0": {"x": 12.355050931539674, "y": -20.7301, "fAckley": 21.367881695931864, "ChiSquared": null},"Point T4-982-13092019142626-GenNb0": {"x": -2.5855121131077627, "y": -6.972685223515012, "fAckley": 14.666247693517523, "ChiSquared": null},"Point T4-685-13092019142626-GenNb0": {"x": 22.5162, "y": -16.842353711818653, "fAckley": 21.543387399492843, "ChiSquared": null},"Point T4-585-13092019142627-GenNb0": {"x": 6.9151244032178205, "y": 15.159, "fAckley": 18.806901108420384, "ChiSquared": null},"Point T4-118-13092019142627-GenNb0": {"x": 4.9472492679705, "y": -5.036326941512732, "fAckley": 12.737668183932092, "ChiSquared": null},"Point T4-51-13092019142627-GenNb0": {"x": 1.723610129966886, "y": 10.423410348088794, "fAckley": 17.638201375786753, "ChiSquared": null},"Point T4-477-13092019142627-GenNb1": {"x": 1.88658118280041, "y": 25.4001, "fAckley": 21.19893179790112, "ChiSquared": null},"Point T4-630-13092019142627-GenNb1": {"x": 6.3520275133496895, "y": 9.896530948986884, "fAckley": 17.82309713966972, "ChiSquared": null},"Point T4-210-13092019142627-GenNb1": {"x": 10.17038881303259, "y": -8.393176074230848, "fAckley": 18.76065839854782, "ChiSquared": null},"Point T4-797-13092019142628-GenNb1": {"x": 2.7531920751498387, "y": -6.972685223515012, "fAckley": 14.137219675692124, "ChiSquared": null},"Point T4-443-13092019142628-GenNb1": {"x": 8.948463535407472, "y": 25.4985, "fAckley": 21.30607574694982, "ChiSquared": null},"Point T4-475-13092019142629-GenNb2": {"x": 1.8376412546413583, "y": 3.7078289209600195, "fAckley": 10.439155347943954, "ChiSquared": null},"Point T4-533-13092019142630-GenNb2": {"x": 8.948463535407472, "y": 37.898773305793505, "fAckley": 20.235256640368732, "ChiSquared": null},"Point T4-13-13092019142631-GenNb3": {"x": 36.16119152154888, "y": 9.90643880118311, "fAckley": 20.643212644180416, "ChiSquared": null},"Point T4-785-13092019142631-GenNb3": {"x": -7.019657271947141, "y": 10.795059582533183, "fAckley": 17.592469622911764, "ChiSquared": null},"Point T4-70-13092019142631-GenNb3": {"x": 2.080091419039419, "y": 10.423410348088794, "fAckley": 17.27493665252667, "ChiSquared": null},"Point T4-984-13092019142631-GenNb4": {"x": -42.87741228552162, "y": -8.073432796922482, "fAckley": 20.436219589410708, "ChiSquared": null},"Point T4-574-13092019142633-GenNb5": {"x": 16.86847215059797, "y": -8.073432796922482, "fAckley": 19.10212415402798, "ChiSquared": null},"Point T4-338-13092019142634-GenNb6": {"x": 7.128460349674357, "y": 19.13302152731435, "fAckley": 19.627990274730386, "ChiSquared": null},"Point T4-684-13092019142635-GenNb7": {"x": 2.723934150682887, "y": -8.073432796922482, "fAckley": 15.28215110171858, "ChiSquared": null},"Point T4-159-13092019142635-GenNb7": {"x": 2.016002222175828, "y": 2.9789799792250733, "fAckley": 7.993055283096577, "ChiSquared": null},"Point T4-203-13092019142635-GenNb7": {"x": 2.7531920751498387, "y": 1.3172931827665124, "fAckley": 8.906599195353849, "ChiSquared": null},"Point T4-682-13092019142636-GenNb7": {"x": 4.9472492679705, "y": 1.6470671453512709, "fAckley": 11.964110193021503, "ChiSquared": null},"Point T4-529-13092019142636-GenNb7": {"x": 8.395913151682924, "y": -3.747664180178262, "fAckley": 16.601636941281672, "ChiSquared": null},"Point T4-896-13092019142637-GenNb8": {"x": -7.019657271947141, "y": -1.987199290023268, "fAckley": 12.886993394884133, "ChiSquared": null},"Point T4-9-13092019142638-GenNb9": {"x": -4.703095076890131, "y": -1.987199290023268, "fAckley": 11.579660713826913, "ChiSquared": null},"Point T4-846-13092019142638-GenNb9": {"x": 6.9151244032178205, "y": -12.154798156672753, "fAckley": 17.91210341235315, "ChiSquared": null},"Point T4-302-13092019142639-GenNb10": {"x": 1.01834190107936, "y": 19.13302152731435, "fAckley": 19.08922218321491, "ChiSquared": null},"Point T4-327-13092019142639-GenNb10": {"x": 6.9151244032178205, "y": 5.077230164784119, "fAckley": 14.379890760014296, "ChiSquared": null},"Point T4-299-13092019142640-GenNb11": {"x": -3.081556474471999, "y": -4.7239105898545315, "fAckley": 12.285438331926487, "ChiSquared": null},"Point T4-528-13092019142640-GenNb11": {"x": 1.01834190107936, "y": -9.578308351381894, "fAckley": 16.538814102279993, "ChiSquared": null},"Point T4-835-13092019142642-GenNb12": {"x": -0.30308845386407324, "y": -1.987199290023268, "fAckley": 6.269710696761415, "ChiSquared": null},"Point T4-384-13092019142642-GenNb12": {"x": -4.951455684216308, "y": -0.14157874027098805, "fAckley": 10.584457981499654, "ChiSquared": null},"Point T4-644-13092019142643-GenNb13": {"x": 2.723934150682887, "y": -3.994844646281716, "fAckley": 11.105047596339238, "ChiSquared": null},"Point T4-596-13092019142643-GenNb13": {"x": -3.081556474471999, "y": 1.6528322243059856, "fAckley": 9.3602727074964, "ChiSquared": null},"Point T4-244-13092019142643-GenNb13": {"x": -1.0017043293358552, "y": 1.6470671453512709, "fAckley": 6.270943895699645, "ChiSquared": null},"Point T4-894-13092019142644-GenNb14": {"x": 2.723934150682887, "y": -1.943841137569379, "fAckley": 8.785264426504195, "ChiSquared": null},"Point T4-532-13092019142644-GenNb14": {"x": 0.2896578024757033, "y": -1.987199290023268, "fAckley": 6.2078739403255625, "ChiSquared": null},"Point T4-546-13092019142645-GenNb14": {"x": -2.9008, "y": -1.905842916367007, "fAckley": 8.203432380211794, "ChiSquared": null},"Point T4-511-13092019142645-GenNb15": {"x": -0.10693543992886234, "y": -1.943841137569379, "fAckley": 5.167262531878965, "ChiSquared": null},"Point T4-235-13092019142645-GenNb15": {"x": 2.7531920751498387, "y": -0.22816462571189655, "fAckley": 8.10498454035979, "ChiSquared": null},"Point T4-258-13092019142647-GenNb16": {"x": 1.01834190107936, "y": -5.300344444948265, "fAckley": 11.989127600026473, "ChiSquared": null},"Point T4-908-13092019142647-GenNb16": {"x": -2.9910270773424177, "y": 1.141798679325083, "fAckley": 7.745082980094523, "ChiSquared": null},"Point T4-650-13092019142647-GenNb16": {"x": -2.955694030782702, "y": -1.905842916367007, "fAckley": 8.106375842863581, "ChiSquared": null},"Point T4-441-13092019142648-GenNb17": {"x": -2.9910270773424177, "y": -0.06670418738956341, "fAckley": 7.016933575343849, "ChiSquared": null},"Point T4-195-13092019142649-GenNb18": {"x": 0.4183079398308389, "y": 0.30277777827887953, "fAckley": 3.5770726313175847, "ChiSquared": null},"Point T4-271-13092019142649-GenNb18": {"x": 1.01834190107936, "y": 1.737979673003693, "fAckley": 6.0936451749218, "ChiSquared": null},"Point T4-43-13092019142649-GenNb18": {"x": -1.0017043293358552, "y": -0.793657999533014, "fAckley": 4.137393182452943, "ChiSquared": null},"Point T4-321-13092019142650-GenNb18": {"x": 0.21194712683126093, "y": -1.905842916367007, "fAckley": 5.764049788832342, "ChiSquared": null},"Point T4-873-13092019142650-GenNb19": {"x": 2.016002222175828, "y": -1.7531675587135462, "fAckley": 7.350363899203133, "ChiSquared": null},"Point T4-500-13092019142651-GenNb19": {"x": 1.184378461934952, "y": -0.17305123937931088, "fAckley": 4.291181725600438, "ChiSquared": null},"Point T4-472-13092019142652-GenNb20": {"x": 1.01834190107936, "y": -2.10049698639581, "fAckley": 5.881324100911488, "ChiSquared": null},"Point T4-739-13092019142652-GenNb20": {"x": 0.2896578024757033, "y": -0.39121155150869646, "fAckley": 3.448853232705567, "ChiSquared": null},"Point T4-11-13092019142652-GenNb20": {"x": 0.45233022294655145, "y": -0.06670418738956341, "fAckley": 2.991373045048953, "ChiSquared": null},"Point T4-942-13092019142653-GenNb21": {"x": 2.016002222175828, "y": -0.07553689944942113, "fAckley": 5.116951109770607, "ChiSquared": null},"Point T4-515-13092019142655-GenNb22": {"x": 0.21194712683126093, "y": 0.6741249470706959, "fAckley": 3.7254741987658204, "ChiSquared": null},"Point T4-188-13092019142656-GenNb23": {"x": -0.10693543992886234, "y": -0.051502512772516995, "fAckley": 0.6753052346477024, "ChiSquared": null},"Point T4-984-13092019142656-GenNb23": {"x": 1.01834190107936, "y": 0.018085395651982444,