{"Point T6-356-13092019142626-GenNb0": {"x": 46.91706756134798, "y": -84.99611261992868, "fAckley": 20.17488511040235, "ChiSquared": null},"Point T6-715-13092019142627-GenNb0": {"x": 18.0027, "y": -3.270209019727387, "fAckley": 19.66686852341044, "ChiSquared": null},"Point T6-445-13092019142628-GenNb1": {"x": -30.02400368219463, "y": 23.221021256254517, "fAckley": 20.830250826997105, "ChiSquared": null},"Point T6-975-13092019142628-GenNb1": {"x": 8.32528655896033, "y": -4.018873427560666, "fAckley": 15.999456257032243, "ChiSquared": null},"Point T6-779-13092019142629-GenNb2": {"x": -0.7426416717717892, "y": -17.600607248340722, "fAckley": 20.40946953163673, "ChiSquared": null},"Point T6-494-13092019142630-GenNb3": {"x": 33.0103912201673, "y": -2.996797138546298, "fAckley": 19.81898887748061, "ChiSquared": null},"Point T6-573-13092019142631-GenNb3": {"x": 6.566759877333397, "y": -3.861294640952272, "fAckley": 15.034333879080764, "ChiSquared": null},"Point T6-499-13092019142632-GenNb4": {"x": 9.222284167685013, "y": 11.740131497040672, "fAckley": 19.239466572691626, "ChiSquared": null},"Point T6-430-13092019142633-GenNb4": {"x": 2.6708465600738247, "y": 11.620596428496684, "fAckley": 18.466164002384055, "ChiSquared": null},"Point T6-716-13092019142634-GenNb5": {"x": -18.066439793064745, "y": -23.2238, "fAckley": 20.692183647824017, "ChiSquared": null},"Point T6-276-13092019142634-GenNb5": {"x": 2.6708465600738247, "y": -12.903237141717433, "fAckley": 18.428119009412338, "ChiSquared": null},"Point T6-605-13092019142635-GenNb6": {"x": 13.1455, "y": -0.11110277855460549, "fAckley": 17.61186141455857, "ChiSquared": null},"Point T6-342-13092019142635-GenNb6": {"x": 6.464458910680637, "y": -4.018873427560666, "fAckley": 14.893485310395004, "ChiSquared": null},"Point T6-958-13092019142636-GenNb6": {"x": 8.96986743386819, "y": -8.836593888852542, "fAckley": 17.231112500133367, "ChiSquared": null},"Point T6-784-13092019142636-GenNb7": {"x": 1.943323465130831, "y": -2.758691343451547, "fAckley": 8.666135249777874, "ChiSquared": null},"Point T6-430-13092019142637-GenNb7": {"x": -7.426116961307564, "y": -10.359391301898704, "fAckley": 18.95516303804058, "ChiSquared": null},"Point T6-72-13092019142637-GenNb7": {"x": 8.96986743386819, "y": -1.1635817366430947, "fAckley": 15.037106067471155, "ChiSquared": null},"Point T6-532-13092019142638-GenNb8": {"x": -3.98258525141192, "y": -84.99611261992868, "fAckley": 20.008401397467377, "ChiSquared": null},"Point T6-49-13092019142638-GenNb8": {"x": 0.6745454130055926, "y": -2.758691343451547, "fAckley": 8.515802096638861, "ChiSquared": null},"Point T6-78-13092019142638-GenNb8": {"x": -0.7426416717717892, "y": -8.002691507783299, "fAckley": 14.689264362180706, "ChiSquared": null},"Point T6-622-13092019142639-GenNb8": {"x": 5.927060757542525, "y": -12.903237141717433, "fAckley": 17.673072636193528, "ChiSquared": null},"Point T6-184-13092019142639-GenNb9": {"x": 6.326492830274525, "y": 11.740131497040672, "fAckley": 18.915424519792385, "ChiSquared": null},"Point T6-337-13092019142640-GenNb9": {"x": -1.616598997701626, "y": 7.522201202612366, "fAckley": 15.56082066211387, "ChiSquared": null},"Point T6-324-13092019142640-GenNb9": {"x": 0.6835453064574448, "y": 0.7767423728502427, "fAckley": 4.553076067901589, "ChiSquared": null},"Point T6-15-13092019142640-GenNb10": {"x": 4.382748393868905, "y": -11.646977719507387, "fAckley": 18.76624749229307, "ChiSquared": null},"Point T6-101-13092019142641-GenNb11": {"x": 7.209906496574917, "y": 11.740131497040672, "fAckley": 18.770077073661437, "ChiSquared": null},"Point T6-746-13092019142642-GenNb11": {"x": -2.9178169218338903, "y": 7.522201202612366, "fAckley": 15.38702003633685, "ChiSquared": null},"Point T6-31-13092019142642-GenNb11": {"x": 7.9534864565085215, "y": -4.018873427560666, "fAckley": 14.39459142107453, "ChiSquared": null},"Point T6-924-13092019142642-GenNb11": {"x": -5.372163178754931, "y": -0.3412605556710693, "fAckley": 12.838041965774124, "ChiSquared": null},"Point T6-622-13092019142642-GenNb11": {"x": -3.8078756651926167, "y": -1.1635817366430947, "fAckley": 9.78261453230209, "ChiSquared": null},"Point T6-880-13092019142643-GenNb12": {"x": -3.216640355723894, "y": -6.457740699926353, "fAckley": 14.823517942586506, "ChiSquared": null},"Point T6-294-13092019142644-GenNb12": {"x": 1.8673265442771987, "y": 0.6995030351969205, "fAckley": 6.435465478225119, "ChiSquared": null},"Point T6-958-13092019142644-GenNb13": {"x": 4.382748393868905, "y": 5.711818645858972, "fAckley": 14.8800109345759, "ChiSquared": null},"Point T6-948-13092019142644-GenNb13": {"x": 0.2941580804907544, "y": 11.740131497040672, "fAckley": 18.073236131208965, "ChiSquared": null},"Point T6-172-13092019142644-GenNb13": {"x": -2.9178169218338903, "y": -2.3020656485936657, "fAckley": 9.578959319007154, "ChiSquared": null},"Point T6-323-13092019142645-GenNb14": {"x": 4.382748393868905, "y": -3.3634402683475573, "fAckley": 13.064115210367403, "ChiSquared": null},"Point T6-321-13092019142645-GenNb14": {"x": -0.4644343092026002, "y": 2.037309848973395, "fAckley": 6.836496550078495, "ChiSquared": null},"Point T6-874-13092019142645-GenNb14": {"x": 3.8749938488369415, "y": 1.1430949042249052, "fAckley": 9.479164078960315, "ChiSquared": null},"Point T6-686-13092019142645-GenNb14": {"x": -0.3660189365331241, "y": 0.6995030351969205, "fAckley": 4.217905400441772, "ChiSquared": null},"Point T6-189-13092019142646-GenNb14": {"x": 2.950485436202067, "y": -1.1635817366430947, "fAckley": 7.862940085127297, "ChiSquared": null},"Point T6-624-13092019142646-GenNb15": {"x": -1.744306968001585, "y": 2.230695518991774, "fAckley": 8.274574947992884, "ChiSquared": null},"Point T6-463-13092019142646-GenNb15": {"x": -2.8378896916262493, "y": 1.1430949042249052, "fAckley": 7.968442728017665, "ChiSquared": null},"Point T6-556-13092019142647-GenNb15": {"x": 2.224808032180615, "y": -4.5772797045545435, "fAckley": 12.285389299171213, "ChiSquared": null},"Point T6-263-13092019142648-GenNb16": {"x": 0.7050659908556591, "y": -4.655269133424992, "fAckley": 11.78439506371306, "ChiSquared": null},"Point T6-90-13092019142648-GenNb16": {"x": -1.4838584182460246, "y": -0.3412605556710693, "fAckley": 6.129108503718989, "ChiSquared": null},"Point T6-625-13092019142648-GenNb16": {"x": 2.950485436202067, "y": 0.8721987382882952, "fAckley": 7.496485728759637, "ChiSquared": null},"Point T6-712-13092019142648-GenNb17": {"x": -1.744306968001585, "y": 0.8432530768166473, "fAckley": 6.216453839616399, "ChiSquared": null},"Point T6-457-13092019142649-GenNb17": {"x": -1.0625406341041574, "y": 0.7706938001415977, "fAckley": 4.413329735192832, "ChiSquared": null},"Point T6-472-13092019142649-GenNb18": {"x": -1.4757060185422965, "y": -1.1021632011447609, "fAckley": 6.394091679354645, "ChiSquared": null},"Point T6-89-13092019142650-GenNb18": {"x": -0.34326779907614846, "y": 0.7925561555680364, "fAckley": 4.152366540459166, "ChiSquared": null},"Point T6-516-13092019142650-GenNb19": {"x": 0.3537352040014523, "y": -0.7196428897408917, "fAckley": 4.190872744342602, "ChiSquared": null},"Point T6-14-13092019142650-GenNb19": {"x": -1.4757060185422965, "y": -0.34961333854570825, "fAckley": 6.123788121408769, "ChiSquared": null},"Point T6-32-13092019142651-GenNb19": {"x": -0.2509510027913634, "y": -2.3020656485936657, "fAckley": 7.454635737942958, "ChiSquared": null},"Point T6-658-13092019142651-GenNb19": {"x": 0.7050659908556591, "y": 1.048164057914339, "fAckley": 4.588170577475179, "ChiSquared": null},"Point T6-534-13092019142652-GenNb19": {"x": -1.5577891156846273, "y": 0.7874483625623748, "fAckley": 6.389047233064257, "ChiSquared": null},"Point T6-615-13092019142652-GenNb20": {"x": -1.5600537412287099, "y": 0.7906196663862661, "fAckley": 6.388004613013205, "ChiSquared": null},"Point T6-248-13092019142652-GenNb20": {"x": -0.2670220173405662, "y": 0.7925561555680364, "fAckley": 3.867329093022111, "ChiSquared": null},