{"Point T0-268-07082019112629-GenNb0": {"Lambda": 0.9438, "Kappa": 0.6852, "tanBeta": 8.21295, "mBottom": 8.048691, "ChiSquared": null, "LogL": null, "testCalc": 10.54261728, "extTest": {"res1": 2246.484360079933, "res2": 5046691.980083747}}, "Point T0-960-07082019112343": {"Lambda": 0.9835, "Kappa": 0.1004, "tanBeta": 10.4983, "mBottom": 10.288334, "ChiSquared": null, "LogL": null, "testCalc": 7.16546857, "extTest": {"res1": -256.2134417114852, "res2": 65645.32771364461}}, "Point T6-111-07082019112343": {"Lambda": 0.6324, "Kappa": 0.0601, "tanBeta": 36.4693, "mBottom": 35.739914, "ChiSquared": null, "LogL": null, "testCalc": 20.46169169, "extTest": {"res1": -3042.7283046813222, "res2": 9258195.536108874}}, "Point T0-631-07082019112343": {"Lambda": 0.3261, "Kappa": 0.7916, "tanBeta": 32.6065, "mBottom": 31.954369999999997, "ChiSquared": null, "LogL": null, "testCalc": 41.89483161, "extTest": {"res1": -710.0983981855516, "res2": 504239.7351056861}}, "Point T0-947-07082019112630-GenNb0": {"Lambda": 0.5879, "Kappa": 0.8985, "tanBeta": 26.62655, "mBottom": 26.094019000000003, "ChiSquared": null, "LogL": null, "testCalc": 37.316591085, "extTest": {"res1": -1400.442362875461, "res2": 1961238.8117362042}}, "Point T2-421-07082019112344": {"Lambda": 0.7699, "Kappa": 0.5158, "tanBeta": 20.2363, "mBottom": 19.831574, "ChiSquared": null, "LogL": null, "testCalc": 20.946416550000002, "extTest": {"res1": -403.63019317909647, "res2": 162917.33284579474}}, "Point T2-445-07082019112344": {"Lambda": 0.3933, "Kappa": 0.0804, "tanBeta": 14.1454, "mBottom": 13.862492, "ChiSquared": null, "LogL": null, "testCalc": 8.22322105, "extTest": {"res1": 2061.2440359949023, "res2": 4248726.975924554}}, "Point T0-709-07082019112344": {"Lambda": 0.2949, "Kappa": 0.4751, "tanBeta": 26.3921, "mBottom": 25.864258, "ChiSquared": null, "LogL": null, "testCalc": 25.55798172, "extTest": {"res1": -5096.774476450183, "res2": 25977110.06379404}}, "Point T0-492-07082019112631-GenNb0": {"Lambda": 0.82125, "Kappa": 0.379, "tanBeta": 22.52165, "mBottom": 22.071217, "ChiSquared": null, "LogL": null, "testCalc": 20.2457654125, "extTest": {"res1": -1055.7358855301388, "res2": 1114578.2599961064}}, "Point T7-578-07082019112345": {"Lambda": 0.7882, "Kappa": 0.0059, "tanBeta": 18.505, "mBottom": 18.1349, "ChiSquared": null, "LogL": null, "testCalc": 9.79788874, "extTest": {"res1": -337.9559177860431, "res2": 114214.20236660671}}, "Point T6-275-07082019112345": {"Lambda": 0.1597, "Kappa": 0.657, "tanBeta": 38.4973, "mBottom": 37.727354000000005, "ChiSquared": null, "LogL": null, "testCalc": 44.181907190000004, "extTest": {"res1": 224754.1356468508, "res2": 50514421490.36301}}, "Point T2-761-07082019112346": {"Lambda": 0.6565, "Kappa": 0.0826, "tanBeta": 27.4521, "mBottom": 26.903058, "ChiSquared": null, "LogL": null, "testCalc": 16.15006471, "extTest": {"res1": 578.7150050649852, "res2": 334911.0570873659}}, "Point T4-688-07082019112346": {"Lambda": 0.4842, "Kappa": 0.6102, "tanBeta": 14.4506, "mBottom": 14.161588, "ChiSquared": null, "LogL": null, "testCalc": 16.132999759999997, "extTest": {"res1": 159.64034859393476, "res2": 25485.04089919301}}}