{"Point T5-725-07082019112629-GenNb0": {"Lambda": 0.465, "Kappa": 0.9702, "tanBeta": 7.8245000000000005, "mBottom": 7.668010000000001, "ChiSquared": null, "LogL": null, "testCalc": 11.6415599, "extTest": {"res1": 1953.1751874584231, "res2": 3814893.3129032464}}, "Point T4-449-07082019112343": {"Lambda": 0.0713, "Kappa": 0.5364, "tanBeta": 16.5043, "mBottom": 16.174214, "ChiSquared": null, "LogL": null, "testCalc": 16.94509721, "extTest": {"res1": -347.95227007440315, "res2": 121070.78224993039}}, "Point T1-774-07082019112343": {"Lambda": 0.5772, "Kappa": 0.6505, "tanBeta": 13.4158, "mBottom": 13.147484, "ChiSquared": null, "LogL": null, "testCalc": 15.633879740000001, "extTest": {"res1": -413.993052753887, "res2": 171390.24772848267}}, "Point T7-367-07082019112344": {"Lambda": 0.4166, "Kappa": 0.6024, "tanBeta": 33.5155, "mBottom": 32.84519, "ChiSquared": null, "LogL": null, "testCalc": 36.78588776000001, "extTest": {"res1": -2569.964996002099, "res2": 6604720.080676068}}, "Point T2-23-07082019112344": {"Lambda": 0.3113, "Kappa": 0.1896, "tanBeta": 15.6564, "mBottom": 15.343271999999999, "ChiSquared": null, "LogL": null, "testCalc": 10.736997129999999, "extTest": {"res1": -322.5016283223058, "res2": 104007.30027053868}}, "Point T0-235-07082019112344": {"Lambda": 0.9979, "Kappa": 0.3884, "tanBeta": 10.0511, "mBottom": 9.850078, "ChiSquared": null, "LogL": null, "testCalc": 9.82469065, "extTest": {"res1": 1039.908411930433, "res2": 1081409.505203675}}, "Point T4-191-07082019112344": {"Lambda": 0.5584, "Kappa": 0.4755, "tanBeta": 37.4819, "mBottom": 36.732262000000006, "ChiSquared": null, "LogL": null, "testCalc": 36.50058501000001, "extTest": {"res1": 14473.62519489651, "res2": 209485826.282343}}, "Point T6-317-07082019112345": {"Lambda": 0.0862, "Kappa": 0.7929, "tanBeta": 36.201, "mBottom": 35.47698, "ChiSquared": null, "LogL": null, "testCalc": 46.449693339999996, "extTest": {"res1": 2356.2867863320635, "res2": 5552087.419443083}}, "Point T3-664-07082019112345": {"Lambda": 0.1524, "Kappa": 0.4268, "tanBeta": 10.5358, "mBottom": 10.325084, "ChiSquared": null, "LogL": null, "testCalc": 9.6824472, "extTest": {"res1": 1143.8594064782944, "res2": 1308414.341788876}}, "Point T5-397-07082019112345": {"Lambda": 0.4954, "Kappa": 0.9956, "tanBeta": 19.4103, "mBottom": 19.022094, "ChiSquared": null, "LogL": null, "testCalc": 29.081362839999997, "extTest": {"res1": 683.7301371755897, "res2": 467486.90048215067}}, "Point T4-924-07082019112345": {"Lambda": 0.7243, "Kappa": 0.208, "tanBeta": 18.3133, "mBottom": 17.947034000000002, "ChiSquared": null, "LogL": null, "testCalc": 13.307293890000002, "extTest": {"res1": 50859.63921272772, "res2": 2586702900.848831}}, "Point T0-586-07082019112346": {"Lambda": 0.8481, "Kappa": 0.4299, "tanBeta": 28.3057, "mBottom": 27.739586000000003, "ChiSquared": null, "LogL": null, "testCalc": 26.75768704, "extTest": {"res1": 614.7147590122502, "res2": 377874.2349474888}}}