{"Point T2-204-07082019112342": {"Lambda": 0.3943, "Kappa": 0.5615, "tanBeta": 16.3821, "mBottom": 16.054458, "ChiSquared": null, "LogL": null, "testCalc": 17.381250639999998, "extTest": {"res1": 182.32770052511512, "res2": 33243.390378776065}}, "Point T1-730-07082019112629-GenNb0": {"Lambda": 0.5061, "Kappa": 0.5651, "tanBeta": 32.87205, "mBottom": 32.214609, "ChiSquared": null, "LogL": null, "testCalc": 34.939437165, "extTest": {"res1": -1707.6781901592483, "res2": 2916164.8011455657}}, "Point T7-176-07082019112343": {"Lambda": 0.16, "Kappa": 0.4709, "tanBeta": 13.5311, "mBottom": 13.260478, "ChiSquared": null, "LogL": null, "testCalc": 13.02763399, "extTest": {"res1": -234.11917946842337, "res2": 54811.79019496783}}, "Point T1-523-07082019112630-GenNb0": {"Lambda": 0.3071, "Kappa": 0.0209, "tanBeta": 10.738750000000001, "mBottom": 10.523975000000002, "ChiSquared": null, "LogL": null, "testCalc": 5.580737785000001, "extTest": {"res1": -79.02777732976512, "res2": 6245.389589682937}}, "Point T4-672-07082019112344": {"Lambda": 0.097, "Kappa": 0.1053, "tanBeta": 13.2788, "mBottom": 13.013224000000001, "ChiSquared": null, "LogL": null, "testCalc": 7.914278640000001, "extTest": {"res1": -231.95587541283166, "res2": 53803.52813853308}}, "Point T1-960-07082019112344": {"Lambda": 0.1763, "Kappa": 0.0116, "tanBeta": 19.765, "mBottom": 19.3697, "ChiSquared": null, "LogL": null, "testCalc": 9.945205690000002, "extTest": {"res1": -513.8919118369399, "res2": 264084.89705142524}}, "Point T1-226-07082019112631-GenNb0": {"Lambda": 0.5787, "Kappa": 0.4856, "tanBeta": 27.92015, "mBottom": 27.361746999999998, "ChiSquared": null, "LogL": null, "testCalc": 27.57379203, "extTest": {"res1": 540.6335597871346, "res2": 292284.6459681092}}, "Point T6-710-07082019112345": {"Lambda": 0.7845, "Kappa": 0.1645, "tanBeta": 35.1814, "mBottom": 34.477771999999995, "ChiSquared": null, "LogL": null, "testCalc": 23.641666549999997, "extTest": {"res1": 12750.804527621094, "res2": 162583016.10160258}}, "Point T1-829-07082019112345": {"Lambda": 0.8772, "Kappa": 0.8643, "tanBeta": 12.028, "mBottom": 11.78744, "ChiSquared": null, "LogL": null, "testCalc": 17.05900024, "extTest": {"res1": -1054.021048795953, "res2": 1110960.3713049206}}, "Point T5-899-07082019112345": {"Lambda": 0.4073, "Kappa": 0.8863, "tanBeta": 21.9668, "mBottom": 21.527464, "ChiSquared": null, "LogL": null, "testCalc": 30.398800129999998, "extTest": {"res1": 4972.375158420687, "res2": 24724514.71607915}}, "Point T0-808-07082019112345": {"Lambda": 0.2082, "Kappa": 0.6015, "tanBeta": 26.0603, "mBottom": 25.539094000000002, "ChiSquared": null, "LogL": null, "testCalc": 28.48816469, "extTest": {"res1": 3365.5253029499504, "res2": 11326760.564796355}}, "Point T7-855-07082019112346": {"Lambda": 0.2259, "Kappa": 0.192, "tanBeta": 20.3708, "mBottom": 19.963383999999998, "ChiSquared": null, "LogL": null, "testCalc": 13.94391641, "extTest": {"res1": 744.9208183870621, "res2": 554907.0256664504}}, "Point T2-404-07082019112346": {"Lambda": 0.72, "Kappa": 0.0408, "tanBeta": 31.8012, "mBottom": 31.165176000000002, "ChiSquared": null, "LogL": null, "testCalc": 17.39847696, "extTest": {"res1": 1273.7448334291344, "res2": 1622425.9006874133}}}