{"Point T3-202-07082019112343": {"Lambda": 0.7259, "Kappa": 0.5208, "tanBeta": 33.6808, "mBottom": 33.007183999999995, "ChiSquared": null, "LogL": null, "testCalc": 34.57148345, "extTest": {"res1": 772.6072233910068, "res2": 596921.921635961}}, "Point T4-150-07082019112343": {"Lambda": 0.2763, "Kappa": 0.1771, "tanBeta": 26.8012, "mBottom": 26.265176, "ChiSquared": null, "LogL": null, "testCalc": 17.955422210000002, "extTest": {"res1": -1642.7662109619182, "res2": 2698680.8238781774}}, "Point T7-205-07082019112629-GenNb0": {"Lambda": 0.6859, "Kappa": 0.4999, "tanBeta": 32.76965, "mBottom": 32.114256999999995, "ChiSquared": null, "LogL": null, "testCalc": 32.909135344999996, "extTest": {"res1": 2153.078427517428, "res2": 4635746.715040919}}, "Point T2-279-07082019112344": {"Lambda": 0.311, "Kappa": 0.7833, "tanBeta": 21.4299, "mBottom": 21.001302, "ChiSquared": null, "LogL": null, "testCalc": 27.38341267, "extTest": {"res1": -307.77604226768983, "res2": 94726.0921939628}}, "Point T7-480-07082019112344": {"Lambda": 0.8001, "Kappa": 0.3948, "tanBeta": 24.1342, "mBottom": 23.651516, "ChiSquared": null, "LogL": null, "testCalc": 21.994100170000003, "extTest": {"res1": 958.7148553895254, "res2": 919134.1739445586}}, "Point T0-990-07082019112344": {"Lambda": 0.5799, "Kappa": 0.5173, "tanBeta": 29.5856, "mBottom": 28.993888, "ChiSquared": null, "LogL": null, "testCalc": 30.137858889999997, "extTest": {"res1": 1572.897068406727, "res2": 2474005.187802476}}, "Point T1-558-07082019112344": {"Lambda": 0.2691, "Kappa": 0.9487, "tanBeta": 39.5534, "mBottom": 38.762332, "ChiSquared": null, "LogL": null, "testCalc": 56.97789139000001, "extTest": {"res1": 2814.0826762658157, "res2": 7919061.308859376}}, "Point T5-854-07082019112345": {"Lambda": 0.7838, "Kappa": 0.6026, "tanBeta": 26.1281, "mBottom": 25.605538, "ChiSquared": null, "LogL": null, "testCalc": 29.1619045, "extTest": {"res1": -672.326280587448, "res2": 452022.6275685518}}, "Point T6-766-07082019112345": {"Lambda": 0.5699, "Kappa": 0.88, "tanBeta": 39.7832, "mBottom": 38.987536, "ChiSquared": null, "LogL": null, "testCalc": 54.82777001, "extTest": {"res1": -11579.99711402808, "res2": 134096333.16089866}}, "Point T3-101-07082019112345": {"Lambda": 0.7303, "Kappa": 0.0744, "tanBeta": 28.9933, "mBottom": 28.413434000000002, "ChiSquared": null, "LogL": null, "testCalc": 16.89715661, "extTest": {"res1": 127479.13785752664, "res2": 16250930588.898283}}, "Point T1-75-07082019112346": {"Lambda": 0.3057, "Kappa": 0.2544, "tanBeta": 30.9091, "mBottom": 30.290917999999998, "ChiSquared": null, "LogL": null, "testCalc": 23.10218653, "extTest": {"res1": 734.0078794148013, "res2": 538767.5670430135}}, "Point T1-505-07082019112346": {"Lambda": 0.7315, "Kappa": 0.4374, "tanBeta": 27.2011, "mBottom": 26.657078, "ChiSquared": null, "LogL": null, "testCalc": 25.761392389999997, "extTest": {"res1": 933.2281357216243, "res2": 870914.7533024584}}}