{"Point T3-922-07082019112629-GenNb0": {"Lambda": 0.38389999999999996, "Kappa": 0.8119, "tanBeta": 19.1666, "mBottom": 18.783268, "ChiSquared": null, "LogL": null, "testCalc": 25.100375749999998, "extTest": {"res1": 11548.794728794855, "res2": 133374659.68783984}}, "Point T2-314-07082019112343": {"Lambda": 0.7271, "Kappa": 0.6961, "tanBeta": 10.8928, "mBottom": 10.674944, "ChiSquared": null, "LogL": null, "testCalc": 13.44862449, "extTest": {"res1": -154.44865103917203, "res2": 23854.385807819937}}, "Point T4-528-07082019112343": {"Lambda": 0.5014, "Kappa": 0.6627, "tanBeta": 35.2149, "mBottom": 34.510602, "ChiSquared": null, "LogL": null, "testCalc": 40.843617189999996, "extTest": {"res1": 2047.6357211315317, "res2": 4192812.0464538475}}, "Point T3-847-07082019112630-GenNb0": {"Lambda": 0.1257, "Kappa": 0.1991, "tanBeta": 14.28475, "mBottom": 13.999055, "ChiSquared": null, "LogL": null, "testCalc": 9.859421715, "extTest": {"res1": -140.85281792727557, "res2": 19839.51631805424}}, "Point T3-145-07082019112630-GenNb0": {"Lambda": 0.4385, "Kappa": 0.4798, "tanBeta": 5.37565, "mBottom": 5.268137, "ChiSquared": null, "LogL": null, "testCalc": 5.40558762, "extTest": {"res1": -55.40864132536604, "res2": 3070.1175335230614}}, "Point T1-619-07082019112344": {"Lambda": 0.015, "Kappa": 0.5918, "tanBeta": 16.2399, "mBottom": 15.915102, "ChiSquared": null, "LogL": null, "testCalc": 17.56854882, "extTest": {"res1": -259.12309476489224, "res2": 67144.77824053532}}, "Point T3-527-07082019112344": {"Lambda": 0.2729, "Kappa": 0.4158, "tanBeta": 39.5419, "mBottom": 38.751062, "ChiSquared": null, "LogL": null, "testCalc": 35.89152743, "extTest": {"res1": -1042.0720648044182, "res2": 1085914.1882457437}}, "Point T7-795-07082019112345": {"Lambda": 0.8814, "Kappa": 0.1892, "tanBeta": 22.7816, "mBottom": 22.325968, "ChiSquared": null, "LogL": null, "testCalc": 16.25012868, "extTest": {"res1": -683.0294579737084, "res2": 466529.2404598579}}, "Point T2-651-07082019112345": {"Lambda": 0.4149, "Kappa": 0.1622, "tanBeta": 17.7991, "mBottom": 17.443118, "ChiSquared": null, "LogL": null, "testCalc": 11.78071503, "extTest": {"res1": 48044.145645302066, "res2": 2308239930.7869973}}, "Point T3-918-07082019112345": {"Lambda": 0.1092, "Kappa": 0.0254, "tanBeta": 11.6129, "mBottom": 11.380642, "ChiSquared": null, "LogL": null, "testCalc": 5.9972133, "extTest": {"res1": -986.8968114691936, "res2": 973965.3164880611}}, "Point T3-143-07082019112631-GenNb0": {"Lambda": 0.9314, "Kappa": 0.1774, "tanBeta": 15.284949999999998, "mBottom": 14.979250999999998, "ChiSquared": null, "LogL": null, "testCalc": 11.068681589999999, "extTest": {"res1": -295.0946148733472, "res2": 87080.83172724911}}, "Point T3-650-07082019112346": {"Lambda": 0.6106, "Kappa": 0.256, "tanBeta": 26.5985, "mBottom": 26.06653, "ChiSquared": null, "LogL": null, "testCalc": 20.21531336, "extTest": {"res1": 3505.016175902701, "res2": 12285138.393339593}}, "Point T3-221-07082019112632-GenNb0": {"Lambda": 0.4686, "Kappa": 0.493, "tanBeta": 11.405249999999999, "mBottom": 11.177145, "ChiSquared": null, "LogL": null, "testCalc": 11.430946709999999, "extTest": {"res1": -427.73150407718356, "res2": 182954.23958012968}}}