{"Point T4-844-04092019231825-GenNb111": {"k": 111251.7911383289, "zL": 36.455440020800005, "c0": 0.2887, "c1": 0.2118898094863356, "c2": -1.0057137386209338, "c0Prime": 0.6537, "Mu1": 15.93468964811725, "Mu11": 0.2769557960403295, "Mu11Prime": 0.9333343484892316, "Mu2Tilde": 2.2196997370946248, "mWpm": 85.04019635833629, "mTop": 191.82696028461896, "mZ0": 96.98790244905666, "mZprime": 11239.624772232277, "mPsiDark": 1912.47455438547, "mTau": 1.737104955772731, "mBottom": 4.176513409322908, "mTauTow": 548.7465458473122, "mBottomTow": 3164.3399738397165, "Higgs": 99.10912818629902, "ThetaHiggs": 0.1358829087996267, "mNeutrino": 0.10347141735003941, "Triviality": 0, "ChiSquared": null, "LogL": null, "sin2ThW": null},"Point T4-294-05092019033931-GenNb292": {"k": 56385.66420604801, "zL": 36.00133150387398, "c0": 0.2440656910026816, "c1": 0.11696618864797934, "c2": -0.5964929296, "c0Prime": 0.5088506000000002, "Mu1": 13.294268699843068, "Mu11": 0.2182011750935222, "Mu11Prime": 0.1721986552, "Mu2Tilde": 1.7028758768334313, "mWpm": 77.96891264953763, "mTop": 181.38689695521805, "mZ0": 88.92314009069298, "mZprime": 5767.121606336833, "mPsiDark": 1272.4192970267595, "mTau": 1.6726982098736611, "mBottom": 4.279107319021209, "mTauTow": 693.1716533051792, "mBottomTow": 1787.4518743524538, "Higgs": 122.96492550701383, "ThetaHiggs": 0.24277248467606966, "mNeutrino": 0.06982260762120376, "Triviality": 0, "ChiSquared": null, "LogL": null, "sin2ThW": null}}