{"Point T2-517-04092019222827-GenNb72": {"k": 160828.7139997933, "zL": 34.86703595216224, "c0": 0.51358605088, "c1": 0.25400302950458864, "c2": -0.47447456, "c0Prime": 0.66640804, "Mu1": 18.28716883864876, "Mu11": 0.2195768829616962, "Mu11Prime": 0.28378279261472, "Mu2Tilde": 1.9887573690997762, "mWpm": 90.46895984801492, "mTop": 158.73547326499602, "mZ0": 103.17937902487876, "mZprime": 17012.662000057706, "mPsiDark": 2857.594230152003, "mTau": 1.8271022858703412, "mBottom": 4.138441270113799, "mTauTow": 3552.0222625504634, "mBottomTow": 3399.7456908062713, "Higgs": 116.15152385875334, "ThetaHiggs": 0.09332500587506269, "mNeutrino": 0.2538733425921484, "Triviality": 0, "ChiSquared": null, "LogL": null, "sin2ThW": null},"Point T2-198-04092019232345-GenNb109": {"k": 124949.74548215044, "zL": 31.181871441959647, "c0": 0.06937520982412801, "c1": 0.1750160749384681, "c2": -0.8367, "c0Prime": 0.496794, "Mu1": 18.29496959514139, "Mu11": 0.5697483190280768, "Mu11Prime": 0.1352, "Mu2Tilde": 0.8938803207946343, "mWpm": 75.89807602637816, "mTop": 175.06151989573456, "mZ0": 86.56136167300666, "mZprime": 14831.284289246902, "mPsiDark": 3434.0626499748378, "mTau": 1.8421385599235143, "mBottom": 4.1035943378408914, "mTauTow": 424.95370410333834, "mBottomTow": 5229.585874424154, "Higgs": 127.82067912460376, "ThetaHiggs": 0.08505929158013519, "mNeutrino": 0.020632582595673736, "Triviality": 0, "ChiSquared": null, "LogL": null, "sin2ThW": null},"Point T2-690-05092019014001-GenNb199": {"k": 87048.04051372713, "zL": 46.9553809558544, "c0": 0.46947871935999996, "c1": 0.3082387302501474, "c2": -0.5454, "c0Prime": 0.59515416739328, "Mu1": 26.742404918725313, "Mu11": 0.40528383697186365, "Mu11Prime": 0.1695399512, "Mu2Tilde": 0.8624, "mWpm": 80.67604078351904, "mTop": 169.33488411484743, "mZ0": 92.01060567307869, "mZprime": 6782.442758571253, "mPsiDark": 1222.0120850078224, "mTau": 1.7620960984387037, "mBottom": 4.351399775935703, "mTauTow": 779.3612396882522, "mBottomTow": 1407.7671356399435, "Higgs": 136.11793499604545, "ThetaHiggs": 0.24320614910810226, "mNeutrino": 0.3932515075272728, "Triviality": 0, "ChiSquared": null, "LogL": null, "sin2ThW": null},"Point T2-541-05092019100725-GenNb528": {"k": 97345.3657543315, "zL": 39.30025579276799, "c0": 0.02796713177522192, "c1": 0.21106205986220825, "c2": -0.9567, "c0Prime": 0.5113348384000002, "Mu1": 10.914926470563433, "Mu11": 0.40731825475981365, "Mu11Prime": 0.42670328450379175, "Mu2Tilde": 1.5405359141760002, "mWpm": 71.85276308474619, "mTop": 186.74285398582893, "mZ0": 81.94770326486203, "mZprime": 9103.992397896594, "mPsiDark": 1985.4055069528022, "mTau": 1.8075461992998385, "mBottom": 4.092389671056807, "mTauTow": 272.84000429771055, "mBottomTow": 2985.200553938337, "Higgs": 128.84641840740312, "ThetaHiggs": 0.1470941175525093, "mNeutrino": 0.02431346364489192, "Triviality": 0, "ChiSquared": null, "LogL": null, "sin2ThW": null}}