{"Point T0-288-19082019082359-GenNb15": {"x": 0.1502341066260775, "y": 1.2861642736000003, "fAckley": 4.867039822052387, "ChiSquared": null}, "Point T0-728-19082019082400-GenNb15": {"x": -0.23358743919744918, "y": -1.0591774800000011, "fAckley": 3.8848761821404243, "ChiSquared": null}, "Point T0-912-19082019082400-GenNb15": {"x": -0.14706047064645844, "y": -0.13546987652706632, "fAckley": 1.3966701135437636, "ChiSquared": null}, "Point T0-413-19082019082400-GenNb15": {"x": 0.049050904564323594, "y": -0.2891858591801606, "fAckley": 2.1053592505093985, "ChiSquared": null}}