{"Point T0-57-16072019101954": {"Lambda": 0.9213, "Kappa": 0.5277, "tanBeta": 21.9829, "mBottom": 21.543242, "ChiSquared": null, "testCalc": 23.22079102}, "Point T0-542-16072019101954": {"Lambda": 0.1887, "Kappa": 0.647, "tanBeta": 29.6066, "mBottom": 29.014468, "ChiSquared": null, "testCalc": 33.69831189}, "Point T0-167-16072019101954": {"Lambda": 0.4994, "Kappa": 0.4971, "tanBeta": 26.6646, "mBottom": 26.131308, "ChiSquared": null, "testCalc": 26.570027019999998}, "Point T0-592-16072019101955": {"Lambda": 0.0603, "Kappa": 0.3628, "tanBeta": 39.4345, "mBottom": 38.64581, "ChiSquared": null, "testCalc": 33.63337769}, "Point T0-711-16072019101955": {"Lambda": 0.6764, "Kappa": 0.2209, "tanBeta": 37.3454, "mBottom": 36.598492, "ChiSquared": null, "testCalc": 27.006361820000002}, "Point T0-146-16072019101955": {"Lambda": 0.0247, "Kappa": 0.2985, "tanBeta": 17.6115, "mBottom": 17.25927, "ChiSquared": null, "testCalc": 13.88727784}, "Point T0-134-16072019101956": {"Lambda": 0.8517, "Kappa": 0.1624, "tanBeta": 22.7637, "mBottom": 22.308426, "ChiSquared": null, "testCalc": 15.57643077}, "Point T0-781-16072019101956": {"Lambda": 0.7425, "Kappa": 0.1188, "tanBeta": 33.6413, "mBottom": 32.968474, "ChiSquared": null, "testCalc": 21.03212969}, "Point T0-784-16072019101956": {"Lambda": 0.3535, "Kappa": 0.1648, "tanBeta": 36.86, "mBottom": 36.1228, "ChiSquared": null, "testCalc": 24.26089025}, "Point T0-653-16072019101957": {"Lambda": 0.7324, "Kappa": 0.9081, "tanBeta": 30.099, "mBottom": 29.49702, "ChiSquared": null, "testCalc": 42.61782166}, "Point T0-87-16072019101957": {"Lambda": 0.0928, "Kappa": 0.9634, "tanBeta": 14.8931, "mBottom": 14.595238, "ChiSquared": null, "testCalc": 21.65424338}, "Point T0-792-16072019101957": {"Lambda": 0.7617, "Kappa": 0.0821, "tanBeta": 16.84, "mBottom": 16.5032, "ChiSquared": null, "testCalc": 10.21435089}, "Point T0-926-16072019101958": {"Lambda": 0.8192, "Kappa": 0.4199, "tanBeta": 29.7264, "mBottom": 29.131872, "ChiSquared": null, "testCalc": 27.719140000000003}, "Point T0-271-16072019101958": {"Lambda": 0.6564, "Kappa": 0.1907, "tanBeta": 11.7811, "mBottom": 11.545478000000001, "ChiSquared": null, "testCalc": 8.45025573}, "Point T0-802-16072019101958": {"Lambda": 0.1581, "Kappa": 0.5369, "tanBeta": 33.1358, "mBottom": 32.473084, "ChiSquared": null, "testCalc": 34.052148630000005}, "Point T0-698-16072019101959": {"Lambda": 0.1559, "Kappa": 0.4888, "tanBeta": 22.232, "mBottom": 21.78736, "ChiSquared": null, "testCalc": 21.784986410000002}, "Point T0-833-16072019101959": {"Lambda": 0.2799, "Kappa": 0.8743, "tanBeta": 18.1521, "mBottom": 17.789058, "ChiSquared": null, "testCalc": 24.84325404}, "Point T0-871-16072019101959": {"Lambda": 0.0091, "Kappa": 0.2838, "tanBeta": 11.2762, "mBottom": 11.050676, "ChiSquared": null, "testCalc": 8.72560637}, "Point T0-164-16072019101959": {"Lambda": 0.7907, "Kappa": 0.9208, "tanBeta": 29.1307, "mBottom": 28.548086, "ChiSquared": null, "testCalc": 41.72279805}, "Point T0-576-16072019101959": {"Lambda": 0.4209, "Kappa": 0.8327, "tanBeta": 15.218, "mBottom": 14.91364, "ChiSquared": null, "testCalc": 20.306005409999997}, "Point T0-835-16072019102000": {"Lambda": 0.7789, "Kappa": 0.8028, "tanBeta": 30.3084, "mBottom": 29.702232, "ChiSquared": null, "testCalc": 39.789384729999995}, "Point T0-458-16072019102000": {"Lambda": 0.861, "Kappa": 0.0168, "tanBeta": 11.709, "mBottom": 11.47482, "ChiSquared": null, "testCalc": 6.6754422}, "Point T0-180-16072019102000": {"Lambda": 0.6026, "Kappa": 0.1503, "tanBeta": 22.3309, "mBottom": 21.884282, "ChiSquared": null, "testCalc": 14.66160203}, "Point T0-611-16072019102001": {"Lambda": 0.5029, "Kappa": 0.3733, "tanBeta": 16.4576, "mBottom": 16.128448, "ChiSquared": null, "testCalc": 14.46075449}, "Point T0-237-16072019102001": {"Lambda": 0.2063, "Kappa": 0.0926, "tanBeta": 36.8795, "mBottom": 36.14191, "ChiSquared": null, "testCalc": 21.528556390000002}, "Point T0-160-16072019102001": {"Lambda": 0.759, "Kappa": 0.51, "tanBeta": 32.6625, "mBottom": 32.00925, "ChiSquared": null, "testCalc": 33.238580999999996}, "Point T0-94-16072019102001": {"Lambda": 0.3203, "Kappa": 0.2527, "tanBeta": 19.6719, "mBottom": 19.278462, "ChiSquared": null, "testCalc": 14.71291222}, "Point T0-399-16072019102001": {"Lambda": 0.0513, "Kappa": 0.5975, "tanBeta": 14.2156, "mBottom": 13.931288, "ChiSquared": null, "testCalc": 15.462096690000001}, "Point T0-903-16072019102002": {"Lambda": 0.9813, "Kappa": 0.136, "tanBeta": 28.0188, "mBottom": 27.458423999999997, "ChiSquared": null, "testCalc": 18.50271849}, "Point T0-57-16072019102002": {"Lambda": 0.6999, "Kappa": 0.2506, "tanBeta": 24.2418, "mBottom": 23.756964, "ChiSquared": null, "testCalc": 18.44333709}, "Point T0-83-16072019102003": {"Lambda": 0.5377, "Kappa": 0.0807, "tanBeta": 23.7815, "mBottom": 23.305870000000002, "ChiSquared": null, "testCalc": 13.861223340000002}, "Point T0-22-16072019102003": {"Lambda": 0.5011, "Kappa": 0.1105, "tanBeta": 29.5726, "mBottom": 28.981148, "ChiSquared": null, "testCalc": 18.00944751}, "Point T0-531-16072019102003": {"Lambda": 0.4222, "Kappa": 0.6243, "tanBeta": 37.8835, "mBottom": 37.12583, "ChiSquared": null, "testCalc": 42.39183688999999}, "Point T0-101-16072019102003": {"Lambda": 0.3382, "Kappa": 0.8041, "tanBeta": 15.6294, "mBottom": 15.316812, "ChiSquared": null, "testCalc": 20.340385780000002}, "Point T0-913-16072019102003": {"Lambda": 0.1838, "Kappa": 0.1019, "tanBeta": 37.3571, "mBottom": 36.609958, "ChiSquared": null, "testCalc": 22.145449929999998}, "Point T0-524-16072019102004": {"Lambda": 0.9804, "Kappa": 0.3117, "tanBeta": 26.3502, "mBottom": 25.823196, "ChiSquared": null, "testCalc": 22.0861395}, "Point T0-95-16072019102004": {"Lambda": 0.4843, "Kappa": 0.3892, "tanBeta": 33.6851, "mBottom": 33.011398, "ChiSquared": null, "testCalc": 29.85048641}, "Point T0-112-16072019102005": {"Lambda": 0.8736, "Kappa": 0.1321, "tanBeta": 34.695, "mBottom": 34.0011, "ChiSquared": null, "testCalc": 22.34693646}, "Point T0-364-16072019102005": {"Lambda": 0.0268, "Kappa": 0.2301, "tanBeta": 30.7595, "mBottom": 30.144309999999997, "ChiSquared": null, "testCalc": 22.150634189999998}, "Point T0-196-16072019102006": {"Lambda": 0.7289, "Kappa": 0.8172, "tanBeta": 23.5881, "mBottom": 23.116338, "ChiSquared": null, "testCalc": 31.365659530000002}, "Point T0-329-16072019102006": {"Lambda": 0.3532, "Kappa": 0.1296, "tanBeta": 21.2953, "mBottom": 20.869394, "ChiSquared": null, "testCalc": 13.31931812}, "Point T0-626-16072019102006": {"Lambda": 0.7861, "Kappa": 0.6271, "tanBeta": 15.7331, "mBottom": 15.418438, "ChiSquared": null, "testCalc": 18.19339922}, "Point T0-403-16072019102007": {"Lambda": 0.003, "Kappa": 0.5382, "tanBeta": 31.6957, "mBottom": 31.061785999999998, "ChiSquared": null, "testCalc": 32.58952774}, "Point T0-785-16072019102007": {"Lambda": 0.2005, "Kappa": 0.6942, "tanBeta": 33.9484, "mBottom": 33.269432, "ChiSquared": null, "testCalc": 40.24189553000001}, "Point T0-573-16072019102008": {"Lambda": 0.218, "Kappa": 0.8153, "tanBeta": 14.8117, "mBottom": 14.515466, "ChiSquared": null, "testCalc": 19.381236010000002}, "Point T0-930-16072019102008": {"Lambda": 0.9336, "Kappa": 0.1275, "tanBeta": 31.9622, "mBottom": 31.322955999999998, "ChiSquared": null, "testCalc": 20.60826746}, "Point T0-796-16072019102008": {"Lambda": 0.5515, "Kappa": 0.3644, "tanBeta": 21.0824, "mBottom": 20.660752, "ChiSquared": null, "testCalc": 18.31695481}, "Point T0-758-16072019102008": {"Lambda": 0.9701, "Kappa": 0.6261, "tanBeta": 32.4628, "mBottom": 31.813544, "ChiSquared": null, "testCalc": 37.17282509}, "Point T0-325-16072019102009": {"Lambda": 0.3155, "Kappa": 0.5334, "tanBeta": 39.3595, "mBottom": 38.572309999999995, "ChiSquared": null, "testCalc": 40.380052549999995}, "Point T0-808-16072019102009": {"Lambda": 0.9412, "Kappa": 0.6549, "tanBeta": 22.6646, "mBottom": 22.211308, "ChiSquared": null, "testCalc": 26.83455798}}