{"Point T0-160-23072019110307": {"Lambda": 0.2422, "Kappa": 0.2754, "tanBeta": 21.9442, "mBottom": 21.505315999999997, "ChiSquared": null, "testCalc": 16.854751519999997, "extTest": {"res1": -208.22826967161032, "res2": 43359.01229043287}}, "Point T0-898-23072019110307": {"Lambda": 0.9884, "Kappa": 0.9985, "tanBeta": 26.1406, "mBottom": 25.617787999999997, "ChiSquared": null, "testCalc": 39.887217660000005, "extTest": {"res1": 791.5780875459174, "res2": 626595.868682852}}, "Point T0-418-23072019110307": {"Lambda": 0.1708, "Kappa": 0.8622, "tanBeta": 30.174, "mBottom": 29.57052, "ChiSquared": null, "testCalc": 40.830455439999994, "extTest": {"res1": -2828.518356134533, "res2": 8000516.09099}}, "Point T0-649-23072019110308": {"Lambda": 0.5055, "Kappa": 0.2272, "tanBeta": 19.4336, "mBottom": 19.044928, "ChiSquared": null, "testCalc": 14.193308169999998, "extTest": {"res1": -1661.662894956936, "res2": 2761123.5764766657}}, "Point T0-179-23072019110308": {"Lambda": 0.2884, "Kappa": 0.4399, "tanBeta": 23.522, "mBottom": 23.05156, "ChiSquared": null, "testCalc": 21.95628236, "extTest": {"res1": 305.9754822373104, "res2": 93620.99573035467}}, "Point T0-806-23072019110308": {"Lambda": 0.043, "Kappa": 0.5041, "tanBeta": 29.205, "mBottom": 28.6209, "ChiSquared": null, "testCalc": 29.034539499999998, "extTest": {"res1": 763.6258445765113, "res2": 583124.4305051903}}, "Point T0-826-23072019110309": {"Lambda": 0.6646, "Kappa": 0.5593, "tanBeta": 19.2208, "mBottom": 18.836384, "ChiSquared": null, "testCalc": 20.6100786, "extTest": {"res1": -234.2496767159463, "res2": 54872.91104152535}}, "Point T0-720-23072019110309": {"Lambda": 0.2188, "Kappa": 0.0633, "tanBeta": 17.6151, "mBottom": 17.262798, "ChiSquared": null, "testCalc": 9.79430827, "extTest": {"res1": -157.94638958763247, "res2": 24947.061983768173}}, "Point T0-244-23072019110309": {"Lambda": 0.0054, "Kappa": 0.318, "tanBeta": 16.8412, "mBottom": 16.504376, "ChiSquared": null, "testCalc": 13.607718760000001, "extTest": {"res1": -276.0176840270146, "res2": 76185.76189563685}}, "Point T0-212-23072019110309": {"Lambda": 0.744, "Kappa": 0.1834, "tanBeta": 23.1613, "mBottom": 22.698074000000002, "ChiSquared": null, "testCalc": 16.15035542, "extTest": {"res1": -402.5102334018257, "res2": 162014.4879931922}}, "Point T0-88-23072019110310": {"Lambda": 0.9228, "Kappa": 0.3443, "tanBeta": 21.6793, "mBottom": 21.245714, "ChiSquared": null, "testCalc": 18.93859983, "extTest": {"res1": -323.90935047596275, "res2": 104917.26732576007}}, "Point T0-643-23072019110310": {"Lambda": 0.6332, "Kappa": 0.02, "tanBeta": 36.9725, "mBottom": 36.23305, "ChiSquared": null, "testCalc": 19.25691724, "extTest": {"res1": -975.0671494805042, "res2": 950755.9459960359}}, "Point T0-908-23072019110311": {"Lambda": 0.947, "Kappa": 0.4691, "tanBeta": 36.479, "mBottom": 35.74942, "ChiSquared": null, "testCalc": 35.8838179, "extTest": {"res1": 656.500348760902, "res2": 430992.707923186}}, "Point T0-764-23072019110311": {"Lambda": 0.6717, "Kappa": 0.9272, "tanBeta": 36.8123, "mBottom": 36.076054, "ChiSquared": null, "testCalc": 52.62157245, "extTest": {"res1": 1173.1963452467435, "res2": 1376389.6645003161}}, "Point T0-790-23072019110311": {"Lambda": 0.2022, "Kappa": 0.566, "tanBeta": 14.1468, "mBottom": 13.863864000000001, "ChiSquared": null, "testCalc": 14.979905640000002, "extTest": {"res1": -124.78014799903947, "res2": 15570.085334662193}}, "Point T0-555-23072019110312": {"Lambda": 0.2941, "Kappa": 0.7071, "tanBeta": 34.3717, "mBottom": 33.684265999999994, "ChiSquared": null, "testCalc": 41.23285687999999, "extTest": {"res1": 2658.6531555450715, "res2": 7068436.6014897665}}, "Point T0-227-23072019110312": {"Lambda": 0.5289, "Kappa": 0.1198, "tanBeta": 19.7517, "mBottom": 19.356666, "ChiSquared": null, "testCalc": 12.32432187, "extTest": {"res1": 4018.57412731351, "res2": 16148938.016713537}}, "Point T0-70-23072019110312": {"Lambda": 0.3281, "Kappa": 0.0343, "tanBeta": 27.7924, "mBottom": 27.236552, "ChiSquared": null, "testCalc": 14.67920493, "extTest": {"res1": -498.478674360616, "res2": 248480.98879231708}}, "Point T0-159-23072019110312": {"Lambda": 0.3236, "Kappa": 0.8286, "tanBeta": 12.2682, "mBottom": 12.022836, "ChiSquared": null, "testCalc": 16.28156548, "extTest": {"res1": 83.9530178869878, "res2": 7048.109212332893}}, "Point T0-7-23072019110312": {"Lambda": 0.6322, "Kappa": 0.9126, "tanBeta": 23.0552, "mBottom": 22.594096, "ChiSquared": null, "testCalc": 32.73690036, "extTest": {"res1": -1183.1226431309794, "res2": 1399779.188689235}}}