{"Point T0-731-15072019132530": {"Lambda": 0.7187, "Kappa": 0.454, "tanBeta": 17.3025, "mBottom": 16.956449999999997, "ChiSquared": null, "testCalc": 16.850089689999997}, "Point T0-220-15072019132530": {"Lambda": 0.1903, "Kappa": 0.4909, "tanBeta": 27.0176, "mBottom": 26.477248, "ChiSquared": null, "testCalc": 26.53777793}, "Point T0-461-15072019132530": {"Lambda": 0.6682, "Kappa": 0.5641, "tanBeta": 32.0969, "mBottom": 31.454962, "ChiSquared": null, "testCalc": 34.27983353}, "Point T0-152-15072019132530": {"Lambda": 0.6244, "Kappa": 0.1009, "tanBeta": 25.0032, "mBottom": 24.503135999999998, "ChiSquared": null, "testCalc": 15.164266239999998}, "Point T0-905-15072019132530": {"Lambda": 0.2412, "Kappa": 0.2958, "tanBeta": 38.961, "mBottom": 38.181779999999996, "ChiSquared": null, "testCalc": 30.67373124}, "Point T0-468-15072019132530": {"Lambda": 0.0918, "Kappa": 0.6265, "tanBeta": 19.4272, "mBottom": 19.038656, "ChiSquared": null, "testCalc": 21.698896039999997}, "Point T0-989-15072019132530": {"Lambda": 0.107, "Kappa": 0.4016, "tanBeta": 25.6451, "mBottom": 25.132198, "ChiSquared": null, "testCalc": 22.87662016}, "Point T0-564-15072019132531": {"Lambda": 0.9714, "Kappa": 0.9546, "tanBeta": 19.7951, "mBottom": 19.399198000000002, "ChiSquared": null, "testCalc": 29.53961942}, "Point T0-812-15072019132531": {"Lambda": 0.3834, "Kappa": 0.8372, "tanBeta": 11.9328, "mBottom": 11.694144, "ChiSquared": null, "testCalc": 15.98420772}, "Point T0-623-15072019132532": {"Lambda": 0.9193, "Kappa": 0.6769, "tanBeta": 30.0197, "mBottom": 29.419306, "ChiSquared": null, "testCalc": 35.875100419999995}}