{"Point T0-271-15072019132838": {"Lambda": 0.9853, "Kappa": 0.8886, "tanBeta": 24.7804, "mBottom": 24.284792, "ChiSquared": null, "testCalc": 35.13307553}, "Point T0-344-15072019132839": {"Lambda": 0.5268, "Kappa": 0.7811, "tanBeta": 25.1189, "mBottom": 24.616522, "ChiSquared": null, "testCalc": 32.20615203}, "Point T0-765-15072019132839": {"Lambda": 0.1858, "Kappa": 0.2815, "tanBeta": 31.141, "mBottom": 30.518179999999997, "ChiSquared": null, "testCalc": 24.059803139999996}, "Point T0-825-15072019132840": {"Lambda": 0.3429, "Kappa": 0.7799, "tanBeta": 35.398, "mBottom": 34.69004, "ChiSquared": null, "testCalc": 45.069500610000006}, "Point T0-623-15072019132840": {"Lambda": 0.4523, "Kappa": 0.5382, "tanBeta": 33.0362, "mBottom": 32.375476, "ChiSquared": null, "testCalc": 34.17239613}, "Point T0-320-15072019132840": {"Lambda": 0.6314, "Kappa": 0.2527, "tanBeta": 32.2934, "mBottom": 31.647531999999998, "ChiSquared": null, "testCalc": 24.382974139999995}, "Point T0-510-15072019132841": {"Lambda": 0.0453, "Kappa": 0.3106, "tanBeta": 38.4039, "mBottom": 37.635822, "ChiSquared": null, "testCalc": 30.748214429999997}, "Point T0-206-15072019132841": {"Lambda": 0.7203, "Kappa": 0.1603, "tanBeta": 29.0141, "mBottom": 28.433818, "ChiSquared": null, "testCalc": 19.38670132}, "Point T0-946-15072019132841": {"Lambda": 0.0379, "Kappa": 0.1007, "tanBeta": 34.8434, "mBottom": 34.146532, "ChiSquared": null, "testCalc": 20.58343279}, "Point T0-263-15072019132842": {"Lambda": 0.9066, "Kappa": 0.7595, "tanBeta": 32.0099, "mBottom": 31.369702, "ChiSquared": null, "testCalc": 40.81829361}}