{"Point T0-6-15072019132817": {"Lambda": 0.7458, "Kappa": 0.1338, "tanBeta": 12.8462, "mBottom": 12.589276, "ChiSquared": null, "testCalc": 8.5696772}, "Point T0-321-15072019132817": {"Lambda": 0.974, "Kappa": 0.9611, "tanBeta": 35.3682, "mBottom": 34.660836, "ChiSquared": null, "testCalc": 52.27147102}, "Point T0-923-15072019132817": {"Lambda": 0.6722, "Kappa": 0.6034, "tanBeta": 15.8862, "mBottom": 15.568476, "ChiSquared": null, "testCalc": 17.82182392}, "Point T0-827-15072019132818": {"Lambda": 0.3195, "Kappa": 0.9103, "tanBeta": 10.3735, "mBottom": 10.16603, "ChiSquared": null, "testCalc": 14.6280923}, "Point T0-962-15072019132818": {"Lambda": 0.7499, "Kappa": 0.6932, "tanBeta": 15.3523, "mBottom": 15.045254, "ChiSquared": null, "testCalc": 18.72719137}, "Point T0-691-15072019132818": {"Lambda": 0.0882, "Kappa": 0.128, "tanBeta": 27.1317, "mBottom": 26.589066, "ChiSquared": null, "testCalc": 16.77516984}, "Point T0-244-15072019132818": {"Lambda": 0.0236, "Kappa": 0.41, "tanBeta": 39.8416, "mBottom": 39.044768, "ChiSquared": null, "testCalc": 35.857996959999994}, "Point T0-203-15072019132818": {"Lambda": 0.7251, "Kappa": 0.2536, "tanBeta": 14.0558, "mBottom": 13.774683999999999, "ChiSquared": null, "testCalc": 10.977662889999998}, "Point T0-160-15072019132819": {"Lambda": 0.2021, "Kappa": 0.0787, "tanBeta": 17.3954, "mBottom": 17.047492, "ChiSquared": null, "testCalc": 9.93360839}, "Point T0-421-15072019132819": {"Lambda": 0.1996, "Kappa": 0.7871, "tanBeta": 33.1447, "mBottom": 32.481806, "ChiSquared": null, "testCalc": 42.36893653}}