{"Point T0-647-15072019133008": {"Lambda": 0.9855, "Kappa": 0.1799, "tanBeta": 31.4985, "mBottom": 30.86853, "ChiSquared": null, "testCalc": 22.072055399999996}, "Point T0-5-15072019133008": {"Lambda": 0.3738, "Kappa": 0.0664, "tanBeta": 31.4555, "mBottom": 30.82639, "ChiSquared": null, "testCalc": 17.64156664}, "Point T0-991-15072019133008": {"Lambda": 0.5082, "Kappa": 0.1486, "tanBeta": 16.0516, "mBottom": 15.730568, "ChiSquared": null, "testCalc": 10.508818999999999}, "Point T0-121-15072019133009": {"Lambda": 0.3614, "Kappa": 0.0596, "tanBeta": 24.8802, "mBottom": 24.382596, "ChiSquared": null, "testCalc": 13.804767879999998}, "Point T0-18-15072019133009": {"Lambda": 0.6715, "Kappa": 0.0528, "tanBeta": 12.776, "mBottom": 12.52048, "ChiSquared": null, "testCalc": 7.38572505}, "Point T0-398-15072019133009": {"Lambda": 0.9441, "Kappa": 0.302, "tanBeta": 25.0907, "mBottom": 24.588886, "ChiSquared": null, "testCalc": 20.763159209999998}, "Point T0-271-15072019133009": {"Lambda": 0.2358, "Kappa": 0.6277, "tanBeta": 24.6839, "mBottom": 24.190222000000002, "ChiSquared": null, "testCalc": 27.644796670000005}, "Point T0-808-15072019133010": {"Lambda": 0.7781, "Kappa": 0.8827, "tanBeta": 30.2424, "mBottom": 29.637552, "ChiSquared": null, "testCalc": 42.11918209}, "Point T0-744-15072019133010": {"Lambda": 0.6086, "Kappa": 0.2811, "tanBeta": 21.9293, "mBottom": 21.490714, "ChiSquared": null, "testCalc": 17.28007719}, "Point T0-905-15072019133010": {"Lambda": 0.3907, "Kappa": 0.4216, "tanBeta": 39.5953, "mBottom": 38.803394000000004, "ChiSquared": null, "testCalc": 36.24772197}}