{"Point T0-990-23072019103708": {"Lambda": 0.744, "Kappa": 0.1834, "tanBeta": 23.1613, "mBottom": 22.698074000000002, "ChiSquared": null, "testCalc": 16.15035542, "extTest": {"res1": 161.4739747331662, "res2": 26073.844516127192}}, "Point T2-957-23072019103708": {"Lambda": 0.0054, "Kappa": 0.318, "tanBeta": 16.8412, "mBottom": 16.504376, "ChiSquared": null, "testCalc": 13.607718760000001, "extTest": {"res1": 84.81933049220322, "res2": 7194.318825145595}}, "Point T7-129-23072019103708": {"Lambda": 0.2188, "Kappa": 0.0633, "tanBeta": 17.6151, "mBottom": 17.262798, "ChiSquared": null, "testCalc": 9.79430827, "extTest": {"res1": 92.82472917222361, "res2": 8616.43034589666}}, "Point T1-283-23072019103708": {"Lambda": 0.6646, "Kappa": 0.5593, "tanBeta": 19.2208, "mBottom": 18.836384, "ChiSquared": null, "testCalc": 20.6100786, "extTest": {"res1": 111.51520749235418, "res2": 12435.641502062806}}, "Point T5-409-23072019103708": {"Lambda": 0.043, "Kappa": 0.5041, "tanBeta": 29.205, "mBottom": 28.6209, "ChiSquared": null, "testCalc": 29.034539499999998, "extTest": {"res1": 255.0438244832103, "res2": 65047.35240702258}}, "Point T2-157-23072019103708": {"Lambda": 0.2884, "Kappa": 0.4399, "tanBeta": 23.522, "mBottom": 23.05156, "ChiSquared": null, "testCalc": 21.95628236, "extTest": {"res1": -5467.152637803342, "res2": 29889757.965040043}}, "Point T4-824-23072019103708": {"Lambda": 0.5055, "Kappa": 0.2272, "tanBeta": 19.4336, "mBottom": 19.044928, "ChiSquared": null, "testCalc": 14.193308169999998, "extTest": {"res1": 113.41913770861046, "res2": 12863.900798564744}}, "Point T5-354-23072019103708": {"Lambda": 0.1708, "Kappa": 0.8622, "tanBeta": 30.174, "mBottom": 29.57052, "ChiSquared": null, "testCalc": 40.830455439999994, "extTest": {"res1": -8995.34999093404, "res2": 80916321.45939705}}, "Point T2-43-23072019103708": {"Lambda": 0.9884, "Kappa": 0.9985, "tanBeta": 26.1406, "mBottom": 25.617787999999997, "ChiSquared": null, "testCalc": 39.887217660000005, "extTest": {"res1": 541.0457173340194, "res2": 292730.46824548364}}, "Point T6-967-23072019103708": {"Lambda": 0.2422, "Kappa": 0.2754, "tanBeta": 21.9442, "mBottom": 21.505315999999997, "ChiSquared": null, "testCalc": 16.854751519999997, "extTest": {"res1": 144.0687471404733, "res2": 20755.803902625634}}}