{"Point T0-279-15072019132736": {"Lambda": 0.3247, "Kappa": 0.9381, "tanBeta": 39.4831, "mBottom": 38.693438, "ChiSquared": null, "testCalc": 56.4912452}, "Point T0-818-15072019132736": {"Lambda": 0.718, "Kappa": 0.2289, "tanBeta": 21.6085, "mBottom": 21.17633, "ChiSquared": null, "testCalc": 16.04987465}, "Point T0-843-15072019132736": {"Lambda": 0.92, "Kappa": 0.0526, "tanBeta": 20.0843, "mBottom": 19.682613999999997, "ChiSquared": null, "testCalc": 11.74414118}, "Point T0-909-15072019132736": {"Lambda": 0.6667, "Kappa": 0.2635, "tanBeta": 16.1972, "mBottom": 15.873255999999998, "ChiSquared": null, "testCalc": 12.649079089999999}, "Point T0-425-15072019132737": {"Lambda": 0.0722, "Kappa": 0.5826, "tanBeta": 15.5849, "mBottom": 15.273202, "ChiSquared": null, "testCalc": 16.72157658}, "Point T0-167-15072019132737": {"Lambda": 0.027, "Kappa": 0.2183, "tanBeta": 37.674, "mBottom": 36.920519999999996, "ChiSquared": null, "testCalc": 26.685223199999996}, "Point T0-912-15072019132738": {"Lambda": 0.4759, "Kappa": 0.288, "tanBeta": 11.7877, "mBottom": 11.551946, "ChiSquared": null, "testCalc": 9.397311409999999}, "Point T0-694-15072019132738": {"Lambda": 0.0462, "Kappa": 0.1626, "tanBeta": 30.3943, "mBottom": 29.786414, "ChiSquared": null, "testCalc": 19.837454620000003}, "Point T0-30-15072019132738": {"Lambda": 0.7962, "Kappa": 0.8764, "tanBeta": 34.5376, "mBottom": 33.846847999999994, "ChiSquared": null, "testCalc": 47.82611107999999}, "Point T0-904-15072019132739": {"Lambda": 0.8017, "Kappa": 0.6511, "tanBeta": 30.7547, "mBottom": 30.139606, "ChiSquared": null, "testCalc": 35.73691106}}