{"Point T0-401-15072019132953": {"Lambda": 0.6449, "Kappa": 0.8093, "tanBeta": 16.0457, "mBottom": 15.724786, "ChiSquared": null, "testCalc": 21.264074020000002}, "Point T0-134-15072019132953": {"Lambda": 0.3062, "Kappa": 0.0761, "tanBeta": 32.9177, "mBottom": 32.259346, "ChiSquared": null, "testCalc": 18.728468409999998}, "Point T0-675-15072019132953": {"Lambda": 0.8949, "Kappa": 0.0387, "tanBeta": 11.1453, "mBottom": 10.922394, "ChiSquared": null, "testCalc": 6.69336612}, "Point T0-788-15072019132953": {"Lambda": 0.6181, "Kappa": 0.586, "tanBeta": 37.7085, "mBottom": 36.95433, "ChiSquared": null, "testCalc": 40.95639361}, "Point T0-235-15072019132954": {"Lambda": 0.2439, "Kappa": 0.735, "tanBeta": 26.8788, "mBottom": 26.341223999999997, "ChiSquared": null, "testCalc": 32.98601721}, "Point T0-442-15072019132954": {"Lambda": 0.9486, "Kappa": 0.4993, "tanBeta": 11.9186, "mBottom": 11.680228, "ChiSquared": null, "testCalc": 12.69091294}, "Point T0-310-15072019132954": {"Lambda": 0.2416, "Kappa": 0.5709, "tanBeta": 35.9358, "mBottom": 35.217084, "ChiSquared": null, "testCalc": 38.18266078}, "Point T0-585-15072019132954": {"Lambda": 0.1834, "Kappa": 0.8673, "tanBeta": 30.4599, "mBottom": 29.850702000000002, "ChiSquared": null, "testCalc": 41.37685783}, "Point T0-927-15072019132955": {"Lambda": 0.6495, "Kappa": 0.9683, "tanBeta": 35.2177, "mBottom": 34.513346, "ChiSquared": null, "testCalc": 51.77982216}, "Point T0-704-15072019132955": {"Lambda": 0.9303, "Kappa": 0.798, "tanBeta": 34.0193, "mBottom": 33.338914, "ChiSquared": null, "testCalc": 44.682316490000005}}