{"Point T1-144-24072019142119": {"Lambda": 0.6041, "Kappa": 0.6107, "tanBeta": 23.3504, "mBottom": 22.883392, "ChiSquared": null, "LogL": null, "testCalc": 26.06672209, "extTest": {"res1": -6779.029632677997, "res2": 45955242.76072638}}, "Point T3-38-24072019142119": {"Lambda": 0.9192, "Kappa": 0.2483, "tanBeta": 38.9017, "mBottom": 38.123666, "ChiSquared": null, "LogL": null, "testCalc": 29.56605375, "extTest": {"res1": -18861.19518635248, "res2": 355744683.857686}}, "Point T4-112-24072019142119": {"Lambda": 0.2338, "Kappa": 0.6543, "tanBeta": 23.8467, "mBottom": 23.369766, "ChiSquared": null, "LogL": null, "testCalc": 27.34244125, "extTest": {"res1": -588.9944823139829, "res2": 346914.5001963167}}, "Point T6-743-24072019142119": {"Lambda": 0.6248, "Kappa": 0.1832, "tanBeta": 14.2155, "mBottom": 13.93119, "ChiSquared": null, "LogL": null, "testCalc": 9.96024964, "extTest": {"res1": -2517.804551394686, "res2": 6339339.759023795}}, "Point T5-73-24072019142119": {"Lambda": 0.0339, "Kappa": 0.9604, "tanBeta": 18.2635, "mBottom": 17.89823, "ChiSquared": null, "LogL": null, "testCalc": 26.490529610000003, "extTest": {"res1": -4114.0330005732585, "res2": 16925267.52980581}}, "Point T7-599-24072019142119": {"Lambda": 0.6849, "Kappa": 0.5764, "tanBeta": 32.5355, "mBottom": 31.88479, "ChiSquared": null, "LogL": null, "testCalc": 35.16494521, "extTest": {"res1": -13179.28022004699, "res2": 173693427.11852184}}, "Point T4-565-24072019142119": {"Lambda": 0.0451, "Kappa": 0.4464, "tanBeta": 32.5964, "mBottom": 31.944472, "ChiSquared": null, "LogL": null, "testCalc": 30.525302970000002, "extTest": {"res1": -10938.901759902878, "res2": 119659571.71280627}}, "Point T6-716-24072019142119": {"Lambda": 0.3654, "Kappa": 0.234, "tanBeta": 14.3779, "mBottom": 14.090342, "ChiSquared": null, "LogL": null, "testCalc": 10.54311676, "extTest": {"res1": -213.79073662342873, "res2": 45706.47906598827}}, "Point T0-894-24072019142119": {"Lambda": 0.356, "Kappa": 0.0743, "tanBeta": 27.5229, "mBottom": 26.972442, "ChiSquared": null, "LogL": null, "testCalc": 15.657908469999999, "extTest": {"res1": -9441.804266066987, "res2": 89147667.79872076}}, "Point T3-590-24072019142119": {"Lambda": 0.2537, "Kappa": 0.7411, "tanBeta": 15.877, "mBottom": 15.55946, "ChiSquared": null, "LogL": null, "testCalc": 19.610538390000002, "extTest": {"res1": -261.8721473056349, "res2": 68577.02153446413}}}