{"Point T0-619-19072019145504": {"Lambda": 0.6322, "Kappa": 0.9126, "tanBeta": 23.0552, "mBottom": 22.594096, "ChiSquared": null, "testCalc": 32.73690036, "extTest": {"res1": 1149.357690658921, "res2": 1321023.1010768078}}, "Point T0-784-19072019145504": {"Lambda": 0.3236, "Kappa": 0.8286, "tanBeta": 12.2682, "mBottom": 12.022836, "ChiSquared": null, "testCalc": 16.28156548, "extTest": {"res1": -139.9356119959471, "res2": 19581.975504680257}}, "Point T0-116-19072019145505": {"Lambda": 0.3281, "Kappa": 0.0343, "tanBeta": 27.7924, "mBottom": 27.236552, "ChiSquared": null, "testCalc": 14.67920493, "extTest": {"res1": 4172.153514938628, "res2": 17406864.95221475}}, "Point T0-742-19072019145505": {"Lambda": 0.5289, "Kappa": 0.1198, "tanBeta": 19.7517, "mBottom": 19.356666, "ChiSquared": null, "testCalc": 12.32432187, "extTest": {"res1": 388.6320663242709, "res2": 151034.88297547252}}, "Point T0-748-19072019145505": {"Lambda": 0.2941, "Kappa": 0.7071, "tanBeta": 34.3717, "mBottom": 33.684265999999994, "ChiSquared": null, "testCalc": 41.23285687999999, "extTest": {"res1": 686.135539052535, "res2": 470781.97795091284}}, "Point T0-913-19072019145505": {"Lambda": 0.2022, "Kappa": 0.566, "tanBeta": 14.1468, "mBottom": 13.863864000000001, "ChiSquared": null, "testCalc": 14.979905640000002, "extTest": {"res1": 143.03280878789684, "res2": 20458.38438975506}}, "Point T0-272-19072019145506": {"Lambda": 0.6717, "Kappa": 0.9272, "tanBeta": 36.8123, "mBottom": 36.076054, "ChiSquared": null, "testCalc": 52.62157245, "extTest": {"res1": 5837.045939938895, "res2": 34071105.30495714}}, "Point T0-840-19072019145506": {"Lambda": 0.947, "Kappa": 0.4691, "tanBeta": 36.479, "mBottom": 35.74942, "ChiSquared": null, "testCalc": 35.8838179, "extTest": {"res1": -857.0468203619281, "res2": 734529.252292491}}, "Point T0-804-19072019145506": {"Lambda": 0.6332, "Kappa": 0.02, "tanBeta": 36.9725, "mBottom": 36.23305, "ChiSquared": null, "testCalc": 19.25691724, "extTest": {"res1": -4808.554437105754, "res2": 23122195.774609435}}, "Point T0-30-19072019145506": {"Lambda": 0.9228, "Kappa": 0.3443, "tanBeta": 21.6793, "mBottom": 21.245714, "ChiSquared": null, "testCalc": 18.93859983, "extTest": {"res1": -497.5220696222979, "res2": 247528.20976125466}}}