{"Point T0-859-19072019151003-GenNb7": {"Lambda": 0.24245, "Kappa": 0.31800000000000006, "tanBeta": 6.929032031250001, "mBottom": 6.790451390625001, "ChiSquared": null, "testCalc": 5.657439883750001, "extTest": {"res1": 49.33997949004046, "res2": 2434.4335760776135}}, "Point T0-876-19072019151003-GenNb7": {"Lambda": 0.34416875, "Kappa": 0.3107, "tanBeta": 7.691770312500001, "mBottom": 7.537934906250001, "ChiSquared": null, "testCalc": 6.277252617695313, "extTest": {"res1": -1296.85653916637, "res2": 1681836.883178575}}, "Point T0-341-19072019151002-GenNb6": {"Lambda": 0.36445625000000004, "Kappa": 0.61165, "tanBeta": 7.946016406250001, "mBottom": 7.787096078125001, "ChiSquared": null, "testCalc": 8.886557332109376, "extTest": {"res1": 130.72686018014363, "res2": 17089.511972558823}}, "Point T0-837-19072019150949-GenNb3": {"Lambda": 0.37460000000000004, "Kappa": 0.1198, "tanBeta": 8.200262500000001, "mBottom": 8.03625725, "ChiSquared": null, "testCalc": 5.1408452325, "extTest": {"res1": 18.222613276177302, "res2": 332.06363461311327}}}