{"best_rSigma": 0.002635688551368388, "max_rSigma": 1.745930120607009}