{"best_rSigma": 0.007781850527422847, "max_rSigma": 0.3441467444775314}