{"Point T1-557-27082019095805": {"x": -2.0069, "y": -6.0859, "fAckley": 12.107077316972518, "ChiSquared": null}, "Point T4-894-27082019095805": {"x": -2.4325, "y": -19.5059, "fAckley": 21.092735512768996, "ChiSquared": null}, "Point T1-604-27082019095805": {"x": -2.8137, "y": 24.2169, "fAckley": 20.73474740712951, "ChiSquared": null}, "Point T4-706-27082019095805": {"x": -5.1052, "y": 20.6929, "fAckley": 20.491550515949513, "ChiSquared": null}, "Point T7-485-27082019095805": {"x": -20.118, "y": 11.1941, "fAckley": 20.23000262678216, "ChiSquared": null}, "Point T7-893-27082019095805": {"x": 25.0035, "y": -20.5216, "fAckley": 21.507569780899537, "ChiSquared": null}, "Point T0-597-27082019095805": {"x": 17.7158, "y": 29.62, "fAckley": 21.942175026263076, "ChiSquared": null}, "Point T0-471-27082019095805": {"x": -20.507, "y": -3.552, "fAckley": 21.286538719602163, "ChiSquared": null}, "Point T2-934-27082019095805": {"x": 12.0562, "y": 23.1382, "fAckley": 20.01049158060184, "ChiSquared": null}, "Point T3-794-27082019095805": {"x": 17.8829, "y": -16.1888, "fAckley": 20.310805425768965, "ChiSquared": null}, "Point T5-272-27082019095805": {"x": -2.222, "y": -1.8993, "fAckley": 7.8567176478768594, "ChiSquared": null}, "Point T2-720-27082019095805": {"x": 28.7301, "y": 25.5197, "fAckley": 22.058961335227085, "ChiSquared": null}, "Point T6-858-27082019095805": {"x": 6.6978, "y": -27.5438, "fAckley": 21.82906981319295, "ChiSquared": null}, "Point T5-829-27082019095805": {"x": -1.4103, "y": 27.2234, "fAckley": 21.58273284139729, "ChiSquared": null}, "Point T7-342-27082019095805": {"x": 7.7014, "y": -1.0471, "fAckley": 14.667174016835178, "ChiSquared": null}, "Point T1-325-27082019095805": {"x": -8.6139, "y": 3.3581, "fAckley": 16.807439027301758, "ChiSquared": null}, "Point T4-986-27082019095805": {"x": 1.9573, "y": -7.5419, "fAckley": 15.07428370401017, "ChiSquared": null}, "Point T0-618-27082019095805": {"x": -14.0249, "y": 1.5285, "fAckley": 18.996566864717327, "ChiSquared": null}, "Point T4-522-27082019095805": {"x": -10.3571, "y": -8.5824, "fAckley": 19.2594151901448, "ChiSquared": null}, "Point T3-495-27082019095805": {"x": -4.2489, "y": 22.9779, "fAckley": 20.337558334916565, "ChiSquared": null}, "Point T6-79-27082019095805": {"x": 27.685, "y": -20.2881, "fAckley": 21.83410238526237, "ChiSquared": null}, "Point T7-253-27082019095805": {"x": 18.6655, "y": -11.3597, "fAckley": 21.24348266479792, "ChiSquared": null}, "Point T2-259-27082019095805": {"x": 23.9283, "y": -26.9473, "fAckley": 20.079210333000024, "ChiSquared": null}, "Point T0-175-27082019095805": {"x": -14.9115, "y": -7.599, "fAckley": 19.824266312145873, "ChiSquared": null}, "Point T0-357-27082019095805": {"x": 13.3415, "y": 17.8958, "fAckley": 20.734164001766793, "ChiSquared": null}, "Point T1-865-27082019095805": {"x": 22.7534, "y": 26.1868, "fAckley": 21.3438861532482, "ChiSquared": null}, "Point T0-74-27082019095805": {"x": -12.5685, "y": 29.5185, "fAckley": 22.117870555495458, "ChiSquared": null}, "Point T5-345-27082019095805": {"x": 26.7572, "y": 15.4603, "fAckley": 21.835251653400263, "ChiSquared": null}, "Point T3-27-27082019095805": {"x": 3.0286, "y": -0.6015, "fAckley": 8.700220215365588, "ChiSquared": null}, "Point T3-512-27082019095805": {"x": -19.8161, "y": 3.3962, "fAckley": 20.731283312600066, "ChiSquared": null}, "Point T7-917-27082019095805": {"x": 7.0254, "y": -6.7295, "fAckley": 16.12920716130438, "ChiSquared": null}, "Point T4-50-27082019095805": {"x": 29.1727, "y": 11.8028, "fAckley": 20.998574885984358, "ChiSquared": null}, "Point T3-904-27082019095805": {"x": 9.909, "y": -18.4473, "fAckley": 20.734360718418557, "ChiSquared": null}, "Point T2-616-27082019095805": {"x": -19.7438, "y": 2.8044, "fAckley": 20.36677274408846, "ChiSquared": null}, "Point T7-489-27082019095805": {"x": -24.0367, "y": -16.8283, "fAckley": 20.342364145184497, "ChiSquared": null}, "Point T4-765-27082019095805": {"x": -13.8538, "y": 4.675, "fAckley": 19.10945845472545, "ChiSquared": null}, "Point T6-459-27082019095805": {"x": -2.4552, "y": 27.8133, "fAckley": 21.581916451288663, "ChiSquared": null}, "Point T1-927-27082019095805": {"x": 18.159, "y": -13.1178, "fAckley": 19.980577089433247, "ChiSquared": null}, "Point T0-289-27082019095805": {"x": -3.985, "y": 24.6501, "fAckley": 20.90647802340589, "ChiSquared": null}, "Point T5-989-27082019095805": {"x": -1.4053, "y": 6.6943, "fAckley": 14.559696074685807, "ChiSquared": null}, "Point T3-730-27082019095805": {"x": 4.5647, "y": -28.1417, "fAckley": 21.498147118490127, "ChiSquared": null}, "Point T3-97-27082019095806": {"x": 22.6993, "y": -28.9648, "fAckley": 21.215750359068167, "ChiSquared": null}, "Point T7-530-27082019095806": {"x": 6.6712, "y": -6.3943, "fAckley": 16.772915439316158, "ChiSquared": null}, "Point T1-404-27082019095806": {"x": 0.3086, "y": 14.2322, "fAckley": 19.163860205573528, "ChiSquared": null}, "Point T4-197-27082019095806": {"x": 14.6318, "y": -24.9599, "fAckley": 21.226760959881478, "ChiSquared": null}, "Point T5-924-27082019095806": {"x": -7.13, "y": -20.0327, "fAckley": 19.432277399872657, "ChiSquared": null}, "Point T4-596-27082019095806": {"x": 23.5977, "y": 8.7096, "fAckley": 21.561856508998275, "ChiSquared": null}, "Point T0-118-27082019095806": {"x": 22.9079, "y": 2.5548, "fAckley": 21.001051431080235, "ChiSquared": null}, "Point T4-244-27082019095806": {"x": 16.5527, "y": 5.1852, "fAckley": 20.238011871798857, "ChiSquared": null}, "Point T2-466-27082019095805": {"x": -13.0494, "y": 14.3203, "fAckley": 20.12676904055552, "ChiSquared": null}, "Point T3-38-27082019095806": {"x": 26.2492, "y": -0.4868, "fAckley": 21.621014740925574, "ChiSquared": null}, "Point T2-229-27082019095806": {"x": -10.8282, "y": -21.8339, "fAckley": 20.453084208423977, "ChiSquared": null}, "Point T0-113-27082019095806": {"x": -11.6754, "y": 17.9937, "fAckley": 20.440424104442148, "ChiSquared": null}, "Point T4-364-27082019095806": {"x": 5.834, "y": 10.5978, "fAckley": 18.24906553827813, "ChiSquared": null}, "Point T6-548-27082019095806": {"x": -17.9314, "y": 27.0455, "fAckley": 19.970439145124704, "ChiSquared": null}, "Point T5-844-27082019095806": {"x": -27.4496, "y": 9.1007, "fAckley": 21.452814546429025, "ChiSquared": null}, "Point T1-807-27082019095806": {"x": 6.7716, "y": 27.2716, "fAckley": 21.34228306303331, "ChiSquared": null}, "Point T0-581-27082019095806": {"x": -29.2509, "y": -27.2807, "fAckley": 21.742358712634978, "ChiSquared": null}, "Point T0-217-27082019095806": {"x": 15.2922, "y": -4.9523, "fAckley": 19.244312679197257, "ChiSquared": null}, "Point T0-453-27082019095806": {"x": -1.17, "y": 26.3328, "fAckley": 21.24495882798681, "ChiSquared": null}, "Point T3-337-27082019095806": {"x": -11.7835, "y": -17.8775, "fAckley": 20.160410449972947, "ChiSquared": null}, "Point T5-983-27082019095806": {"x": 9.0078, "y": -14.9988, "fAckley": 18.317207280167516, "ChiSquared": null}, "Point T1-524-27082019095806": {"x": 2.3649, "y": 0.1548, "fAckley": 7.461537964240861, "ChiSquared": null}, "Point T7-122-27082019095806": {"x": 10.7736, "y": -20.1043, "fAckley": 20.32325249123731, "ChiSquared": null}, "Point T2-852-27082019095806": {"x": -24.6134, "y": -8.2279, "fAckley": 21.474786027506727, "ChiSquared": null}, "Point T1-310-27082019095806": {"x": 14.0916, "y": 20.7489, "fAckley": 20.626234884514613, "ChiSquared": null}, "Point T2-227-27082019095806": {"x": 5.9735, "y": 11.1226, "fAckley": 17.01974773771902, "ChiSquared": null}, "Point T3-760-27082019095806": {"x": -11.0152, "y": 22.5659, "fAckley": 21.103699394186144, "ChiSquared": null}, "Point T1-238-27082019095806": {"x": 14.4124, "y": -25.6218, "fAckley": 21.949990334795242, "ChiSquared": null}, "Point T6-248-27082019095806": {"x": 0.7745, "y": -24.6111, "fAckley": 21.3674160114037, "ChiSquared": null}, "Point T4-939-27082019095806": {"x": -15.9402, "y": 16.252, "fAckley": 20.336446424773758, "ChiSquared": null}, "Point T2-819-27082019095806": {"x": 13.0451, "y": 6.8072,