{"Point T7-520-13092019142624": {"x": 15.7262, "y": -3.6559, "fAckley": 19.976947594123995, "ChiSquared": null}, "Point T7-399-13092019142624": {"x": -0.7012, "y": -21.4699, "fAckley": 21.23335616748966, "ChiSquared": null}, "Point T7-312-13092019142624": {"x": 18.4098, "y": 13.6719, "fAckley": 21.419156228897283, "ChiSquared": null}, "Point T6-836-13092019142624": {"x": -10.6984, "y": 7.4692, "fAckley": 19.036446649999473, "ChiSquared": null}, "Point T3-400-13092019142624": {"x": 18.2667, "y": 25.4001, "fAckley": 21.84555123504507, "ChiSquared": null}, "Point T4-765-13092019142624": {"x": 25.486, "y": 23.604, "fAckley": 22.162633589362763, "ChiSquared": null}, "Point T2-656-13092019142624": {"x": 16.3902, "y": -25.688, "fAckley": 21.88703060604966, "ChiSquared": null}, "Point T5-744-13092019142624": {"x": 6.5234, "y": -14.3251, "fAckley": 20.073347558768848, "ChiSquared": null}, "Point T0-158-13092019142624": {"x": 1.0117, "y": 11.8655, "fAckley": 16.711716879968247, "ChiSquared": null}, "Point T7-644-13092019142624": {"x": 5.1174, "y": -21.1967, "fAckley": 20.09621522649505, "ChiSquared": null}, "Point T1-264-13092019142624": {"x": -19.3811, "y": 14.7756, "fAckley": 21.33050366555673, "ChiSquared": null}, "Point T1-472-13092019142624": {"x": 5.967, "y": -3.9593, "fAckley": 12.807813795998104, "ChiSquared": null}, "Point T0-12-13092019142624": {"x": 13.3081, "y": 14.0208, "fAckley": 20.045540644158887, "ChiSquared": null}, "Point T3-529-13092019142624": {"x": 12.3103, "y": 11.437, "fAckley": 20.336480065506812, "ChiSquared": null}, "Point T0-64-13092019142624": {"x": 16.2641, "y": -3.697, "fAckley": 20.01507996536608, "ChiSquared": null}, "Point T2-175-13092019142624": {"x": -20.0064, "y": 8.3902, "fAckley": 20.667377838168125, "ChiSquared": null}, "Point T5-514-13092019142624": {"x": -5.4434, "y": 29.7737, "fAckley": 21.767552788720646, "ChiSquared": null}, "Point T4-231-13092019142624": {"x": 0.9812, "y": -13.7131, "fAckley": 18.39182155518227, "ChiSquared": null}, "Point T7-332-13092019142624": {"x": -8.9404, "y": 13.1648, "fAckley": 18.556122595850912, "ChiSquared": null}, "Point T6-398-13092019142624": {"x": -17.3512, "y": 9.4082, "fAckley": 21.002816935125704, "ChiSquared": null}, "Point T0-810-13092019142624": {"x": -29.2429, "y": -20.7301, "fAckley": 21.631809318953316, "ChiSquared": null}, "Point T3-989-13092019142624": {"x": 3.4195, "y": 7.7068, "fAckley": 16.083576200896992, "ChiSquared": null}, "Point T5-904-13092019142624": {"x": 19.025, "y": -29.5592, "fAckley": 21.55116754414142, "ChiSquared": null}, "Point T7-297-13092019142624": {"x": 6.9557, "y": -15.4803, "fAckley": 19.919385515912932, "ChiSquared": null}, "Point T6-170-13092019142624": {"x": -13.7654, "y": -9.296, "fAckley": 19.898989610966193, "ChiSquared": null}, "Point T5-788-13092019142624": {"x": 4.5149, "y": 22.1054, "fAckley": 20.99376068924032, "ChiSquared": null}, "Point T1-806-13092019142624": {"x": -12.4362, "y": 6.4129, "fAckley": 19.54185689440678, "ChiSquared": null}, "Point T2-132-13092019142624": {"x": 17.4853, "y": 20.9741, "fAckley": 21.302115703626097, "ChiSquared": null}, "Point T5-753-13092019142624": {"x": -0.2164, "y": 22.8486, "fAckley": 20.443728397529185, "ChiSquared": null}, "Point T4-60-13092019142624": {"x": -18.0139, "y": -27.0572, "fAckley": 19.888824606162515, "ChiSquared": null}, "Point T1-550-13092019142624": {"x": 13.1455, "y": -1.2953, "fAckley": 18.450645958137176, "ChiSquared": null}, "Point T3-83-13092019142624": {"x": 3.0371, "y": 4.8472, "fAckley": 11.644993119811515, "ChiSquared": null}, "Point T6-878-13092019142624": {"x": 19.8238, "y": -19.8221, "fAckley": 20.78221805413065, "ChiSquared": null}, "Point T4-125-13092019142624": {"x": -15.8592, "y": 8.8724, "fAckley": 19.24398087832636, "ChiSquared": null}, "Point T0-617-13092019142624": {"x": -18.559, "y": 19.0247, "fAckley": 21.2236323201235, "ChiSquared": null}, "Point T1-708-13092019142624": {"x": 4.9145, "y": 13.9192, "fAckley": 17.859922586637598, "ChiSquared": null}, "Point T7-48-13092019142624": {"x": 22.5162, "y": -17.654, "fAckley": 21.910629816853877, "ChiSquared": null}, "Point T2-603-13092019142624": {"x": -29.0158, "y": 22.3934, "fAckley": 21.49476926461046, "ChiSquared": null}, "Point T2-225-13092019142625": {"x": 28.796, "y": -23.2238, "fAckley": 21.359765573297196, "ChiSquared": null}, "Point T7-467-13092019142625": {"x": -8.807, "y": -11.2113, "fAckley": 18.711113425516473, "ChiSquared": null}, "Point T5-52-13092019142624": {"x": 10.4782, "y": -18.1225, "fAckley": 20.809764218715838, "ChiSquared": null}, "Point T5-930-13092019142625": {"x": -6.9957, "y": -13.4047, "fAckley": 19.270598591772238, "ChiSquared": null}, "Point T2-923-13092019142625": {"x": 7.9081, "y": 9.5504, "fAckley": 18.309797461067795, "ChiSquared": null}, "Point T2-314-13092019142625": {"x": 24.0512, "y": -3.0265, "fAckley": 19.438174777883006, "ChiSquared": null}, "Point T4-311-13092019142624": {"x": -0.547, "y": 25.4985, "fAckley": 21.799607549949343, "ChiSquared": null}, "Point T6-397-13092019142624": {"x": 6.3562, "y": 11.148, "fAckley": 18.471364654590143, "ChiSquared": null}, "Point T3-102-13092019142624": {"x": 19.2661, "y": 11.2356, "fAckley": 20.870058809570423, "ChiSquared": null}, "Point T5-61-13092019142625": {"x": -9.7268, "y": -25.2526, "fAckley": 21.360411210546644, "ChiSquared": null}, "Point T0-181-13092019142624": {"x": 3.7683, "y": -8.1719, "fAckley": 15.77599732565342, "ChiSquared": null}, "Point T1-27-13092019142625": {"x": -28.8433, "y": 27.5223, "fAckley": 21.843359502477536, "ChiSquared": null}, "Point T7-437-13092019142625": {"x": -10.8053, "y": -20.7294, "fAckley": 20.87347879832258, "ChiSquared": null}, "Point T6-115-13092019142625": {"x": -1.2367, "y": -15.1261, "fAckley": 18.898767273929607, "ChiSquared": null}, "Point T7-422-13092019142625": {"x": -1.5102, "y": 15.159, "fAckley": 19.603074393382716, "ChiSquared": null}, "Point T1-526-13092019142625": {"x": -5.0317, "y": 9.4222, "fAckley": 17.25286151240978, "ChiSquared": null}, "Point T2-802-13092019142625": {"x": -9.1089, "y": -20.7248, "fAckley": 20.54274872243494, "ChiSquared": null}, "Point T4-94-13092019142625": {"x": 9.4351, "y": 26.3122, "fAckley": 21.812061489500078, "ChiSquared": null}, "Point T6-36-13092019142625": {"x": 28.1485, "y": -16.7466, "fAckley": 21.191143653948856, "ChiSquared": null}, "Point T1-472-13092019142625": {"x": -2.7824, "y": -20.214, "fAckley": 20.364248467635285, "ChiSquared": null}, "Point T7-764-13092019142625": {"x": -11.3585, "y": -28.1617, "fAckley": 21.495754246302187, "ChiSquared": null}, "Point T0-597-13092019142625": {"x": 5.9265, "y": -16.9178, "fAckley": 18.716493858446853, "ChiSquared": null}, "Point T6-965-13092019142625": {"x": 11.6798, "y": 22.0645, "fAckley": 20.853588291302007, "ChiSquared": null}, "Point T5-554-13092019142625": {"x": 1.5127, "y": 18.4498, "fAckley": 20.881571207732158, "ChiSquared": null}, "Point T3-183-13092019142625": {"x": 23.136, "y": -24.2737, "fAckley": 21.254600305563077, "ChiSquared": null}, "Point T2-151-13092019142625": {"x": 1.6986, "y": 16.1247, "fAckley": 19.48304854753161, "ChiSquared": null}, "Point T1-754-13092019142625": {"x": 20.2721, "y": -11.7247, "fAckley": 21.127202606025126, "ChiSquared": null}, "Point T7-74-13092019142625": {"x": 25.8409, "y": 18.6728, "fAckley": 21.460165727953978, "ChiSquared": null}, "Point T4-471-13092019142625": {"x": -28.1531, "y": 15.6998, "fAckley": 21.36896584692037, "ChiSquared": null}, "Point T1-67-13092019142625": {"x": 18.8179, "y": -25.6677, "fAckley": 21.53580208761137, "ChiSquared": null}, "Point T0-268-13092019142625": {"x": -27.9013, "y": -17.4258, "fAckley": 21.566430788263812, "ChiSquared": null}, "Point T5-102-13092019142625": {"x": -3.9857, "y": 0.9996, "fAckley": 8.820045094971507, "ChiSquared": null}, "Point T3-47-13092019142625": {"x": -15.2227, "y": 24.0874, "fAckley": 20.69435588961456, "ChiSquared": null}, "Point T4-449-13092019142625": {"x": -29.1504, "y": -6.1373,