{"Point T7-564-19082019103240": {"x": -5.7233, "y": 27.0985, "fAckley": 20.937874008603476, "ChiSquared": null}, "Point T2-620-19082019103240": {"x": 14.93, "y": 24.5668, "fAckley": 21.379388770395998, "ChiSquared": null}, "Point T4-623-19082019103240": {"x": -20.9626, "y": 7.8344, "fAckley": 19.779693599807953, "ChiSquared": null}, "Point T1-904-19082019103240": {"x": -27.266, "y": 5.7437, "fAckley": 21.39713524034266, "ChiSquared": null}, "Point T6-904-19082019103240": {"x": -6.2384, "y": -2.0303, "fAckley": 13.115271561040615, "ChiSquared": null}, "Point T6-465-19082019103240": {"x": -12.1126, "y": -6.6757, "fAckley": 18.721962553099235, "ChiSquared": null}, "Point T4-256-19082019103240": {"x": 9.4647, "y": 1.325, "fAckley": 17.052260008861655, "ChiSquared": null}, "Point T4-297-19082019103240": {"x": -27.5535, "y": 14.6619, "fAckley": 21.99657938477165, "ChiSquared": null}, "Point T5-151-19082019103240": {"x": 13.931, "y": -19.2532, "fAckley": 20.465705130624055, "ChiSquared": null}, "Point T0-300-19082019103240": {"x": -22.0891, "y": 23.8622, "fAckley": 20.40486116097431, "ChiSquared": null}, "Point T7-397-19082019103240": {"x": -14.2247, "y": 9.6928, "fAckley": 20.057290382644847, "ChiSquared": null}, "Point T3-74-19082019103240": {"x": 11.3562, "y": 28.8445, "fAckley": 21.498018487448835, "ChiSquared": null}, "Point T0-454-19082019103240": {"x": 1.6482, "y": 9.1281, "fAckley": 16.282165788708028, "ChiSquared": null}, "Point T6-93-19082019103240": {"x": -21.486, "y": -9.6241, "fAckley": 21.5761734995643, "ChiSquared": null}, "Point T5-930-19082019103240": {"x": -13.581, "y": -23.8368, "fAckley": 21.467614137962002, "ChiSquared": null}, "Point T2-935-19082019103240": {"x": -5.4651, "y": 23.0954, "fAckley": 21.093494900330455, "ChiSquared": null}, "Point T4-474-19082019103240": {"x": 14.1472, "y": 15.4054, "fAckley": 20.78686463142662, "ChiSquared": null}, "Point T0-524-19082019103240": {"x": -13.5523, "y": -1.2219, "fAckley": 19.11873441554628, "ChiSquared": null}, "Point T1-289-19082019103240": {"x": 20.6645, "y": 1.7182, "fAckley": 20.951897111055235, "ChiSquared": null}, "Point T5-557-19082019103240": {"x": 12.3958, "y": -7.4796, "fAckley": 19.727355076238272, "ChiSquared": null}, "Point T5-978-19082019103241": {"x": 9.6479, "y": 28.1335, "fAckley": 21.384612181817598, "ChiSquared": null}, "Point T7-81-19082019103240": {"x": 12.9436, "y": -23.3002, "fAckley": 20.88833286857133, "ChiSquared": null}, "Point T7-494-19082019103241": {"x": 27.429, "y": 7.1903, "fAckley": 21.59065646773101, "ChiSquared": null}, "Point T3-619-19082019103240": {"x": -4.7893, "y": -19.5688, "fAckley": 20.84274481073646, "ChiSquared": null}, "Point T7-876-19082019103241": {"x": -13.5786, "y": -22.1612, "fAckley": 21.372581304092865, "ChiSquared": null}, "Point T5-630-19082019103241": {"x": -24.5139, "y": 22.411, "fAckley": 22.138116829107812, "ChiSquared": null}, "Point T7-923-19082019103241": {"x": -10.6005, "y": -22.1289, "fAckley": 21.153069455223626, "ChiSquared": null}, "Point T6-412-19082019103240": {"x": -13.7536, "y": -23.4708, "fAckley": 21.672887487861107, "ChiSquared": null}, "Point T0-948-19082019103241": {"x": -17.3481, "y": 0.4497, "fAckley": 20.53400142992405, "ChiSquared": null}, "Point T1-29-19082019103241": {"x": 12.8285, "y": 4.9341, "fAckley": 17.8523967135425, "ChiSquared": null}, "Point T4-246-19082019103241": {"x": 23.5647, "y": 23.6154, "fAckley": 22.105086540755902, "ChiSquared": null}, "Point T1-705-19082019103241": {"x": -18.9196, "y": -28.0963, "fAckley": 20.21529578241163, "ChiSquared": null}, "Point T1-697-19082019103241": {"x": -20.1783, "y": -3.0315, "fAckley": 19.572108124608143, "ChiSquared": null}, "Point T2-101-19082019103240": {"x": -24.2344, "y": 25.2714, "fAckley": 21.59478397457235, "ChiSquared": null}, "Point T3-437-19082019103241": {"x": 17.4226, "y": 18.1097, "fAckley": 21.200646379962148, "ChiSquared": null}, "Point T6-403-19082019103241": {"x": 29.1998, "y": 29.2963, "fAckley": 21.64890002544543, "ChiSquared": null}, "Point T7-942-19082019103241": {"x": 14.8212, "y": 20.9622, "fAckley": 20.169997514865784, "ChiSquared": null}, "Point T1-336-19082019103241": {"x": 10.2504, "y": -2.194, "fAckley": 16.990144981740194, "ChiSquared": null}, "Point T5-991-19082019103241": {"x": -28.3947, "y": -26.6841, "fAckley": 22.08620700963466, "ChiSquared": null}, "Point T6-385-19082019103241": {"x": -23.9345, "y": 15.8939, "fAckley": 20.031941746156406, "ChiSquared": null}, "Point T0-819-19082019103241": {"x": -22.2545, "y": -11.3724, "fAckley": 21.43837289121412, "ChiSquared": null}, "Point T2-374-19082019103241": {"x": -0.1873, "y": 10.4346, "fAckley": 17.380792180183388, "ChiSquared": null}, "Point T4-173-19082019103241": {"x": -2.9816, "y": -18.0875, "fAckley": 18.704812081574424, "ChiSquared": null}, "Point T2-197-19082019103241": {"x": -20.7401, "y": -9.7428, "fAckley": 20.98774993017342, "ChiSquared": null}, "Point T7-708-19082019103241": {"x": 17.9662, "y": 16.3086, "fAckley": 20.70971336730367, "ChiSquared": null}, "Point T3-340-19082019103241": {"x": -21.1701, "y": -25.1464, "fAckley": 20.804658171982283, "ChiSquared": null}, "Point T3-569-19082019103241": {"x": -19.0779, "y": -8.1706, "fAckley": 19.68081916192784, "ChiSquared": null}, "Point T6-730-19082019103241": {"x": 8.1815, "y": -11.3783, "fAckley": 19.103401961668993, "ChiSquared": null}, "Point T1-371-19082019103241": {"x": -20.5871, "y": 8.7926, "fAckley": 21.130009833516382, "ChiSquared": null}, "Point T5-947-19082019103241": {"x": -26.9737, "y": 2.0661, "fAckley": 19.694800113583966, "ChiSquared": null}, "Point T5-560-19082019103241": {"x": 4.0897, "y": -9.7114, "fAckley": 16.858437777833203, "ChiSquared": null}, "Point T6-691-19082019103241": {"x": -18.3475, "y": 26.2092, "fAckley": 21.649951910817695, "ChiSquared": null}, "Point T1-916-19082019103241": {"x": 28.0849, "y": 16.0545, "fAckley": 20.04884788484637, "ChiSquared": null}, "Point T5-136-19082019103241": {"x": -26.8765, "y": 21.7535, "fAckley": 21.123193586686295, "ChiSquared": null}, "Point T0-400-19082019103241": {"x": -7.4284, "y": 2.423, "fAckley": 15.684632040488456, "ChiSquared": null}, "Point T2-651-19082019103241": {"x": 3.1214, "y": 28.299, "fAckley": 21.12789065991259, "ChiSquared": null}, "Point T4-442-19082019103241": {"x": 23.8819, "y": 0.1593, "fAckley": 20.142336425941203, "ChiSquared": null}, "Point T1-747-19082019103241": {"x": -16.7376, "y": -22.4181, "fAckley": 21.713300015763085, "ChiSquared": null}, "Point T7-681-19082019103241": {"x": -4.3785, "y": 12.9245, "fAckley": 18.727716152825888, "ChiSquared": null}, "Point T3-181-19082019103241": {"x": -20.3759, "y": 19.51, "fAckley": 21.922643341913545, "ChiSquared": null}, "Point T5-293-19082019103241": {"x": 24.2434, "y": -17.4384, "fAckley": 21.78273029354384, "ChiSquared": null}, "Point T6-732-19082019103241": {"x": 12.8481, "y": 7.1361, "fAckley": 18.362257870918725, "ChiSquared": null}, "Point T2-40-19082019103241": {"x": -18.8865, "y": 10.2863, "fAckley": 20.45936590577475, "ChiSquared": null}, "Point T7-592-19082019103241": {"x": 0.2996, "y": -7.3967, "fAckley": 15.121857054343412, "ChiSquared": null}, "Point T1-711-19082019103241": {"x": 15.6583, "y": 1.0996, "fAckley": 19.40375500312253, "ChiSquared": null}, "Point T5-983-19082019103241": {"x": -20.0875, "y": -10.3297, "fAckley": 20.693714620635348, "ChiSquared": null}, "Point T0-705-19082019103241": {"x": -18.549, "y": 22.8071, "fAckley": 21.665210136189216, "ChiSquared": null}, "Point T0-731-19082019103241": {"x": -1.5503, "y": -12.5039, "fAckley": 18.974620685756076, "ChiSquared": null}, "Point T4-344-19082019103241": {"x": -20.7358, "y": 16.6781, "fAckley": 21.485279772209328, "ChiSquared": null}, "Point T1-723-19082019103241": {"x": -3.9415, "y": 26.1983, "fAckley": 20.37591596959828, "ChiSquared": null}, "Point T5-243-19082019103241": {"x": 21.5538, "y": -27.9874, "fAckley": 21.555854511256808, "ChiSquared": null}, "Point T1-681-19082019103241": {"x": 24.9469, "y": 25.0557,