{"Point T1-450-13082019110223": {"x": 8.8041, "y": 4.701, "fAckley": 16.827256778840763, "ChiSquared": null}, "Point T1-808-13082019110223": {"x": -14.903, "y": 23.9344, "fAckley": 19.964928583322024, "ChiSquared": null}, "Point T1-929-13082019110223": {"x": 8.8315, "y": -1.1107, "fAckley": 15.162951007971568, "ChiSquared": null}, "Point T1-810-13082019110223": {"x": 2.1156, "y": -4.3219, "fAckley": 11.422813576686544, "ChiSquared": null}, "Point T1-351-13082019110223": {"x": -1.4018, "y": 5.1063, "fAckley": 12.275276214692614, "ChiSquared": null}, "Point T1-439-13082019110223": {"x": 17.4789, "y": -6.335, "fAckley": 20.80330751659794, "ChiSquared": null}, "Point T1-705-13082019110223": {"x": 2.3714, "y": 25.9448, "fAckley": 21.08318154601245, "ChiSquared": null}, "Point T1-700-13082019110223": {"x": 26.7897, "y": 20.8688, "fAckley": 20.965345966475027, "ChiSquared": null}, "Point T1-444-13082019110223": {"x": -23.0423, "y": 25.9929, "fAckley": 19.90153580670527, "ChiSquared": null}, "Point T0-947-13082019110223": {"x": -11.2247, "y": 6.0707, "fAckley": 17.72782175375147, "ChiSquared": null}, "Point T0-445-13082019110223": {"x": 10.1582, "y": -8.3381, "fAckley": 18.59048949791728, "ChiSquared": null}, "Point T0-133-13082019110223": {"x": -18.3466, "y": -19.6528, "fAckley": 21.707399583222173, "ChiSquared": null}, "Point T0-601-13082019110223": {"x": 26.7767, "y": 25.8666, "fAckley": 21.09614140520891, "ChiSquared": null}, "Point T0-787-13082019110223": {"x": -26.1183, "y": 7.0664, "fAckley": 20.000150108976392, "ChiSquared": null}, "Point T2-692-13082019110223": {"x": -8.1093, "y": -4.3309, "fAckley": 16.114296584441423, "ChiSquared": null}, "Point T2-293-13082019110223": {"x": -6.2952, "y": -17.585, "fAckley": 20.727858477255076, "ChiSquared": null}, "Point T2-264-13082019110223": {"x": 8.1953, "y": 15.3648, "fAckley": 20.163464354775137, "ChiSquared": null}, "Point T2-966-13082019110223": {"x": -3.8846, "y": 6.1398, "fAckley": 13.55968743244154, "ChiSquared": null}, "Point T2-210-13082019110223": {"x": -3.0465, "y": -28.1781, "fAckley": 20.347069973801045, "ChiSquared": null}, "Point T2-243-13082019110223": {"x": -14.5751, "y": -16.1488, "fAckley": 20.933734490976814, "ChiSquared": null}, "Point T2-107-13082019110223": {"x": -2.1167, "y": 2.8981, "fAckley": 8.513569876338332, "ChiSquared": null}, "Point T2-796-13082019110223": {"x": -18.8357, "y": -24.4685, "fAckley": 21.672973422726564, "ChiSquared": null}, "Point T1-456-13082019110223": {"x": 26.9255, "y": 13.9382, "fAckley": 19.961758897068396, "ChiSquared": null}, "Point T1-605-13082019110223": {"x": -13.0461, "y": -1.93, "fAckley": 17.08206738769518, "ChiSquared": null}, "Point T1-347-13082019110223": {"x": -18.065, "y": -14.586, "fAckley": 20.93783575227645, "ChiSquared": null}, "Point T1-275-13082019110223": {"x": -21.5689, "y": -18.1909, "fAckley": 21.586883642887862, "ChiSquared": null}, "Point T1-673-13082019110223": {"x": -29.0413, "y": 23.2757, "fAckley": 21.118611457150518, "ChiSquared": null}, "Point T1-87-13082019110223": {"x": -12.0743, "y": -11.0729, "fAckley": 18.299448181374622, "ChiSquared": null}, "Point T1-313-13082019110223": {"x": -18.4046, "y": -13.6222, "fAckley": 21.471751283246903, "ChiSquared": null}, "Point T1-120-13082019110223": {"x": -16.2017, "y": -4.6034, "fAckley": 20.09109242257732, "ChiSquared": null}, "Point T1-972-13082019110223": {"x": -4.4493, "y": 10.1715, "fAckley": 17.769543238910906, "ChiSquared": null}, "Point T1-26-13082019110223": {"x": -0.2546, "y": 8.6574, "fAckley": 16.093522353624095, "ChiSquared": null}, "Point T1-295-13082019110223": {"x": -23.4918, "y": 24.124, "fAckley": 21.681050559411542, "ChiSquared": null}, "Point T1-231-13082019110223": {"x": -1.638, "y": 6.916, "fAckley": 14.283794023769296, "ChiSquared": null}, "Point T1-949-13082019110223": {"x": -25.9573, "y": 9.9473, "fAckley": 19.727348977157384, "ChiSquared": null}, "Point T1-410-13082019110223": {"x": 11.3919, "y": 3.9888, "fAckley": 17.97398360530386, "ChiSquared": null}, "Point T1-426-13082019110223": {"x": -18.3745, "y": 14.3937, "fAckley": 21.50655729348378, "ChiSquared": null}, "Point T1-429-13082019110223": {"x": 13.3499, "y": -4.1105, "fAckley": 18.849399189115122, "ChiSquared": null}, "Point T1-387-13082019110223": {"x": -0.8933, "y": -9.7906, "fAckley": 16.059939816922714, "ChiSquared": null}, "Point T1-774-13082019110223": {"x": 11.7278, "y": -9.6786, "fAckley": 19.638612433617187, "ChiSquared": null}, "Point T1-80-13082019110223": {"x": 19.5281, "y": 13.7811, "fAckley": 21.363841269978717, "ChiSquared": null}, "Point T1-692-13082019110223": {"x": -13.3326, "y": -7.9352, "fAckley": 19.254261658047444, "ChiSquared": null}, "Point T1-130-13082019110223": {"x": -21.9504, "y": 8.4888, "fAckley": 21.023791687605247, "ChiSquared": null}, "Point T1-424-13082019110223": {"x": -27.3847, "y": 26.8023, "fAckley": 21.821549836103976, "ChiSquared": null}, "Point T1-899-13082019110223": {"x": 5.2331, "y": -16.3659, "fAckley": 20.20147082735651, "ChiSquared": null}, "Point T1-997-13082019110223": {"x": 12.7191, "y": 22.475, "fAckley": 21.645407998807666, "ChiSquared": null}, "Point T1-336-13082019110223": {"x": 17.8293, "y": 4.4282, "fAckley": 20.42015889501344, "ChiSquared": null}, "Point T1-825-13082019110223": {"x": 2.8, "y": 15.8154, "fAckley": 19.229874906498818, "ChiSquared": null}, "Point T1-715-13082019110223": {"x": -19.2019, "y": -6.6639, "fAckley": 20.69230018131653, "ChiSquared": null}, "Point T1-299-13082019110223": {"x": -11.9357, "y": -24.3223, "fAckley": 21.013075142728812, "ChiSquared": null}, "Point T1-415-13082019110223": {"x": 15.4282, "y": 9.6729, "fAckley": 20.690393501844145, "ChiSquared": null}, "Point T1-857-13082019110223": {"x": 1.5075, "y": -20.9094, "fAckley": 20.762081833643535, "ChiSquared": null}, "Point T1-580-13082019110223": {"x": -29.5368, "y": 0.9236, "fAckley": 21.454343767632228, "ChiSquared": null}, "Point T1-229-13082019110223": {"x": -20.5783, "y": 14.4762, "fAckley": 21.755922156581498, "ChiSquared": null}, "Point T1-519-13082019110223": {"x": -22.4104, "y": 3.0286, "fAckley": 20.829946250979194, "ChiSquared": null}, "Point T1-676-13082019110223": {"x": 0.2719, "y": -1.2682, "fAckley": 5.188082370021668, "ChiSquared": null}, "Point T1-333-13082019110223": {"x": 19.6792, "y": 1.9945, "fAckley": 20.16966127985336, "ChiSquared": null}, "Point T1-100-13082019110223": {"x": 4.7942, "y": -23.5063, "fAckley": 21.35003075900663, "ChiSquared": null}, "Point T1-492-13082019110223": {"x": 28.8325, "y": -27.6928, "fAckley": 21.573670029283605, "ChiSquared": null}, "Point T3-769-13082019110223": {"x": 29.9902, "y": 13.1678, "fAckley": 20.415119655626885, "ChiSquared": null}, "Point T3-190-13082019110223": {"x": 26.1694, "y": 23.7405, "fAckley": 21.346091157573074, "ChiSquared": null}, "Point T3-501-13082019110223": {"x": 22.3365, "y": 13.7932, "fAckley": 21.347074480961048, "ChiSquared": null}, "Point T3-218-13082019110223": {"x": 4.3748, "y": 29.8752, "fAckley": 21.437771241026134, "ChiSquared": null}, "Point T3-608-13082019110223": {"x": 18.5136, "y": -12.3175, "fAckley": 21.362096103742857, "ChiSquared": null}, "Point T3-756-13082019110223": {"x": -20.5556, "y": -27.8152, "fAckley": 21.805156920142746, "ChiSquared": null}, "Point T3-82-13082019110223": {"x": 13.6755, "y": 24.5519, "fAckley": 21.84553083827548, "ChiSquared": null}, "Point T3-694-13082019110223": {"x": -3.2793, "y": 0.7446, "fAckley": 9.390454068331296, "ChiSquared": null}, "Point T3-870-13082019110223": {"x": 15.8418, "y": -25.0911, "fAckley": 20.417663865945688, "ChiSquared": null}, "Point T3-524-13082019110223": {"x": 9.8146, "y": -16.8514, "fAckley": 19.80949667049948, "ChiSquared": null}, "Point T3-553-13082019110223": {"x": -12.2963, "y": -4.9847, "fAckley": 18.230360034962455, "ChiSquared": null}, "Point T3-86-13082019110223": {"x": 27.4628, "y": -4.24, "fAckley": 21.690904024280748, "ChiSquared": null}, "Point T3-671-13082019110223": {"x": 5.692, "y": -23.0886,