{"Point T2-269-19082019081255": {"x": 19.0173, "y": -18.5868, "fAckley": 21.180850438673694, "ChiSquared": null}, "Point T1-269-19082019081255": {"x": 20.4983, "y": 20.8294, "fAckley": 21.6270816094783, "ChiSquared": null}, "Point T5-368-19082019081255": {"x": 26.342, "y": 1.4387, "fAckley": 21.76008913033598, "ChiSquared": null}, "Point T4-669-19082019081255": {"x": -8.7274, "y": 0.0559, "fAckley": 15.407409247406926, "ChiSquared": null}, "Point T0-980-19082019081256": {"x": 13.2098, "y": 25.9861, "fAckley": 20.529620914179993, "ChiSquared": null}, "Point T3-498-19082019081255": {"x": -0.7327, "y": 16.7988, "fAckley": 19.76200113631839, "ChiSquared": null}, "Point T1-164-19082019081256": {"x": 11.3256, "y": 21.8359, "fAckley": 21.07266561776882, "ChiSquared": null}, "Point T3-859-19082019081256": {"x": 23.4385, "y": 10.2521, "fAckley": 21.556344300615994, "ChiSquared": null}, "Point T2-457-19082019081256": {"x": -29.2527, "y": -19.085, "fAckley": 21.050286005659355, "ChiSquared": null}, "Point T3-448-19082019081256": {"x": 23.7769, "y": -22.4744, "fAckley": 21.858570528637827, "ChiSquared": null}, "Point T0-589-19082019081256": {"x": 27.7643, "y": 6.0005, "fAckley": 20.63381647304063, "ChiSquared": null}, "Point T4-325-19082019081256": {"x": 11.589, "y": 12.1642, "fAckley": 20.013816022827683, "ChiSquared": null}, "Point T1-473-19082019081256": {"x": 10.907, "y": -6.8657, "fAckley": 17.37069791798558, "ChiSquared": null}, "Point T5-923-19082019081256": {"x": -20.0012, "y": 20.8446, "fAckley": 20.20052618264028, "ChiSquared": null}, "Point T1-394-19082019081256": {"x": 25.7393, "y": -4.4108, "fAckley": 21.587290858780015, "ChiSquared": null}, "Point T1-638-19082019081256": {"x": -23.1971, "y": -22.6601, "fAckley": 21.613643932150126, "ChiSquared": null}, "Point T2-916-19082019081256": {"x": 20.6073, "y": 15.767, "fAckley": 21.4948011019852, "ChiSquared": null}, "Point T0-681-19082019081256": {"x": -19.5884, "y": 28.5876, "fAckley": 22.14249754010964, "ChiSquared": null}, "Point T5-457-19082019081256": {"x": -2.8525, "y": -9.711, "fAckley": 16.742717994143614, "ChiSquared": null}, "Point T3-564-19082019081256": {"x": -23.4927, "y": -9.5194, "fAckley": 21.793975428536516, "ChiSquared": null}, "Point T4-190-19082019081256": {"x": 23.7988, "y": 24.5056, "fAckley": 21.853150070733836, "ChiSquared": null}, "Point T1-582-19082019081257": {"x": -0.4749, "y": 25.7978, "fAckley": 21.49032622347652, "ChiSquared": null}, "Point T4-521-19082019081257": {"x": 25.3158, "y": -2.2848, "fAckley": 21.4349949262953, "ChiSquared": null}, "Point T3-718-19082019081257": {"x": -24.9264, "y": -2.8602, "fAckley": 19.99018169340695, "ChiSquared": null}}