{"Point T1-100-19082019081403": {"x": 3.9314, "y": -0.5602, "fAckley": 10.322699167140856, "ChiSquared": null}, "Point T3-257-19082019081403": {"x": -27.3345, "y": -18.9938, "fAckley": 21.258222159935006, "ChiSquared": null}, "Point T2-427-19082019081403": {"x": 23.0714, "y": -29.7202, "fAckley": 21.19083223374536, "ChiSquared": null}, "Point T5-48-19082019081403": {"x": -18.4755, "y": 24.1236, "fAckley": 21.57455848728859, "ChiSquared": null}, "Point T4-842-19082019081403": {"x": 10.1323, "y": 25.9922, "fAckley": 20.02338751772863, "ChiSquared": null}, "Point T0-994-19082019081403": {"x": 11.8963, "y": 2.4007, "fAckley": 18.13190095800866, "ChiSquared": null}, "Point T1-951-19082019081403": {"x": -20.6298, "y": -6.5374, "fAckley": 21.344485831082807, "ChiSquared": null}, "Point T5-199-19082019081403": {"x": -17.0359, "y": -4.6184, "fAckley": 19.94348567529948, "ChiSquared": null}, "Point T4-973-19082019081403": {"x": -28.3813, "y": 17.7702, "fAckley": 21.804854694274923, "ChiSquared": null}, "Point T2-396-19082019081403": {"x": 8.0266, "y": -7.9006, "fAckley": 16.19477456063312, "ChiSquared": null}, "Point T3-450-19082019081403": {"x": -6.053, "y": 13.2959, "fAckley": 18.79305765316528, "ChiSquared": null}, "Point T1-301-19082019081403": {"x": 13.1358, "y": 16.4515, "fAckley": 20.837367030686714, "ChiSquared": null}, "Point T3-845-19082019081404": {"x": 5.0531, "y": -9.2351, "fAckley": 16.524621064270754, "ChiSquared": null}, "Point T4-748-19082019081404": {"x": 8.7354, "y": -13.9022, "fAckley": 19.319441271579922, "ChiSquared": null}, "Point T4-400-19082019081404": {"x": 17.9396, "y": 1.4082, "fAckley": 20.10222072427413, "ChiSquared": null}, "Point T4-528-19082019081404": {"x": -5.3186, "y": 29.9175, "fAckley": 21.193338886728895, "ChiSquared": null}, "Point T0-702-19082019081403": {"x": 10.5673, "y": -22.8974, "fAckley": 21.207881559541253, "ChiSquared": null}, "Point T4-312-19082019081404": {"x": -24.6162, "y": 23.0301, "fAckley": 21.422366579950893, "ChiSquared": null}, "Point T2-885-19082019081404": {"x": 21.8176, "y": -9.4829, "fAckley": 21.27911169761708, "ChiSquared": null}, "Point T5-235-19082019081403": {"x": -9.2042, "y": 10.3256, "fAckley": 18.97348726615183, "ChiSquared": null}, "Point T1-899-19082019081404": {"x": 13.0281, "y": -14.0341, "fAckley": 18.718426625776683, "ChiSquared": null}, "Point T3-186-19082019081404": {"x": 4.4523, "y": -27.8651, "fAckley": 21.48509921278203, "ChiSquared": null}, "Point T4-759-19082019081404": {"x": -8.5142, "y": -13.2312, "fAckley": 19.91255133315523, "ChiSquared": null}, "Point T5-669-19082019081404": {"x": 23.1061, "y": 26.1307, "fAckley": 20.491578952403284, "ChiSquared": null}}