{"Point T0-207-19082019081424": {"x": 26.596, "y": -20.2, "fAckley": 21.76736260937993, "ChiSquared": null}, "Point T0-88-19082019081424": {"x": -27.415, "y": -13.7044, "fAckley": 21.89153367086447, "ChiSquared": null}, "Point T0-34-19082019081425": {"x": 23.6808, "y": -19.2477, "fAckley": 21.635170269401556, "ChiSquared": null}, "Point T0-869-19082019081425": {"x": -23.0063, "y": 25.8735, "fAckley": 20.229598869936233, "ChiSquared": null}}