{"Point T2-104-27082019095932": {"x": 19.8001, "y": 29.3144, "fAckley": 21.62505779888397, "ChiSquared": null}, "Point T2-850-27082019095932": {"x": 12.2345, "y": -29.7007, "fAckley": 21.603985661857433, "ChiSquared": null}, "Point T4-114-27082019095932": {"x": 8.6906, "y": -1.3635, "fAckley": 16.353265483488585, "ChiSquared": null}, "Point T0-494-27082019095932": {"x": 15.1044, "y": -19.6222, "fAckley": 21.07830877817827, "ChiSquared": null}, "Point T6-212-27082019095932": {"x": -22.3463, "y": -7.21, "fAckley": 21.143618542175503, "ChiSquared": null}, "Point T1-5-27082019095932": {"x": -22.133, "y": 27.0222, "fAckley": 20.280722910048556, "ChiSquared": null}, "Point T2-230-27082019095932": {"x": 28.1655, "y": -15.2658, "fAckley": 21.27698656736826, "ChiSquared": null}, "Point T2-341-27082019095932": {"x": -9.7757, "y": -2.0579, "fAckley": 16.11982669645264, "ChiSquared": null}, "Point T1-255-27082019095932": {"x": 26.1039, "y": -22.8661, "fAckley": 20.494525935667145, "ChiSquared": null}, "Point T4-703-27082019095932": {"x": -11.2185, "y": 24.8302, "fAckley": 20.889500533311107, "ChiSquared": null}, "Point T3-930-27082019095932": {"x": 27.2602, "y": 27.4651, "fAckley": 22.039781886868422, "ChiSquared": null}, "Point T2-664-27082019095932": {"x": 9.9687, "y": 14.2659, "fAckley": 19.4582662855586, "ChiSquared": null}, "Point T6-980-27082019095932": {"x": -3.8342, "y": -29.1453, "fAckley": 20.657997172642876, "ChiSquared": null}, "Point T0-829-27082019095932": {"x": -4.0034, "y": -16.3572, "fAckley": 19.663273172502183, "ChiSquared": null}, "Point T5-21-27082019095932": {"x": 27.0285, "y": 11.144, "fAckley": 20.170465139524556, "ChiSquared": null}, "Point T7-289-27082019095932": {"x": -15.0427, "y": 12.2873, "fAckley": 19.993740414626952, "ChiSquared": null}, "Point T6-273-27082019095932": {"x": 29.1085, "y": 12.0065, "fAckley": 20.055568127768122, "ChiSquared": null}, "Point T1-311-27082019095932": {"x": -27.7369, "y": 28.9429, "fAckley": 21.116534694844574, "ChiSquared": null}, "Point T3-140-27082019095932": {"x": 5.213, "y": -11.9196, "fAckley": 17.803443048910037, "ChiSquared": null}, "Point T1-652-27082019095932": {"x": -27.3013, "y": -18.7103, "fAckley": 21.778416961223254, "ChiSquared": null}, "Point T7-352-27082019095932": {"x": -1.1041, "y": -19.0365, "fAckley": 18.949850071463015, "ChiSquared": null}, "Point T0-908-27082019095932": {"x": -4.2793, "y": 1.9845, "fAckley": 10.95336121445246, "ChiSquared": null}, "Point T7-308-27082019095932": {"x": -3.6383, "y": 0.1541, "fAckley": 9.80687158031775, "ChiSquared": null}, "Point T3-785-27082019095932": {"x": 29.66, "y": -28.9291, "fAckley": 21.4600592423077, "ChiSquared": null}, "Point T4-713-27082019095932": {"x": -21.9322, "y": -28.9181, "fAckley": 20.163787925910224, "ChiSquared": null}, "Point T3-175-27082019095932": {"x": -26.6645, "y": -20.8841, "fAckley": 21.427544559617896, "ChiSquared": null}, "Point T2-397-27082019095932": {"x": -2.4395, "y": 26.9894, "fAckley": 21.249957853356786, "ChiSquared": null}, "Point T5-802-27082019095932": {"x": 26.8799, "y": -9.0211, "fAckley": 19.992646488718467, "ChiSquared": null}, "Point T4-749-27082019095932": {"x": 7.3513, "y": -9.9789, "fAckley": 18.03313173062492, "ChiSquared": null}, "Point T7-692-27082019095932": {"x": -20.281, "y": 2.8798, "fAckley": 20.30803645972502, "ChiSquared": null}, "Point T4-23-27082019095932": {"x": 21.5611, "y": 0.3587, "fAckley": 21.311953751377505, "ChiSquared": null}, "Point T6-907-27082019095932": {"x": 7.0312, "y": -18.3683, "fAckley": 20.315116797421343, "ChiSquared": null}, "Point T4-182-27082019095932": {"x": -2.0734, "y": -21.7152, "fAckley": 20.399673927040155, "ChiSquared": null}, "Point T0-571-27082019095932": {"x": 29.4498, "y": -22.7379, "fAckley": 22.016046842443576, "ChiSquared": null}, "Point T1-101-27082019095932": {"x": -7.0313, "y": -10.5696, "fAckley": 18.358615434863516, "ChiSquared": null}, "Point T3-964-27082019095932": {"x": 23.3938, "y": -7.2275, "fAckley": 21.366890014234077, "ChiSquared": null}, "Point T2-565-27082019095932": {"x": 23.9307, "y": -3.6769, "fAckley": 20.80594020661994, "ChiSquared": null}, "Point T1-348-27082019095932": {"x": -1.0065, "y": -15.9006, "fAckley": 18.144582455168297, "ChiSquared": null}, "Point T3-70-27082019095932": {"x": -22.4047, "y": 28.3947, "fAckley": 22.15221070560712, "ChiSquared": null}, "Point T6-207-27082019095932": {"x": -7.0783, "y": 12.5495, "fAckley": 19.146173101848152, "ChiSquared": null}, "Point T4-3-27082019095932": {"x": 0.1546, "y": -15.795, "fAckley": 19.051631086430966, "ChiSquared": null}, "Point T5-48-27082019095932": {"x": -26.4905, "y": 0.4031, "fAckley": 21.84357861938045, "ChiSquared": null}, "Point T1-612-27082019095932": {"x": 22.6791, "y": 13.4383, "fAckley": 21.73004496203188, "ChiSquared": null}, "Point T6-614-27082019095932": {"x": 10.1915, "y": 28.3107, "fAckley": 21.440905989714317, "ChiSquared": null}, "Point T7-882-27082019095932": {"x": -27.8479, "y": 7.14, "fAckley": 20.539891052979712, "ChiSquared": null}, "Point T4-724-27082019095932": {"x": 5.8082, "y": 26.4899, "fAckley": 21.560351687867858, "ChiSquared": null}, "Point T3-876-27082019095932": {"x": 26.9858, "y": -20.4505, "fAckley": 21.529528916245532, "ChiSquared": null}, "Point T4-154-27082019095932": {"x": -24.4256, "y": 15.2921, "fAckley": 21.81704937554672, "ChiSquared": null}, "Point T7-886-27082019095932": {"x": 25.3613, "y": -14.0262, "fAckley": 21.199410752957554, "ChiSquared": null}, "Point T0-919-27082019095932": {"x": -26.947, "y": -9.0171, "fAckley": 19.721695014123174, "ChiSquared": null}, "Point T2-128-27082019095932": {"x": -8.4587, "y": -18.8341, "fAckley": 20.845835038947975, "ChiSquared": null}, "Point T5-402-27082019095932": {"x": 23.2258, "y": 22.8318, "fAckley": 21.139168577853404, "ChiSquared": null}, "Point T1-471-27082019095932": {"x": 14.9822, "y": -0.7863, "fAckley": 18.481470251867737, "ChiSquared": null}, "Point T6-334-27082019095932": {"x": -4.6959, "y": 1.3467, "fAckley": 12.05922599032833, "ChiSquared": null}, "Point T3-859-27082019095932": {"x": 12.4727, "y": 0.6479, "fAckley": 18.845942080213376, "ChiSquared": null}, "Point T4-944-27082019095932": {"x": 19.3488, "y": -3.4488, "fAckley": 21.011594977842265, "ChiSquared": null}, "Point T5-331-27082019095932": {"x": 7.1637, "y": 1.5414, "fAckley": 14.824494888219338, "ChiSquared": null}, "Point T3-662-27082019095932": {"x": -8.7035, "y": 13.9257, "fAckley": 19.404298337428198, "ChiSquared": null}, "Point T7-285-27082019095932": {"x": 18.4453, "y": -8.5586, "fAckley": 21.199029423260868, "ChiSquared": null}, "Point T7-112-27082019095933": {"x": -26.3816, "y": 18.6981, "fAckley": 21.922003657771256, "ChiSquared": null}, "Point T6-810-27082019095932": {"x": -26.2928, "y": 14.7041, "fAckley": 21.67639860576587, "ChiSquared": null}, "Point T2-762-27082019095932": {"x": 3.5375, "y": -10.3111, "fAckley": 17.92774237722009, "ChiSquared": null}, "Point T0-551-27082019095932": {"x": -15.2839, "y": 11.6319, "fAckley": 20.754101534499803, "ChiSquared": null}, "Point T1-726-27082019095932": {"x": -21.2134, "y": -26.6219, "fAckley": 21.774367681221275, "ChiSquared": null}, "Point T2-384-27082019095933": {"x": -8.5351, "y": -24.5005, "fAckley": 21.835941781364248, "ChiSquared": null}, "Point T6-677-27082019095933": {"x": 14.056, "y": 21.8032, "fAckley": 20.32405151098732, "ChiSquared": null}, "Point T7-916-27082019095933": {"x": 27.3232, "y": 26.6132, "fAckley": 22.07899609532478, "ChiSquared": null}, "Point T1-928-27082019095933": {"x": -9.9783, "y": 6.914, "fAckley": 16.605817535968765, "ChiSquared": null}, "Point T1-630-27082019095933": {"x": -28.39, "y": 26.735, "fAckley": 21.988754330623816, "ChiSquared": null}, "Point T4-846-27082019095933": {"x": -2.978, "y": 14.4553, "fAckley": 19.22271818119581, "ChiSquared": null}, "Point T4-35-27082019095933": {"x": 9.956, "y": -22.8268, "fAckley": 20.08724002521048, "ChiSquared": null}, "Point T7-682-27082019095933": {"x": 20.2725, "y": 4.3257,