{"Point T2-431-13082019110625": {"x": -3.5931, "y": -7.6732, "fAckley": 16.161128360369663, "ChiSquared": null}, "Point T6-361-13082019110625": {"x": 19.618, "y": 28.468, "fAckley": 22.14403805292526, "ChiSquared": null}, "Point T4-430-13082019110625": {"x": 29.9698, "y": -26.8395, "fAckley": 20.5174847498619, "ChiSquared": null}, "Point T7-117-13082019110625": {"x": -9.8984, "y": 23.5823, "fAckley": 21.21352405549103, "ChiSquared": null}, "Point T6-90-13082019110625": {"x": 0.6722, "y": 21.8201, "fAckley": 20.82716652417255, "ChiSquared": null}, "Point T3-510-13082019110625": {"x": -3.004, "y": 24.0964, "fAckley": 19.586663911142683, "ChiSquared": null}, "Point T0-903-13082019110625": {"x": 10.722, "y": -12.2572, "fAckley": 19.823472714064625, "ChiSquared": null}, "Point T5-375-13082019110625": {"x": 6.7164, "y": -5.5188, "fAckley": 16.320626059024338, "ChiSquared": null}, "Point T7-150-13082019110625": {"x": 6.5486, "y": 24.863, "fAckley": 21.331282458888534, "ChiSquared": null}, "Point T6-728-13082019110625": {"x": -4.1286, "y": 14.3039, "fAckley": 19.086032257537585, "ChiSquared": null}, "Point T1-61-13082019110625": {"x": -7.5147, "y": -2.4605, "fAckley": 15.80693678671307, "ChiSquared": null}, "Point T3-801-13082019110625": {"x": -28.8971, "y": -12.6301, "fAckley": 21.42832476986321, "ChiSquared": null}, "Point T4-734-13082019110625": {"x": -29.8945, "y": -28.266, "fAckley": 21.248347845859904, "ChiSquared": null}, "Point T2-920-13082019110625": {"x": 21.0793, "y": -29.3666, "fAckley": 21.487339290106867, "ChiSquared": null}, "Point T5-263-13082019110625": {"x": 5.572, "y": -15.3243, "fAckley": 20.215805420537375, "ChiSquared": null}, "Point T0-354-13082019110625": {"x": -18.843, "y": 15.5992, "fAckley": 21.211391034791905, "ChiSquared": null}, "Point T1-381-13082019110626": {"x": 7.9537, "y": -19.6772, "fAckley": 20.429477865136846, "ChiSquared": null}, "Point T4-874-13082019110626": {"x": -23.2707, "y": -14.6874, "fAckley": 21.536276470497494, "ChiSquared": null}, "Point T7-48-13082019110626": {"x": -17.5418, "y": -3.5448, "fAckley": 20.744903810690822, "ChiSquared": null}, "Point T6-852-13082019110626": {"x": -26.6768, "y": -21.7424, "fAckley": 21.78228185150878, "ChiSquared": null}, "Point T2-69-13082019110626": {"x": 5.307, "y": 26.5207, "fAckley": 21.770716316212333, "ChiSquared": null}, "Point T6-232-13082019110626": {"x": -12.6382, "y": -8.6117, "fAckley": 19.924063278773943, "ChiSquared": null}, "Point T2-232-13082019110626": {"x": -26.0352, "y": 28.2953, "fAckley": 21.215884685526774, "ChiSquared": null}, "Point T5-606-13082019110626": {"x": -5.1423, "y": 12.2296, "fAckley": 18.196921359304763, "ChiSquared": null}, "Point T1-107-13082019110626": {"x": -15.7473, "y": -13.2831, "fAckley": 20.738257762842828, "ChiSquared": null}, "Point T2-460-13082019110626": {"x": 1.9989, "y": -10.6745, "fAckley": 17.100740638676193, "ChiSquared": null}, "Point T1-337-13082019110626": {"x": -20.7517, "y": -11.1116, "fAckley": 20.528572097979296, "ChiSquared": null}, "Point T3-114-13082019110626": {"x": 5.4943, "y": 21.113, "fAckley": 20.917454167291396, "ChiSquared": null}, "Point T3-724-13082019110626": {"x": 17.3143, "y": 4.2319, "fAckley": 20.240679595535717, "ChiSquared": null}, "Point T0-101-13082019110626": {"x": -26.943, "y": -28.6026, "fAckley": 21.57004746266266, "ChiSquared": null}, "Point T7-471-13082019110626": {"x": -29.7384, "y": 13.9712, "fAckley": 20.94956295641443, "ChiSquared": null}, "Point T6-563-13082019110626": {"x": -1.1695, "y": 9.4955, "fAckley": 16.77613199441745, "ChiSquared": null}, "Point T5-210-13082019110626": {"x": -9.6086, "y": 0.6977, "fAckley": 17.02027942946876, "ChiSquared": null}, "Point T4-119-13082019110626": {"x": 16.8842, "y": -24.1913, "fAckley": 20.6702790652659, "ChiSquared": null}, "Point T4-399-13082019110626": {"x": 28.2757, "y": 9.0223, "fAckley": 20.90366194304565, "ChiSquared": null}, "Point T1-391-13082019110626": {"x": 22.6119, "y": -15.9832, "fAckley": 21.197114600591657, "ChiSquared": null}, "Point T2-694-13082019110626": {"x": -12.2197, "y": -12.2473, "fAckley": 19.878107777322388, "ChiSquared": null}, "Point T6-21-13082019110626": {"x": 12.6054, "y": -16.4966, "fAckley": 21.24789690908485, "ChiSquared": null}, "Point T7-314-13082019110626": {"x": -12.9644, "y": 15.2712, "fAckley": 20.01782620747259, "ChiSquared": null}, "Point T3-375-13082019110626": {"x": 29.1372, "y": -21.5963, "fAckley": 21.68205631915301, "ChiSquared": null}, "Point T0-805-13082019110626": {"x": -1.842, "y": 26.9855, "fAckley": 20.119808978934934, "ChiSquared": null}, "Point T4-884-13082019110626": {"x": -13.9376, "y": 3.1045, "fAckley": 17.70485419803145, "ChiSquared": null}, "Point T5-665-13082019110626": {"x": -23.9551, "y": 22.668, "fAckley": 21.26624350864143, "ChiSquared": null}, "Point T6-781-13082019110626": {"x": -9.1516, "y": 17.9485, "fAckley": 19.413932649947142, "ChiSquared": null}, "Point T2-728-13082019110626": {"x": -16.7664, "y": -20.3113, "fAckley": 21.363390162129363, "ChiSquared": null}, "Point T2-356-13082019110627": {"x": -5.9444, "y": 0.6298, "fAckley": 12.994821229696704, "ChiSquared": null}, "Point T1-852-13082019110626": {"x": 1.726, "y": -6.2947, "fAckley": 13.964693843698088, "ChiSquared": null}, "Point T7-280-13082019110626": {"x": 19.3506, "y": -18.2683, "fAckley": 21.551477493501487, "ChiSquared": null}, "Point T3-757-13082019110626": {"x": 11.9047, "y": 7.6177, "fAckley": 18.963623723250596, "ChiSquared": null}, "Point T0-43-13082019110626": {"x": -19.5413, "y": 0.1112, "fAckley": 20.552537581205847, "ChiSquared": null}, "Point T7-495-13082019110627": {"x": -8.5332, "y": -5.5624, "fAckley": 17.595950485531635, "ChiSquared": null}, "Point T4-646-13082019110627": {"x": -16.9716, "y": 17.8392, "fAckley": 19.969782649341532, "ChiSquared": null}, "Point T1-433-13082019110627": {"x": -26.9971, "y": -19.794, "fAckley": 20.65284470601546, "ChiSquared": null}, "Point T7-506-13082019110627": {"x": 13.0131, "y": 28.1525, "fAckley": 20.275120782785788, "ChiSquared": null}, "Point T4-11-13082019110627": {"x": 1.9466, "y": -22.4345, "fAckley": 20.876452830925206, "ChiSquared": null}, "Point T6-364-13082019110627": {"x": -2.7929, "y": 8.4314, "fAckley": 16.297671640600978, "ChiSquared": null}, "Point T1-477-13082019110627": {"x": -10.9429, "y": -17.1906, "fAckley": 19.68125639209291, "ChiSquared": null}, "Point T7-635-13082019110627": {"x": -24.1574, "y": -15.2744, "fAckley": 21.147561522726395, "ChiSquared": null}, "Point T2-565-13082019110627": {"x": 7.7092, "y": 23.919, "fAckley": 20.782864247957495, "ChiSquared": null}, "Point T5-125-13082019110627": {"x": -27.6777, "y": -18.0706, "fAckley": 21.270324436731553, "ChiSquared": null}, "Point T0-521-13082019110627": {"x": 16.9809, "y": 19.0512, "fAckley": 19.53685321771341, "ChiSquared": null}, "Point T5-432-13082019110627": {"x": -4.1071, "y": 26.1165, "fAckley": 20.098106316419507, "ChiSquared": null}, "Point T3-535-13082019110627": {"x": 12.469, "y": -5.7254, "fAckley": 19.278401816610565, "ChiSquared": null}, "Point T2-301-13082019110627": {"x": -19.147, "y": 11.4027, "fAckley": 20.96495601184125, "ChiSquared": null}, "Point T7-961-13082019110627": {"x": 8.1807, "y": 13.6382, "fAckley": 19.71450692669801, "ChiSquared": null}, "Point T0-516-13082019110627": {"x": 9.1435, "y": -6.5381, "fAckley": 17.799395338792277, "ChiSquared": null}, "Point T6-311-13082019110627": {"x": -0.3573, "y": 23.8157, "fAckley": 21.134951551628905, "ChiSquared": null}, "Point T1-853-13082019110627": {"x": 0.9668, "y": -17.8649, "fAckley": 18.855832151967626, "ChiSquared": null}, "Point T4-636-13082019110627": {"x": -25.6364, "y": -29.1427, "fAckley": 21.65075043199754, "ChiSquared": null}, "Point T0-139-13082019110627": {"x": 17.8924, "y": -6.3889, "fAckley": 20.349370609297953, "ChiSquared": null}, "Point T7-656-13082019110627": {"x": -11.5725, "y": 1.7943, "fAckley": 18.168596366140168, "ChiSquared": null}, "Point T7-696-13082019110627": {"x": 14.5449, "y": -29.4586,