{"Point T0-67-19082019082342": {"x": -6.6965, "y": 1.6806, "fAckley": 14.498437496501865, "ChiSquared": null}, "Point T0-16-19082019082342": {"x": 25.6436, "y": 14.9773, "fAckley": 21.21508302815722, "ChiSquared": null}, "Point T0-181-19082019082342": {"x": 18.4304, "y": 27.9043, "fAckley": 21.58146658431679, "ChiSquared": null}, "Point T0-973-19082019082342": {"x": -25.4598, "y": 24.4379, "fAckley": 22.194203627519013, "ChiSquared": null}}