{"Point T0-213-19082019081901": {"x": -7.3333, "y": -29.2736, "fAckley": 21.714630461459265, "ChiSquared": null}, "Point T0-546-19082019081901": {"x": -6.0348, "y": -18.0826, "fAckley": 18.853720988913896, "ChiSquared": null}, "Point T0-576-19082019081901": {"x": 2.5194, "y": -20.7542, "fAckley": 21.06153899290533, "ChiSquared": null}, "Point T0-256-19082019081901": {"x": -16.5202, "y": -26.6391, "fAckley": 22.038882208005674, "ChiSquared": null}}