{"Point T1-504-27082019095957": {"x": -27.7829, "y": -22.812, "fAckley": 21.25457105032756, "ChiSquared": null}, "Point T0-627-27082019095957": {"x": 7.8109, "y": -13.8613, "fAckley": 18.947636573872867, "ChiSquared": null}, "Point T7-509-27082019095957": {"x": -2.1408, "y": 21.6752, "fAckley": 20.704785166736233, "ChiSquared": null}, "Point T7-201-27082019095957": {"x": 21.5004, "y": 18.8697, "fAckley": 21.514790477307635, "ChiSquared": null}, "Point T3-589-27082019095957": {"x": -18.4306, "y": -20.4118, "fAckley": 21.893628746163085, "ChiSquared": null}, "Point T1-360-27082019095957": {"x": 26.5687, "y": 9.3582, "fAckley": 21.882207927255827, "ChiSquared": null}, "Point T5-530-27082019095957": {"x": 3.0629, "y": 2.8007, "fAckley": 9.742507820083272, "ChiSquared": null}, "Point T2-355-27082019095957": {"x": -18.2231, "y": -5.1651, "fAckley": 19.942531578445998, "ChiSquared": null}, "Point T1-666-27082019095958": {"x": -16.6799, "y": -19.2223, "fAckley": 21.290281395887067, "ChiSquared": null}, "Point T0-442-27082019095957": {"x": 12.1376, "y": -8.9403, "fAckley": 18.143273802531844, "ChiSquared": null}, "Point T6-93-27082019095957": {"x": -3.3262, "y": -1.8815, "fAckley": 9.92119256588892, "ChiSquared": null}, "Point T6-222-27082019095958": {"x": 12.9612, "y": -11.0089, "fAckley": 18.23658076513647, "ChiSquared": null}, "Point T4-79-27082019095957": {"x": 5.2739, "y": -24.6024, "fAckley": 21.52657619053974, "ChiSquared": null}, "Point T0-616-27082019095958": {"x": -25.5438, "y": -23.5894, "fAckley": 22.167088173233818, "ChiSquared": null}, "Point T5-583-27082019095958": {"x": -23.4295, "y": -6.8666, "fAckley": 21.195855730097488, "ChiSquared": null}, "Point T6-756-27082019095958": {"x": -3.7751, "y": -2.5939, "fAckley": 11.54001202778308, "ChiSquared": null}, "Point T3-444-27082019095958": {"x": -29.6084, "y": -10.9609, "fAckley": 21.386821362631643, "ChiSquared": null}, "Point T2-241-27082019095958": {"x": 8.7619, "y": -20.5058, "fAckley": 21.234494507489863, "ChiSquared": null}, "Point T7-620-27082019095958": {"x": 7.7124, "y": -27.1339, "fAckley": 21.10666648320894, "ChiSquared": null}, "Point T1-594-27082019095958": {"x": -4.7072, "y": -8.6678, "fAckley": 17.077139064791034, "ChiSquared": null}, "Point T0-892-27082019095958": {"x": -23.3838, "y": -17.2989, "fAckley": 21.79899736101748, "ChiSquared": null}, "Point T1-625-27082019095958": {"x": -24.2331, "y": 15.6376, "fAckley": 21.61744118334895, "ChiSquared": null}, "Point T7-644-27082019095958": {"x": 27.0447, "y": 2.8614, "fAckley": 20.05989482738291, "ChiSquared": null}, "Point T4-556-27082019095958": {"x": 22.7509, "y": -11.9932, "fAckley": 20.53909728875548, "ChiSquared": null}, "Point T5-168-27082019095958": {"x": -3.2453, "y": 14.6844, "fAckley": 19.50325806775838, "ChiSquared": null}, "Point T3-853-27082019095958": {"x": -15.0759, "y": -8.6112, "fAckley": 19.938315179883897, "ChiSquared": null}, "Point T0-11-27082019095958": {"x": -14.2475, "y": 6.841, "fAckley": 19.257686240164855, "ChiSquared": null}, "Point T1-560-27082019095958": {"x": -4.4389, "y": -11.985, "fAckley": 18.402080531334867, "ChiSquared": null}, "Point T6-46-27082019095958": {"x": -1.2348, "y": 19.9128, "fAckley": 19.920758372025112, "ChiSquared": null}, "Point T7-403-27082019095958": {"x": 24.2645, "y": 4.825, "fAckley": 20.914530402298958, "ChiSquared": null}, "Point T1-116-27082019095958": {"x": 14.0117, "y": -7.8464, "fAckley": 18.465578028564565, "ChiSquared": null}, "Point T2-169-27082019095958": {"x": 13.0727, "y": -6.8541, "fAckley": 18.114986711325425, "ChiSquared": null}, "Point T5-165-27082019095958": {"x": 0.6064, "y": 13.7106, "fAckley": 19.2491247537664, "ChiSquared": null}, "Point T6-211-27082019095958": {"x": 4.7839, "y": -17.1049, "fAckley": 19.445565506134017, "ChiSquared": null}, "Point T3-410-27082019095958": {"x": 9.7543, "y": -20.354, "fAckley": 21.148539007605027, "ChiSquared": null}, "Point T1-590-27082019095958": {"x": -18.3793, "y": -19.4668, "fAckley": 21.838133717483085, "ChiSquared": null}, "Point T4-116-27082019095958": {"x": 0.3453, "y": 17.1346, "fAckley": 19.895363958593062, "ChiSquared": null}, "Point T0-533-27082019095958": {"x": 20.5869, "y": -7.1194, "fAckley": 20.85932763153976, "ChiSquared": null}, "Point T2-732-27082019095958": {"x": 9.5933, "y": -20.3907, "fAckley": 21.44437065043818, "ChiSquared": null}, "Point T7-191-27082019095958": {"x": -23.6165, "y": 19.5505, "fAckley": 22.027740796950145, "ChiSquared": null}, "Point T7-270-27082019095958": {"x": 12.5532, "y": -16.7622, "fAckley": 21.03567292419119, "ChiSquared": null}, "Point T4-845-27082019095958": {"x": -9.7486, "y": 3.2221, "fAckley": 16.949982847427112, "ChiSquared": null}, "Point T7-68-27082019095958": {"x": 16.0318, "y": 15.7516, "fAckley": 20.244661841825977, "ChiSquared": null}, "Point T0-288-27082019095958": {"x": 13.5925, "y": -29.4361, "fAckley": 22.098710045567373, "ChiSquared": null}, "Point T1-545-27082019095958": {"x": 5.6016, "y": -29.0626, "fAckley": 21.351916719848262, "ChiSquared": null}, "Point T2-832-27082019095958": {"x": -10.7343, "y": -16.2908, "fAckley": 20.612631337526278, "ChiSquared": null}, "Point T5-475-27082019095958": {"x": 26.2299, "y": 29.054, "fAckley": 20.932855282191543, "ChiSquared": null}, "Point T4-906-27082019095958": {"x": 13.9154, "y": -6.7857, "fAckley": 18.758879461025998, "ChiSquared": null}, "Point T2-318-27082019095958": {"x": -5.5024, "y": 6.8331, "fAckley": 16.156335870881907, "ChiSquared": null}, "Point T7-828-27082019095958": {"x": 22.5355, "y": 7.8113, "fAckley": 21.29157101447976, "ChiSquared": null}, "Point T3-987-27082019095958": {"x": -8.8646, "y": 19.4499, "fAckley": 20.880630053982028, "ChiSquared": null}, "Point T5-346-27082019095958": {"x": -23.0374, "y": -0.1813, "fAckley": 19.94443754515255, "ChiSquared": null}, "Point T1-31-27082019095958": {"x": 2.365, "y": 1.1753, "fAckley": 8.050882606086635, "ChiSquared": null}, "Point T6-116-27082019095958": {"x": -11.3155, "y": -6.1987, "fAckley": 18.533520491701513, "ChiSquared": null}, "Point T0-638-27082019095958": {"x": -9.7666, "y": 25.41, "fAckley": 21.60194952456217, "ChiSquared": null}, "Point T2-332-27082019095958": {"x": -14.6097, "y": -5.868, "fAckley": 19.60733349045645, "ChiSquared": null}, "Point T5-931-27082019095958": {"x": 12.4528, "y": 6.783, "fAckley": 19.33902775451208, "ChiSquared": null}, "Point T7-486-27082019095958": {"x": 9.2699, "y": -9.0968, "fAckley": 18.115393776630455, "ChiSquared": null}, "Point T1-995-27082019095958": {"x": 29.8548, "y": 3.0313, "fAckley": 20.213863609283894, "ChiSquared": null}, "Point T2-720-27082019095958": {"x": -17.1316, "y": 1.3409, "fAckley": 19.88718734460157, "ChiSquared": null}, "Point T3-375-27082019095958": {"x": -10.3701, "y": -24.105, "fAckley": 21.175257434577322, "ChiSquared": null}, "Point T2-601-27082019095958": {"x": -20.5882, "y": 28.5704, "fAckley": 22.16482334555745, "ChiSquared": null}, "Point T4-14-27082019095958": {"x": -28.9053, "y": -22.6831, "fAckley": 21.373816643871287, "ChiSquared": null}, "Point T5-581-27082019095958": {"x": -29.1814, "y": 14.6628, "fAckley": 21.571178225941193, "ChiSquared": null}, "Point T7-3-27082019095958": {"x": 23.0244, "y": 2.4987, "fAckley": 20.967972005400345, "ChiSquared": null}, "Point T3-145-27082019095958": {"x": -12.2367, "y": 9.9054, "fAckley": 18.98234455558243, "ChiSquared": null}, "Point T0-753-27082019095958": {"x": 23.5167, "y": 17.1488, "fAckley": 21.573651803475244, "ChiSquared": null}, "Point T6-192-27082019095958": {"x": -23.8032, "y": -24.1733, "fAckley": 21.067782947324062, "ChiSquared": null}, "Point T2-806-27082019095958": {"x": 11.4983, "y": -0.9696, "fAckley": 17.81606015514682, "ChiSquared": null}, "Point T1-142-27082019095958": {"x": -23.7817, "y": 13.1071, "fAckley": 20.656301719941528, "ChiSquared": null}, "Point T4-897-27082019095958": {"x": 15.3061, "y": 22.9099, "fAckley": 21.028800434590536, "ChiSquared": null}, "Point T0-782-27082019095958": {"x": 5.3204, "y": -17.0519,