{"Point T0-97-19082019083925": {"x": 8.6742, "y": 20.3718, "fAckley": 21.282697550195685, "ChiSquared": null}, "Point T0-432-19082019083926": {"x": -6.9909, "y": -22.6943, "fAckley": 20.634547154742574, "ChiSquared": null}, "Point T0-339-19082019083926": {"x": -13.5733, "y": 17.5957, "fAckley": 21.431924760421673, "ChiSquared": null}, "Point T0-183-19082019083926": {"x": 9.5919, "y": -21.4258, "fAckley": 21.574305249158144, "ChiSquared": null}, "Point T0-668-19082019083926": {"x": -3.2072, "y": 27.6478, "fAckley": 21.481310839882187, "ChiSquared": null}, "Point T0-315-19082019083927": {"x": 19.5681, "y": -13.1059, "fAckley": 21.062640755114682, "ChiSquared": null}, "Point T0-65-19082019083927": {"x": 11.8242, "y": 24.6658, "fAckley": 21.32765664175059, "ChiSquared": null}, "Point T0-509-19082019083927": {"x": 13.9092, "y": 22.4428, "fAckley": 21.286493887035665, "ChiSquared": null}, "Point T0-927-19082019083927": {"x": 11.0418, "y": -10.2098, "fAckley": 18.497488469308955, "ChiSquared": null}, "Point T0-663-19082019083927": {"x": -28.7308, "y": 2.1264, "fAckley": 21.04141508834544, "ChiSquared": null}}