{"Point T2-123-19082019103203": {"x": 16.5368, "y": 22.5483, "fAckley": 21.953481809747714, "ChiSquared": null}, "Point T5-215-19082019103203": {"x": 29.8749, "y": 7.7829, "fAckley": 20.88655498971111, "ChiSquared": null}, "Point T5-704-19082019103203": {"x": 2.384, "y": 1.1885, "fAckley": 8.164660804523434, "ChiSquared": null}, "Point T1-201-19082019103203": {"x": -0.1107, "y": 16.6083, "fAckley": 19.81342376881276, "ChiSquared": null}, "Point T4-406-19082019103203": {"x": -16.7857, "y": 25.2183, "fAckley": 21.208730740569873, "ChiSquared": null}, "Point T0-736-19082019103203": {"x": 8.6094, "y": 19.837, "fAckley": 20.897702322148163, "ChiSquared": null}, "Point T7-74-19082019103203": {"x": 26.6897, "y": -13.5884, "fAckley": 21.885364794928407, "ChiSquared": null}, "Point T5-162-19082019103203": {"x": -9.515, "y": 4.8957, "fAckley": 17.411008560269664, "ChiSquared": null}, "Point T2-570-19082019103203": {"x": 6.5761, "y": 3.1693, "fAckley": 14.777243421690615, "ChiSquared": null}, "Point T6-373-19082019103203": {"x": 11.5567, "y": -21.3401, "fAckley": 21.593234910358284, "ChiSquared": null}, "Point T6-891-19082019103203": {"x": -0.5904, "y": 17.4615, "fAckley": 20.624243984931656, "ChiSquared": null}, "Point T3-632-19082019103203": {"x": -3.5351, "y": -28.9153, "fAckley": 21.448733665600617, "ChiSquared": null}, "Point T5-186-19082019103203": {"x": 8.6815, "y": 7.4251, "fAckley": 18.22284151683484, "ChiSquared": null}, "Point T0-964-19082019103203": {"x": -0.1457, "y": -13.7094, "fAckley": 18.64559804718245, "ChiSquared": null}, "Point T2-94-19082019103203": {"x": 10.3609, "y": 15.1703, "fAckley": 20.30752510441551, "ChiSquared": null}, "Point T6-72-19082019103203": {"x": -27.3657, "y": 29.9239, "fAckley": 21.535553254752458, "ChiSquared": null}, "Point T4-576-19082019103203": {"x": -22.5255, "y": 28.8751, "fAckley": 21.736109505116698, "ChiSquared": null}, "Point T1-78-19082019103203": {"x": 6.2103, "y": 27.2934, "fAckley": 21.347625162718185, "ChiSquared": null}, "Point T7-408-19082019103203": {"x": -20.0736, "y": 24.177, "fAckley": 20.531300983811214, "ChiSquared": null}, "Point T5-424-19082019103203": {"x": -11.2651, "y": 4.4706, "fAckley": 18.531971290720694, "ChiSquared": null}, "Point T4-642-19082019103203": {"x": -18.4619, "y": -15.1308, "fAckley": 21.16967033813876, "ChiSquared": null}, "Point T2-591-19082019103203": {"x": -22.6864, "y": 19.8542, "fAckley": 21.320611905993445, "ChiSquared": null}, "Point T4-64-19082019103203": {"x": 27.3545, "y": 3.0028, "fAckley": 21.095128662830355, "ChiSquared": null}, "Point T3-923-19082019103203": {"x": 8.4904, "y": -18.1782, "fAckley": 20.791738740463124, "ChiSquared": null}, "Point T5-661-19082019103203": {"x": -2.6227, "y": 20.824, "fAckley": 20.81618060168391, "ChiSquared": null}, "Point T1-353-19082019103203": {"x": 0.0491, "y": 22.4231, "fAckley": 20.844939547185465, "ChiSquared": null}, "Point T3-906-19082019103203": {"x": -9.5409, "y": 18.9402, "fAckley": 20.740035414893562, "ChiSquared": null}, "Point T5-945-19082019103203": {"x": -14.0775, "y": 23.9461, "fAckley": 19.831765228594765, "ChiSquared": null}, "Point T0-438-19082019103203": {"x": -16.4229, "y": 5.8225, "fAckley": 20.216222739057464, "ChiSquared": null}, "Point T7-902-19082019103203": {"x": -14.298, "y": -8.7589, "fAckley": 19.964669631471835, "ChiSquared": null}, "Point T6-101-19082019103203": {"x": -12.0455, "y": -26.8423, "fAckley": 20.28154201418156, "ChiSquared": null}, "Point T2-159-19082019103203": {"x": -11.08, "y": 1.2779, "fAckley": 17.16737258283783, "ChiSquared": null}, "Point T0-712-19082019103203": {"x": 7.1927, "y": -1.0814, "fAckley": 13.723955934509181, "ChiSquared": null}, "Point T2-446-19082019103204": {"x": -0.0644, "y": -9.8528, "fAckley": 15.614284237274834, "ChiSquared": null}, "Point T6-622-19082019103203": {"x": -9.3158, "y": 18.9044, "fAckley": 20.467250504417176, "ChiSquared": null}, "Point T4-792-19082019103203": {"x": -29.1723, "y": -10.008, "fAckley": 20.37996058989653, "ChiSquared": null}, "Point T3-456-19082019103203": {"x": -14.5654, "y": -15.2187, "fAckley": 21.00433355848661, "ChiSquared": null}, "Point T1-247-19082019103203": {"x": -0.9322, "y": 9.2093, "fAckley": 15.527503037653196, "ChiSquared": null}, "Point T5-978-19082019103203": {"x": -1.5686, "y": -11.7802, "fAckley": 18.295618229418928, "ChiSquared": null}, "Point T7-20-19082019103203": {"x": -7.0834, "y": 22.7292, "fAckley": 20.58385479719629, "ChiSquared": null}, "Point T6-848-19082019103204": {"x": 3.2894, "y": 24.4223, "fAckley": 21.53635205803672, "ChiSquared": null}, "Point T2-501-19082019103204": {"x": -20.4239, "y": 24.6889, "fAckley": 21.97101318776988, "ChiSquared": null}, "Point T7-598-19082019103204": {"x": -5.8424, "y": 23.9552, "fAckley": 19.97978060887616, "ChiSquared": null}, "Point T7-320-19082019103204": {"x": 19.7983, "y": -15.5305, "fAckley": 21.437932568348952, "ChiSquared": null}, "Point T2-942-19082019103204": {"x": 4.6323, "y": -22.2841, "fAckley": 21.276308565902944, "ChiSquared": null}, "Point T5-502-19082019103204": {"x": 25.723, "y": -14.0204, "fAckley": 20.891743631105808, "ChiSquared": null}, "Point T1-274-19082019103204": {"x": -22.8478, "y": 25.187, "fAckley": 20.937392946881676, "ChiSquared": null}, "Point T0-931-19082019103204": {"x": -23.4566, "y": -10.1115, "fAckley": 21.273035316896074, "ChiSquared": null}, "Point T7-215-19082019103204": {"x": 21.0978, "y": -11.2589, "fAckley": 20.575518090935255, "ChiSquared": null}, "Point T6-486-19082019103204": {"x": -28.2583, "y": -22.4842, "fAckley": 22.004813874345523, "ChiSquared": null}, "Point T4-931-19082019103204": {"x": -1.4067, "y": -28.3072, "fAckley": 21.80194134880813, "ChiSquared": null}, "Point T3-31-19082019103204": {"x": 5.0754, "y": 13.9275, "fAckley": 17.81545114111788, "ChiSquared": null}, "Point T4-443-19082019103204": {"x": 16.34, "y": 1.4922, "fAckley": 20.289417349078693, "ChiSquared": null}, "Point T2-185-19082019103204": {"x": -6.4919, "y": 14.6041, "fAckley": 20.223547811485197, "ChiSquared": null}, "Point T5-813-19082019103204": {"x": -11.7205, "y": 13.2724, "fAckley": 20.23310746987475, "ChiSquared": null}, "Point T5-819-19082019103204": {"x": 20.0534, "y": -4.546, "fAckley": 20.6336337595427, "ChiSquared": null}, "Point T1-456-19082019103204": {"x": -13.027, "y": 13.43, "fAckley": 20.258367642524114, "ChiSquared": null}, "Point T6-497-19082019103204": {"x": -12.9361, "y": 13.8189, "fAckley": 19.388607798530057, "ChiSquared": null}, "Point T0-896-19082019103204": {"x": -14.1459, "y": -16.0298, "fAckley": 19.530119836539352, "ChiSquared": null}, "Point T7-285-19082019103204": {"x": -11.2787, "y": 0.7902, "fAckley": 17.640238467989825, "ChiSquared": null}, "Point T1-171-19082019103204": {"x": 22.3592, "y": 13.356, "fAckley": 21.680573012106617, "ChiSquared": null}, "Point T1-715-19082019103204": {"x": -3.9455, "y": -8.7326, "fAckley": 16.043734938257884, "ChiSquared": null}, "Point T3-540-19082019103204": {"x": -6.0675, "y": -22.5462, "fAckley": 21.005168588080725, "ChiSquared": null}, "Point T4-759-19082019103204": {"x": -22.5949, "y": 17.8753, "fAckley": 21.43601169757325, "ChiSquared": null}, "Point T7-168-19082019103204": {"x": 5.9417, "y": 5.2773, "fAckley": 14.753408966108367, "ChiSquared": null}, "Point T5-380-19082019103204": {"x": 15.7965, "y": 19.545, "fAckley": 21.431538756884635, "ChiSquared": null}, "Point T6-433-19082019103204": {"x": -8.8116, "y": -5.5572, "fAckley": 17.378509645012894, "ChiSquared": null}, "Point T2-696-19082019103204": {"x": 13.0523, "y": 1.5745, "fAckley": 18.575110666862418, "ChiSquared": null}, "Point T4-191-19082019103204": {"x": 26.5629, "y": 26.9701, "fAckley": 21.593454543585768, "ChiSquared": null}, "Point T1-893-19082019103204": {"x": -13.0119, "y": -28.0446, "fAckley": 19.803758027445955, "ChiSquared": null}, "Point T5-152-19082019103204": {"x": -0.6781, "y": -13.0578, "fAckley": 18.287946577488686, "ChiSquared": null}, "Point T0-179-19082019103204": {"x": 29.2344, "y": -19.1179,