{"Point T5-641-27082019095818": {"x": -7.2865, "y": 6.0217, "fAckley": 15.999907639357337, "ChiSquared": null}, "Point T5-663-27082019095818": {"x": -6.276, "y": -26.3176, "fAckley": 21.53221224906768, "ChiSquared": null}, "Point T7-106-27082019095818": {"x": -2.2325, "y": -25.4348, "fAckley": 21.509902203645943, "ChiSquared": null}, "Point T7-635-27082019095818": {"x": 5.6111, "y": 23.0951, "fAckley": 20.993595184110415, "ChiSquared": null}, "Point T2-696-27082019095818": {"x": 20.8607, "y": 6.5617, "fAckley": 20.943458470101916, "ChiSquared": null}, "Point T3-61-27082019095818": {"x": -21.5915, "y": -2.1284, "fAckley": 20.859327713231078, "ChiSquared": null}, "Point T6-839-27082019095818": {"x": -25.9615, "y": -23.6321, "fAckley": 21.41917734216402, "ChiSquared": null}, "Point T5-310-27082019095818": {"x": 25.3369, "y": 19.802, "fAckley": 21.600860435479884, "ChiSquared": null}, "Point T4-280-27082019095818": {"x": -11.0346, "y": 8.7245, "fAckley": 18.478142486628098, "ChiSquared": null}, "Point T1-930-27082019095818": {"x": -7.4024, "y": 14.3825, "fAckley": 20.229053859604853, "ChiSquared": null}, "Point T0-754-27082019095818": {"x": 26.4261, "y": 8.3631, "fAckley": 21.85989347985475, "ChiSquared": null}, "Point T3-263-27082019095818": {"x": -13.7027, "y": 2.9696, "fAckley": 18.553459452066857, "ChiSquared": null}, "Point T2-403-27082019095818": {"x": -4.1393, "y": -12.6351, "fAckley": 18.677413116395677, "ChiSquared": null}, "Point T5-385-27082019095818": {"x": 3.4021, "y": -21.1781, "fAckley": 20.928385523256225, "ChiSquared": null}, "Point T7-656-27082019095818": {"x": 9.0, "y": 13.4472, "fAckley": 19.661968674221754, "ChiSquared": null}, "Point T6-140-27082019095818": {"x": -24.6678, "y": -15.2416, "fAckley": 21.584985081738402, "ChiSquared": null}, "Point T2-811-27082019095818": {"x": -25.1938, "y": 8.4781, "fAckley": 21.527831840631627, "ChiSquared": null}, "Point T0-134-27082019095818": {"x": -20.5691, "y": -1.474, "fAckley": 21.247763658298698, "ChiSquared": null}, "Point T4-133-27082019095818": {"x": 4.4654, "y": 6.0023, "fAckley": 14.763455448291898, "ChiSquared": null}, "Point T1-17-27082019095818": {"x": -28.2257, "y": -9.5634, "fAckley": 21.742138767034902, "ChiSquared": null}, "Point T5-582-27082019095818": {"x": 24.3053, "y": 19.7679, "fAckley": 21.58800495224944, "ChiSquared": null}, "Point T3-570-27082019095818": {"x": 28.3059, "y": 27.8377, "fAckley": 21.55148337963805, "ChiSquared": null}, "Point T0-361-27082019095818": {"x": 21.8475, "y": -25.1532, "fAckley": 20.764548326584247, "ChiSquared": null}, "Point T6-160-27082019095818": {"x": -16.1944, "y": 22.574, "fAckley": 21.56602700519823, "ChiSquared": null}, "Point T1-102-27082019095818": {"x": 18.0291, "y": -27.5809, "fAckley": 21.472526939483203, "ChiSquared": null}, "Point T0-141-27082019095818": {"x": 8.4397, "y": -16.8388, "fAckley": 20.50565021332321, "ChiSquared": null}, "Point T1-327-27082019095818": {"x": 4.5483, "y": -10.4817, "fAckley": 18.366332549536974, "ChiSquared": null}, "Point T1-918-27082019095818": {"x": -14.6682, "y": -29.0022, "fAckley": 21.227146810467, "ChiSquared": null}, "Point T6-615-27082019095818": {"x": 26.0916, "y": 6.9343, "fAckley": 19.874090808507916, "ChiSquared": null}, "Point T6-3-27082019095818": {"x": 26.9664, "y": 24.9689, "fAckley": 19.944846422455687, "ChiSquared": null}, "Point T5-852-27082019095818": {"x": 11.6248, "y": 10.3499, "fAckley": 19.981517791964826, "ChiSquared": null}, "Point T4-769-27082019095818": {"x": 17.2562, "y": -12.1301, "fAckley": 20.32479897761193, "ChiSquared": null}, "Point T6-17-27082019095818": {"x": 28.9937, "y": -5.6921, "fAckley": 21.03241754490334, "ChiSquared": null}, "Point T7-764-27082019095818": {"x": 26.3759, "y": -26.6067, "fAckley": 22.14465104545227, "ChiSquared": null}, "Point T2-191-27082019095818": {"x": -19.494, "y": 5.6369, "fAckley": 21.14620399329848, "ChiSquared": null}, "Point T4-139-27082019095818": {"x": 14.8558, "y": 11.4027, "fAckley": 20.399143556627564, "ChiSquared": null}, "Point T7-726-27082019095818": {"x": -20.6982, "y": -17.3424, "fAckley": 21.63138274369286, "ChiSquared": null}, "Point T0-494-27082019095818": {"x": 24.1734, "y": -19.7297, "fAckley": 21.293071786480926, "ChiSquared": null}, "Point T2-986-27082019095818": {"x": -5.6479, "y": 14.043, "fAckley": 19.166151410421552, "ChiSquared": null}, "Point T1-877-27082019095818": {"x": -18.85, "y": -28.9556, "fAckley": 20.397639714671584, "ChiSquared": null}, "Point T3-985-27082019095818": {"x": -11.4781, "y": -23.9681, "fAckley": 21.25705427887211, "ChiSquared": null}, "Point T6-901-27082019095818": {"x": 21.2108, "y": -21.2553, "fAckley": 21.32102773554134, "ChiSquared": null}, "Point T2-688-27082019095819": {"x": 15.0796, "y": -2.813, "fAckley": 18.552757923158243, "ChiSquared": null}, "Point T3-796-27082019095819": {"x": 14.7786, "y": -13.191, "fAckley": 20.193232077558125, "ChiSquared": null}, "Point T6-299-27082019095819": {"x": -9.7425, "y": 3.8612, "fAckley": 16.827664375675, "ChiSquared": null}, "Point T0-399-27082019095819": {"x": 28.2559, "y": 5.3359, "fAckley": 21.616369319933348, "ChiSquared": null}, "Point T4-381-27082019095818": {"x": -0.8912, "y": 3.4613, "fAckley": 9.746830353905043, "ChiSquared": null}, "Point T7-689-27082019095818": {"x": 20.857, "y": -2.7234, "fAckley": 20.440633553357735, "ChiSquared": null}, "Point T1-781-27082019095819": {"x": -28.1863, "y": 23.0028, "fAckley": 20.598530742984778, "ChiSquared": null}, "Point T7-825-27082019095819": {"x": 12.4959, "y": -18.2419, "fAckley": 21.2190618346098, "ChiSquared": null}, "Point T2-696-27082019095819": {"x": 1.5044, "y": 9.1464, "fAckley": 16.50528828444411, "ChiSquared": null}, "Point T4-781-27082019095819": {"x": 28.8751, "y": -22.9246, "fAckley": 20.386823594395647, "ChiSquared": null}, "Point T0-629-27082019095819": {"x": 1.206, "y": -20.4701, "fAckley": 20.91637407585809, "ChiSquared": null}, "Point T7-707-27082019095819": {"x": 1.8806, "y": 18.3294, "fAckley": 20.10646161258547, "ChiSquared": null}, "Point T4-25-27082019095819": {"x": 6.5179, "y": -14.7323, "fAckley": 20.093431816887282, "ChiSquared": null}, "Point T7-294-27082019095819": {"x": 27.7914, "y": -14.062, "fAckley": 20.667860663691936, "ChiSquared": null}, "Point T6-528-27082019095819": {"x": 27.3841, "y": 29.2526, "fAckley": 21.96615962068071, "ChiSquared": null}, "Point T1-369-27082019095819": {"x": -18.888, "y": 12.297, "fAckley": 20.62689390703898, "ChiSquared": null}, "Point T5-892-27082019095819": {"x": 24.3712, "y": 13.1113, "fAckley": 21.280615956013442, "ChiSquared": null}, "Point T6-816-27082019095819": {"x": -5.7063, "y": 28.9031, "fAckley": 21.092140211877055, "ChiSquared": null}, "Point T4-143-27082019095819": {"x": -22.8395, "y": -6.5328, "fAckley": 21.222998226472388, "ChiSquared": null}, "Point T5-620-27082019095819": {"x": -0.5033, "y": 14.2105, "fAckley": 19.35512636855732, "ChiSquared": null}, "Point T2-643-27082019095819": {"x": -0.32, "y": 24.0468, "fAckley": 20.747228008119016, "ChiSquared": null}, "Point T0-862-27082019095819": {"x": -9.3461, "y": 18.4601, "fAckley": 21.1824297602349, "ChiSquared": null}, "Point T3-18-27082019095819": {"x": 6.8969, "y": 26.7372, "fAckley": 20.88422000356906, "ChiSquared": null}, "Point T4-390-27082019095819": {"x": 7.4843, "y": 15.4421, "fAckley": 20.57089823337651, "ChiSquared": null}, "Point T1-837-27082019095819": {"x": -14.01, "y": -19.6307, "fAckley": 20.88634997806095, "ChiSquared": null}, "Point T7-962-27082019095819": {"x": 0.9404, "y": -0.0147, "fAckley": 2.589020770080215, "ChiSquared": null}, "Point T6-305-27082019095819": {"x": 11.5599, "y": -12.4631, "fAckley": 20.52504786578537, "ChiSquared": null}, "Point T2-638-27082019095819": {"x": 5.9126, "y": -0.2798, "fAckley": 12.663307017133084, "ChiSquared": null}, "Point T3-789-27082019095819": {"x": 8.9441, "y": -13.2639, "fAckley": 19.10541333493495, "ChiSquared": null}, "Point T1-74-27082019095819": {"x": -22.6461, "y": 18.7977, "fAckley": 21.551341723228607,