{"Point T0-514-19082019082109": {"x": -24.3397, "y": 7.5583, "fAckley": 21.694140474566176, "ChiSquared": null}, "Point T0-691-19082019082109": {"x": -29.0951, "y": 22.8062, "fAckley": 20.8137262520238, "ChiSquared": null}, "Point T0-920-19082019082109": {"x": 13.4342, "y": 26.3389, "fAckley": 21.92738623933323, "ChiSquared": null}, "Point T0-519-19082019082109": {"x": -1.3377, "y": 14.8549, "fAckley": 19.24640475357783, "ChiSquared": null}}