{"Point T1-779-21082019102531": {"x": -21.6346, "y": 29.6467, "fAckley": 22.076315294434885, "ChiSquared": null}, "Point T3-445-21082019102531": {"x": 8.4476, "y": 0.9643, "fAckley": 15.694581356207365, "ChiSquared": null}, "Point T7-408-21082019102531": {"x": -8.2055, "y": 19.9149, "fAckley": 20.002310895651128, "ChiSquared": null}, "Point T3-281-21082019102531": {"x": -9.1924, "y": -7.7651, "fAckley": 17.819416323223688, "ChiSquared": null}, "Point T7-463-21082019102531": {"x": 28.6414, "y": 2.3982, "fAckley": 21.886438475571417, "ChiSquared": null}, "Point T6-553-21082019102531": {"x": 24.9974, "y": 0.643, "fAckley": 20.928400379634553, "ChiSquared": null}, "Point T3-887-21082019102531": {"x": 2.812, "y": -24.1103, "fAckley": 20.29604778822221, "ChiSquared": null}, "Point T0-375-21082019102531": {"x": 5.6537, "y": -9.7511, "fAckley": 17.901153301999962, "ChiSquared": null}, "Point T0-137-21082019102531": {"x": 1.0852, "y": -10.3061, "fAckley": 16.805703872343116, "ChiSquared": null}, "Point T6-131-21082019102531": {"x": -0.2598, "y": -5.1314, "fAckley": 11.686370410773343, "ChiSquared": null}, "Point T5-438-21082019102531": {"x": -20.4826, "y": 2.0468, "fAckley": 20.64827597306721, "ChiSquared": null}, "Point T7-48-21082019102531": {"x": 9.5252, "y": -15.7732, "fAckley": 20.58516569161176, "ChiSquared": null}, "Point T4-667-21082019102531": {"x": 22.5029, "y": 3.892, "fAckley": 21.031625689889612, "ChiSquared": null}, "Point T2-836-21082019102531": {"x": -8.9003, "y": -25.5257, "fAckley": 21.365687364376676, "ChiSquared": null}, "Point T1-248-21082019102531": {"x": 19.0518, "y": -24.1908, "fAckley": 20.53529868559806, "ChiSquared": null}, "Point T3-352-21082019102531": {"x": 19.7473, "y": -10.3514, "fAckley": 21.12746198789839, "ChiSquared": null}, "Point T7-312-21082019102531": {"x": 22.9444, "y": -11.4901, "fAckley": 21.216218098664648, "ChiSquared": null}, "Point T5-676-21082019102531": {"x": 6.4579, "y": -5.6425, "fAckley": 16.319440768772893, "ChiSquared": null}, "Point T3-541-21082019102531": {"x": -7.2245, "y": 25.8741, "fAckley": 20.731185690957368, "ChiSquared": null}, "Point T0-687-21082019102531": {"x": 23.5504, "y": 29.8906, "fAckley": 21.711135144584805, "ChiSquared": null}, "Point T7-488-21082019102531": {"x": -15.9566, "y": -1.6934, "fAckley": 19.29060910461158, "ChiSquared": null}, "Point T3-26-21082019102531": {"x": -28.605, "y": 24.9633, "fAckley": 21.529101341994203, "ChiSquared": null}, "Point T5-51-21082019102531": {"x": -28.1663, "y": 3.5013, "fAckley": 21.577461900850246, "ChiSquared": null}, "Point T6-512-21082019102531": {"x": 1.2205, "y": -4.7197, "fAckley": 11.683434364966274, "ChiSquared": null}, "Point T2-688-21082019102531": {"x": 4.3927, "y": -16.2212, "fAckley": 20.120701123080096, "ChiSquared": null}, "Point T4-178-21082019102531": {"x": 26.6341, "y": -6.5079, "fAckley": 21.86909740084374, "ChiSquared": null}, "Point T0-94-21082019102531": {"x": -12.9445, "y": 5.4151, "fAckley": 18.92873823953752, "ChiSquared": null}, "Point T7-569-21082019102531": {"x": 16.5904, "y": -19.7226, "fAckley": 21.593527652261407, "ChiSquared": null}, "Point T7-844-21082019102531": {"x": 9.6163, "y": 23.8455, "fAckley": 21.277283479532336, "ChiSquared": null}, "Point T2-506-21082019102531": {"x": -1.2691, "y": 28.8011, "fAckley": 21.27624454575751, "ChiSquared": null}, "Point T3-909-21082019102531": {"x": -22.8762, "y": -23.3857, "fAckley": 21.542589409576216, "ChiSquared": null}, "Point T1-967-21082019102531": {"x": -23.2666, "y": 28.7606, "fAckley": 21.629992005176, "ChiSquared": null}, "Point T7-948-21082019102531": {"x": 7.3664, "y": -25.1454, "fAckley": 21.254628772684043, "ChiSquared": null}, "Point T2-677-21082019102531": {"x": -25.0105, "y": -6.7938, "fAckley": 20.31968164007173, "ChiSquared": null}, "Point T2-562-21082019102531": {"x": 25.2254, "y": 28.1339, "fAckley": 21.11558973141904, "ChiSquared": null}, "Point T7-644-21082019102531": {"x": -25.8137, "y": 6.7741, "fAckley": 20.94889824901093, "ChiSquared": null}, "Point T4-873-21082019102531": {"x": 11.1079, "y": -5.7963, "fAckley": 17.614342924122337, "ChiSquared": null}, "Point T5-815-21082019102531": {"x": -17.4646, "y": 2.1609, "fAckley": 20.257141287575145, "ChiSquared": null}, "Point T5-641-21082019102532": {"x": 14.5786, "y": -19.3631, "fAckley": 21.60439012359786, "ChiSquared": null}, "Point T6-841-21082019102531": {"x": -27.7751, "y": -16.4794, "fAckley": 21.851739739481193, "ChiSquared": null}, "Point T2-615-21082019102532": {"x": -5.6376, "y": 1.6173, "fAckley": 13.493162322458478, "ChiSquared": null}, "Point T6-1-21082019102532": {"x": 24.392, "y": 3.7565, "fAckley": 21.41684481436816, "ChiSquared": null}, "Point T0-795-21082019102531": {"x": -12.7602, "y": -23.5018, "fAckley": 21.63642971401062, "ChiSquared": null}, "Point T0-756-21082019102532": {"x": -1.2567, "y": -25.5686, "fAckley": 21.561103281141957, "ChiSquared": null}, "Point T3-878-21082019102531": {"x": -26.8617, "y": 12.0996, "fAckley": 20.337079298635143, "ChiSquared": null}, "Point T0-656-21082019102532": {"x": -9.8566, "y": -16.7524, "fAckley": 20.063884733546864, "ChiSquared": null}, "Point T1-629-21082019102531": {"x": 27.0434, "y": 7.0509, "fAckley": 19.732381020787752, "ChiSquared": null}, "Point T4-980-21082019102532": {"x": 21.2606, "y": -28.3525, "fAckley": 21.868674179175102, "ChiSquared": null}, "Point T2-362-21082019102532": {"x": 15.3044, "y": 8.6665, "fAckley": 20.397267165852654, "ChiSquared": null}, "Point T5-764-21082019102532": {"x": 14.8597, "y": 6.6179, "fAckley": 19.763745529228885, "ChiSquared": null}, "Point T7-758-21082019102532": {"x": 4.315, "y": 10.6192, "fAckley": 18.195887093327, "ChiSquared": null}, "Point T6-494-21082019102532": {"x": 5.1253, "y": 13.8616, "fAckley": 18.279702548804615, "ChiSquared": null}, "Point T0-614-21082019102532": {"x": 19.3025, "y": -22.1281, "fAckley": 21.20105140625836, "ChiSquared": null}, "Point T7-778-21082019102532": {"x": 1.7684, "y": 9.7112, "fAckley": 16.827425979295846, "ChiSquared": null}, "Point T0-378-21082019102532": {"x": -26.6955, "y": -2.2817, "fAckley": 21.500143515783936, "ChiSquared": null}, "Point T3-840-21082019102532": {"x": 3.5406, "y": -5.7666, "fAckley": 14.387818212491148, "ChiSquared": null}, "Point T1-319-21082019102532": {"x": 11.9369, "y": -17.5235, "fAckley": 20.753881840574895, "ChiSquared": null}, "Point T7-803-21082019102532": {"x": 1.8005, "y": -20.1435, "fAckley": 19.97912628632208, "ChiSquared": null}, "Point T0-676-21082019102532": {"x": 12.746, "y": 26.9178, "fAckley": 20.896595217689278, "ChiSquared": null}, "Point T7-773-21082019102532": {"x": -28.3678, "y": -20.2318, "fAckley": 21.817733054222746, "ChiSquared": null}, "Point T5-500-21082019102532": {"x": 24.2789, "y": 0.3299, "fAckley": 21.35476585808716, "ChiSquared": null}, "Point T3-172-21082019102532": {"x": 19.3136, "y": 14.7887, "fAckley": 21.148526876551824, "ChiSquared": null}, "Point T4-481-21082019102532": {"x": -5.3796, "y": -9.2325, "fAckley": 17.570812926407505, "ChiSquared": null}, "Point T2-260-21082019102532": {"x": -28.5081, "y": -5.4868, "fAckley": 22.01994375246175, "ChiSquared": null}, "Point T4-146-21082019102532": {"x": -10.7479, "y": -13.1707, "fAckley": 19.64978376900202, "ChiSquared": null}, "Point T7-770-21082019102532": {"x": -20.1766, "y": 0.2775, "fAckley": 20.41933426985987, "ChiSquared": null}, "Point T5-796-21082019102532": {"x": -27.0532, "y": 20.0678, "fAckley": 20.019052876858062, "ChiSquared": null}, "Point T1-206-21082019102532": {"x": -7.8893, "y": 8.6658, "fAckley": 17.76480103120637, "ChiSquared": null}, "Point T6-854-21082019102532": {"x": -8.417, "y": -0.4539, "fAckley": 16.24502090370425, "ChiSquared": null}, "Point T4-393-21082019102532": {"x": 10.221, "y": -27.0543, "fAckley": 20.62969847867028, "ChiSquared": null}, "Point T1-134-21082019102532": {"x": -0.6617, "y": -12.106, "fAckley": 17.97902656507785, "ChiSquared": null}, "Point T0-849-21082019102532": {"x": -20.7272, "y": -11.2409,