{"Point T7-204-28082019085108": {"x": 1.627, "y": -7.0275, "fAckley": 14.35301952415165, "ChiSquared": null}, "Point T3-741-28082019085108": {"x": 25.1912, "y": -5.7804, "fAckley": 20.883976079477645, "ChiSquared": null}, "Point T7-534-28082019085108": {"x": 28.6885, "y": -1.9224, "fAckley": 21.087186096860638, "ChiSquared": null}, "Point T5-706-28082019085108": {"x": 13.2437, "y": -10.0595, "fAckley": 19.190077581309193, "ChiSquared": null}, "Point T0-840-28082019085108": {"x": 6.0679, "y": 19.9737, "fAckley": 19.09226313892265, "ChiSquared": null}, "Point T5-171-28082019085108": {"x": -28.3255, "y": -6.9348, "fAckley": 21.135838737368758, "ChiSquared": null}, "Point T2-247-28082019085108": {"x": 3.7235, "y": -27.9001, "fAckley": 20.965169769508787, "ChiSquared": null}, "Point T2-693-28082019085108": {"x": -10.0074, "y": -3.8389, "fAckley": 16.177902321505815, "ChiSquared": null}, "Point T1-501-28082019085108": {"x": -16.1774, "y": -4.6043, "fAckley": 20.02636476602531, "ChiSquared": null}, "Point T7-247-28082019085108": {"x": -25.718, "y": -20.0167, "fAckley": 21.03107672882338, "ChiSquared": null}, "Point T4-873-28082019085108": {"x": -4.6284, "y": -2.8581, "fAckley": 12.482828554921465, "ChiSquared": null}, "Point T3-294-28082019085108": {"x": 11.545, "y": -3.2331, "fAckley": 18.395854929943766, "ChiSquared": null}, "Point T6-396-28082019085108": {"x": 11.5859, "y": 24.1003, "fAckley": 21.287258896954228, "ChiSquared": null}, "Point T7-612-28082019085108": {"x": -8.5417, "y": 1.2787, "fAckley": 16.2581211538562, "ChiSquared": null}, "Point T4-657-28082019085108": {"x": -14.7139, "y": -14.8872, "fAckley": 20.37583537547686, "ChiSquared": null}, "Point T2-444-28082019085108": {"x": 8.9203, "y": 1.1421, "fAckley": 14.990176467008375, "ChiSquared": null}, "Point T7-743-28082019085108": {"x": -7.345, "y": -5.5571, "fAckley": 16.808725725658633, "ChiSquared": null}, "Point T5-330-28082019085108": {"x": -23.1118, "y": -22.8864, "fAckley": 20.379847892778017, "ChiSquared": null}, "Point T1-765-28082019085108": {"x": -20.538, "y": -1.5949, "fAckley": 21.225549671409564, "ChiSquared": null}, "Point T0-655-28082019085108": {"x": 14.7764, "y": 18.6187, "fAckley": 21.272413908413217, "ChiSquared": null}, "Point T6-125-28082019085108": {"x": -6.3796, "y": -3.4501, "fAckley": 15.115301063437574, "ChiSquared": null}, "Point T5-53-28082019085108": {"x": -12.877, "y": -9.2546, "fAckley": 19.184759239119725, "ChiSquared": null}, "Point T6-16-28082019085108": {"x": 17.1842, "y": -9.4014, "fAckley": 20.651543576183464, "ChiSquared": null}, "Point T3-771-28082019085108": {"x": 18.2744, "y": 23.515, "fAckley": 21.858659113031635, "ChiSquared": null}, "Point T4-357-28082019085108": {"x": 26.088, "y": 7.2117, "fAckley": 20.559095524427033, "ChiSquared": null}, "Point T1-533-28082019085108": {"x": 13.4178, "y": -19.7944, "fAckley": 21.295640161300444, "ChiSquared": null}, "Point T2-536-28082019085108": {"x": -24.7347, "y": -8.8603, "fAckley": 20.919640371917755, "ChiSquared": null}, "Point T2-841-28082019085109": {"x": -20.9004, "y": -27.3801, "fAckley": 21.523639905433754, "ChiSquared": null}, "Point T6-300-28082019085109": {"x": 25.6845, "y": 24.8122, "fAckley": 21.59964794705388, "ChiSquared": null}, "Point T7-408-28082019085108": {"x": -29.905, "y": 11.0178, "fAckley": 20.0123180935111, "ChiSquared": null}, "Point T5-544-28082019085109": {"x": -18.8588, "y": 11.6753, "fAckley": 20.756043278345103, "ChiSquared": null}, "Point T1-689-28082019085109": {"x": 0.326, "y": 11.7619, "fAckley": 18.105824742993523, "ChiSquared": null}, "Point T5-729-28082019085109": {"x": 6.9308, "y": -8.0607, "fAckley": 15.767679014164505, "ChiSquared": null}, "Point T0-728-28082019085108": {"x": 12.2676, "y": -8.9314, "fAckley": 18.888774077791286, "ChiSquared": null}, "Point T6-714-28082019085109": {"x": -27.1973, "y": 28.4309, "fAckley": 21.89415499445419, "ChiSquared": null}, "Point T3-645-28082019085109": {"x": -26.6148, "y": 12.8723, "fAckley": 21.440200032171493, "ChiSquared": null}, "Point T2-720-28082019085109": {"x": 8.9952, "y": -22.8968, "fAckley": 19.646123567186137, "ChiSquared": null}, "Point T4-991-28082019085109": {"x": -26.255, "y": -24.5442, "fAckley": 21.98560304624037, "ChiSquared": null}, "Point T2-712-28082019085109": {"x": 5.3033, "y": 28.4207, "fAckley": 21.836180985961654, "ChiSquared": null}, "Point T2-222-28082019085109": {"x": 29.2295, "y": -26.2331, "fAckley": 21.51650560327497, "ChiSquared": null}, "Point T7-200-28082019085109": {"x": -8.5509, "y": 8.0598, "fAckley": 17.931807708154484, "ChiSquared": null}, "Point T5-381-28082019085109": {"x": 24.2033, "y": 6.6332, "fAckley": 21.31651739945369, "ChiSquared": null}, "Point T1-813-28082019085109": {"x": 1.693, "y": 27.8287, "fAckley": 21.266437413174135, "ChiSquared": null}, "Point T1-709-28082019085109": {"x": -0.1588, "y": 0.2453, "fAckley": 2.1970495809591495, "ChiSquared": null}, "Point T5-985-28082019085109": {"x": 14.6173, "y": -10.2637, "fAckley": 20.457045312921956, "ChiSquared": null}, "Point T3-574-28082019085109": {"x": -6.0916, "y": 20.9531, "fAckley": 19.350071815491322, "ChiSquared": null}, "Point T0-828-28082019085109": {"x": -3.9933, "y": 16.6051, "fAckley": 19.821066114707595, "ChiSquared": null}, "Point T6-436-28082019085109": {"x": 18.5878, "y": -22.1905, "fAckley": 21.600643858669915, "ChiSquared": null}, "Point T4-997-28082019085109": {"x": 2.9849, "y": 13.8623, "fAckley": 17.751000029799464, "ChiSquared": null}, "Point T1-773-28082019085109": {"x": -18.8876, "y": -15.0568, "fAckley": 19.724324167484482, "ChiSquared": null}, "Point T5-489-28082019085109": {"x": -29.7818, "y": -1.458, "fAckley": 21.741869512261854, "ChiSquared": null}, "Point T7-843-28082019085109": {"x": -28.4331, "y": -17.4914, "fAckley": 22.155629959559526, "ChiSquared": null}, "Point T3-907-28082019085109": {"x": -21.0921, "y": -7.2494, "fAckley": 20.34209347520376, "ChiSquared": null}, "Point T2-32-28082019085109": {"x": 17.247, "y": 9.7951, "fAckley": 20.347223898639736, "ChiSquared": null}, "Point T0-312-28082019085109": {"x": 2.4293, "y": -11.9593, "fAckley": 18.125022929374513, "ChiSquared": null}, "Point T6-889-28082019085109": {"x": -25.655, "y": -20.5663, "fAckley": 22.049126348624753, "ChiSquared": null}, "Point T4-897-28082019085109": {"x": 25.2095, "y": -9.9848, "fAckley": 20.420481974267826, "ChiSquared": null}, "Point T2-430-28082019085109": {"x": 27.1416, "y": -13.6733, "fAckley": 21.359727079053574, "ChiSquared": null}, "Point T4-601-28082019085109": {"x": 17.0173, "y": 3.8585, "fAckley": 18.770015322905618, "ChiSquared": null}, "Point T1-673-28082019085109": {"x": -16.444, "y": -24.9638, "fAckley": 21.408597676466496, "ChiSquared": null}, "Point T5-994-28082019085109": {"x": -24.3049, "y": -10.8507, "fAckley": 21.11960796366356, "ChiSquared": null}, "Point T0-589-28082019085109": {"x": 17.172, "y": -2.692, "fAckley": 19.947604036917383, "ChiSquared": null}, "Point T0-642-28082019085109": {"x": 14.7729, "y": 6.9839, "fAckley": 18.968102806909613, "ChiSquared": null}, "Point T7-307-28082019085109": {"x": -11.6237, "y": 19.0403, "fAckley": 20.729228465097997, "ChiSquared": null}, "Point T1-780-28082019085109": {"x": 7.6265, "y": -15.5332, "fAckley": 20.5556179038523, "ChiSquared": null}, "Point T5-674-28082019085109": {"x": -20.3301, "y": -10.8196, "fAckley": 20.977118418131525, "ChiSquared": null}, "Point T2-397-28082019085109": {"x": 14.4706, "y": -18.2328, "fAckley": 21.32901806574711, "ChiSquared": null}, "Point T2-519-28082019085109": {"x": 29.2833, "y": 2.1737, "fAckley": 21.268677149594424, "ChiSquared": null}, "Point T6-961-28082019085109": {"x": 5.9452, "y": -2.7111, "fAckley": 13.361709186467216, "ChiSquared": null}, "Point T0-690-28082019085109": {"x": -10.8962, "y": -21.3343, "fAckley": 20.886911234826453, "ChiSquared": null}, "Point T4-269-28082019085109": {"x": 0.9416, "y": -18.6697, "fAckley": 20.043917787577815, "ChiSquared": null}, "Point T3-4-28082019085109": {"x": -14.463, "y": -11.1706,