{"Point T4-378-27082019095920": {"x": -3.8939, "y": 12.0897, "fAckley": 17.139266199876065, "ChiSquared": null}, "Point T6-683-27082019095920": {"x": 19.088, "y": 25.6409, "fAckley": 21.38551214664755, "ChiSquared": null}, "Point T6-120-27082019095920": {"x": 23.0725, "y": 22.2792, "fAckley": 21.073759284557124, "ChiSquared": null}, "Point T3-336-27082019095920": {"x": -14.4468, "y": 1.7248, "fAckley": 19.586786930687026, "ChiSquared": null}, "Point T6-537-27082019095920": {"x": -9.704, "y": 2.8892, "fAckley": 16.668429502894472, "ChiSquared": null}, "Point T5-915-27082019095920": {"x": 10.1026, "y": 27.1481, "fAckley": 20.37523812215789, "ChiSquared": null}, "Point T0-596-27082019095920": {"x": 24.6959, "y": 2.3752, "fAckley": 21.5254295256785, "ChiSquared": null}, "Point T0-67-27082019095921": {"x": -16.3559, "y": 8.1013, "fAckley": 20.10680436112316, "ChiSquared": null}, "Point T4-813-27082019095920": {"x": -17.8931, "y": 26.0748, "fAckley": 20.180011703850237, "ChiSquared": null}, "Point T0-506-27082019095921": {"x": 14.2863, "y": -21.9422, "fAckley": 20.799991637997326, "ChiSquared": null}, "Point T7-483-27082019095920": {"x": 2.6712, "y": 22.149, "fAckley": 20.804918096716534, "ChiSquared": null}, "Point T1-694-27082019095920": {"x": 23.0899, "y": -1.2695, "fAckley": 20.52332385730949, "ChiSquared": null}, "Point T5-478-27082019095921": {"x": 16.9951, "y": 2.3775, "fAckley": 19.800953778439048, "ChiSquared": null}, "Point T2-84-27082019095920": {"x": 8.556, "y": -1.0741, "fAckley": 15.833050443219413, "ChiSquared": null}, "Point T7-421-27082019095921": {"x": -21.8737, "y": -1.7781, "fAckley": 20.270205831093467, "ChiSquared": null}, "Point T2-723-27082019095921": {"x": 11.055, "y": -0.3731, "fAckley": 17.404831960689688, "ChiSquared": null}, "Point T6-580-27082019095920": {"x": 26.7132, "y": -11.0052, "fAckley": 20.912271015998904, "ChiSquared": null}, "Point T1-883-27082019095921": {"x": 16.4269, "y": 18.0979, "fAckley": 21.126543721232473, "ChiSquared": null}, "Point T4-636-27082019095921": {"x": -23.0058, "y": -19.747, "fAckley": 20.81083298994503, "ChiSquared": null}, "Point T3-168-27082019095920": {"x": 19.9353, "y": 8.6914, "fAckley": 20.472831845279032, "ChiSquared": null}, "Point T1-598-27082019095921": {"x": 23.931, "y": 3.5659, "fAckley": 21.069154352292546, "ChiSquared": null}, "Point T2-82-27082019095921": {"x": -13.8028, "y": 17.4906, "fAckley": 21.147666953284055, "ChiSquared": null}, "Point T0-954-27082019095921": {"x": 27.6265, "y": 13.2792, "fAckley": 21.81309527640358, "ChiSquared": null}, "Point T7-263-27082019095921": {"x": -6.1838, "y": -29.3782, "fAckley": 21.578410903595863, "ChiSquared": null}, "Point T2-592-27082019095921": {"x": -6.0855, "y": -29.891, "fAckley": 20.187375135076277, "ChiSquared": null}, "Point T5-139-27082019095921": {"x": 28.5641, "y": -26.8123, "fAckley": 21.875817351332277, "ChiSquared": null}, "Point T3-767-27082019095921": {"x": 10.0641, "y": -9.1395, "fAckley": 17.612427248670286, "ChiSquared": null}, "Point T5-203-27082019095921": {"x": 8.7475, "y": -11.7971, "fAckley": 19.064161285436438, "ChiSquared": null}, "Point T5-597-27082019095921": {"x": 11.8282, "y": -19.2954, "fAckley": 20.80371133651406, "ChiSquared": null}, "Point T4-994-27082019095921": {"x": -0.163, "y": -15.9189, "fAckley": 18.6067367097492, "ChiSquared": null}, "Point T6-582-27082019095921": {"x": -23.859, "y": -27.5995, "fAckley": 21.6886688047102, "ChiSquared": null}, "Point T1-500-27082019095921": {"x": -2.9103, "y": -26.948, "fAckley": 19.83515238506972, "ChiSquared": null}, "Point T6-125-27082019095921": {"x": 4.1467, "y": 19.7992, "fAckley": 19.998679467180224, "ChiSquared": null}, "Point T1-331-27082019095921": {"x": 29.6571, "y": -18.5829, "fAckley": 22.08452822423982, "ChiSquared": null}, "Point T7-151-27082019095921": {"x": 28.1175, "y": 23.6495, "fAckley": 21.529991523776445, "ChiSquared": null}, "Point T2-332-27082019095921": {"x": -7.3838, "y": 14.355, "fAckley": 20.17144427099071, "ChiSquared": null}, "Point T0-164-27082019095921": {"x": 0.599, "y": -12.0855, "fAckley": 18.081975718087282, "ChiSquared": null}, "Point T3-727-27082019095921": {"x": -8.0407, "y": 4.3191, "fAckley": 15.902794952541893, "ChiSquared": null}, "Point T6-954-27082019095921": {"x": -10.8753, "y": 18.2245, "fAckley": 20.18048244434434, "ChiSquared": null}, "Point T5-595-27082019095921": {"x": -16.155, "y": -8.5062, "fAckley": 20.40218878449481, "ChiSquared": null}, "Point T7-251-27082019095921": {"x": -24.1069, "y": -5.6343, "fAckley": 21.054133833364276, "ChiSquared": null}, "Point T2-881-27082019095921": {"x": 12.7551, "y": -29.0428, "fAckley": 20.847445939442775, "ChiSquared": null}, "Point T0-318-27082019095921": {"x": -3.976, "y": 22.9553, "fAckley": 19.32623869123035, "ChiSquared": null}, "Point T4-721-27082019095921": {"x": 20.1576, "y": -0.9273, "fAckley": 19.50512598536394, "ChiSquared": null}, "Point T1-787-27082019095921": {"x": -26.1574, "y": 22.1288, "fAckley": 20.70246181371844, "ChiSquared": null}, "Point T0-940-27082019095921": {"x": 0.245, "y": -0.5763, "fAckley": 3.7614664138986744, "ChiSquared": null}, "Point T6-514-27082019095921": {"x": 21.894, "y": -26.5658, "fAckley": 21.627254761259067, "ChiSquared": null}, "Point T6-995-27082019095921": {"x": -10.4699, "y": -4.5861, "fAckley": 18.34772532383714, "ChiSquared": null}, "Point T5-85-27082019095921": {"x": -23.3393, "y": 26.6506, "fAckley": 22.01274390750022, "ChiSquared": null}, "Point T6-498-27082019095921": {"x": 0.136, "y": -0.7633, "fAckley": 3.3474985106768895, "ChiSquared": null}, "Point T3-945-27082019095921": {"x": 15.5735, "y": 14.3339, "fAckley": 21.21885331758244, "ChiSquared": null}, "Point T7-987-27082019095921": {"x": 13.4485, "y": 24.8167, "fAckley": 21.586028227140563, "ChiSquared": null}, "Point T5-279-27082019095921": {"x": 21.9219, "y": 3.3939, "fAckley": 20.800942227844224, "ChiSquared": null}, "Point T1-38-27082019095921": {"x": -7.8411, "y": 10.4912, "fAckley": 18.784921401596822, "ChiSquared": null}, "Point T0-917-27082019095921": {"x": -17.5156, "y": -17.7875, "fAckley": 21.449164848413297, "ChiSquared": null}, "Point T4-143-27082019095921": {"x": -25.4256, "y": 4.2735, "fAckley": 21.601888106246, "ChiSquared": null}, "Point T2-504-27082019095921": {"x": 11.7246, "y": -8.2047, "fAckley": 19.01233274922371, "ChiSquared": null}, "Point T0-525-27082019095921": {"x": 6.4193, "y": 23.9616, "fAckley": 21.069633941515303, "ChiSquared": null}, "Point T6-900-27082019095921": {"x": 24.5025, "y": -7.478, "fAckley": 21.81455205451588, "ChiSquared": null}, "Point T4-901-27082019095921": {"x": -5.6243, "y": 19.4543, "fAckley": 21.143356833469884, "ChiSquared": null}, "Point T5-631-27082019095921": {"x": -2.8114, "y": 29.2757, "fAckley": 21.292122475052278, "ChiSquared": null}, "Point T0-396-27082019095921": {"x": -8.9996, "y": -0.6655, "fAckley": 15.856461834015285, "ChiSquared": null}, "Point T3-804-27082019095921": {"x": 7.0407, "y": -12.4729, "fAckley": 19.08887172911467, "ChiSquared": null}, "Point T0-26-27082019095921": {"x": 16.5477, "y": -4.9024, "fAckley": 20.0428521380198, "ChiSquared": null}, "Point T7-37-27082019095921": {"x": 13.8721, "y": 26.102, "fAckley": 20.299981936253754, "ChiSquared": null}, "Point T0-18-27082019095921": {"x": -1.2015, "y": 29.0992, "fAckley": 20.649301882459266, "ChiSquared": null}, "Point T4-106-27082019095921": {"x": -1.9442, "y": 10.7614, "fAckley": 16.800970615358114, "ChiSquared": null}, "Point T5-529-27082019095921": {"x": -19.627, "y": -13.5275, "fAckley": 21.600234127932826, "ChiSquared": null}, "Point T2-927-27082019095921": {"x": 29.3804, "y": -1.4356, "fAckley": 21.967872431655522, "ChiSquared": null}, "Point T0-258-27082019095921": {"x": 14.1714, "y": 15.4089, "fAckley": 20.850015521116113, "ChiSquared": null}, "Point T2-860-27082019095922": {"x": 23.7526, "y": -28.8492, "fAckley": 21.267031798847853, "ChiSquared": null}, "Point T3-925-27082019095921": {"x": -27.3545, "y": -27.8263, "fAckley": 21.70989783166696,