{"Point T3-138-19082019081313": {"x": 0.671, "y": 25.8961, "fAckley": 21.03300847173267, "ChiSquared": null}, "Point T5-384-19082019081313": {"x": -18.7769, "y": -2.3985, "fAckley": 20.615057598137856, "ChiSquared": null}, "Point T5-368-19082019081313": {"x": 26.9485, "y": -10.6488, "fAckley": 21.192344316596227, "ChiSquared": null}, "Point T2-604-19082019081313": {"x": -16.4921, "y": -12.4953, "fAckley": 21.278050610468632, "ChiSquared": null}, "Point T5-375-19082019081313": {"x": -8.8843, "y": -21.3877, "fAckley": 20.969125263639114, "ChiSquared": null}, "Point T4-873-19082019081313": {"x": 13.25, "y": -4.5012, "fAckley": 19.347612515729626, "ChiSquared": null}, "Point T3-903-19082019081313": {"x": -7.7213, "y": 15.1022, "fAckley": 19.537191284193682, "ChiSquared": null}, "Point T5-382-19082019081313": {"x": -26.4238, "y": 29.7448, "fAckley": 22.015058230831244, "ChiSquared": null}, "Point T1-491-19082019081313": {"x": 4.796, "y": -27.7858, "fAckley": 21.0581889358083, "ChiSquared": null}, "Point T2-266-19082019081313": {"x": -0.1822, "y": -1.2577, "fAckley": 4.808102582862212, "ChiSquared": null}, "Point T0-500-19082019081313": {"x": 0.2447, "y": 23.3717, "fAckley": 21.265336065178555, "ChiSquared": null}, "Point T4-320-19082019081313": {"x": -20.1636, "y": -16.2507, "fAckley": 20.912982897551874, "ChiSquared": null}, "Point T2-320-19082019081313": {"x": 14.7081, "y": -22.6841, "fAckley": 21.563186447072944, "ChiSquared": null}, "Point T2-214-19082019081314": {"x": -20.7554, "y": 9.1042, "fAckley": 20.395072409538358, "ChiSquared": null}, "Point T3-524-19082019081313": {"x": 1.5074, "y": 24.4355, "fAckley": 21.70782044333897, "ChiSquared": null}, "Point T5-933-19082019081313": {"x": 5.8242, "y": -3.8509, "fAckley": 13.58402206647586, "ChiSquared": null}, "Point T1-665-19082019081313": {"x": -6.77, "y": -22.8343, "fAckley": 20.658589627287565, "ChiSquared": null}, "Point T5-582-19082019081314": {"x": 20.9056, "y": 26.2922, "fAckley": 21.2174590214724, "ChiSquared": null}, "Point T4-667-19082019081314": {"x": -10.032, "y": 18.0472, "fAckley": 19.00675307528927, "ChiSquared": null}, "Point T2-746-19082019081314": {"x": 7.8845, "y": -28.8763, "fAckley": 20.35216578227702, "ChiSquared": null}, "Point T1-391-19082019081314": {"x": -29.0197, "y": 0.2001, "fAckley": 20.471908384942875, "ChiSquared": null}, "Point T0-453-19082019081314": {"x": 28.6922, "y": -19.7745, "fAckley": 21.66949132327791, "ChiSquared": null}, "Point T3-916-19082019081314": {"x": -23.3836, "y": -8.3677, "fAckley": 21.629629504849323, "ChiSquared": null}, "Point T2-781-19082019081314": {"x": -4.0454, "y": -7.3705, "fAckley": 15.481832576129971, "ChiSquared": null}}