{"Point T0-52-19082019081604": {"x": 12.2272, "y": 12.7966, "fAckley": 19.8408161641054, "ChiSquared": null}, "Point T0-998-19082019081604": {"x": 18.0241, "y": 29.5647, "fAckley": 21.53322652717858, "ChiSquared": null}, "Point T0-600-19082019081604": {"x": 17.7533, "y": 1.1712, "fAckley": 19.82151369043766, "ChiSquared": null}, "Point T0-134-19082019081605": {"x": -3.1299, "y": -20.5957, "fAckley": 20.734828597599837, "ChiSquared": null}}