{"Point T1-714-26072019153831-GenNb0": {"Lambda": 0.836, "Kappa": 0.2783, "tanBeta": 26.289099999999998, "mBottom": 25.763317999999998, "ChiSquared": null, "LogL": null, "testCalc": 20.896811529999997, "extTest": {"res1": -35022.31703689484, "res2": 1226562690.6327746}},"Point T1-204-26072019153833-GenNb0": {"Lambda": 0.8606, "Kappa": 0.7322500000000001, "tanBeta": 26.2334, "mBottom": 25.708731999999998, "ChiSquared": null, "LogL": null, "testCalc": 32.804405509999995, "extTest": {"res1": -743.0195623438395, "res2": 552078.0700256309}},"Point T1-249-26072019153836-GenNb1": {"Lambda": 0.7657, "Kappa": 0.3041, "tanBeta": 20.87865, "mBottom": 20.461077, "ChiSquared": null, "LogL": null, "testCalc": 17.166032455, "extTest": {"res1": 2087.1143745054765, "res2": 4356046.412267386}},"Point T1-978-26072019153837-GenNb1": {"Lambda": 0.6015, "Kappa": 0.8757, "tanBeta": 30.248000000000005, "mBottom": 29.643040000000003, "ChiSquared": null, "LogL": null, "testCalc": 41.67149585000001, "extTest": {"res1": 2727.787262610936, "res2": 7440823.350062463}}}