{"Point T0-139-26072019153836-GenNb1": {"Lambda": 0.0562, "Kappa": 0.5089, "tanBeta": 29.7903, "mBottom": 29.194494, "ChiSquared": null, "LogL": null, "testCalc": 29.76068911, "extTest": {"res1": 2644.9598289489586, "res2": 6995812.496753705}}}