{"Point T4-317-26072019153831-GenNb0": {"Lambda": -0.22915000000000002, "Kappa": 0.0792, "tanBeta": 16.067, "mBottom": 15.745659999999999, "ChiSquared": null, "LogL": null, "testCalc": 9.1978461225, "extTest": {"res1": 233.8676980810237, "res2": 54694.10020571685}},"Point T4-754-26072019153831-GenNb0": {"Lambda": 0.9472, "Kappa": 0.2545, "tanBeta": 19.59955, "mBottom": 19.207559, "ChiSquared": null, "LogL": null, "testCalc": 15.489052815, "extTest": {"res1": 454.49421809389486, "res2": 206564.99428078087}},"Point T4-783-26072019153831-GenNb0": {"Lambda": 0.6665, "Kappa": 0.2769, "tanBeta": 17.537850000000002, "mBottom": 17.187093, "ChiSquared": null, "LogL": null, "testCalc": 13.893999415, "extTest": {"res1": 236.52005841870317, "res2": 55941.73803438676}},"Point T4-953-26072019153833-GenNb0": {"Lambda": 0.5614, "Kappa": 0.4726, "tanBeta": 4.667, "mBottom": 4.573659999999999, "ChiSquared": null, "LogL": null, "testCalc": 4.80762416, "extTest": {"res1": -18.616793511578923, "res2": 346.58500065276706}},"Point T4-490-26072019153835-GenNb1": {"Lambda": 0.7342, "Kappa": 0.76365, "tanBeta": 28.751749999999998, "mBottom": 28.176714999999998, "ChiSquared": null, "LogL": null, "testCalc": 36.5836810275, "extTest": {"res1": -649.3846274222844, "res2": 421700.39433237916}},"Point T4-146-26072019153836-GenNb1": {"Lambda": 0.1497, "Kappa": 0.026399999999999924, "tanBeta": 13.941400000000002, "mBottom": 13.662572, "ChiSquared": null, "LogL": null, "testCalc": 7.22174905, "extTest": {"res1": 203.6409622952289, "res2": 41469.641524526836}},"Point T4-28-26072019153837-GenNb1": {"Lambda": 0.5174, "Kappa": 0.555, "tanBeta": 1.5217500000000008, "mBottom": 1.4913150000000008, "ChiSquared": null, "LogL": null, "testCalc": 1.8579315100000011, "extTest": {"res1": 7.531319777692693, "res2": 56.720777593865115}},"Point T4-70-26072019153838-GenNb2": {"Lambda": -0.00030000000000002247, "Kappa": 0.2545, "tanBeta": 6.553699999999999, "mBottom": 6.422625999999999, "ChiSquared": null, "LogL": null, "testCalc": 4.8792297399999995, "extTest": {"res1": 130.64026527949449, "res2": 17066.878912296692}}}