{"Point T7-4-26072019153831-GenNb0": {"Lambda": 0.66, "Kappa": 0.9371, "tanBeta": 4.9894, "mBottom": 4.889612, "ChiSquared": null, "LogL": null, "testCalc": 7.55597274, "extTest": {"res1": 15.538346854727159, "res2": 241.44022297780938}},"Point T7-832-26072019153832-GenNb0": {"Lambda": 0.996, "Kappa": 0.8723, "tanBeta": 26.83495, "mBottom": 26.298251, "ChiSquared": null, "LogL": null, "testCalc": 37.549268385, "extTest": {"res1": 554.5361952175421, "res2": 307510.39180634794}},"Point T7-805-26072019153832-GenNb0": {"Lambda": 0.0945, "Kappa": 0.2768, "tanBeta": 27.146050000000002, "mBottom": 26.603129000000003, "ChiSquared": null, "LogL": null, "testCalc": 20.82452139, "extTest": {"res1": -2377.5049476230374, "res2": 5652529.775972022}},"Point T7-232-26072019153836-GenNb1": {"Lambda": 0.4177, "Kappa": 0.2376, "tanBeta": 9.9455, "mBottom": 9.74659, "ChiSquared": null, "LogL": null, "testCalc": 7.4108190899999995, "extTest": {"res1": 103.37806823416992, "res2": 10687.024991828692}},"Point T7-602-26072019153837-GenNb2": {"Lambda": 0.03010000000000001, "Kappa": 0.3132, "tanBeta": 0.0918499999999991, "mBottom": 0.09001299999999912, "ChiSquared": null, "LogL": null, "testCalc": 0.07467992999999928, "extTest": {"res1": -0.13911367645535194, "res2": 0.01935261497692434}}}