{"Point T3-520-26072019153830-GenNb0": {"Lambda": 0.7753, "Kappa": 0.6656, "tanBeta": 20.32545, "mBottom": 19.918941, "ChiSquared": null, "LogL": null, "testCalc": 24.08918011, "extTest": {"res1": 373.88245909333364, "res2": 139788.0932176783}},"Point T3-596-26072019153835-GenNb1": {"Lambda": 0.2006, "Kappa": 0.3828, "tanBeta": 16.989649999999997, "mBottom": 16.649856999999997, "ChiSquared": null, "LogL": null, "testCalc": 14.868806879999998, "extTest": {"res1": -1488.529678976021, "res2": 2215720.605192456}},"Point T3-323-26072019153837-GenNb2": {"Lambda": 0.0802, "Kappa": 0.5963, "tanBeta": 13.034499999999998, "mBottom": 12.773809999999997, "ChiSquared": null, "LogL": null, "testCalc": 14.165809389999998, "extTest": {"res1": 516.9539178898331, "res2": 267241.35322164826}}}