{"Point T5-918-26072019153830-GenNb0": {"Lambda": 0.5137, "Kappa": 0.5268, "tanBeta": 34.0911, "mBottom": 33.40927799999999, "ChiSquared": null, "LogL": null, "testCalc": 34.92771817, "extTest": {"res1": 415.16629687047964, "res2": 172363.05405714724}},"Point T5-743-26072019153831-GenNb0": {"Lambda": 0.5598, "Kappa": 0.0951, "tanBeta": 13.962650000000002, "mBottom": 13.683397000000001, "ChiSquared": null, "LogL": null, "testCalc": 8.482922555, "extTest": {"res1": 176.7706337021945, "res2": 31247.856939475416}},"Point T5-865-26072019153834-GenNb1": {"Lambda": 0.1114, "Kappa": 0.022300000000000014, "tanBeta": 6.0867, "mBottom": 5.964966, "ChiSquared": null, "LogL": null, "testCalc": 3.1306263700000003, "extTest": {"res1": 177.42916617351736, "res2": 31481.10900902964}},"Point T5-215-26072019153835-GenNb1": {"Lambda": 0.07735, "Kappa": 0.0044, "tanBeta": 11.398800000000001, "mBottom": 11.170824000000001, "ChiSquared": null, "LogL": null, "testCalc": 5.6415497425000005, "extTest": {"res1": 78.22197396648865, "res2": 6118.677211214028}},"Point T5-724-26072019153836-GenNb1": {"Lambda": 0.13890000000000002, "Kappa": 0.9266, "tanBeta": 10.6841, "mBottom": 10.470418, "ChiSquared": null, "LogL": null, "testCalc": 15.154389270000001, "extTest": {"res1": -107.86322777439457, "res2": 11634.475905910926}}}