{"Point T2-119-26072019153832-GenNb0": {"Lambda": 0.2312, "Kappa": 0.2328, "tanBeta": 24.8637, "mBottom": 24.366426, "ChiSquared": null, "LogL": null, "testCalc": 18.0249358, "extTest": {"res1": -31329.05309105347, "res2": 981509567.5820469}},"Point T2-891-26072019153833-GenNb0": {"Lambda": 0.9269, "Kappa": 0.95505, "tanBeta": 28.658549999999998, "mBottom": 28.085378999999996, "ChiSquared": null, "LogL": null, "testCalc": 42.2721812875, "extTest": {"res1": 756.3187388435605, "res2": 572018.0347259139}},"Point T2-164-26072019153834-GenNb0": {"Lambda": 0.49134999999999995, "Kappa": 0.1805, "tanBeta": 23.4788, "mBottom": 23.009224, "ChiSquared": null, "LogL": null, "testCalc": 15.983960222499999, "extTest": {"res1": 1628.915747868932, "res2": 2653366.5136554018}},"Point T2-662-26072019153835-GenNb1": {"Lambda": 0.9315, "Kappa": 0.929, "tanBeta": 4.972900000000001, "mBottom": 4.873442000000001, "ChiSquared": null, "LogL": null, "testCalc": 7.924237350000002, "extTest": {"res1": -2907.511384277842, "res2": 8453622.449705252}}}