{"Point T6-635-26072019153831-GenNb0": {"Lambda": 0.3513, "Kappa": 0.4547, "tanBeta": 10.043149999999997, "mBottom": 9.842286999999997, "ChiSquared": null, "LogL": null, "testCalc": 9.611175494999998, "extTest": {"res1": -249.3205635775883, "res2": 62160.74342264625}},"Point T6-884-26072019153832-GenNb0": {"Lambda": 0.1369, "Kappa": 0.9554, "tanBeta": 17.6253, "mBottom": 17.272793999999998, "ChiSquared": null, "LogL": null, "testCalc": 25.49435023, "extTest": {"res1": -1009.6936197837981, "res2": 1019481.2058321091}},"Point T6-659-26072019153832-GenNb0": {"Lambda": 0.428, "Kappa": 0.8407, "tanBeta": 14.137450000000001, "mBottom": 13.854701, "ChiSquared": null, "LogL": null, "testCalc": 18.995888715, "extTest": {"res1": 1167.5684192124788, "res2": 1363216.0135423266}},"Point T6-163-26072019153833-GenNb0": {"Lambda": 0.2291, "Kappa": 0.4654, "tanBeta": 9.60075, "mBottom": 9.408735, "ChiSquared": null, "LogL": null, "testCalc": 9.22504336, "extTest": {"res1": 93.06181294115983, "res2": 8660.501027895423}},"Point T6-49-26072019153833-GenNb0": {"Lambda": 0.9824, "Kappa": 0.1492, "tanBeta": 17.81835, "mBottom": 17.461983, "ChiSquared": null, "LogL": null, "testCalc": 12.35459908, "extTest": {"res1": -342.98598269011916, "res2": 117639.38432190672}},"Point T6-594-26072019153834-GenNb1": {"Lambda": 0.8702, "Kappa": 0.7385, "tanBeta": 17.069674999999997, "mBottom": 16.728281499999998, "ChiSquared": null, "LogL": null, "testCalc": 21.727343777499996, "extTest": {"res1": -2043.1035807380981, "res2": 4174272.241624838}},"Point T6-728-26072019153835-GenNb1": {"Lambda": 0.5419, "Kappa": 0.45035, "tanBeta": 8.872525, "mBottom": 8.695074499999999, "ChiSquared": null, "LogL": null, "testCalc": 8.63693449375, "extTest": {"res1": -412.3849174031599, "res2": 170061.320101611}},"Point T6-675-26072019153838-GenNb2": {"Lambda": 0.8702, "Kappa": 0.7385, "tanBeta": 14.443174999999998, "mBottom": 14.154311499999999, "ChiSquared": null, "LogL": null, "testCalc": 18.5006885275, "extTest": {"res1": -355.733331017289, "res2": 126546.20279665611}}}