{"Point T3-601-01102019124624": {"k": 53986.894786764664, "zL": 33.910834683360406, "c0": 0.5450090520319999, "c1": 0.12404657079862913, "c2": -0.22429830399999995, "c0Prime": 0.5243775749188554, "Mu1": 11.66942504427808, "Mu11": 0.11234970457908215, "Mu11Prime": 0.47873617285387876, "Mu2Tilde": 5.13255509490742, "mWpm": 74.8173736004573, "mTop": 125.28851693556352, "mZ0": 85.32882616685602, "mZprime": 5873.052019982258, "mPsiDark": 1275.429668370813, "mTau": 1.9078769760922427, "mBottom": 4.12282613231232, "mTauTow": 1982.7718434362744, "mBottomTow": 1116.3552889571151, "Higgs": 133.94658762260252, "ThetaHiggs": 0.2218794493112482, "mNeutrino": 0.180936689071003, "Triviality": 0, "HiggsTrilin": 37.63184668151868, "TopYukawa": 0.9670273480044383, "ChiSquared": null, "LogL": null, "sin2ThW": 0.21600589679183882, "CrossSect": 40.941673363821664, "Error": 0.23408627352464156}, "Point T5-416-01102019154925": {"k": 124075.00933276271, "zL": 40.47974579608351, "c0": 0.24747611874112, "c1": 0.3619587557600001, "c2": -0.8535459247999999, "c0Prime": 0.6205422, "Mu1": 13.945662922513105, "Mu11": 0.4031724943872461, "Mu11Prime": 0.671028906832, "Mu2Tilde": 2.79029171721696, "mWpm": 81.58181542736702, "mTop": 198.69757903774644, "mZ0": 93.04363695193632, "mZprime": 11257.658417627024, "mPsiDark": 1997.040841954645, "mTau": 1.7031593118771142, "mBottom": 4.028599063152054, "mTauTow": 847.5462096094675, "mBottomTow": 2676.3519840549807, "Higgs": 113.45050383797772, "ThetaHiggs": 0.13696324489385459, "mNeutrino": 0.10184051018029362, "Triviality": 0, "HiggsTrilin": 20.824597401824946, "TopYukawa": 0.9820456024920471, "ChiSquared": null, "LogL": null, "sin2ThW": 0.2127702209928596, "CrossSect": 12.263883172726496, "Error": 0.08688532725652658}, "Point T2-902-01102019113622": {"k": 102460.37067595826, "zL": 33.444096875, "c0": 0.304, "c1": 0.12449453125000001, "c2": -0.71875, "c0Prime": 0.618, "Mu1": 12.92897253189087, "Mu11": 0.27668026377558713, "Mu11Prime": 0.391125, "Mu2Tilde": 0.6269875000000001, "mWpm": 37.53487846681034, "mTop": 80.33798452656475, "mZ0": 42.80833402402341, "mZprime": 11314.647343392564, "mPsiDark": 2102.2941318489275, "mTau": 2.9437312996246305, "mBottom": 2.855762393495578, "mTauTow": 492.0473412433887, "mBottomTow": 3234.1281132776244, "Higgs": 52.248977170076124, "ThetaHiggs": 0.05700879808173759, "mNeutrino": 0.017301372414610685, "Triviality": 0, "HiggsTrilin": 10.517384201183866, "TopYukawa": 0.989718738962308, "ChiSquared": null, "LogL": null, "sin2ThW": 0.21180807583437902, "CrossSect": 716.7686040260246, "Error": 5.74051116770779}, "Point T7-480-01102019093341": {"k": 226246.503338915, "zL": 39.37436216470551, "c0": 0.3513, "c1": 0.038082022046208024, "c2": -0.5516250332284608, "c0Prime": 0.6880661135999999, "Mu1": 22.664609873017444, "Mu11": 0.21303860841547256, "Mu11Prime": 0.4183665302706073, "Mu2Tilde": 3.7541000164655207, "mWpm": 83.04768258206232, "mTop": 183.6483409355294, "mZ0": 94.71545083161966, "mZprime": 21122.867235375586, "mPsiDark": 3300.919321066444, "mTau": 1.6094107823653485, "mBottom": 4.372449339817258, "mTauTow": 3937.961474433188, "mBottomTow": 5896.677395249605, "Higgs": 118.20689877068473, "ThetaHiggs": 0.07316551189342343, "mNeutrino": 0.15714152764521866, "Triviality": 0, "HiggsTrilin": 24.05147966316472, "TopYukawa": 0.9886770097990354, "ChiSquared": null, "LogL": null, "sin2ThW": 0.22836661355253995, "CrossSect": 16.232276812091236, "Error": 0.11479580150158852}, "Point T3-597-01102019103256": {"k": 251213.60469484853, "zL": 33.782250000000005, "c0": 0.270825, "c1": 0.0041188154933740374, "c2": -0.8887406249999998, "c0Prime": 0.64083125, "Mu1": 15.60340928360223, "Mu11": 0.17419410486959344, "Mu11Prime": 0.4495480247020721, "Mu2Tilde": 1.53975, "mWpm": 79.29500175838238, "mTop": 174.55854129273496, "mZ0": 90.43553783476031, "mZprime": 27455.579970301817, "mPsiDark": 4880.315228369824, "mTau": 1.8842620000841845, "mBottom": 4.07825939401887, "mTauTow": 1437.468901318718, "mBottomTow": 8616.814371396802, "Higgs": 113.50152341573038, "ThetaHiggs": 0.049869273163118524, "mNeutrino": 0.06855169214197969, "Triviality": 0, "HiggsTrilin": 22.981369966758596, "TopYukawa": 0.9900967793362032, "ChiSquared": null, "LogL": null, "sin2ThW": 0.23503784694365853, "CrossSect": 20.851306094446198, "Error": 0.14806010435784872}}