{"Point T1-810-18072019130136-GenNb11": {"Lambda": 0.8044, "Kappa": -0.16615, "tanBeta": 9.2907625, "mBottom": 9.104947249999999, "ChiSquared": null, "testCalc": 3.6558727956249992}, "Point T1-191-18072019130135-GenNb10": {"Lambda": 0.25655, "Kappa": 0.5975, "tanBeta": 8.840837500000001, "mBottom": 8.66402075, "ChiSquared": null, "testCalc": 9.680228683750002}, "Point T1-238-18072019130129-GenNb3": {"Lambda": 0.0928, "Kappa": 0.9634, "tanBeta": 10.4557, "mBottom": 10.246586, "ChiSquared": null, "testCalc": 15.20492622}, "Point T1-293-18072019130136-GenNb10": {"Lambda": 0.3382, "Kappa": 0.028624999999999973, "tanBeta": 9.919440625, "mBottom": 9.7210518125, "ChiSquared": null, "testCalc": 5.258849134140625}}