{"Point T6-295-13092019142654-GenNb22": {"x": 0.06105293917959975, "y": -0.7196428897408917, "fAckley": 3.2140948870033914, "ChiSquared": null}, "Point T6-590-13092019142654-GenNb22": {"x": 0.31285721589708904, "y": 0.8631021631353469, "fAckley": 4.010289033610885, "ChiSquared": null}, "Point T6-743-13092019142654-GenNb22": {"x": -0.3477627629008051, "y": 0.7706938001415977, "fAckley": 4.172495408419021, "ChiSquared": null}, "Point T6-485-13092019142655-GenNb22": {"x": -0.07057316958485216, "y": -0.03942386671034215, "fAckley": 0.39488751550304757, "ChiSquared": null}, "Point T6-248-13092019142652-GenNb20": {"x": -0.2670220173405662, "y": 0.7925561555680364, "fAckley": 3.867329093022111, "ChiSquared": null}, "Point T6-58-13092019142655-GenNb22": {"x": -0.18901419302608613, "y": 0.2831648824629552, "fAckley": 2.5713308266739863, "ChiSquared": null}, "Point T6-180-13092019142654-GenNb21": {"x": -0.3660189365331241, "y": 0.6598876785601089, "fAckley": 4.194555054903891, "ChiSquared": null}, "Point T6-677-13092019142655-GenNb22": {"x": -1.07943222159934, "y": 0.7767423728502427, "fAckley": 4.460680633451819, "ChiSquared": null}, "Point T6-256-13092019142655-GenNb22": {"x": -0.8842156132964101, "y": -0.34840799735693867, "fAckley": 4.146367873642227, "ChiSquared": null}, "Point T6-855-13092019142654-GenNb21": {"x": -0.18491463346459272, "y": -0.7047533568928032, "fAckley": 3.6161487476072094, "ChiSquared": null}}