{"Point T0-22-13092019142703-GenNb30": {"x": 0.10250881397248901, "y": -0.3639175362572275, "fAckley": 2.6852024688537814, "ChiSquared": null}, "Point T0-511-13092019142706-GenNb32": {"x": -0.018899540012803043, "y": -0.074054638929691, "fAckley": 0.3647884648014821, "ChiSquared": null}, "Point T0-446-13092019142706-GenNb32": {"x": -0.6096438244267532, "y": -0.8204644229077208, "fAckley": 4.567978303127589, "ChiSquared": null}, "Point T0-247-13092019142704-GenNb30": {"x": -1.4947070206261919, "y": -0.04423472340280521, "fAckley": 5.549242148939381, "ChiSquared": null}, "Point T0-260-13092019142704-GenNb30": {"x": -0.5641118058789436, "y": 0.321364177323022, "fAckley": 3.964526163036052, "ChiSquared": null}, "Point T0-326-13092019142658-GenNb26": {"x": 1.8534421283800855, "y": 0.9800684099240861, "fAckley": 5.627502433456215, "ChiSquared": null}, "Point T0-546-13092019142658-GenNb25": {"x": -0.7902641708358176, "y": -0.0016608574950356392, "fAckley": 2.964640533982188, "ChiSquared": null}, "Point T0-337-13092019142707-GenNb32": {"x": -0.7096753345352828, "y": 0.3784509323279466, "fAckley": 4.253727487730416, "ChiSquared": null}, "Point T0-986-13092019142706-GenNb31": {"x": 2.187883463468008, "y": -0.04024542156532084, "fAckley": 6.078791822220502, "ChiSquared": null}, "Point T0-460-13092019142657-GenNb24": {"x": 1.9951765356972493, "y": -1.153872580665514, "fAckley": 6.091813870918909, "ChiSquared": null}}