{"Point T1-53-13092019142632-GenNb5": {"x": -1.0204038700782954, "y": -0.8719875685072225, "fAckley": 3.8535073846639176, "ChiSquared": null}, "Point T1-536-13092019142640-GenNb11": {"x": -0.23627140321807327, "y": 0.0013582558871128025, "fAckley": 1.6542650225028415, "ChiSquared": null}, "Point T1-412-13092019142637-GenNb9": {"x": -0.38613852593525677, "y": -0.8132446793583301, "fAckley": 4.27716560287093, "ChiSquared": null}, "Point T1-695-13092019142634-GenNb6": {"x": 3.646590692826162, "y": 1.059731242762071, "fAckley": 9.852085206686661, "ChiSquared": null}, "Point T1-324-13092019142636-GenNb8": {"x": -0.8807123929735243, "y": -0.07497277707227779, "fAckley": 2.8169736817673408, "ChiSquared": null}, "Point T1-692-13092019142636-GenNb8": {"x": -2.1878327954350367, "y": -1.2869012716482207, "fAckley": 7.671875757168484, "ChiSquared": null}, "Point T1-516-13092019142636-GenNb8": {"x": 0.9563632444263925, "y": -0.7746573384103286, "fAckley": 4.1652270198114785, "ChiSquared": null}, "Point T1-843-13092019142638-GenNb9": {"x": -2.8750665142458374, "y": -0.13706985377626793, "fAckley": 7.4333697835972234, "ChiSquared": null}, "Point T1-662-13092019142640-GenNb11": {"x": 0.6833580031078155, "y": -0.1759653293240604, "fAckley": 3.5965915417327463, "ChiSquared": null}, "Point T1-379-13092019142640-GenNb11": {"x": -2.098153237597847, "y": -0.07953247236378158, "fAckley": 5.524405638440729, "ChiSquared": null}}