{"Point T7-40-13092019142637-GenNb11": {"x": 0.15452055329149206, "y": 0.4141986089581887, "fAckley": 3.0669264817112567, "ChiSquared": null}, "Point T7-197-13092019142643-GenNb16": {"x": 0.6027069505715226, "y": -0.0795470910710585, "fAckley": 3.325763642154954, "ChiSquared": null}, "Point T7-468-13092019142641-GenNb14": {"x": 0.7424587441284024, "y": -0.44600339383169296, "fAckley": 4.414488965476014, "ChiSquared": null}, "Point T7-434-13092019142643-GenNb16": {"x": -0.03406107989901219, "y": -0.2829476904236681, "fAckley": 2.037504559303056, "ChiSquared": null}, "Point T7-977-13092019142640-GenNb13": {"x": -0.9427244493187099, "y": -1.2844317617282146, "fAckley": 5.318844953183014, "ChiSquared": null}, "Point T7-38-13092019142643-GenNb16": {"x": -0.41843276299573073, "y": 0.19345432342916635, "fAckley": 3.210919831113991, "ChiSquared": null}, "Point T7-540-13092019142643-GenNb15": {"x": -1.1471039266129575, "y": -0.16021357273567582, "fAckley": 3.9743331918516174, "ChiSquared": null}, "Point T7-268-13092019142644-GenNb16": {"x": -1.4611689047971588, "y": 0.6221251332026884, "fAckley": 6.311897306192019, "ChiSquared": null}, "Point T7-953-13092019142644-GenNb16": {"x": 0.5725994834322022, "y": -0.609272224172066, "fAckley": 4.515077811238001, "ChiSquared": null}}