{"Point T3-335-13092019142644-GenNb15": {"x": -0.1313148308666101, "y": 3.259110058985849, "fAckley": 8.744474719675864, "ChiSquared": null}, "Point T3-402-13092019142632-GenNb5": {"x": -2.976203828611655, "y": 1.262230295775181, "fAckley": 8.47923907848272, "ChiSquared": null}, "Point T3-813-13092019142641-GenNb13": {"x": -0.3446672394005348, "y": -1.5877372366559197, "fAckley": 6.330387163734027, "ChiSquared": null}, "Point T3-971-13092019142645-GenNb16": {"x": -1.4442328509248696, "y": 0.6679537451569628, "fAckley": 6.259818910428962, "ChiSquared": null}, "Point T3-769-13092019142646-GenNb16": {"x": 0.16949221191153563, "y": -0.17454002966833349, "fAckley": 1.793833561515609, "ChiSquared": null}, "Point T3-536-13092019142646-GenNb16": {"x": 0.30029401854617666, "y": 0.6615769391354501, "fAckley": 4.013564575530079, "ChiSquared": null}, "Point T3-683-13092019142629-GenNb2": {"x": -1.2367, "y": -1.4806412127631123, "fAckley": 6.859070564397163, "ChiSquared": null}, "Point T3-368-13092019142639-GenNb11": {"x": -0.43803347484826416, "y": -2.5334225917360547, "fAckley": 8.428717314650518, "ChiSquared": null}, "Point T3-298-13092019142646-GenNb16": {"x": 4.136972621993324, "y": -0.28287391371262227, "fAckley": 10.341632935889415, "ChiSquared": null}, "Point T3-317-13092019142644-GenNb14": {"x": -1.2192594224348046, "y": 0.13822833967812342, "fAckley": 4.3841356538418275, "ChiSquared": null}}