{"Point T2-115-13092019142649-GenNb19": {"x": -1.0470990213157654, "y": 0.056379807909095137, "fAckley": 2.8962450826345543, "ChiSquared": null}, "Point T2-144-13092019142653-GenNb21": {"x": -1.0031642766201314, "y": -0.2529480406583523, "fAckley": 3.8071119477220283, "ChiSquared": null}, "Point T2-661-13092019142653-GenNb21": {"x": 0.8584548433029917, "y": -0.05147511056591361, "fAckley": 2.8073539743560194, "ChiSquared": null}, "Point T2-771-13092019142654-GenNb22": {"x": 0.03284594126991419, "y": -0.044039719312164896, "fAckley": 0.234152519489069, "ChiSquared": null}, "Point T2-525-13092019142650-GenNb19": {"x": 0.3891973068643966, "y": 0.00997029775966815, "fAckley": 2.6673990940862606, "ChiSquared": null}, "Point T2-998-13092019142647-GenNb17": {"x": -0.2566253680671915, "y": -0.15742403910895897, "fAckley": 2.262896963688114, "ChiSquared": null}, "Point T2-192-13092019142653-GenNb21": {"x": 0.38884182106905124, "y": 0.11487272466815224, "fAckley": 2.840400797059765, "ChiSquared": null}, "Point T2-604-13092019142652-GenNb20": {"x": -0.29217931989920887, "y": 0.2779237577742315, "fAckley": 3.0229995239228455, "ChiSquared": null}, "Point T2-707-13092019142655-GenNb22": {"x": -0.7604873613355069, "y": -0.16616855505937, "fAckley": 3.474349529183837, "ChiSquared": null}, "Point T2-292-13092019142646-GenNb16": {"x": -0.7908072166940574, "y": -1.2636061483644219, "fAckley": 5.432004059032579, "ChiSquared": null}}