{"Point T4-188-13092019142656-GenNb23": {"x": -0.10693543992886234, "y": -0.051502512772516995, "fAckley": 0.6753052346477024, "ChiSquared": null}, "Point T4-942-13092019142653-GenNb21": {"x": 2.016002222175828, "y": -0.07553689944942113, "fAckley": 5.116951109770607, "ChiSquared": null}, "Point T4-195-13092019142649-GenNb18": {"x": 0.4183079398308389, "y": 0.30277777827887953, "fAckley": 3.5770726313175847, "ChiSquared": null}, "Point T4-235-13092019142645-GenNb15": {"x": 2.7531920751498387, "y": -0.22816462571189655, "fAckley": 8.10498454035979, "ChiSquared": null}, "Point T4-984-13092019142656-GenNb23": {"x": 1.01834190107936, "y": 0.018085395651982444, "fAckley": 2.7006264960415227, "ChiSquared": null}, "Point T4-845-13092019142656-GenNb23": {"x": 0.2896578024757033, "y": 0.2884452667212175, "fAckley": 3.0573640042374532, "ChiSquared": null}, "Point T4-11-13092019142652-GenNb20": {"x": 0.45233022294655145, "y": -0.06670418738956341, "fAckley": 2.991373045048953, "ChiSquared": null}, "Point T4-598-13092019142656-GenNb23": {"x": -0.3311404326966939, "y": 0.4416414713997294, "fAckley": 3.7289166532391183, "ChiSquared": null}, "Point T4-500-13092019142651-GenNb19": {"x": 1.184378461934952, "y": -0.17305123937931088, "fAckley": 4.291181725600438, "ChiSquared": null}, "Point T4-604-13092019142657-GenNb23": {"x": -0.058747204917820386, "y": 0.6741249470706959, "fAckley": 3.2762043055241574, "ChiSquared": null}}