{"Point T7-376-13082019110634-GenNb2": {"x": -7.137225, "y": -5.5188, "fAckley": 16.29203023591236, "ChiSquared": null}, "Point T7-637-13082019110639-GenNb4": {"x": -4.49270625, "y": -1.3137499999999989, "fAckley": 11.902265427324044, "ChiSquared": null}, "Point T7-501-13082019110637-GenNb3": {"x": -5.1423, "y": 7.508725, "fAckley": 16.366412327947337, "ChiSquared": null}, "Point T7-153-13082019110637-GenNb3": {"x": 0.02723749999999958, "y": 2.771624999999999, "fAckley": 7.452594186923411, "ChiSquared": null}, "Point T7-467-13082019110637-GenNb3": {"x": -0.13395000000000046, "y": 1.294406250000001, "fAckley": 4.8643142823748455, "ChiSquared": null}, "Point T7-171-13082019110640-GenNb4": {"x": 8.953949999999999, "y": 6.012556249999999, "fAckley": 15.708851013703118, "ChiSquared": null}, "Point T7-584-13082019110640-GenNb4": {"x": -2.7929, "y": -0.303074999999998, "fAckley": 8.305617880242703, "ChiSquared": null}, "Point T7-876-13082019110641-GenNb4": {"x": -6.0637625, "y": 8.3512375, "fAckley": 16.893922132893355, "ChiSquared": null}, "Point T7-665-13082019110638-GenNb3": {"x": -1.815687500000001, "y": 4.45665, "fAckley": 11.836648681610283, "ChiSquared": null}, "Point T7-620-13082019110641-GenNb4": {"x": -6.78275, "y": 3.014278124999999, "fAckley": 13.894902319755538, "ChiSquared": null}}