{"Point T1-189-13082019110637-GenNb3": {"x": 5.691649999999997, "y": 0.08135000000000048, "fAckley": 12.483684668334309, "ChiSquared": null}, "Point T1-512-13082019110637-GenNb3": {"x": 2.177975, "y": 1.295875, "fAckley": 7.663046867988186, "ChiSquared": null}, "Point T1-108-13082019110640-GenNb4": {"x": 6.434000000000001, "y": -6.10325, "fAckley": 16.069459761979378, "ChiSquared": null}, "Point T1-718-13082019110641-GenNb4": {"x": 1.9989, "y": -9.7701875, "fAckley": 16.080696851523417, "ChiSquared": null}, "Point T1-535-13082019110641-GenNb4": {"x": 2.708687499999999, "y": -1.73685, "fAckley": 9.185984951348939, "ChiSquared": null}, "Point T1-567-13082019110638-GenNb3": {"x": 8.828124999999998, "y": 3.1045, "fAckley": 15.513010270793462, "ChiSquared": null}, "Point T1-24-13082019110642-GenNb4": {"x": -9.54165, "y": 2.5059249999999995, "fAckley": 17.388059427452415, "ChiSquared": null}, "Point T1-43-13082019110642-GenNb4": {"x": -2.257125000000001, "y": 10.539150000000001, "fAckley": 17.760530977728912, "ChiSquared": null}, "Point T1-853-13082019110639-GenNb3": {"x": -5.2406, "y": -6.5381, "fAckley": 15.96965720419138, "ChiSquared": null}, "Point T1-713-13082019110636-GenNb2": {"x": 14.2037, "y": -0.037799999999999834, "fAckley": 18.158618042139896, "ChiSquared": null}}