{"Point T6-952-13082019110637-GenNb3": {"x": 3.7884624999999996, "y": 4.23135, "fAckley": 12.565476829582865, "ChiSquared": null}, "Point T6-755-13082019110629-GenNb0": {"x": 1.2506500000000003, "y": -15.69605, "fAckley": 19.715705768577816, "ChiSquared": null}, "Point T6-457-13082019110632-GenNb1": {"x": -26.0352, "y": 23.032275000000002, "fAckley": 19.913700267176413, "ChiSquared": null}, "Point T6-622-13082019110640-GenNb4": {"x": -0.2647499999999994, "y": -1.9725000000000001, "fAckley": 6.062093129906675, "ChiSquared": null}, "Point T6-694-13082019110641-GenNb4": {"x": 3.8103999999999996, "y": -5.3973125, "fAckley": 14.054288605509552, "ChiSquared": null}, "Point T1-852-13082019110626": {"x": 1.726, "y": -6.2947, "fAckley": 13.964693843698088, "ChiSquared": null}, "Point T6-30-13082019110641-GenNb4": {"x": 1.9466, "y": 0.7909375000000001, "fAckley": 6.038723706117324, "ChiSquared": null}, "Point T6-244-13082019110642-GenNb4": {"x": -3.3576750000000004, "y": -5.7254, "fAckley": 14.21821475580887, "ChiSquared": null}, "Point T6-208-13082019110642-GenNb4": {"x": 5.3614749999999995, "y": 1.4059062500000001, "fAckley": 13.107146359526501, "ChiSquared": null}, "Point T6-684-13082019110640-GenNb3": {"x": -6.2117499999999986, "y": -11.1698625, "fAckley": 18.003272095020147, "ChiSquared": null}}