{"Point T4-430-13082019110625": {"x": 29.9698, "y": -26.8395, "fAckley": 20.5174847498619, "ChiSquared": null}, "Point T2-613-13082019110635-GenNb2": {"x": -1.8475750000000004, "y": -2.4605, "fAckley": 8.95367246221473, "ChiSquared": null}, "Point T2-241-13082019110640-GenNb4": {"x": 1.2533875000000005, "y": 12.029449999999999, "fAckley": 17.485118200221166, "ChiSquared": null}, "Point T2-176-13082019110633-GenNb1": {"x": -2.921500000000001, "y": -10.102799999999998, "fAckley": 15.88297621829686, "ChiSquared": null}, "Point T2-101-13082019110641-GenNb4": {"x": -1.787056250000001, "y": 9.0223, "fAckley": 15.430355710343498, "ChiSquared": null}, "Point T2-367-13082019110639-GenNb3": {"x": -6.264312500000001, "y": -3.8192499999999985, "fAckley": 14.45163940531183, "ChiSquared": null}, "Point T7-495-13082019110627": {"x": -8.5332, "y": -5.5624, "fAckley": 17.595950485531635, "ChiSquared": null}, "Point T2-636-13082019110639-GenNb3": {"x": -6.920550000000002, "y": 1.3092750000000013, "fAckley": 14.038656041685725, "ChiSquared": null}, "Point T2-323-13082019110641-GenNb4": {"x": -5.875006250000001, "y": -11.880474999999999, "fAckley": 17.596694269287898, "ChiSquared": null}, "Point T2-8-13082019110642-GenNb4": {"x": 20.7834, "y": -8.059325, "fAckley": 20.095392749974113, "ChiSquared": null}}