{"Point T0-969-13082019110633-GenNb2": {"x": -3.2431, "y": -2.478399999999999, "fAckley": 10.86666477965574, "ChiSquared": null}, "Point T0-888-13082019110636-GenNb3": {"x": -4.378962499999998, "y": -4.2132, "fAckley": 13.469134968016878, "ChiSquared": null}, "Point T0-297-13082019110639-GenNb4": {"x": 7.9537, "y": -9.94735, "fAckley": 16.82559940283739, "ChiSquared": null}, "Point T0-538-13082019110640-GenNb4": {"x": 2.3951375000000015, "y": -5.527737499999999, "fAckley": 13.775225516054585, "ChiSquared": null}, "Point T0-543-13082019110637-GenNb3": {"x": 1.9710750000000008, "y": 0.6977, "fAckley": 6.4465424238374105, "ChiSquared": null}, "Point T0-942-13082019110640-GenNb4": {"x": -2.572099999999999, "y": -7.057662499999999, "fAckley": 14.787090998655815, "ChiSquared": null}, "Point T0-801-13082019110638-GenNb3": {"x": 7.021249999999999, "y": 3.5946562500000008, "fAckley": 15.078592477099505, "ChiSquared": null}, "Point T0-605-13082019110635-GenNb2": {"x": -4.3306249999999995, "y": -7.27305, "fAckley": 15.94689335697842, "ChiSquared": null}, "Point T0-479-13082019110638-GenNb3": {"x": 8.1807, "y": 4.195250000000001, "fAckley": 15.807057118297239, "ChiSquared": null}, "Point T0-44-13082019110638-GenNb3": {"x": -2.0651, "y": 2.3162499999999993, "fAckley": 8.530283677738456, "ChiSquared": null}}