{"Point T3-60-13082019110640-GenNb4": {"x": 5.994750000000001, "y": -15.5413, "fAckley": 19.80515858672558, "ChiSquared": null}, "Point T3-69-13082019110638-GenNb3": {"x": 23.1514, "y": -12.6301, "fAckley": 21.288653838162578, "ChiSquared": null}, "Point T3-581-13082019110641-GenNb4": {"x": -7.994124999999999, "y": -21.7424, "fAckley": 20.353478913258446, "ChiSquared": null}, "Point T3-795-13082019110641-GenNb4": {"x": -11.912399999999998, "y": 21.113, "fAckley": 19.831994739616132, "ChiSquared": null}, "Point T3-114-13082019110641-GenNb4": {"x": -5.91985, "y": -15.9832, "fAckley": 18.375160230384008, "ChiSquared": null}, "Point T3-919-13082019110630-GenNb0": {"x": -9.1516, "y": 0.1446499999999986, "fAckley": 15.420098225327884, "ChiSquared": null}, "Point T4-646-13082019110627": {"x": -16.9716, "y": 17.8392, "fAckley": 19.969782649341532, "ChiSquared": null}, "Point T3-280-13082019110637-GenNb2": {"x": 10.161299999999999, "y": -18.0706, "fAckley": 19.60599357186773, "ChiSquared": null}, "Point T1-853-13082019110627": {"x": 0.9668, "y": -17.8649, "fAckley": 18.855832151967626, "ChiSquared": null}, "Point T3-632-13082019110640-GenNb3": {"x": -10.508099999999999, "y": 1.3302499999999995, "fAckley": 17.76975554034771, "ChiSquared": null}}