{"Point T6-69-23082019091508-GenNb0": {"x": -22.8762, "y": -13.084881999999999, "fAckley": 20.04070602194788, "ChiSquared": null},"Point T6-51-23082019091508-GenNb0": {"x": 2.2906120000000003, "y": -15.292282, "fAckley": 19.699736980260337, "ChiSquared": null},"Point T6-139-23082019091508-GenNb0": {"x": -26.6955, "y": -32.006654, "fAckley": 21.2698768476045, "ChiSquared": null},"Point T6-117-23082019091509-GenNb0": {"x": 4.390229999999999, "y": -9.2325, "fAckley": 17.288696790322465, "ChiSquared": null},"Point T6-283-23082019091509-GenNb0": {"x": 2.0269179999999984, "y": -10.958706, "fAckley": 15.928440038295193, "ChiSquared": null},"Point T6-719-23082019091509-GenNb1": {"x": -29.94078788, "y": -24.1103, "fAckley": 20.290487417135417, "ChiSquared": null},"Point T6-754-23082019091509-GenNb1": {"x": 2.2906120000000003, "y": -10.649116, "fAckley": 17.77711359498384, "ChiSquared": null},"Point T6-550-23082019091510-GenNb1": {"x": -0.6617, "y": 5.647623840000001, "fAckley": 13.199656754438704, "ChiSquared": null},"Point T6-897-23082019091510-GenNb2": {"x": -9.880934, "y": -24.1103, "fAckley": 20.096889937556274, "ChiSquared": null},"Point T6-463-23082019091510-GenNb2": {"x": -28.1663, "y": -23.17533344, "fAckley": 20.99193252870142, "ChiSquared": null},"Point T6-74-23082019091510-GenNb2": {"x": 19.8548818, "y": -13.084881999999999, "fAckley": 19.936466877552736, "ChiSquared": null},"Point T6-681-23082019091511-GenNb2": {"x": 2.2906120000000003, "y": 3.255869519999999, "fAckley": 10.462815422904532, "ChiSquared": null},"Point T6-718-23082019091511-GenNb2": {"x": -26.6955, "y": -13.138012, "fAckley": 21.252315639589707, "ChiSquared": null},"Point T6-660-23082019091512-GenNb3": {"x": 19.0518, "y": -7.653942148799999, "fAckley": 20.41259811431303, "ChiSquared": null},"Point T6-826-23082019091512-GenNb3": {"x": 0.7664340000000003, "y": -23.17533344, "fAckley": 20.645217512148964, "ChiSquared": null}}