{"Point T5-424-23082019091508-GenNb0": {"x": -1.2691, "y": -7.905486000000002, "fAckley": 14.847062919201313, "ChiSquared": null},"Point T5-135-23082019091509-GenNb0": {"x": 2.868336, "y": 14.7887, "fAckley": 18.760297102716766, "ChiSquared": null},"Point T5-913-23082019091509-GenNb1": {"x": 7.533106000000002, "y": -9.014678, "fAckley": 17.912122498547394, "ChiSquared": null},"Point T5-813-23082019091509-GenNb1": {"x": -8.9003, "y": 20.73254, "fAckley": 20.475964660005552, "ChiSquared": null},"Point T5-837-23082019091509-GenNb1": {"x": -28.605, "y": 8.876135999999999, "fAckley": 21.4671290782625, "ChiSquared": null},"Point T5-641-23082019091509-GenNb1": {"x": -0.6379419999999995, "y": 2.1609, "fAckley": 7.231971424415015, "ChiSquared": null},"Point T5-519-23082019091510-GenNb1": {"x": -9.751721999999997, "y": 8.2643, "fAckley": 18.476453523634564, "ChiSquared": null},"Point T5-656-23082019091510-GenNb2": {"x": -1.3383194800000018, "y": -9.014678, "fAckley": 15.942286724147662, "ChiSquared": null},"Point T5-876-23082019091510-GenNb2": {"x": -8.9003, "y": -20.26456548, "fAckley": 20.411567889681944, "ChiSquared": null},"Point T5-720-23082019091511-GenNb2": {"x": -9.751721999999997, "y": 2.5314175999999993, "fAckley": 17.291426749773, "ChiSquared": null},"Point T5-595-23082019091512-GenNb3": {"x": -28.605, "y": -2.0967372399999995, "fAckley": 21.356502534149744, "ChiSquared": null},"Point T5-86-23082019091512-GenNb3": {"x": -9.8566, "y": 18.976214144, "fAckley": 19.509889358684195, "ChiSquared": null}}