{"Point T4-988-23082019091507-GenNb0": {"x": 4.450533999999999, "y": 2.3982, "fAckley": 12.51813441574741, "ChiSquared": null},"Point T4-764-23082019091508-GenNb0": {"x": -6.241916, "y": 10.279067999999999, "fAckley": 18.13053796980344, "ChiSquared": null},"Point T4-668-23082019091508-GenNb0": {"x": 4.944225999999999, "y": -21.983658, "fAckley": 19.262070722727923, "ChiSquared": null},"Point T4-553-23082019091508-GenNb0": {"x": -24.749435999999996, "y": -22.1281, "fAckley": 21.123730856797653, "ChiSquared": null},"Point T4-207-23082019091509-GenNb0": {"x": -0.8963000000000001, "y": -0.4539, "fAckley": 4.445659800653939, "ChiSquared": null},"Point T4-337-23082019091509-GenNb0": {"x": -12.9197, "y": -12.864598, "fAckley": 19.04625798161258, "ChiSquared": null},"Point T4-304-23082019091509-GenNb1": {"x": 3.4353999999999996, "y": 10.279067999999999, "fAckley": 17.822481649144567, "ChiSquared": null},"Point T4-844-23082019091509-GenNb1": {"x": 18.046216, "y": 10.241304000000003, "fAckley": 19.995822521711077, "ChiSquared": null},"Point T4-356-23082019091509-GenNb1": {"x": 0.167021560000002, "y": -14.229676000000001, "fAckley": 18.678124157018694, "ChiSquared": null},"Point T4-382-23082019091509-GenNb1": {"x": 10.746141759999999, "y": -22.1281, "fAckley": 20.704232514899374, "ChiSquared": null},"Point T4-220-23082019091509-GenNb1": {"x": 24.2789, "y": -10.164142000000002, "fAckley": 21.053499951981717, "ChiSquared": null},"Point T4-868-23082019091509-GenNb1": {"x": -0.35645444000000026, "y": -0.4539, "fAckley": 3.831627700173311, "ChiSquared": null},"Point T4-81-23082019091510-GenNb2": {"x": 18.046216, "y": 7.964228160000002, "fAckley": 18.860668966761065, "ChiSquared": null},"Point T4-451-23082019091511-GenNb2": {"x": 0.167021560000002, "y": -5.478704640000003, "fAckley": 12.724200101267073, "ChiSquared": null},"Point T4-567-23082019091511-GenNb2": {"x": 15.987157930399999, "y": -10.164142000000002, "fAckley": 19.21782828834853, "ChiSquared": null},"Point T4-426-23082019091511-GenNb3": {"x": -0.3371444383999993, "y": 2.3982, "fAckley": 8.002202322211513, "ChiSquared": null},"Point T4-666-23082019091512-GenNb3": {"x": -15.9566, "y": -4.9653849376, "fAckley": 18.198895151480095, "ChiSquared": null},"Point T4-148-23082019091512-GenNb3": {"x": 18.046216, "y": -1.952720640000003, "fAckley": 18.578691512283264, "ChiSquared": null}}