{"Point T3-370-23082019091508-GenNb0": {"x": -6.653785999999999, "y": 6.7741, "fAckley": 16.684646907716118, "ChiSquared": null},"Point T3-325-23082019091508-GenNb0": {"x": 3.3369000000000004, "y": 7.176112, "fAckley": 15.222656064700146, "ChiSquared": null},"Point T3-46-23082019091509-GenNb1": {"x": 1.615552, "y": 29.8906, "fAckley": 21.41557621691444, "ChiSquared": null},"Point T3-437-23082019091509-GenNb1": {"x": 9.21915076, "y": -19.7226, "fAckley": 20.78735047897172, "ChiSquared": null},"Point T3-831-23082019091509-GenNb1": {"x": -2.060185999999999, "y": -25.5686, "fAckley": 21.176259940187734, "ChiSquared": null},"Point T3-409-23082019091509-GenNb1": {"x": 7.999931999999999, "y": 4.569507999999999, "fAckley": 16.235459809027905, "ChiSquared": null},"Point T3-804-23082019091510-GenNb2": {"x": -19.87053076, "y": 29.8906, "fAckley": 20.518422963400514, "ChiSquared": null},"Point T3-790-23082019091510-GenNb2": {"x": -4.1074622616, "y": 6.7741, "fAckley": 14.601847701174181, "ChiSquared": null},"Point T3-243-23082019091510-GenNb2": {"x": -2.060185999999999, "y": 4.304180079999999, "fAckley": 11.186708408137903, "ChiSquared": null},"Point T3-175-23082019091511-GenNb2": {"x": 6.79316368, "y": 8.6658, "fAckley": 17.6154308939744, "ChiSquared": null},"Point T3-746-23082019091511-GenNb3": {"x": -2.5505400288000004, "y": -15.7732, "fAckley": 19.961794307536213, "ChiSquared": null},"Point T3-248-23082019091512-GenNb3": {"x": 15.690515999999999, "y": -20.2318, "fAckley": 21.30101473144362, "ChiSquared": null}}