{"Point T0-76-19082019081717-GenNb73": {"x": -2.967270240257301, "y": 0.9891425865439805, "fAckley": 7.18095165428217, "ChiSquared": null}, "Point T0-567-19082019081718-GenNb73": {"x": -2.967270240257301, "y": 0.9891361763691637, "fAckley": 7.180951659381513, "ChiSquared": null}, "Point T0-713-19082019081702-GenNb56": {"x": -2.9672583437466327, "y": 0.9891573022804744, "fAckley": 7.1809516480118525, "ChiSquared": null}, "Point T0-718-19082019081719-GenNb73": {"x": -2.967270240257301, "y": 0.9891530715650954, "fAckley": 7.180951650660736, "ChiSquared": null}}