{"Point T7-797-01102019092014": {"k": 199948.941165625, "zL": 34.3248, "c0": 0.2851, "c1": 0.05673638627430925, "c2": -0.735752, "c0Prime": 0.6187, "Mu1": 19.943389349329006, "Mu11": 0.08747224611570725, "Mu11Prime": 0.5904, "Mu2Tilde": 0.6194, "mWpm": 23.867923307077238, "mTop": 52.385202793199625, "mZ0": 27.221242618185098, "mZprime": 21497.71193721727, "mPsiDark": 3969.160047049062, "mTau": 2.8547192321748085, "mBottom": 0.4372517530810754, "mTauTow": 827.1497508644325, "mBottomTow": 6620.459404150944, "Higgs": 36.9462012301381, "ThetaHiggs": 0.019313562148434375, "mNeutrino": 0.006872156071535888, "Triviality": 0, "HiggsTrilin": 10.211649275494379, "TopYukawa": 0.9911443302763899, "ChiSquared": null, "LogL": null, "sin2ThW": 0.084839623364209, "CrossSect": 3314.9378058449097, "Error": 31.080668178585615}, "Point T4-127-01102019101841": {"k": 116817.21166091337, "zL": 35.28721875, "c0": 0.6486000000000001, "c1": 0.0013174804687500034, "c2": -0.5285, "c0Prime": 0.548, "Mu1": 13.513372397994994, "Mu11": 0.0781846347808838, "Mu11Prime": 0.1094, "Mu2Tilde": 0.314, "mWpm": 76.27846129772627, "mTop": 109.96812989686036, "mZ0": 86.99518910015783, "mZprime": 12205.025803077535, "mPsiDark": 2541.9012956176025, "mTau": 2.0705929860714236, "mBottom": 4.27573140553229, "mTauTow": 865.20114546737, "mBottomTow": 2012.4405879746744, "Higgs": 129.47378404894985, "ThetaHiggs": 0.11037752656677237, "mNeutrino": 0.2883637425134893, "Triviality": 0, "HiggsTrilin": 35.29450886742105, "TopYukawa": 0.9852965624581537, "ChiSquared": null, "LogL": null, "sin2ThW": 0.011767492080513904, "CrossSect": 65.91962966708678, "Error": 0.3879308239092652}, "Point T5-86-01102019144710": {"k": 125515.83057605398, "zL": 38.03168749999999, "c0": 0.3029, "c1": 0.04111171875, "c2": -0.8017000000000001, "c0Prime": 0.6254, "Mu1": 13.30519921875, "Mu11": 0.14034994468688966, "Mu11Prime": 0.32520000000000004, "Mu2Tilde": 1.1948374999999998, "mWpm": 78.4869606990518, "mTop": 178.39141341104403, "mZ0": 89.5139712016477, "mZprime": 12141.82986839954, "mPsiDark": 2162.9043684917056, "mTau": 1.9024229695417316, "mBottom": 4.035069309612406, "mTauTow": 686.0210297048662, "mBottomTow": 3556.3765331169393, "Higgs": 103.6938842333906, "ThetaHiggs": 0.11843112004300632, "mNeutrino": 0.10420132934953101, "Triviality": 0, "HiggsTrilin": 18.736205487323176, "TopYukawa": 0.9843851791050778, "ChiSquared": null, "LogL": null, "sin2ThW": 0.03981206359480026, "CrossSect": 20.956112364554254, "Error": 0.14923817362731726}, "Point T2-896-01102019122525": {"k": 31791.714882161792, "zL": 36.561697236824514, "c0": 1.062226621328474, "c1": 0.3037599974539567, "c2": -0.7602880654420386, "c0Prime": 1.3094739270630655, "Mu1": 19.399203766585615, "Mu11": 0.04387399229967065, "Mu11Prime": 0.26060953516143537, "Mu2Tilde": 0.6537999730128642, "mWpm": 4.849097382306197e-06, "mTop": 219.1085147073886, "mZ0": 5.530370389778465e-06, "mZprime": 3203.130701409717, "mPsiDark": 3125.839579321175, "mTau": 1.1951783799673432, "mBottom": 4.26121961635687, "mTauTow": 332.4742120057435, "mBottomTow": 219.1085147073886, "Higgs": 91.09079803797457, "ThetaHiggs": 3.141592626437003, "mNeutrino": 17.929420114218328, "Triviality": 0, "HiggsTrilin": 6.857084325023708e-07, "TopYukawa": 0.991329214209823, "ChiSquared": null, "LogL": null, "sin2ThW": 0.041971342179215464, "CrossSect": 16.12226820831238, "Error": 0.09310417946997335}, "Point T1-305-01102019111730": {"k": 168675.60662438528, "zL": 37.3784977380592, "c0": 0.28515801039999994, "c1": 0.23470364797536059, "c2": -0.5753, "c0Prime": 0.38615623520000014, "Mu1": 15.290225492710327, "Mu11": 0.1431523586933332, "Mu11Prime": 0.0766, "Mu2Tilde": 2.459201040453557, "mWpm": 230.60216942373515, "mTop": 531.2381051928866, "mZ0": 263.00057702556813, "mZprime": 16598.282933903698, "mPsiDark": 4433.465081516152, "mTau": 1.4438076331102103, "mBottom": 5.763905916030276, "mTauTow": 2582.540804396703, "mBottomTow": 4572.395261592103, "Higgs": 491.4795496343368, "ThetaHiggs": 0.2543024776606127, "mNeutrino": 0.8082089832401528, "Triviality": 0, "HiggsTrilin": 157.7389082142426, "TopYukawa": 0.9594470823698844, "ChiSquared": null, "LogL": null, "sin2ThW": 0.02972135056257119, "CrossSect": 0.017656632323742035, "Error": 9.371619230923042e-05}, "Point T6-135-01102019091309": {"k": 122719.50196600001, "zL": 37.504456, "c0": 0.05643748000000001, "c1": 0.09669, "c2": -0.557992, "c0Prime": 0.6387780000000001, "Mu1": 10.2506, "Mu11": 1.319164, "Mu11Prime": 0.5574439999999999, "Mu2Tilde": 2.229638, "mWpm": 4.2667984169219526e-05, "mTop": 0.00010769303981864762, "mZ0": 4.8662614428411906e-05, "mZprime": 12045.11327691844, "mPsiDark": 2101.188985016186, "mTau": 4.391360462272512e-06, "mBottom": 1.229434287905991e-05, "mTauTow": 1351.2684575210499, "mBottomTow": 4416.87741961337, "Higgs": 177.18379396955234, "ThetaHiggs": 6.43271937939005e-08, "mNeutrino": 8.976464851034103e-15, "Triviality": 0, "HiggsTrilin": 3.998314570720769e-05, "TopYukawa": -0.9913292142098212, "ChiSquared": null, "LogL": null, "sin2ThW": null, "CrossSect": 81.69859934933761, "Error": 0.5197556596459888}}