{"Point T5-679-13082019110629-GenNb0": {"x": 21.0793, "y": -29.8065, "fAckley": 20.757809789779937, "ChiSquared": null},"Point T5-76-13082019110629-GenNb0": {"x": -12.6382, "y": 11.899800000000003, "fAckley": 19.916395941836758, "ChiSquared": null},"Point T5-589-13082019110631-GenNb0": {"x": 11.419649999999999, "y": -6.3889, "fAckley": 19.135124385700056, "ChiSquared": null},"Point T5-24-13082019110632-GenNb0": {"x": 19.7901, "y": -25.093249999999998, "fAckley": 20.782243406124586, "ChiSquared": null},"Point T5-515-13082019110633-GenNb1": {"x": -26.943, "y": -31.993775, "fAckley": 20.031932796431878, "ChiSquared": null},"Point T5-576-13082019110633-GenNb1": {"x": -5.9444, "y": -2.997724999999999, "fAckley": 12.280250783676122, "ChiSquared": null},"Point T5-164-13082019110634-GenNb2": {"x": -3.004, "y": -18.240375, "fAckley": 19.5549041683695, "ChiSquared": null},"Point T5-175-13082019110634-GenNb2": {"x": -12.6382, "y": -3.8651000000000018, "fAckley": 18.624934212424737, "ChiSquared": null},"Point T5-961-13082019110635-GenNb2": {"x": 15.685199999999998, "y": 0.7194499999999984, "fAckley": 19.80156838257094, "ChiSquared": null},"Point T5-701-13082019110636-GenNb2": {"x": 21.99795, "y": -25.093249999999998, "fAckley": 20.039166965779597, "ChiSquared": null},"Point T5-268-13082019110638-GenNb3": {"x": 13.472425, "y": 0.7194499999999984, "fAckley": 19.19526318299226, "ChiSquared": null},"Point T5-450-13082019110638-GenNb3": {"x": 13.0131, "y": -41.10205, "fAckley": 20.21615646050239, "ChiSquared": null},"Point T5-318-13082019110639-GenNb4": {"x": -3.004, "y": -13.553800000000003, "fAckley": 18.88188802243202, "ChiSquared": null},"Point T5-272-13082019110639-GenNb4": {"x": -0.13722499999999904, "y": -7.2915375000000004, "fAckley": 14.370890324445103, "ChiSquared": null},"Point T5-908-13082019110641-GenNb4": {"x": 21.99795, "y": 7.064337499999997, "fAckley": 19.345415347414917, "ChiSquared": null},"Point T5-66-13082019110643-GenNb5": {"x": 4.5749249999999995, "y": 0.7194499999999984, "fAckley": 11.746685993912129, "ChiSquared": null},"Point T5-928-13082019110643-GenNb5": {"x": -8.9269875, "y": 26.1165, "fAckley": 20.043739321570925, "ChiSquared": null}}