{"Point T1-280-13082019110629-GenNb0": {"x": 19.618, "y": -0.2535000000000007, "fAckley": 20.786806493279578, "ChiSquared": null},"Point T1-313-13082019110630-GenNb0": {"x": -23.2707, "y": -10.381, "fAckley": 21.52421206335266, "ChiSquared": null},"Point T1-527-13082019110631-GenNb0": {"x": -9.54165, "y": -5.8532, "fAckley": 17.776916118496402, "ChiSquared": null},"Point T1-43-13082019110632-GenNb0": {"x": -24.1574, "y": -7.2738, "fAckley": 20.932221583439617, "ChiSquared": null},"Point T1-695-13082019110632-GenNb0": {"x": 14.2037, "y": -1.0395000000000003, "fAckley": 18.175383485740756, "ChiSquared": null},"Point T1-28-13082019110632-GenNb1": {"x": -6.2674, "y": -0.2535000000000007, "fAckley": 13.544505686906687, "ChiSquared": null},"Point T1-275-13082019110633-GenNb1": {"x": -4.1286, "y": -10.774000000000001, "fAckley": 17.28355491840413, "ChiSquared": null},"Point T1-65-13082019110633-GenNb1": {"x": -23.2707, "y": -6.10325, "fAckley": 20.656385577169917, "ChiSquared": null},"Point T1-645-13082019110634-GenNb1": {"x": 11.9797, "y": 3.1045, "fAckley": 16.8033740661906, "ChiSquared": null},"Point T1-414-13082019110634-GenNb1": {"x": -4.571949999999998, "y": 15.857500000000002, "fAckley": 19.90817287502769, "ChiSquared": null},"Point T1-964-13082019110635-GenNb2": {"x": -6.2674, "y": 0.08135000000000048, "fAckley": 13.011164252533204, "ChiSquared": null},"Point T1-880-13082019110635-GenNb2": {"x": -4.1286, "y": 1.295875, "fAckley": 10.64704049151557, "ChiSquared": null},"Point T1-804-13082019110635-GenNb2": {"x": 15.265124999999998, "y": -6.10325, "fAckley": 19.342093251698778, "ChiSquared": null},"Point T1-357-13082019110636-GenNb2": {"x": -8.752250000000002, "y": 15.857500000000002, "fAckley": 19.797792339317482, "ChiSquared": null},"Point T1-798-13082019110636-GenNb2": {"x": -7.16725, "y": -6.5381, "fAckley": 16.857455957849808, "ChiSquared": null},"Point T1-713-13082019110636-GenNb2": {"x": 14.2037, "y": -0.037799999999999834, "fAckley": 18.158618042139896, "ChiSquared": null},"Point T1-189-13082019110637-GenNb3": {"x": 5.691649999999997, "y": 0.08135000000000048, "fAckley": 12.483684668334309, "ChiSquared": null},"Point T1-512-13082019110637-GenNb3": {"x": 2.177975, "y": 1.295875, "fAckley": 7.663046867988186, "ChiSquared": null},"Point T1-567-13082019110638-GenNb3": {"x": 8.828124999999998, "y": 3.1045, "fAckley": 15.513010270793462, "ChiSquared": null},"Point T1-688-13082019110639-GenNb3": {"x": -8.752250000000002, "y": 10.539150000000001, "fAckley": 19.216618575747738, "ChiSquared": null},"Point T1-853-13082019110639-GenNb3": {"x": -5.2406, "y": -6.5381, "fAckley": 15.96965720419138, "ChiSquared": null},"Point T1-108-13082019110640-GenNb4": {"x": 6.434000000000001, "y": -6.10325, "fAckley": 16.069459761979378, "ChiSquared": null},"Point T1-718-13082019110641-GenNb4": {"x": 1.9989, "y": -9.7701875, "fAckley": 16.080696851523417, "ChiSquared": null},"Point T1-535-13082019110641-GenNb4": {"x": 2.708687499999999, "y": -1.73685, "fAckley": 9.185984951348939, "ChiSquared": null},"Point T1-24-13082019110642-GenNb4": {"x": -9.54165, "y": 2.5059249999999995, "fAckley": 17.388059427452415, "ChiSquared": null},"Point T1-43-13082019110642-GenNb4": {"x": -2.257125000000001, "y": 10.539150000000001, "fAckley": 17.760530977728912, "ChiSquared": null}}