{"Point T0-986-13082019110629-GenNb0": {"x": -3.5931, "y": -2.4993499999999997, "fAckley": 11.548694961340363, "ChiSquared": null},"Point T0-739-13082019110629-GenNb0": {"x": 6.5486, "y": -4.2132, "fAckley": 15.37295069813491, "ChiSquared": null},"Point T0-129-13082019110629-GenNb0": {"x": 6.2052, "y": -13.2831, "fAckley": 19.166785652686766, "ChiSquared": null},"Point T0-574-13082019110630-GenNb0": {"x": -10.9429, "y": -7.27305, "fAckley": 18.113327305402215, "ChiSquared": null},"Point T0-741-13082019110632-GenNb1": {"x": 7.9537, "y": -28.88245, "fAckley": 20.092550920656333, "ChiSquared": null},"Point T0-606-13082019110632-GenNb1": {"x": -12.89095, "y": 26.9855, "fAckley": 20.003886518095882, "ChiSquared": null},"Point T0-64-13082019110632-GenNb1": {"x": -0.4301999999999997, "y": 7.6177, "fAckley": 15.480206123976188, "ChiSquared": null},"Point T0-931-13082019110633-GenNb1": {"x": -13.7665, "y": 2.2276249999999997, "fAckley": 18.805742646317878, "ChiSquared": null},"Point T0-969-13082019110633-GenNb2": {"x": -3.2431, "y": -2.478399999999999, "fAckley": 10.86666477965574, "ChiSquared": null},"Point T0-43-13082019110634-GenNb2": {"x": 7.9537, "y": -9.9184875, "fAckley": 16.909274619757777, "ChiSquared": null},"Point T0-999-13082019110635-GenNb2": {"x": 8.13005, "y": 0.6977, "fAckley": 15.212586240027822, "ChiSquared": null},"Point T0-839-13082019110635-GenNb2": {"x": -9.991999999999999, "y": 26.9855, "fAckley": 19.665638128455544, "ChiSquared": null},"Point T0-593-13082019110635-GenNb2": {"x": 7.021249999999999, "y": -4.3574, "fAckley": 15.301414396199046, "ChiSquared": null},"Point T0-605-13082019110635-GenNb2": {"x": -4.3306249999999995, "y": -7.27305, "fAckley": 15.94689335697842, "ChiSquared": null},"Point T0-409-13082019110636-GenNb2": {"x": -3.8351999999999986, "y": 2.2276249999999997, "fAckley": 10.65273204315756, "ChiSquared": null},"Point T0-888-13082019110636-GenNb3": {"x": -4.378962499999998, "y": -4.2132, "fAckley": 13.469134968016878, "ChiSquared": null},"Point T0-678-13082019110637-GenNb3": {"x": 2.3951375000000015, "y": -13.2831, "fAckley": 19.145750183576244, "ChiSquared": null},"Point T0-543-13082019110637-GenNb3": {"x": 1.9710750000000008, "y": 0.6977, "fAckley": 6.4465424238374105, "ChiSquared": null},"Point T0-825-13082019110638-GenNb3": {"x": -9.991999999999999, "y": -7.057662499999999, "fAckley": 16.542904450446887, "ChiSquared": null},"Point T0-801-13082019110638-GenNb3": {"x": 7.021249999999999, "y": 3.5946562500000008, "fAckley": 15.078592477099505, "ChiSquared": null},"Point T0-479-13082019110638-GenNb3": {"x": 8.1807, "y": 4.195250000000001, "fAckley": 15.807057118297239, "ChiSquared": null},"Point T0-44-13082019110638-GenNb3": {"x": -2.0651, "y": 2.3162499999999993, "fAckley": 8.530283677738456, "ChiSquared": null},"Point T0-297-13082019110639-GenNb4": {"x": 7.9537, "y": -9.94735, "fAckley": 16.82559940283739, "ChiSquared": null},"Point T0-538-13082019110640-GenNb4": {"x": 2.3951375000000015, "y": -5.527737499999999, "fAckley": 13.775225516054585, "ChiSquared": null},"Point T0-942-13082019110640-GenNb4": {"x": -2.572099999999999, "y": -7.057662499999999, "fAckley": 14.787090998655815, "ChiSquared": null},"Point T0-571-13082019110642-GenNb5": {"x": 1.2677750000000003, "y": -9.94735, "fAckley": 16.357383136819404, "ChiSquared": null},"Point T0-788-13082019110643-GenNb5": {"x": -4.043462499999998, "y": -7.057662499999999, "fAckley": 13.804323997326248, "ChiSquared": null},"Point T0-899-13082019110643-GenNb5": {"x": -0.04701249999999968, "y": 3.5946562500000008, "fAckley": 9.622890997766548, "ChiSquared": null}}