{"Point T2-1-13082019110629-GenNb0": {"x": -2.921500000000001, "y": -11.1116, "fAckley": 16.50331884056009, "ChiSquared": null},"Point T2-649-13082019110631-GenNb0": {"x": 22.87275, "y": 23.919, "fAckley": 20.340026998247076, "ChiSquared": null},"Point T2-118-13082019110631-GenNb0": {"x": -0.3573, "y": -17.88655, "fAckley": 20.05681017616869, "ChiSquared": null},"Point T2-176-13082019110633-GenNb1": {"x": -2.921500000000001, "y": -10.102799999999998, "fAckley": 15.88297621829686, "ChiSquared": null},"Point T2-693-13082019110633-GenNb1": {"x": -11.513750000000002, "y": 9.0223, "fAckley": 19.19422042065183, "ChiSquared": null},"Point T2-789-13082019110634-GenNb1": {"x": -31.947125, "y": 23.919, "fAckley": 20.16494644906288, "ChiSquared": null},"Point T2-248-13082019110634-GenNb1": {"x": -0.3573, "y": -11.880474999999999, "fAckley": 17.939378722395045, "ChiSquared": null},"Point T2-613-13082019110635-GenNb2": {"x": -1.8475750000000004, "y": -2.4605, "fAckley": 8.95367246221473, "ChiSquared": null},"Point T2-131-13082019110635-GenNb2": {"x": -17.5418, "y": 12.029449999999999, "fAckley": 20.72189040198551, "ChiSquared": null},"Point T2-529-13082019110635-GenNb2": {"x": -6.971449999999999, "y": 9.0223, "fAckley": 16.04701384693381, "ChiSquared": null},"Point T2-823-13082019110636-GenNb2": {"x": -23.9551, "y": -3.8192499999999985, "fAckley": 20.075209070192244, "ChiSquared": null},"Point T2-848-13082019110636-GenNb2": {"x": -6.920550000000002, "y": 23.919, "fAckley": 19.726771264271306, "ChiSquared": null},"Point T2-391-13082019110638-GenNb3": {"x": 16.092375, "y": 12.029449999999999, "fAckley": 19.06809238890923, "ChiSquared": null},"Point T2-367-13082019110639-GenNb3": {"x": -6.264312500000001, "y": -3.8192499999999985, "fAckley": 14.45163940531183, "ChiSquared": null},"Point T2-636-13082019110639-GenNb3": {"x": -6.920550000000002, "y": 1.3092750000000013, "fAckley": 14.038656041685725, "ChiSquared": null},"Point T2-241-13082019110640-GenNb4": {"x": 1.2533875000000005, "y": 12.029449999999999, "fAckley": 17.485118200221166, "ChiSquared": null},"Point T2-101-13082019110641-GenNb4": {"x": -1.787056250000001, "y": 9.0223, "fAckley": 15.430355710343498, "ChiSquared": null},"Point T2-323-13082019110641-GenNb4": {"x": -5.875006250000001, "y": -11.880474999999999, "fAckley": 17.596694269287898, "ChiSquared": null},"Point T2-8-13082019110642-GenNb4": {"x": 20.7834, "y": -8.059325, "fAckley": 20.095392749974113, "ChiSquared": null},"Point T2-269-13082019110643-GenNb5": {"x": -1.9817093750000008, "y": -10.102799999999998, "fAckley": 15.605112926428207, "ChiSquared": null},"Point T2-576-13082019110643-GenNb5": {"x": 0.21246874999999976, "y": 3.3162624999999997, "fAckley": 9.299480807667281, "ChiSquared": null}}