{"Point T7-708-13082019110629-GenNb0": {"x": -18.843, "y": -1.3137499999999989, "fAckley": 20.25077926367663, "ChiSquared": null},"Point T7-247-13082019110630-GenNb0": {"x": 29.1372, "y": 23.9773, "fAckley": 20.350699513344424, "ChiSquared": null},"Point T7-469-13082019110630-GenNb0": {"x": 19.3506, "y": 9.798449999999999, "fAckley": 20.922915942828006, "ChiSquared": null},"Point T7-454-13082019110630-GenNb0": {"x": -19.147, "y": 25.11345, "fAckley": 20.515105534959538, "ChiSquared": null},"Point T7-235-13082019110630-GenNb0": {"x": 20.16435, "y": -29.4586, "fAckley": 21.79291531202177, "ChiSquared": null},"Point T7-131-13082019110630-GenNb0": {"x": -6.78275, "y": 19.5183, "fAckley": 20.968011841255684, "ChiSquared": null},"Point T7-595-13082019110631-GenNb1": {"x": -9.11, "y": 0.7727750000000011, "fAckley": 15.65058514084484, "ChiSquared": null},"Point T7-691-13082019110631-GenNb1": {"x": -0.13395000000000046, "y": -12.290474999999999, "fAckley": 17.971293454660437, "ChiSquared": null},"Point T7-739-13082019110632-GenNb1": {"x": 8.953949999999999, "y": 9.798449999999999, "fAckley": 17.78184531639407, "ChiSquared": null},"Point T7-443-13082019110633-GenNb1": {"x": 20.16435, "y": 4.45665, "fAckley": 20.841851283317798, "ChiSquared": null},"Point T7-397-13082019110633-GenNb1": {"x": -6.78275, "y": -6.05085, "fAckley": 15.407296454185309, "ChiSquared": null},"Point T7-376-13082019110634-GenNb2": {"x": -7.137225, "y": -5.5188, "fAckley": 16.29203023591236, "ChiSquared": null},"Point T7-936-13082019110634-GenNb2": {"x": -12.423024999999999, "y": -1.3137499999999989, "fAckley": 18.77173400874938, "ChiSquared": null},"Point T7-393-13082019110635-GenNb2": {"x": -5.2970749999999995, "y": 0.7727750000000011, "fAckley": 12.409048646555018, "ChiSquared": null},"Point T7-617-13082019110635-GenNb2": {"x": -0.13395000000000046, "y": -3.468, "fAckley": 9.62086406174092, "ChiSquared": null},"Point T7-755-13082019110635-GenNb2": {"x": 8.953949999999999, "y": -4.4755375, "fAckley": 16.877719752180475, "ChiSquared": null},"Point T7-922-13082019110635-GenNb2": {"x": -2.7929, "y": 5.140174999999999, "fAckley": 12.403196018216073, "ChiSquared": null},"Point T7-759-13082019110636-GenNb2": {"x": -6.630750000000001, "y": 4.45665, "fAckley": 15.817178269113926, "ChiSquared": null},"Point T7-871-13082019110636-GenNb3": {"x": -4.552849999999999, "y": -1.3137499999999989, "fAckley": 11.972630230271564, "ChiSquared": null},"Point T7-501-13082019110637-GenNb3": {"x": -5.1423, "y": 7.508725, "fAckley": 16.366412327947337, "ChiSquared": null},"Point T7-153-13082019110637-GenNb3": {"x": 0.02723749999999958, "y": 2.771624999999999, "fAckley": 7.452594186923411, "ChiSquared": null},"Point T7-467-13082019110637-GenNb3": {"x": -0.13395000000000046, "y": 1.294406250000001, "fAckley": 4.8643142823748455, "ChiSquared": null},"Point T7-652-13082019110638-GenNb3": {"x": 8.953949999999999, "y": 0.43101250000000135, "fAckley": 16.063190863689194, "ChiSquared": null},"Point T7-665-13082019110638-GenNb3": {"x": -1.815687500000001, "y": 4.45665, "fAckley": 11.836648681610283, "ChiSquared": null},"Point T7-794-13082019110639-GenNb3": {"x": -6.78275, "y": -1.5903375000000004, "fAckley": 14.524726516699136, "ChiSquared": null},"Point T7-637-13082019110639-GenNb4": {"x": -4.49270625, "y": -1.3137499999999989, "fAckley": 11.902265427324044, "ChiSquared": null},"Point T7-171-13082019110640-GenNb4": {"x": 8.953949999999999, "y": 6.012556249999999, "fAckley": 15.708851013703118, "ChiSquared": null},"Point T7-584-13082019110640-GenNb4": {"x": -2.7929, "y": -0.303074999999998, "fAckley": 8.305617880242703, "ChiSquared": null},"Point T7-876-13082019110641-GenNb4": {"x": -6.0637625, "y": 8.3512375, "fAckley": 16.893922132893355, "ChiSquared": null},"Point T7-620-13082019110641-GenNb4": {"x": -6.78275, "y": 3.014278124999999, "fAckley": 13.894902319755538, "ChiSquared": null},"Point T7-359-13082019110642-GenNb5": {"x": -7.137225, "y": 1.666843749999999, "fAckley": 14.545707694464683, "ChiSquared": null}}