{"Point T4-340-13082019110629-GenNb0": {"x": -26.830399999999997, "y": -27.203650000000003, "fAckley": 21.157859992718336, "ChiSquared": null},"Point T4-2-13082019110630-GenNb0": {"x": -10.929450000000003, "y": -12.2473, "fAckley": 19.171273771500264, "ChiSquared": null},"Point T4-765-13082019110630-GenNb0": {"x": -16.7664, "y": -15.3783, "fAckley": 21.183248637239252, "ChiSquared": null},"Point T4-492-13082019110631-GenNb0": {"x": -16.92595, "y": -19.794, "fAckley": 20.423434157386346, "ChiSquared": null},"Point T4-382-13082019110631-GenNb0": {"x": 16.9809, "y": 15.0178, "fAckley": 19.20774614532885, "ChiSquared": null},"Point T4-302-13082019110633-GenNb1": {"x": -16.7664, "y": -10.516350000000003, "fAckley": 20.86057503458503, "ChiSquared": null},"Point T4-529-13082019110634-GenNb1": {"x": -25.6364, "y": -11.844375000000001, "fAckley": 21.3964817795087, "ChiSquared": null},"Point T4-175-13082019110634-GenNb2": {"x": 0.6722, "y": 15.0178, "fAckley": 19.03229539469587, "ChiSquared": null},"Point T4-181-13082019110634-GenNb2": {"x": 5.307, "y": -25.545450000000002, "fAckley": 21.69931315179296, "ChiSquared": null},"Point T4-224-13082019110635-GenNb2": {"x": -9.4095, "y": 4.2319, "fAckley": 17.37485484613887, "ChiSquared": null},"Point T4-108-13082019110635-GenNb2": {"x": 8.181824999999998, "y": -12.2473, "fAckley": 18.98577913292986, "ChiSquared": null},"Point T4-899-13082019110637-GenNb3": {"x": -11.646424999999999, "y": -10.516350000000003, "fAckley": 20.09505856802852, "ChiSquared": null},"Point T4-775-13082019110637-GenNb3": {"x": -16.92595, "y": 1.8487375000000013, "fAckley": 18.827493994599784, "ChiSquared": null},"Point T4-30-13082019110637-GenNb3": {"x": -8.123462499999999, "y": 15.0178, "fAckley": 18.58167494363892, "ChiSquared": null},"Point T4-531-13082019110638-GenNb4": {"x": -1.9641499999999992, "y": 15.0178, "fAckley": 17.69391994699531, "ChiSquared": null},"Point T4-124-13082019110638-GenNb4": {"x": -2.2929562499999996, "y": 10.594375, "fAckley": 17.822243184330553, "ChiSquared": null},"Point T4-491-13082019110638-GenNb4": {"x": 5.307, "y": 12.452337500000002, "fAckley": 19.248871697787084, "ChiSquared": null},"Point T4-56-13082019110639-GenNb4": {"x": -1.128474999999999, "y": -12.2473, "fAckley": 17.78056377814536, "ChiSquared": null},"Point T4-571-13082019110639-GenNb4": {"x": -2.8507625, "y": -10.516350000000003, "fAckley": 17.617094074408453, "ChiSquared": null},"Point T4-111-13082019110639-GenNb4": {"x": -5.008256249999999, "y": 1.8487375000000013, "fAckley": 11.114570413340934, "ChiSquared": null},"Point T4-621-13082019110640-GenNb4": {"x": -0.9327874999999999, "y": 15.0178, "fAckley": 17.743266644165416, "ChiSquared": null},"Point T4-369-13082019110640-GenNb4": {"x": -10.210718750000002, "y": -6.1894, "fAckley": 17.662037863150115, "ChiSquared": null},"Point T4-179-13082019110640-GenNb5": {"x": -1.9641499999999992, "y": 7.643674999999998, "fAckley": 14.972776761783585, "ChiSquared": null},"Point T4-773-13082019110641-GenNb5": {"x": -5.729521874999999, "y": 2.068424999999999, "fAckley": 12.789915547535536, "ChiSquared": null},"Point T4-118-13082019110641-GenNb5": {"x": 2.671503125000001, "y": 4.2319, "fAckley": 12.02802469004466, "ChiSquared": null},"Point T4-793-13082019110641-GenNb5": {"x": -1.128474999999999, "y": 6.160418750000001, "fAckley": 12.624732504020162, "ChiSquared": null},"Point T4-697-13082019110641-GenNb5": {"x": -2.8507625, "y": -5.661831249999999, "fAckley": 13.524825096832492, "ChiSquared": null},"Point T4-487-13082019110642-GenNb5": {"x": -28.854137499999997, "y": -11.844375000000001, "fAckley": 20.682722407333543, "ChiSquared": null}}