{"Point T5-897-26072019142902": {"Lambda": 0.4515181923167855, "Kappa": 0.6504645614644692, "tanBeta": 10.119495540949398, "mBottom": 9.91710563013041, "ChiSquared": null, "LogL": null, "testCalc": 11.744794722343524, "extTest": {"res1": 37.77657002958293, "res2": 1427.069243199983}},"Point T5-165-26072019142903": {"Lambda": 0.45150353140027416, "Kappa": 0.650509109746044, "tanBeta": 10.119315319869774, "mBottom": 9.916929013472378, "ChiSquared": null, "LogL": null, "testCalc": 11.7450267455711, "extTest": {"res1": 96.38237094316901, "res2": 9289.56142862663}},"Point T5-585-26072019142904": {"Lambda": 0.44859642186296256, "Kappa": 0.6497955873867424, "tanBeta": 10.101564219619837, "mBottom": 9.89953293522744, "ChiSquared": null, "LogL": null, "testCalc": 11.714957072934745, "extTest": {"res1": -735.3387172850361, "res2": 540723.0291384022}},"Point T5-450-26072019142904": {"Lambda": 0.4473974381123499, "Kappa": 0.6494512664913203, "tanBeta": 10.048538585230805, "mBottom": 9.847567813526188, "ChiSquared": null, "LogL": null, "testCalc": 11.649984484957635, "extTest": {"res1": -124.58334305494313, "res2": 15521.009366745646}},"Point T5-296-26072019142904": {"Lambda": 0.44834208903070916, "Kappa": 0.6524183065080281, "tanBeta": 10.025846278065867, "mBottom": 9.82532935250455, "ChiSquared": null, "LogL": null, "testCalc": 11.654720955094245, "extTest": {"res1": 63.70700221536392, "res2": 4058.582131268384}},"Point T5-405-26072019142905": {"Lambda": 0.4495334501570608, "Kappa": 0.6519976454837699, "tanBeta": 10.017753334182705, "mBottom": 9.817398267499051, "ChiSquared": null, "LogL": null, "testCalc": 11.642331043483946, "extTest": {"res1": 116.60068254950218, "res2": 13595.719171009783}},"Point T5-937-26072019142905": {"Lambda": 0.449577678011219, "Kappa": 0.6520998247720892, "tanBeta": 10.013200590902658, "mBottom": 9.812936579084605, "ChiSquared": null, "LogL": null, "testCalc": 11.638194728843665, "extTest": {"res1": -160.56313425915127, "res2": 25780.520083122236}},"Point T5-141-26072019142905": {"Lambda": 0.44957456507714183, "Kappa": 0.6521439552038283, "tanBeta": 10.012007900403722, "mBottom": 9.811767742395647, "ChiSquared": null, "LogL": null, "testCalc": 11.637271592463385, "extTest": {"res1": -57.094516503795866, "res2": 3259.7838148022183}}}