{"Point T4-926-26072019142902": {"Lambda": 0.2230762195755245, "Kappa": 0.2968710289718298, "tanBeta": 10.099234501088828, "mBottom": 9.897249811067052, "ChiSquared": null, "LogL": null, "testCalc": 7.996558043439679, "extTest": {"res1": 36.99689298035696, "res2": 1368.7700901999863}},"Point T4-853-26072019142903": {"Lambda": 0.2230689762309893, "Kappa": 0.29689136073926736, "tanBeta": 10.099054640844036, "mBottom": 9.897073548027155, "ChiSquared": null, "LogL": null, "testCalc": 7.996618616670718, "extTest": {"res1": 77.49265244133933, "res2": 6005.111182394215}},"Point T4-762-26072019142903": {"Lambda": 0.22163269522058776, "Kappa": 0.29656571022800293, "tanBeta": 10.081339081471436, "mBottom": 9.879712299842007, "ChiSquared": null, "LogL": null, "testCalc": 7.978756686257644, "extTest": {"res1": -731.8981869440846, "res2": 535674.9560520382}},"Point T4-166-26072019142903": {"Lambda": 0.2210403275885179, "Kappa": 0.29640856269902716, "tanBeta": 10.028419613885644, "mBottom": 9.827851221607931, "ChiSquared": null, "LogL": null, "testCalc": 7.935293881118982, "extTest": {"res1": -123.15934082205078, "res2": 15168.223231722064}},"Point T4-234-26072019142904": {"Lambda": 0.22150704002507524, "Kappa": 0.2977627152154648, "tanBeta": 10.005772740777982, "mBottom": 9.805657285962422, "ChiSquared": null, "LogL": null, "testCalc": 7.931240070884817, "extTest": {"res1": 64.52015582781607, "res2": 4162.850508045668}},"Point T4-23-26072019142905": {"Lambda": 0.2220956416378964, "Kappa": 0.29757072616868463, "tanBeta": 9.99769600041583, "mBottom": 9.797742080407513, "ChiSquared": null, "LogL": null, "testCalc": 7.923219173095799, "extTest": {"res1": 114.82504210710943, "res2": 13184.790294899452}},"Point T4-712-26072019142905": {"Lambda": 0.2221174927674266, "Kappa": 0.2976173606392769, "tanBeta": 9.99315237254205, "mBottom": 9.793289325091209, "ChiSquared": null, "LogL": null, "testCalc": 7.9201164767209855, "extTest": {"res1": -161.03770799385669, "res2": 25933.143395914653}},"Point T4-156-26072019142905": {"Lambda": 0.2221159547971354, "Kappa": 0.2976375017006898, "tanBeta": 9.991962070022796, "mBottom": 9.79212282862234, "ChiSquared": null, "LogL": null, "testCalc": 7.919379539296251, "extTest": {"res1": -56.44514654839517, "res2": 3186.0545688698076}},"Point T4-509-26072019142906": {"Lambda": 0.22127271176648786, "Kappa": 0.2960125673828075, "tanBeta": 9.976243549593791, "mBottom": 9.776718678601915, "ChiSquared": null, "LogL": null, "testCalc": 7.890414418224884, "extTest": {"res1": -46.22295666208953, "res2": 2136.5617225854066}},"Point T4-241-26072019142906": {"Lambda": 0.22067110950357738, "Kappa": 0.29689308970501666, "tanBeta": 9.96605451052721, "mBottom": 9.766733420316665, "ChiSquared": null, "LogL": null, "testCalc": 7.8909151645269135, "extTest": {"res1": -74.63179318160695, "res2": 5569.904553502154}}}