{"Point T1-573-26072019142903": {"Lambda": 0.2971037401028144, "Kappa": 0.5310382710990387, "tanBeta": 9.977568943102558, "mBottom": 9.778017564240507, "ChiSquared": null, "LogL": null, "testCalc": 10.275750375819978, "extTest": {"res1": 36.52194481855796, "res2": 1333.8524533297928}},"Point T1-437-26072019142903": {"Lambda": 0.29709409306488105, "Kappa": 0.5310746402478431, "tanBeta": 9.977391249635557, "mBottom": 9.777843424642846, "ChiSquared": null, "LogL": null, "testCalc": 10.275926080967649, "extTest": {"res1": 80.58879681960083, "res2": 6494.5541728309045}},"Point T1-24-26072019142903": {"Lambda": 0.29518118428042645, "Kappa": 0.5304921216872301, "tanBeta": 9.959889109746966, "mBottom": 9.760691327552026, "ChiSquared": null, "LogL": null, "testCalc": 10.251120300928413, "extTest": {"res1": -714.6153076236224, "res2": 510675.0378900044}},"Point T1-531-26072019142904": {"Lambda": 0.294392240307202, "Kappa": 0.5302110186359025, "tanBeta": 9.907607163406123, "mBottom": 9.709455020138, "ChiSquared": null, "LogL": null, "testCalc": 10.194516787576017, "extTest": {"res1": -121.03726039392889, "res2": 14650.018403667747}},"Point T1-434-26072019142904": {"Lambda": 0.29501383059018926, "Kappa": 0.532633305558355, "tanBeta": 9.885233117358075, "mBottom": 9.687528455010913, "ChiSquared": null, "LogL": null, "testCalc": 10.196001779258307, "extTest": {"res1": 62.31216898947411, "res2": 3882.806404172779}},"Point T1-812-26072019142905": {"Lambda": 0.2957977587961293, "Kappa": 0.5322898785428418, "tanBeta": 9.877253677551007, "mBottom": 9.679708603999986, "ChiSquared": null, "LogL": null, "testCalc": 10.184912776469268, "extTest": {"res1": 112.87370801785679, "res2": 12740.473961700387}},"Point T1-356-26072019142905": {"Lambda": 0.29582686119136103, "Kappa": 0.5323732975572291, "tanBeta": 9.872764786798193, "mBottom": 9.67530949106223, "ChiSquared": null, "LogL": null, "testCalc": 10.181164622888096, "extTest": {"res1": -157.02631620601701, "res2": 24657.26398123204}},"Point T1-414-26072019142905": {"Lambda": 0.29582481284785517, "Kappa": 0.5324093255740681, "tanBeta": 9.87158882386281, "mBottom": 9.674157047385554, "ChiSquared": null, "LogL": null, "testCalc": 10.180316791646552, "extTest": {"res1": -55.44686667887606, "res2": 3074.3550245050565}}}