{"Point T7-945-26072019142902": {"Lambda": 0.04878860748845547, "Kappa": 0.3708395660762951, "tanBeta": 10.146112985472108, "mBottom": 9.943190725762665, "ChiSquared": null, "LogL": null, "testCalc": 8.736555827995534, "extTest": {"res1": 37.490460465057076, "res2": 1405.5346258820077}},"Point T7-313-26072019142903": {"Lambda": 0.04878702330931659, "Kappa": 0.3708649637172849, "tanBeta": 10.145932290354565, "mBottom": 9.943013644547474, "ChiSquared": null, "LogL": null, "testCalc": 8.736657806657496, "extTest": {"res1": 72.66041543695842, "res2": 5279.535971471385}},"Point T7-269-26072019142903": {"Lambda": 0.048472896816618524, "Kappa": 0.3704581739584186, "tanBeta": 10.128134499148127, "mBottom": 9.925571809165163, "ChiSquared": null, "LogL": null, "testCalc": 8.717185738468054, "extTest": {"res1": -738.7143448316573, "res2": 545698.8832600646}},"Point T7-187-26072019142903": {"Lambda": 0.04834334113405892, "Kappa": 0.37026187147091366, "tanBeta": 10.074969390723465, "mBottom": 9.873470002908997, "ChiSquared": null, "LogL": null, "testCalc": 8.669449101707944, "extTest": {"res1": -124.83422976840592, "res2": 15583.584921871163}},"Point T7-212-26072019142904": {"Lambda": 0.04844541498989396, "Kappa": 0.3719534253195195, "tanBeta": 10.052217395679364, "mBottom": 9.851173047765776, "ChiSquared": null, "LogL": null, "testCalc": 8.66689017449583, "extTest": {"res1": 64.91649079896415, "res2": 4214.150777651997}},"Point T7-663-26072019142905": {"Lambda": 0.04857414701300986, "Kappa": 0.37171360018385047, "tanBeta": 10.04410316481762, "mBottom": 9.843221101521268, "ChiSquared": null, "LogL": null, "testCalc": 8.65749974653104, "extTest": {"res1": 116.12428982758554, "res2": 13484.850687961087}},"Point T7-663-26072019142905": {"Lambda": 0.048578926035103095, "Kappa": 0.3717718541229382, "tanBeta": 10.039538446396007, "mBottom": 9.838747677468087, "ChiSquared": null, "LogL": null, "testCalc": 8.654151573543933, "extTest": {"res1": -163.0719864006018, "res2": 26592.472748638054}},"Point T7-63-26072019142905": {"Lambda": 0.04857858966832671, "Kappa": 0.37179701354149286, "tanBeta": 10.038342618747292, "mBottom": 9.837575766372346, "ChiSquared": null, "LogL": null, "testCalc": 8.65337356911687, "extTest": {"res1": -57.179178181976575, "res2": 3269.4584175662258}},"Point T7-143-26072019142906": {"Lambda": 0.0483941654687508, "Kappa": 0.3697672097595848, "tanBeta": 10.022551136311675, "mBottom": 9.82210011358544, "ChiSquared": null, "LogL": null, "testCalc": 8.619402820390862, "extTest": {"res1": -47.59812421114104, "res2": 2265.581428419211}}}