{"Point T6-67-26072019142903": {"Lambda": 0.9419877779848429, "Kappa": 0.29158756203579655, "tanBeta": 10.129129466765455, "mBottom": 9.926546877430146, "ChiSquared": null, "LogL": null, "testCalc": 8.804142579346982, "extTest": {"res1": 36.519613002970296, "res2": 1333.682133886717}},"Point T6-767-26072019142903": {"Lambda": 0.9419571913896564, "Kappa": 0.29160753195512323, "tanBeta": 10.128949074112406, "mBottom": 9.926370092630156, "ChiSquared": null, "LogL": null, "testCalc": 8.804146237526817, "extTest": {"res1": 176.36603915816633, "res2": 31104.97976833986}},"Point T6-769-26072019142903": {"Lambda": 0.9358921829359341, "Kappa": 0.2912876771044018, "tanBeta": 10.111181074523735, "mBottom": 9.90895745303326, "ChiSquared": null, "LogL": null, "testCalc": 8.775635352577225, "extTest": {"res1": -737.0324583519603, "res2": 543216.8446643341}},"Point T6-155-26072019142904": {"Lambda": 0.9333907819773496, "Kappa": 0.2911333263581781, "tanBeta": 10.058104958860612, "mBottom": 9.8569428596834, "ChiSquared": null, "LogL": null, "testCalc": 8.727939335254765, "extTest": {"res1": -119.17000603531096, "res2": 14201.490338456051}},"Point T6-751-26072019142904": {"Lambda": 0.9353615765869547, "Kappa": 0.29246337877946094, "tanBeta": 10.035391048246872, "mBottom": 9.834683227281934, "ChiSquared": null, "LogL": null, "testCalc": 8.727227265939637, "extTest": {"res1": 65.49276366319513, "res2": 4289.302092243133}},"Point T6-254-26072019142905": {"Lambda": 0.9378470747114735, "Kappa": 0.2922748065961728, "tanBeta": 10.027290399748328, "mBottom": 9.82674459175336, "ChiSquared": null, "LogL": null, "testCalc": 8.72365379369165, "extTest": {"res1": 115.0134957296757, "res2": 13228.10419996013}},"Point T6-576-26072019142905": {"Lambda": 0.9379393458508705, "Kappa": 0.2923206111047297, "tanBeta": 10.022733322181967, "mBottom": 9.822278655738327, "ChiSquared": null, "LogL": null, "testCalc": 8.720721074044292, "extTest": {"res1": -153.65435877868853, "res2": 23609.661971689937}},"Point T6-211-26072019142905": {"Lambda": 0.9379328514373468, "Kappa": 0.292340393712061, "tanBeta": 10.021539496222104, "mBottom": 9.821108706297661, "ChiSquared": null, "LogL": null, "testCalc": 8.719973188880761, "extTest": {"res1": -55.01264193778427, "res2": 3026.3907729748603}},"Point T6-816-26072019142906": {"Lambda": 0.9343720746308709, "Kappa": 0.29074437864160907, "tanBeta": 10.005774447055831, "mBottom": 9.805658958114714, "ChiSquared": null, "LogL": null, "testCalc": 8.685003327344692, "extTest": {"res1": -31.594492840952693, "res2": 998.211977877011}},"Point T6-264-26072019142906": {"Lambda": 0.931831678438269, "Kappa": 0.291609230150159, "tanBeta": 9.995555247191108, "mBottom": 9.795644142247285, "ChiSquared": null, "LogL": null, "testCalc": 8.680928518621506, "extTest": {"res1": -99.03060633647154, "res2": 9807.060991369197}},"Point T6-753-26072019142906": {"Lambda": 0.9316059546429158, "Kappa": 0.29073245406883635, "tanBeta": 9.93565054481225, "mBottom": 9.736937533916004, "ChiSquared": null, "LogL": null, "testCalc": 8.624974487347778, "extTest": {"res1": -315.33697569768094, "res2": 99437.40824215981}}}