{"Point T3-271-26072019142902": {"Lambda": 0.033088811188708094, "Kappa": 0.42656518904313623, "tanBeta": 10.0107414299331, "mBottom": 9.810526601334438, "ChiSquared": null, "LogL": null, "testCalc": 9.176591980614468, "extTest": {"res1": 36.60659081569807, "res2": 1340.0424911479502}},"Point T3-868-26072019142903": {"Lambda": 0.033087736786155654, "Kappa": 0.42659440315759733, "tanBeta": 10.010563145687502, "mBottom": 9.810351882773752, "ChiSquared": null, "LogL": null, "testCalc": 9.176720950118506, "extTest": {"res1": 70.66080955790531, "res2": 4992.950007378562}},"Point T3-561-26072019142903": {"Lambda": 0.03287469376768629, "Kappa": 0.42612648558281546, "tanBeta": 9.993002816323271, "mBottom": 9.793142759996805, "ChiSquared": null, "LogL": null, "testCalc": 9.155935296027735, "extTest": {"res1": -719.1834011555723, "res2": 517224.7644976968}},"Point T3-158-26072019142903": {"Lambda": 0.0327868281011031, "Kappa": 0.42590068495269884, "tanBeta": 9.940547047863397, "mBottom": 9.74173610690613, "ChiSquared": null, "LogL": null, "testCalc": 9.105628826039545, "extTest": {"res1": -121.78986266191086, "res2": 14832.77064720711}},"Point T3-832-26072019142904": {"Lambda": 0.03285605538011138, "Kappa": 0.42784642659737204, "tanBeta": 9.91809861468236, "mBottom": 9.719736642388714, "ChiSquared": null, "LogL": null, "testCalc": 9.104370892501692, "extTest": {"res1": 63.02562067089156, "res2": 3972.228860951114}},"Point T3-212-26072019142905": {"Lambda": 0.032943362434485306, "Kappa": 0.42757056322223014, "tanBeta": 9.91009264558109, "mBottom": 9.711890792669468, "ChiSquared": null, "LogL": null, "testCalc": 9.094294555518811, "extTest": {"res1": 113.24842483963195, "res2": 12825.205728657767}},"Point T3-993-26072019142905": {"Lambda": 0.03294660360425526, "Kappa": 0.42763757091184207, "tanBeta": 9.905588830584682, "mBottom": 9.707477053972989, "ChiSquared": null, "LogL": null, "testCalc": 9.090825951638259, "extTest": {"res1": -158.82068505238905, "res2": 25224.010000510156}},"Point T3-68-26072019142905": {"Lambda": 0.03294637547770427, "Kappa": 0.4276665110064645, "tanBeta": 9.90440895791786, "mBottom": 9.706320778759503, "ChiSquared": null, "LogL": null, "testCalc": 9.090029875650774, "extTest": {"res1": -55.77332553724068, "res2": 3110.6638414830236}},"Point T3-340-26072019142906": {"Lambda": 0.03282129755823629, "Kappa": 0.4253316910110923, "tanBeta": 9.888828168734392, "mBottom": 9.691051605359704, "ChiSquared": null, "LogL": null, "testCalc": 9.05263504737918, "extTest": {"res1": -46.45113995470767, "res2": 2157.7084030918395}},"Point T3-887-26072019142906": {"Lambda": 0.032732062122356916, "Kappa": 0.4265968874572753, "tanBeta": 9.878728409638388, "mBottom": 9.681153841445619, "ChiSquared": null, "LogL": null, "testCalc": 9.055883100201086, "extTest": {"res1": -72.04822637886805, "res2": 5190.946924340618}}}