{"Point T0-126-26072019142902": {"Lambda": 0.5287254184237711, "Kappa": 0.17894005943735206, "tanBeta": 9.946084876260398, "mBottom": 9.74716317873519, "ChiSquared": null, "LogL": null, "testCalc": 6.932885176381971, "extTest": {"res1": 35.57211973954832, "res2": 1265.3757027647632}},"Point T0-511-26072019142903": {"Lambda": 0.5287082505679707, "Kappa": 0.1789523144818619, "tanBeta": 9.945907743502428, "mBottom": 9.74698958863238, "ChiSquared": null, "LogL": null, "testCalc": 6.932870418857666, "extTest": {"res1": 102.2689826122552, "res2": 10458.944804545756}},"Point T0-496-26072019142903": {"Lambda": 0.5253040406542305, "Kappa": 0.17875602748800037, "tanBeta": 9.928460831349698, "mBottom": 9.729891614722703, "ChiSquared": null, "LogL": null, "testCalc": 6.915662359771295, "extTest": {"res1": -710.032835528337, "res2": 504146.6275284105}},"Point T0-193-26072019142903": {"Lambda": 0.5239000370149237, "Kappa": 0.17866130626083063, "tanBeta": 9.876343859894282, "mBottom": 9.678816982696397, "ChiSquared": null, "LogL": null, "testCalc": 6.8784002352222835, "extTest": {"res1": -117.86754354048584, "res2": 13892.757820268325}},"Point T0-199-26072019142904": {"Lambda": 0.5250062182509689, "Kappa": 0.1794775264646606, "tanBeta": 9.854040414807782, "mBottom": 9.656959606511627, "ChiSquared": null, "LogL": null, "testCalc": 6.872690131790496, "extTest": {"res1": 62.92589526166283, "res2": 3959.6682944817608}},"Point T0-625-26072019142904": {"Lambda": 0.5264012958375264, "Kappa": 0.17936180438978802, "tanBeta": 9.8460861540015, "mBottom": 9.64916443092147, "ChiSquared": null, "LogL": null, "testCalc": 6.867692318479179, "extTest": {"res1": 111.01310959497413, "res2": 12323.910501945737}},"Point T0-834-26072019142905": {"Lambda": 0.5264530864211477, "Kappa": 0.17938991348136396, "tanBeta": 9.84161142787509, "mBottom": 9.644779199317588, "ChiSquared": null, "LogL": null, "testCalc": 6.865028274424862, "extTest": {"res1": -153.82301040107305, "res2": 23661.51852884863}},"Point T0-182-26072019142905": {"Lambda": 0.5264494411917849, "Kappa": 0.17940205357714506, "tanBeta": 9.840439175672842, "mBottom": 9.643630392159384, "ChiSquared": null, "LogL": null, "testCalc": 6.864359206427531, "extTest": {"res1": -54.14110436275211, "res2": 2931.2591816184154}},"Point T0-402-26072019142906": {"Lambda": 0.5244508237458716, "Kappa": 0.17842261868775663, "tanBeta": 9.824959018409512, "mBottom": 9.628459838041321, "ChiSquared": null, "LogL": null, "testCalc": 6.8422735021129, "extTest": {"res1": -40.61373884746436, "res2": 1649.4757831700358}},"Point T0-93-26072019142906": {"Lambda": 0.5230249325917751, "Kappa": 0.17895335662206335, "tanBeta": 9.814924490807163, "mBottom": 9.61862600099102, "ChiSquared": null, "LogL": null, "testCalc": 6.839281763230179, "extTest": {"res1": -78.9554348331549, "res2": 6233.96068969257}}}