{"Point T2-199-26072019142902": {"Lambda": 0.8849518091490518, "Kappa": 0.46255257704140035, "tanBeta": 9.992764722997986, "mBottom": 9.792909428538026, "ChiSquared": null, "LogL": null, "testCalc": 10.301773493176306, "extTest": {"res1": 35.90616227020696, "res2": 1289.252488974434}},"Point T2-313-26072019142903": {"Lambda": 0.8849230745270338, "Kappa": 0.46258425581940915, "tanBeta": 9.992586758904862, "mBottom": 9.792735023726765, "ChiSquared": null, "LogL": null, "testCalc": 10.301869669272648, "extTest": {"res1": 162.38149468069966, "res2": 26367.749814738094}},"Point T2-871-26072019142903": {"Lambda": 0.8792252933784208, "Kappa": 0.46207686214168353, "tanBeta": 9.975057963358267, "mBottom": 9.775556804091101, "ChiSquared": null, "LogL": null, "testCalc": 10.270059001951921, "extTest": {"res1": -717.383334677101, "res2": 514638.84887243743}},"Point T2-881-26072019142903": {"Lambda": 0.8768753485538265, "Kappa": 0.4618320117271612, "tanBeta": 9.922696391914993, "mBottom": 9.724242464076694, "ChiSquared": null, "LogL": null, "testCalc": 10.213650445375688, "extTest": {"res1": -117.1377998200689, "res2": 13721.264146686535}},"Point T2-739-26072019142904": {"Lambda": 0.8787268144602762, "Kappa": 0.4639419068501534, "tanBeta": 9.900288270323989, "mBottom": 9.702282504917509, "ChiSquared": null, "LogL": null, "testCalc": 10.216460685410578, "extTest": {"res1": 63.22368280895616, "res2": 3997.234067927499}},"Point T2-337-26072019142904": {"Lambda": 0.8810618193439224, "Kappa": 0.463642770121792, "tanBeta": 9.892296677876162, "mBottom": 9.694450744318639, "ChiSquared": null, "LogL": null, "testCalc": 10.209987136262047, "extTest": {"res1": 112.53322245145371, "res2": 12663.726155308366}},"Point T2-32-26072019142905": {"Lambda": 0.8811485036020942, "Kappa": 0.4637154309490412, "tanBeta": 9.887800950568648, "mBottom": 9.690044931557274, "ChiSquared": null, "LogL": null, "testCalc": 10.206571030110126, "extTest": {"res1": -150.50692078863722, "res2": 22652.33320527712}},"Point T2-80-26072019142905": {"Lambda": 0.8811424024157185, "Kappa": 0.46374681258938905, "tanBeta": 9.886623196648504, "mBottom": 9.688890732715533, "ChiSquared": null, "LogL": null, "testCalc": 10.20574729441077, "extTest": {"res1": -54.00295855875165, "res2": 2916.319533098248}},"Point T2-543-26072019142906": {"Lambda": 0.8777972253863435, "Kappa": 0.4612150143237833, "tanBeta": 9.871070386539605, "mBottom": 9.673648978808814, "ChiSquared": null, "LogL": null, "testCalc": 10.160038328019308, "extTest": {"res1": -32.43469279734493, "res2": 1052.0092968581391}},"Point T2-671-26072019142906": {"Lambda": 0.8754106464315637, "Kappa": 0.46258694970828645, "tanBeta": 9.860988764003281, "mBottom": 9.663768988723215, "ChiSquared": null, "LogL": null, "testCalc": 10.1597930076953, "extTest": {"res1": -94.19833037041317, "res2": 8873.325444573506}},"Point T2-7-26072019142907": {"Lambda": 0.8751985898786719, "Kappa": 0.46119609807842765, "tanBeta": 9.801890536595165, "mBottom": 9.605852725863262, "ChiSquared": null, "LogL": null, "testCalc": 10.089492603926802, "extTest": {"res1": -306.75517327344227, "res2": 94098.73633001959}}}