{"Point T7-129-30072019090347": {"Lambda": 0.08269332076238443, "Kappa": 0.9961348994687791, "tanBeta": 13.47749274536962, "mBottom": 13.207942890462228, "ChiSquared": null, "LogL": null, "testCalc": 20.03621051152979, "extTest": {"res1": -366.5433719672548, "res2": 134354.0435331253}}}