{"Point T2-88-30072019090347": {"Lambda": 0.5007732435163496, "Kappa": 0.4412140716184391, "tanBeta": 12.90497176538316, "mBottom": 12.646872330075496, "ChiSquared": null, "LogL": null, "testCalc": 12.268065143185332, "extTest": {"res1": -95.50698275786208, "res2": 9121.583755510565}}}