{"Point T3-863-30072019090347": {"Lambda": 0.7848215325704603, "Kappa": 0.522992463958882, "tanBeta": 13.622886099004559, "mBottom": 13.350428377024468, "ChiSquared": null, "LogL": null, "testCalc": 14.415825793648075, "extTest": {"res1": 101.40884809392006, "res2": 10283.754471735754}}}