{"Point T5-364-30072019090347": {"Lambda": 0.23438195080283455, "Kappa": 0.9879020672396469, "tanBeta": 13.596357570001846, "mBottom": 13.324430418601809, "ChiSquared": null, "LogL": null, "testCalc": 20.14901985849729, "extTest": {"res1": 56.685824968803324, "res2": 3213.2827523938063}}}