{"Point T6-709-30072019090346": {"Lambda": 0.6997203075767425, "Kappa": 0.6938528072106083, "tanBeta": 13.762815591760056, "mBottom": 13.487559279924854, "ChiSquared": null, "LogL": null, "testCalc": 16.782756382262363, "extTest": {"res1": -109.5144798520382, "res2": 11993.421297262483}}}