{"Point T0-799-30072019090347": {"Lambda": 0.44150592703847064, "Kappa": 0.22030579725326707, "tanBeta": 9.903388397228708, "mBottom": 9.705320629284135, "ChiSquared": null, "LogL": null, "testCalc": 7.229361674612392, "extTest": {"res1": -56.15391140955667, "res2": 3153.261766592339}}}