{"Point T1-455-30072019090347": {"Lambda": 0.12117777228410244, "Kappa": 0.2536428641120111, "tanBeta": 11.672340862731389, "mBottom": 11.438894045476761, "ChiSquared": null, "LogL": null, "testCalc": 8.69473704254897, "extTest": {"res1": -77.65266926479411, "res2": 6029.937043947501}}}