{"Point T4-630-23082019093656-GenNb0": {"x": 28.6414, "y": 32.112212, "fAckley": 21.60508823623466, "ChiSquared": null},"Point T4-670-23082019093656-GenNb0": {"x": 21.155696000000002, "y": 23.8455, "fAckley": 20.744482292038782, "ChiSquared": null},"Point T4-145-23082019093656-GenNb0": {"x": 11.1079, "y": 5.851445999999999, "fAckley": 17.342688508406887, "ChiSquared": null},"Point T4-784-23082019093657-GenNb0": {"x": -12.9197, "y": 11.485926000000003, "fAckley": 20.04192400442988, "ChiSquared": null},"Point T4-838-23082019093657-GenNb0": {"x": -9.275766, "y": -23.4853, "fAckley": 21.59496283861913, "ChiSquared": null},"Point T4-517-23082019093657-GenNb0": {"x": -9.2308, "y": 12.833540000000003, "fAckley": 19.215411168263206, "ChiSquared": null},"Point T4-639-23082019093657-GenNb0": {"x": 24.0976, "y": 0.20504000000000122, "fAckley": 20.325905064279276, "ChiSquared": null},"Point T4-700-23082019093658-GenNb0": {"x": 40.87407, "y": -27.914, "fAckley": 20.51803483366045, "ChiSquared": null},"Point T4-196-23082019093658-GenNb0": {"x": -3.889354, "y": 17.5722, "fAckley": 20.212549436910482, "ChiSquared": null},"Point T4-927-23082019093658-GenNb0": {"x": -27.6941, "y": -1.1183260000000015, "fAckley": 21.10477976324852, "ChiSquared": null},"Point T4-349-23082019093658-GenNb0": {"x": 24.0361, "y": -16.717374000000003, "fAckley": 20.929778166527324, "ChiSquared": null},"Point T4-763-23082019093659-GenNb0": {"x": -39.16158, "y": 3.5747, "fAckley": 21.807989924054976, "ChiSquared": null},"Point T4-791-23082019093659-GenNb0": {"x": -41.038096, "y": -15.651318, "fAckley": 21.462585950428902, "ChiSquared": null},"Point T4-857-23082019093659-GenNb0": {"x": -5.134540000000005, "y": -14.209827999999998, "fAckley": 18.778791353911792, "ChiSquared": null},"Point T4-100-23082019093659-GenNb0": {"x": -29.1625, "y": -13.788556, "fAckley": 21.045417752483818, "ChiSquared": null},"Point T4-411-23082019093700-GenNb0": {"x": 8.28954, "y": -23.7066, "fAckley": 21.371850397059074, "ChiSquared": null},"Point T4-421-23082019093700-GenNb0": {"x": -17.4354, "y": 26.942619999999998, "fAckley": 21.495976440940726, "ChiSquared": null},"Point T4-783-23082019093701-GenNb0": {"x": 20.8985, "y": -32.191808, "fAckley": 20.843514373627094, "ChiSquared": null},"Point T4-166-23082019093702-GenNb0": {"x": -4.883344000000001, "y": 25.3158, "fAckley": 21.01032255920518, "ChiSquared": null}}