{"Point T1-834-23082019093656-GenNb0": {"x": 26.6341, "y": 12.065156, "fAckley": 21.264072166526944, "ChiSquared": null},"Point T1-442-23082019093656-GenNb0": {"x": 8.464372000000001, "y": -6.7938, "fAckley": 17.705364660328964, "ChiSquared": null},"Point T1-204-23082019093657-GenNb0": {"x": 1.8005, "y": 11.31875, "fAckley": 17.815557154728207, "ChiSquared": null},"Point T1-58-23082019093657-GenNb0": {"x": 4.921068, "y": 9.665799999999999, "fAckley": 17.19836911330146, "ChiSquared": null},"Point T1-867-23082019093657-GenNb0": {"x": 1.7015160000000016, "y": 12.0913, "fAckley": 17.851335768638403, "ChiSquared": null},"Point T1-263-23082019093658-GenNb0": {"x": 35.131004000000004, "y": 15.7866, "fAckley": 21.057581977793973, "ChiSquared": null},"Point T1-801-23082019093658-GenNb0": {"x": -1.0141, "y": 3.8664620000000003, "fAckley": 9.056232572606387, "ChiSquared": null},"Point T1-904-23082019093658-GenNb0": {"x": 11.2859, "y": -2.073100000000001, "fAckley": 17.371428262944576, "ChiSquared": null},"Point T1-905-23082019093659-GenNb0": {"x": 6.364270000000001, "y": -3.1609, "fAckley": 14.45839168926289, "ChiSquared": null},"Point T1-807-23082019093659-GenNb0": {"x": -11.148404, "y": 15.2549, "fAckley": 20.009607920542418, "ChiSquared": null},"Point T1-728-23082019093659-GenNb0": {"x": -12.6833, "y": 9.077396000000002, "fAckley": 19.245475492554483, "ChiSquared": null},"Point T1-311-23082019093659-GenNb0": {"x": -9.081790000000002, "y": 11.125308, "fAckley": 17.89461888229042, "ChiSquared": null},"Point T1-557-23082019093700-GenNb0": {"x": 20.4291, "y": 13.84676, "fAckley": 21.261016069152788, "ChiSquared": null},"Point T1-218-23082019093700-GenNb0": {"x": -9.677344, "y": 17.6899, "fAckley": 20.89612047234624, "ChiSquared": null},"Point T1-243-23082019093700-GenNb0": {"x": -13.762702000000004, "y": 14.99692, "fAckley": 19.878414439305587, "ChiSquared": null},"Point T1-398-23082019093701-GenNb0": {"x": -7.029322000000001, "y": 12.9601, "fAckley": 17.57873473900844, "ChiSquared": null},"Point T1-114-23082019093701-GenNb0": {"x": 19.061995999999997, "y": -0.8756, "fAckley": 19.107644180611217, "ChiSquared": null},"Point T1-717-23082019093701-GenNb0": {"x": 12.82627, "y": -26.535706000000005, "fAckley": 21.635227041195648, "ChiSquared": null}}