{"Point T6-964-23082019093656-GenNb0": {"x": 2.812, "y": -16.326754000000005, "fAckley": 19.838531695283656, "ChiSquared": null},"Point T6-870-23082019093656-GenNb0": {"x": -48.95298, "y": 13.136916, "fAckley": 20.467386628683435, "ChiSquared": null},"Point T6-648-23082019093656-GenNb0": {"x": -22.8762, "y": -9.860717999999999, "fAckley": 20.160741561260533, "ChiSquared": null},"Point T6-512-23082019093657-GenNb0": {"x": 20.927012, "y": 20.52511, "fAckley": 21.44597733824121, "ChiSquared": null},"Point T6-808-23082019093657-GenNb0": {"x": 1.9502439999999979, "y": 7.0509, "fAckley": 13.024054401477393, "ChiSquared": null},"Point T6-972-23082019093657-GenNb0": {"x": -26.6955, "y": -30.914624, "fAckley": 21.356918867471002, "ChiSquared": null},"Point T6-688-23082019093657-GenNb0": {"x": -5.3796, "y": 5.170272000000002, "fAckley": 14.87196424022559, "ChiSquared": null},"Point T6-704-23082019093657-GenNb0": {"x": -14.8705, "y": -23.036451999999997, "fAckley": 20.01015078082334, "ChiSquared": null},"Point T6-513-23082019093658-GenNb0": {"x": -17.329853999999997, "y": 27.9198, "fAckley": 21.308318668757323, "ChiSquared": null},"Point T6-81-23082019093658-GenNb0": {"x": -8.5922, "y": 29.205424, "fAckley": 21.69271731924981, "ChiSquared": null},"Point T6-366-23082019093658-GenNb0": {"x": -44.834894, "y": 19.922292, "fAckley": 20.693551197352814, "ChiSquared": null},"Point T6-608-23082019093658-GenNb0": {"x": 19.8184, "y": -10.010232, "fAckley": 19.824105982981557, "ChiSquared": null},"Point T6-108-23082019093658-GenNb0": {"x": -20.1194, "y": 8.847002000000002, "fAckley": 19.905334026030733, "ChiSquared": null},"Point T6-45-23082019093659-GenNb0": {"x": -44.212112000000005, "y": -4.777148, "fAckley": 21.4563407975677, "ChiSquared": null},"Point T6-261-23082019093659-GenNb0": {"x": 6.2923880000000025, "y": 32.214988, "fAckley": 21.547747933276035, "ChiSquared": null},"Point T6-407-23082019093659-GenNb0": {"x": 28.274512, "y": -4.6441, "fAckley": 21.69041114608645, "ChiSquared": null},"Point T6-637-23082019093659-GenNb0": {"x": -8.239214, "y": -25.642094, "fAckley": 21.518881133151254, "ChiSquared": null},"Point T6-399-23082019093701-GenNb0": {"x": 26.0286, "y": 5.0409999999999995, "fAckley": 19.595285026698903, "ChiSquared": null},"Point T6-3-23082019093701-GenNb0": {"x": -5.159281999999999, "y": 24.05694, "fAckley": 20.00976606372559, "ChiSquared": null},"Point T6-804-23082019093701-GenNb0": {"x": 11.079214, "y": -1.8773, "fAckley": 16.415374940631775, "ChiSquared": null},"Point T6-467-23082019093701-GenNb0": {"x": 17.525768, "y": 7.952638, "fAckley": 20.418413046399756, "ChiSquared": null},"Point T6-144-23082019093701-GenNb0": {"x": 14.3578, "y": 3.2815520000000014, "fAckley": 19.564374308186167, "ChiSquared": null}}