{"Point T3-916-23082019093656-GenNb0": {"x": 23.5504, "y": -10.073304, "fAckley": 21.210791673914954, "ChiSquared": null},"Point T3-308-23082019093657-GenNb0": {"x": -1.2567, "y": 2.488216000000001, "fAckley": 8.63946710767331, "ChiSquared": null},"Point T3-19-23082019093657-GenNb0": {"x": -58.98183, "y": -20.2318, "fAckley": 20.975474391299294, "ChiSquared": null},"Point T3-65-23082019093657-GenNb0": {"x": 28.0694, "y": -0.9031520000000013, "fAckley": 19.97008547179184, "ChiSquared": null},"Point T3-419-23082019093658-GenNb0": {"x": 27.764652, "y": 24.7184, "fAckley": 21.665373299956112, "ChiSquared": null},"Point T3-259-23082019093658-GenNb0": {"x": -4.1507, "y": -14.437788000000005, "fAckley": 19.48494427237009, "ChiSquared": null},"Point T3-483-23082019093659-GenNb0": {"x": -24.874826, "y": 0.001440000000000552, "fAckley": 19.777988683888513, "ChiSquared": null},"Point T3-775-23082019093659-GenNb0": {"x": 9.465127999999998, "y": 8.229315999999999, "fAckley": 18.669472924482346, "ChiSquared": null},"Point T3-54-23082019093700-GenNb0": {"x": -37.194648, "y": 25.7535, "fAckley": 21.48608322761162, "ChiSquared": null},"Point T3-650-23082019093700-GenNb0": {"x": -11.043207999999996, "y": -0.3024, "fAckley": 17.1481820590462, "ChiSquared": null},"Point T3-803-23082019093700-GenNb0": {"x": -14.396800000000004, "y": -4.5324, "fAckley": 19.940875207088233, "ChiSquared": null},"Point T3-486-23082019093700-GenNb0": {"x": 5.475626, "y": 11.6075, "fAckley": 19.048641442216194, "ChiSquared": null},"Point T3-269-23082019093701-GenNb0": {"x": -3.3625939999999996, "y": -21.3168, "fAckley": 21.18355605887817, "ChiSquared": null},"Point T3-734-23082019093701-GenNb0": {"x": 1.6923, "y": 7.199874000000001, "fAckley": 14.713415053737787, "ChiSquared": null},"Point T3-732-23082019093701-GenNb0": {"x": 21.2028, "y": -29.2201, "fAckley": 21.32641635908504, "ChiSquared": null},"Point T3-120-23082019093701-GenNb0": {"x": -11.7749, "y": -2.685597999999999, "fAckley": 18.205811419310574, "ChiSquared": null},"Point T3-949-23082019093702-GenNb0": {"x": 15.64814, "y": 24.5506, "fAckley": 21.9311280053108, "ChiSquared": null}}