{"Point T2-620-23082019093656-GenNb0": {"x": -14.53951, "y": 2.0468, "fAckley": 19.21696108107132, "ChiSquared": null},"Point T2-574-23082019093656-GenNb0": {"x": -11.156638000000001, "y": 25.8741, "fAckley": 20.47190869269115, "ChiSquared": null},"Point T2-429-23082019093656-GenNb0": {"x": -8.041120000000003, "y": 28.1339, "fAckley": 20.136310993275504, "ChiSquared": null},"Point T2-313-23082019093657-GenNb0": {"x": -9.031928, "y": 20.0678, "fAckley": 19.254682868329244, "ChiSquared": null},"Point T2-873-23082019093657-GenNb0": {"x": 25.072276, "y": -28.2094, "fAckley": 20.844107840383902, "ChiSquared": null},"Point T2-43-23082019093657-GenNb0": {"x": 0.6994, "y": -28.898608000000003, "fAckley": 21.10443586045359, "ChiSquared": null},"Point T2-640-23082019093658-GenNb0": {"x": 22.9381, "y": 10.125786000000003, "fAckley": 19.883499484250677, "ChiSquared": null},"Point T2-689-23082019093658-GenNb0": {"x": 9.122582000000001, "y": -9.106614, "fAckley": 17.368451415949227, "ChiSquared": null},"Point T2-616-23082019093658-GenNb0": {"x": 8.8508, "y": 29.06474, "fAckley": 20.318148822185872, "ChiSquared": null},"Point T2-209-23082019093658-GenNb0": {"x": 29.2887, "y": 1.7882220000000006, "fAckley": 21.404375018740208, "ChiSquared": null},"Point T2-988-23082019093658-GenNb0": {"x": 13.727, "y": 5.93357, "fAckley": 18.835632217120978, "ChiSquared": null},"Point T2-451-23082019093659-GenNb0": {"x": -6.085193999999996, "y": 12.4154, "fAckley": 18.888961354704325, "ChiSquared": null},"Point T2-931-23082019093659-GenNb0": {"x": -7.9165, "y": 25.849418000000007, "fAckley": 20.216084497621072, "ChiSquared": null},"Point T2-914-23082019093659-GenNb0": {"x": 3.2783379999999998, "y": 5.002113999999999, "fAckley": 12.625053289363102, "ChiSquared": null},"Point T2-379-23082019093659-GenNb0": {"x": -6.943847999999999, "y": -6.6724, "fAckley": 16.329928586572695, "ChiSquared": null},"Point T2-110-23082019093700-GenNb0": {"x": -40.201514, "y": -27.8799, "fAckley": 21.026121358945552, "ChiSquared": null},"Point T2-703-23082019093700-GenNb0": {"x": -21.945896, "y": 37.055414, "fAckley": 20.109468974719647, "ChiSquared": null},"Point T2-807-23082019093701-GenNb0": {"x": 2.0077079999999987, "y": 16.419078, "fAckley": 19.72571835738062, "ChiSquared": null},"Point T2-223-23082019093701-GenNb0": {"x": 8.185865999999999, "y": 10.6956, "fAckley": 18.712205324882017, "ChiSquared": null},"Point T2-886-23082019093701-GenNb0": {"x": 49.104204, "y": 19.593284, "fAckley": 21.726703998581606, "ChiSquared": null}}