{"Point T0-763-23082019093656-GenNb0": {"x": -19.351315999999997, "y": 29.6467, "fAckley": 22.03531841545098, "ChiSquared": null},"Point T0-77-23082019093656-GenNb0": {"x": -8.933092000000002, "y": -11.4901, "fAckley": 19.2064491542383, "ChiSquared": null},"Point T0-275-23082019093657-GenNb0": {"x": 33.93785, "y": -6.117324, "fAckley": 20.266700207546684, "ChiSquared": null},"Point T0-68-23082019093657-GenNb0": {"x": -12.378542000000001, "y": 8.6665, "fAckley": 19.81571295909789, "ChiSquared": null},"Point T0-602-23082019093657-GenNb0": {"x": -8.648484, "y": 5.7780140000000015, "fAckley": 17.313605349035555, "ChiSquared": null},"Point T0-873-23082019093657-GenNb0": {"x": -1.8105, "y": -3.9453520000000015, "fAckley": 9.965856867002149, "ChiSquared": null},"Point T0-455-23082019093658-GenNb0": {"x": 10.689766000000002, "y": 0.0084, "fAckley": 16.93820480584867, "ChiSquared": null},"Point T0-953-23082019093658-GenNb0": {"x": 11.786202000000001, "y": -1.3493, "fAckley": 18.146440755407777, "ChiSquared": null},"Point T0-494-23082019093658-GenNb0": {"x": -4.451134, "y": -5.4905, "fAckley": 14.980696695012517, "ChiSquared": null},"Point T0-524-23082019093658-GenNb0": {"x": 14.1117, "y": -51.87288, "fAckley": 20.631882688903158, "ChiSquared": null},"Point T0-225-23082019093659-GenNb0": {"x": -23.8608, "y": -4.826733999999999, "fAckley": 20.341208829909714, "ChiSquared": null},"Point T0-714-23082019093659-GenNb0": {"x": -8.4065, "y": 10.004797999999997, "fAckley": 18.480217363499822, "ChiSquared": null},"Point T0-125-23082019093659-GenNb0": {"x": 10.941422, "y": -21.884538, "fAckley": 19.77203309772158, "ChiSquared": null},"Point T0-656-23082019093659-GenNb0": {"x": -28.7612, "y": 0.620832, "fAckley": 21.655486255091624, "ChiSquared": null},"Point T0-676-23082019093659-GenNb0": {"x": -0.672416000000001, "y": -25.0458, "fAckley": 20.86198975798153, "ChiSquared": null},"Point T0-376-23082019093700-GenNb0": {"x": 0.6526699999999996, "y": 22.6131, "fAckley": 21.388734472208707, "ChiSquared": null},"Point T0-53-23082019093700-GenNb0": {"x": -0.8467579999999995, "y": 20.3453, "fAckley": 20.59152797395093, "ChiSquared": null},"Point T0-929-23082019093700-GenNb0": {"x": -13.842106000000005, "y": 2.584439999999999, "fAckley": 19.134160761471016, "ChiSquared": null},"Point T0-996-23082019093700-GenNb0": {"x": 15.933991999999998, "y": -10.4937, "fAckley": 20.41285660518007, "ChiSquared": null},"Point T0-890-23082019093701-GenNb0": {"x": -8.085336, "y": -42.90861, "fAckley": 20.337858543825845, "ChiSquared": null},"Point T0-256-23082019093701-GenNb0": {"x": 11.9721, "y": 15.27695, "fAckley": 19.929232369479934, "ChiSquared": null}}