{"Point T7-432-23082019093656-GenNb0": {"x": -18.88263, "y": 28.7606, "fAckley": 21.067289485812267, "ChiSquared": null},"Point T7-368-23082019093656-GenNb0": {"x": 18.309506, "y": -16.4794, "fAckley": 21.59699980258922, "ChiSquared": null},"Point T7-505-23082019093656-GenNb0": {"x": 38.881312, "y": -5.4868, "fAckley": 21.763547063131394, "ChiSquared": null},"Point T7-300-23082019093657-GenNb0": {"x": -20.0145, "y": 1.8714079999999989, "fAckley": 19.2287820831984, "ChiSquared": null},"Point T7-172-23082019093657-GenNb0": {"x": 12.812564000000002, "y": -26.79988, "fAckley": 21.00570576247153, "ChiSquared": null},"Point T7-489-23082019093657-GenNb0": {"x": -14.518, "y": 1.6121560000000006, "fAckley": 19.76814758085414, "ChiSquared": null},"Point T7-139-23082019093658-GenNb0": {"x": -19.9981, "y": -11.722778, "fAckley": 20.45024249892299, "ChiSquared": null},"Point T7-411-23082019093658-GenNb0": {"x": 4.7383880000000005, "y": 1.8875, "fAckley": 11.585824949983392, "ChiSquared": null},"Point T7-214-23082019093658-GenNb0": {"x": 2.293129999999998, "y": 10.7026, "fAckley": 17.709161407922522, "ChiSquared": null},"Point T7-28-23082019093658-GenNb0": {"x": 10.5287, "y": 0.3469539999999993, "fAckley": 17.750559456693445, "ChiSquared": null},"Point T7-825-23082019093659-GenNb0": {"x": 13.130794, "y": 16.842896000000003, "fAckley": 19.891009263731053, "ChiSquared": null},"Point T7-427-23082019093659-GenNb0": {"x": -5.980512000000001, "y": 12.6886, "fAckley": 18.606433566047187, "ChiSquared": null},"Point T7-77-23082019093700-GenNb0": {"x": 8.4001, "y": -1.1684320000000004, "fAckley": 15.83816632474689, "ChiSquared": null},"Point T7-395-23082019093700-GenNb0": {"x": -56.863438, "y": -14.1153, "fAckley": 20.696684946580675, "ChiSquared": null},"Point T7-938-23082019093700-GenNb0": {"x": -13.063043999999998, "y": 12.040207999999996, "fAckley": 18.522953544475364, "ChiSquared": null},"Point T7-231-23082019093701-GenNb0": {"x": 32.04654, "y": -12.6587, "fAckley": 21.33474655215, "ChiSquared": null},"Point T7-392-23082019093701-GenNb0": {"x": 16.3197, "y": -5.1059139999999985, "fAckley": 19.738036692538838, "ChiSquared": null}}