{"Point T5-956-23082019093656-GenNb0": {"x": 24.9974, "y": 24.794662, "fAckley": 20.687231431796096, "ChiSquared": null},"Point T5-407-23082019093656-GenNb0": {"x": -8.9003, "y": -8.179269999999999, "fAckley": 17.240105103877625, "ChiSquared": null},"Point T5-734-23082019093656-GenNb0": {"x": -37.633712, "y": 24.9633, "fAckley": 21.519179650559916, "ChiSquared": null},"Point T5-284-23082019093656-GenNb0": {"x": 22.536646, "y": -2.824181999999997, "fAckley": 21.143402744064687, "ChiSquared": null},"Point T5-801-23082019093657-GenNb0": {"x": 11.652508000000001, "y": -27.9589, "fAckley": 21.225983930111184, "ChiSquared": null},"Point T5-322-23082019093657-GenNb0": {"x": 18.104945999999998, "y": -17.479156, "fAckley": 21.24456172186496, "ChiSquared": null},"Point T5-118-23082019093657-GenNb0": {"x": -12.6368, "y": -8.261988000000002, "fAckley": 19.658931830874682, "ChiSquared": null},"Point T5-574-23082019093657-GenNb0": {"x": 27.3887, "y": -1.875198000000001, "fAckley": 21.334502597579167, "ChiSquared": null},"Point T5-264-23082019093657-GenNb0": {"x": 27.926574000000002, "y": -28.1449, "fAckley": 20.518459382509697, "ChiSquared": null},"Point T5-441-23082019093658-GenNb0": {"x": -13.7234, "y": -5.788461999999999, "fAckley": 19.247529660679557, "ChiSquared": null},"Point T5-962-23082019093658-GenNb0": {"x": -14.889838000000001, "y": -7.9811, "fAckley": 18.469852477513097, "ChiSquared": null},"Point T5-340-23082019093658-GenNb0": {"x": -1.5730180000000007, "y": -12.0868, "fAckley": 18.170966641714028, "ChiSquared": null},"Point T5-481-23082019093658-GenNb0": {"x": -24.6369, "y": 7.940318000000001, "fAckley": 21.05473756435816, "ChiSquared": null},"Point T5-707-23082019093659-GenNb0": {"x": -6.355013999999999, "y": 7.3194, "fAckley": 17.044491992724932, "ChiSquared": null},"Point T5-387-23082019093659-GenNb0": {"x": -16.938809999999997, "y": 23.9933, "fAckley": 19.784422791547932, "ChiSquared": null},"Point T5-993-23082019093659-GenNb0": {"x": -16.3682, "y": 0.34586000000000183, "fAckley": 20.20641844922395, "ChiSquared": null},"Point T5-784-23082019093700-GenNb0": {"x": 6.191498000000003, "y": -6.4804, "fAckley": 16.35902799925403, "ChiSquared": null},"Point T5-451-23082019093700-GenNb0": {"x": 3.915773999999998, "y": 0.5245479999999993, "fAckley": 10.340025278945038, "ChiSquared": null},"Point T5-454-23082019093701-GenNb0": {"x": 1.6461, "y": -9.345676000000001, "fAckley": 16.935688190195307, "ChiSquared": null},"Point T5-138-23082019093701-GenNb0": {"x": -10.200534000000001, "y": 23.7537, "fAckley": 21.02268498284674, "ChiSquared": null},"Point T5-660-23082019093701-GenNb0": {"x": 9.926914, "y": -2.8443, "fAckley": 16.005527240550066, "ChiSquared": null}}