{"Point T1-759-26072019140814": {"Lambda": 0.6651695092751956, "Kappa": 0.046945014118172076, "tanBeta": 4.3695466729760275, "mBottom": 4.282155739516507, "ChiSquared": null, "LogL": null, "testCalc": 2.788656776080529, "extTest": {"res1": 181.81998881519172, "res2": 33058.50833275644}}}