{"Point T2-684-26072019140817": {"Lambda": 0.7511420161224508, "Kappa": 0.22896723837597424, "tanBeta": 4.379426844201116, "mBottom": 4.291838307317093, "ChiSquared": null, "LogL": null, "testCalc": 3.7128787522293845, "extTest": {"res1": 171.05652419148456, "res2": 29260.33446847194}}}