{"Point T0-410-18072019131134-GenNb0": {"Lambda": 0.0091, "Kappa": 0.67655, "tanBeta": 8.95646875, "mBottom": 8.777339375, "ChiSquared": null, "testCalc": 10.448251430312501},"Point T0-591-18072019131135-GenNb1": {"Lambda": 0.75785, "Kappa": 0.8327, "tanBeta": 8.834328125000003, "mBottom": 8.657641562500002, "ChiSquared": null, "testCalc": 12.259502433437504},"Point T0-224-18072019131135-GenNb1": {"Lambda": 0.0091, "Kappa": 0.67655, "tanBeta": 8.3058875, "mBottom": 8.139769750000001, "ChiSquared": null, "testCalc": 9.689315873125},"Point T0-6-18072019131136-GenNb2": {"Lambda": 0.6564, "Kappa": 0.1907, "tanBeta": 8.082171875000002, "mBottom": 7.920528437500002, "ChiSquared": null, "testCalc": 5.932395355312501},"Point T0-529-18072019131138-GenNb3": {"Lambda": 0.218, "Kappa": 0.5961000000000001, "tanBeta": 9.3428296875, "mBottom": 9.15597309375, "ChiSquared": null, "testCalc": 10.19477132359375},"Point T0-335-18072019131139-GenNb4": {"Lambda": 0.75785, "Kappa": 0.8327, "tanBeta": 8.600642968750002, "mBottom": 8.428630109375002, "ChiSquared": null, "testCalc": 11.950407077265627},"Point T0-708-18072019131140-GenNb5": {"Lambda": 0.75785, "Kappa": 0.8327, "tanBeta": 8.046651953125, "mBottom": 7.8857189140625, "ChiSquared": null, "testCalc": 11.217643160898437},"Point T0-870-18072019131140-GenNb5": {"Lambda": 0.218, "Kappa": 0.35555, "tanBeta": 8.046651953125, "mBottom": 7.8857189140625, "ChiSquared": null, "testCalc": 6.8513705589648435},"Point T0-971-18072019131142-GenNb7": {"Lambda": 0.6564, "Kappa": 0.1907, "tanBeta": 7.952554101562502, "mBottom": 7.793503019531252, "ChiSquared": null, "testCalc": 5.844164536933595},"Point T0-501-18072019131144-GenNb8": {"Lambda": 0.0091, "Kappa": 0.67655, "tanBeta": 7.999603027343751, "mBottom": 7.839610966796876, "ChiSquared": null, "testCalc": 9.332019721547852},"Point T0-882-18072019131144-GenNb8": {"Lambda": 0.218, "Kappa": 0.35555, "tanBeta": 7.9170341796875, "mBottom": 7.758693496093749, "ChiSquared": null, "testCalc": 6.7417722506347655},"Point T0-290-18072019131145-GenNb10": {"Lambda": 0.6564, "Kappa": 0.1907, "tanBeta": 7.8699852539062505, "mBottom": 7.712585548828125, "ChiSquared": null, "testCalc": 5.787959922333984},"Point T0-202-18072019131146-GenNb10": {"Lambda": 0.75785, "Kappa": 0.8327, "tanBeta": 8.017362988281253, "mBottom": 7.857015728515628, "ChiSquared": null, "testCalc": 11.178902647099612},"Point T0-170-18072019131148-GenNb12": {"Lambda": 0.75785, "Kappa": 0.8327, "tanBeta": 7.976078564453126, "mBottom": 7.816556993164063, "ChiSquared": null, "testCalc": 11.124295739702148},"Point T0-980-18072019131149-GenNb13": {"Lambda": 0.75785, "Kappa": 0.27747499999999997, "tanBeta": 7.9287964111328115, "mBottom": 7.7702204829101555, "ChiSquared": null, "testCalc": 6.659489648134155},"Point T0-715-18072019131150-GenNb14": {"Lambda": 0.0091, "Kappa": 0.67655, "tanBeta": 7.976078564453126, "mBottom": 7.816556993164063, "ChiSquared": null, "testCalc": 9.304577259362794},"Point T0-451-18072019131150-GenNb14": {"Lambda": 0.218, "Kappa": 0.35555, "tanBeta": 7.887511987304686, "mBottom": 7.729761747558592, "ChiSquared": null, "testCalc": 6.716809760865477},"Point T0-55-18072019131151-GenNb15": {"Lambda": -0.15637500000000001, "Kappa": 0.27747499999999997, "tanBeta": 7.911153063964843, "mBottom": 7.752930002685546, "ChiSquared": null, "testCalc": 6.096065338391417},"Point T0-883-18072019131153-GenNb16": {"Lambda": -0.15637500000000001, "Kappa": 0.27747499999999997, "tanBeta": 7.86692808227539, "mBottom": 7.709589520629882, "ChiSquared": null, "testCalc": 6.062123770569304},"Point T0-34-18072019131154-GenNb17": {"Lambda": 0.0091, "Kappa": 0.5204, "tanBeta": 7.919974737548827, "mBottom": 7.761575242797851, "ChiSquared": null, "testCalc": 8.002425284819335},"Point T0-195-18072019131156-GenNb19": {"Lambda": -0.1883875, "Kappa": 0.5204, "tanBeta": 7.885983401489256, "mBottom": 7.72826373345947, "ChiSquared": null, "testCalc": 8.003487479020993},"Point T0-618-18072019131157-GenNb19": {"Lambda": 0.218, "Kappa": 0.35989999999999994, "tanBeta": 7.8756914489746075, "mBottom": 7.7181776199951155, "ChiSquared": null, "testCalc": 6.741074162483519},"Point T0-391-18072019131159-GenNb21": {"Lambda": 0.218, "Kappa": 0.35989999999999994, "tanBeta": 7.860457594299318, "mBottom": 7.703248442413331, "ChiSquared": null, "testCalc": 6.728126909394989},"Point T0-161-18072019131203-GenNb25": {"Lambda": -0.1883875, "Kappa": 0.5204, "tanBeta": 7.86845666809082, "mBottom": 7.711087534729003, "ChiSquared": null, "testCalc": 7.985778467595214},"Point T0-647-18072019131203-GenNb26": {"Lambda": 0.6564, "Kappa": 0.1907, "tanBeta": 7.866163789367675, "mBottom": 7.708840513580321, "ChiSquared": null, "testCalc": 5.785358651422576},"Point T0-431-18072019131206-GenNb28": {"Lambda": 0.6564, "Kappa": 0.1907, "tanBeta": 7.861604033660891, "mBottom": 7.704371952987673, "ChiSquared": null, "testCalc": 5.782254825712968}}