{"Point T1-109-18072019131133-GenNb0": {"Lambda": 0.0928, "Kappa": 0.9634, "tanBeta": 9.5588921875, "mBottom": 9.36771434375, "ChiSquared": null, "testCalc": 13.901505745312502},"Point T1-595-18072019131135-GenNb1": {"Lambda": 0.3382, "Kappa": 0.028624999999999973, "tanBeta": 9.155176562500001, "mBottom": 8.972073031250002, "ChiSquared": null, "testCalc": 4.862482684726563},"Point T1-787-18072019131135-GenNb2": {"Lambda": 0.0928, "Kappa": 0.9634, "tanBeta": 9.44793203125, "mBottom": 9.258973390625, "ChiSquared": null, "testCalc": 13.74023625421875},"Point T1-16-18072019131136-GenNb2": {"Lambda": 0.37925, "Kappa": -0.16615, "tanBeta": 8.638979687500001, "mBottom": 8.46620009375, "ChiSquared": null, "testCalc": 2.941564134296875},"Point T1-520-18072019131136-GenNb3": {"Lambda": 0.461125, "Kappa": 0.028624999999999973, "tanBeta": 8.335432421875002, "mBottom": 8.1687237734375, "ChiSquared": null, "testCalc": 4.535599905419922},"Point T1-347-18072019131137-GenNb3": {"Lambda": 0.37925, "Kappa": -0.16615, "tanBeta": 8.492601953125002, "mBottom": 8.322749914062502, "ChiSquared": null, "testCalc": 2.894159705019532},"Point T1-83-18072019131138-GenNb4": {"Lambda": 0.37925, "Kappa": -0.16615, "tanBeta": 7.936352148437503, "mBottom": 7.777625105468752, "ChiSquared": null, "testCalc": 2.714018205771485},"Point T1-714-18072019131139-GenNb5": {"Lambda": 0.37925, "Kappa": -0.16615, "tanBeta": 7.5796424804687526, "mBottom": 7.428049630859378, "ChiSquared": null, "testCalc": 2.5984977797998052},"Point T1-182-18072019131140-GenNb6": {"Lambda": 0.19508749999999997, "Kappa": 0.30123750000000005, "tanBeta": 8.135892285156253, "mBottom": 7.973174439453127, "ChiSquared": null, "testCalc": 6.47548220463257},"Point T1-64-18072019131143-GenNb8": {"Lambda": 0.37925, "Kappa": -0.16615, "tanBeta": 7.505294775390628, "mBottom": 7.3551888798828156, "ChiSquared": null, "testCalc": 2.5744202755102545},"Point T1-414-18072019131143-GenNb9": {"Lambda": 0.19508749999999997, "Kappa": 0.30123750000000005, "tanBeta": 7.152822167968754, "mBottom": 7.0097657246093785, "ChiSquared": null, "testCalc": 5.697640262784427},"Point T1-177-18072019131145-GenNb11": {"Lambda": 0.0928, "Kappa": 0.9634, "tanBeta": 7.693282568359378, "mBottom": 7.539416916992191, "ChiSquared": null, "testCalc": 11.19002872485352},"Point T1-337-18072019131147-GenNb13": {"Lambda": 0.34851875, "Kappa": 0.5975, "tanBeta": 6.661287109375005, "mBottom": 6.5280613671875045, "ChiSquared": null, "testCalc": 7.3656150505468805},"Point T1-946-18072019131149-GenNb14": {"Lambda": 0.19508749999999997, "Kappa": 0.30123750000000005, "tanBeta": 6.636824438476568, "mBottom": 6.504087949707037, "ChiSquared": null, "testCalc": 5.289363509295354},"Point T1-377-18072019131149-GenNb14": {"Lambda": 0.20529375, "Kappa": -0.16615, "tanBeta": 6.75528100585938, "mBottom": 6.620175385742192, "ChiSquared": null, "testCalc": 2.2298432775366224},"Point T1-707-18072019131150-GenNb15": {"Lambda": 0.0928, "Kappa": 0.9634, "tanBeta": 6.1330580444336, "mBottom": 6.010396883544928, "ChiSquared": null, "testCalc": 8.922398401779795},"Point T1-465-18072019131151-GenNb16": {"Lambda": 0.20529375, "Kappa": -0.16615, "tanBeta": 6.372709906005865, "mBottom": 6.245255707885748, "ChiSquared": null, "testCalc": 2.105947626849062},"Point T1-433-18072019131152-GenNb17": {"Lambda": 0.19508749999999997, "Kappa": 0.30123750000000005, "tanBeta": 6.409403912353521, "mBottom": 6.28121583410645, "ChiSquared": null, "testCalc": 5.109419860757069},"Point T1-752-18072019131153-GenNb18": {"Lambda": 0.0928, "Kappa": 0.9634, "tanBeta": 6.114711041259772, "mBottom": 5.992416820434577, "ChiSquared": null, "testCalc": 8.895732867366952},"Point T1-827-18072019131155-GenNb20": {"Lambda": 0.19508749999999997, "Kappa": 0.30123750000000005, "tanBeta": 6.280404479980474, "mBottom": 6.154796390380865, "ChiSquared": null, "testCalc": 5.007350672384801},"Point T1-770-18072019131157-GenNb21": {"Lambda": 0.12347499999999997, "Kappa": -0.16615, "tanBeta": 6.136115878295904, "mBottom": 6.013393560729986, "ChiSquared": null, "testCalc": 2.0024272028111287},"Point T1-70-18072019131157-GenNb22": {"Lambda": 0.34851875, "Kappa": 0.5975, "tanBeta": 6.377296656799323, "mBottom": 6.249750723663336, "ChiSquared": null, "testCalc": 7.056775433370826},"Point T1-421-18072019131159-GenNb24": {"Lambda": 0.34851875, "Kappa": 0.81526875, "tanBeta": 6.066264952850348, "mBottom": 5.944939653793341, "ChiSquared": null, "testCalc": 8.039571391277345},"Point T1-829-18072019131159-GenNb24": {"Lambda": -0.004384375000000024, "Kappa": 0.9634, "tanBeta": 6.004823070526129, "mBottom": 5.8847266091156065, "ChiSquared": null, "testCalc": 8.727429073446817},"Point T1-688-18072019131205-GenNb29": {"Lambda": 0.12347499999999997, "Kappa": 1.14635, "tanBeta": 5.928474248123176, "mBottom": 5.809904763160712, "ChiSquared": null, "testCalc": 9.716304911541359}}