{"Point T0-702-19082019082016": {"x": -5.999150616704796, "y": -17.996885274303096, "fAckley": 18.63288583858448, "ChiSquared": null}}