{"Point T0-684-19082019083928-GenNb0": {"x": 3.9884760000000004, "y": 24.410919999999997, "fAckley": 21.035259156011243, "ChiSquared": null},"Point T0-386-19082019083928-GenNb0": {"x": -6.9909, "y": 15.847376000000002, "fAckley": 18.796208441784824, "ChiSquared": null},"Point T0-477-19082019083929-GenNb0": {"x": 23.725782, "y": 32.90557, "fAckley": 21.250598157014096, "ChiSquared": null},"Point T0-542-19082019083929-GenNb0": {"x": 5.930825999999999, "y": 27.6478, "fAckley": 21.185023389000214, "ChiSquared": null},"Point T0-429-19082019083930-GenNb0": {"x": 13.9092, "y": -5.044138, "fAckley": 17.78669000627705, "ChiSquared": null},"Point T0-661-19082019083930-GenNb0": {"x": 2.750274000000001, "y": -28.060185999999998, "fAckley": 20.75443256317095, "ChiSquared": null},"Point T0-106-19082019083931-GenNb1": {"x": -1.9242181200000008, "y": 17.5957, "fAckley": 20.04929453368996, "ChiSquared": null},"Point T0-388-19082019083932-GenNb1": {"x": -8.44881012, "y": -5.044138, "fAckley": 16.738118291120852, "ChiSquared": null},"Point T0-566-19082019083932-GenNb1": {"x": 5.587331999999996, "y": -10.2098, "fAckley": 18.122110396671882, "ChiSquared": null},"Point T0-165-19082019083932-GenNb2": {"x": 12.879444959999997, "y": 1.8161248000000008, "fAckley": 17.78055434838367, "ChiSquared": null},"Point T0-941-19082019083933-GenNb2": {"x": 4.577811839999999, "y": 0.5623310000000004, "fAckley": 11.895881198344105, "ChiSquared": null},"Point T0-57-19082019083933-GenNb2": {"x": 7.934603119200001, "y": -21.4258, "fAckley": 20.916245314846474, "ChiSquared": null},"Point T0-331-19082019083934-GenNb2": {"x": 13.252329799199998, "y": 21.001583079999996, "fAckley": 20.48485242860699, "ChiSquared": null},"Point T0-467-19082019083934-GenNb2": {"x": -8.44881012, "y": -2.421520160000001, "fAckley": 16.547042945937978, "ChiSquared": null},"Point T0-416-19082019083935-GenNb2": {"x": 2.750274000000001, "y": 9.468626919999997, "fAckley": 17.145734096636314, "ChiSquared": null},"Point T0-924-19082019083935-GenNb3": {"x": 5.930825999999999, "y": -4.331644692800002, "fAckley": 14.408150865856738, "ChiSquared": null},"Point T0-73-19082019083936-GenNb3": {"x": 13.252329799199998, "y": -6.471514, "fAckley": 19.626913342275593, "ChiSquared": null},"Point T0-692-19082019083936-GenNb3": {"x": -6.233327875727998, "y": -2.421520160000001, "fAckley": 14.271879769390214, "ChiSquared": null},"Point T0-462-19082019083938-GenNb4": {"x": -1.9242181200000008, "y": 19.883146552, "fAckley": 19.27170813465339, "ChiSquared": null},"Point T0-579-19082019083938-GenNb4": {"x": 7.934603119200001, "y": -12.942013167199999, "fAckley": 17.858026522315203, "ChiSquared": null},"Point T0-999-19082019083939-GenNb4": {"x": 12.747397672800002, "y": -13.488689631999998, "fAckley": 20.666635743052556, "ChiSquared": null},"Point T0-803-19082019083939-GenNb4": {"x": -6.233327875727998, "y": 3.977492919999997, "fAckley": 13.960832191285116, "ChiSquared": null},"Point T0-379-19082019083940-GenNb4": {"x": 2.750274000000001, "y": 7.964891000000001, "fAckley": 15.013722098200335, "ChiSquared": null},"Point T0-741-19082019083940-GenNb5": {"x": 3.028612901327996, "y": 2.365591690352, "fAckley": 9.930418492754216, "ChiSquared": null},"Point T0-296-19082019083941-GenNb5": {"x": 1.4974390986719994, "y": 6.084589801647999, "fAckley": 13.540210745995216, "ChiSquared": null},"Point T0-350-19082019083941-GenNb5": {"x": -0.6672756240480018, "y": -6.471514, "fAckley": 14.271454108148664, "ChiSquared": null},"Point T0-226-19082019083942-GenNb5": {"x": 6.11697758681952, "y": -10.2098, "fAckley": 17.360767532923788, "ChiSquared": null},"Point T0-189-19082019083942-GenNb5": {"x": 2.750274000000001, "y": -4.575822481647998, "fAckley": 12.676372952956498, "ChiSquared": null},"Point T0-9-19082019083943-GenNb6": {"x": 3.028612901327996, "y": -0.4378820671999972, "fAckley": 8.71402678289144, "ChiSquared": null},"Point T0-375-19082019083944-GenNb6": {"x": 8.632791311052477, "y": -13.488689631999998, "fAckley": 20.207238883357736, "ChiSquared": null},"Point T0-58-19082019083944-GenNb6": {"x": 6.11697758681952, "y": -5.201661122912318, "fAckley": 14.610637474744475, "ChiSquared": null},"Point T0-930-19082019083945-GenNb7": {"x": 3.028612901327996, "y": 0.4002208316778728, "fAckley": 8.643612309516467, "ChiSquared": null},"Point T0-700-19082019083945-GenNb7": {"x": 7.934603119200001, "y": -11.995226959439677, "fAckley": 17.494987367473936, "ChiSquared": null},"Point T0-561-19082019083946-GenNb8": {"x": 10.438274684143678, "y": 1.8161248000000008, "fAckley": 17.47816665580427, "ChiSquared": null},"Point T0-387-19082019083948-GenNb8": {"x": 6.417309066780476, "y": -5.200701378769811, "fAckley": 15.744901369773663, "ChiSquared": null},"Point T0-230-19082019083948-GenNb8": {"x": -6.233327875727998, "y": -1.7586355805603193, "fAckley": 13.632829709604113, "ChiSquared": null},"Point T0-610-19082019083949-GenNb8": {"x": 1.3215622830048002, "y": -5.201661122912318, "fAckley": 12.421102096009216, "ChiSquared": null},"Point T0-976-19082019083949-GenNb8": {"x": 0.4224792507235229, "y": -4.575822481647998, "fAckley": 11.863794352102742, "ChiSquared": null},"Point T0-789-19082019083949-GenNb9": {"x": -1.4392183447516613, "y": 1.8161248000000008, "fAckley": 7.537445217411046, "ChiSquared": null},"Point T0-15-19082019083951-GenNb9": {"x": 0.34329908570495604, "y": 6.084589801647999, "fAckley": 13.10378246575149, "ChiSquared": null},"Point T0-469-19082019083951-GenNb9": {"x": -6.826722677033641, "y": -5.200701378769811, "fAckley": 15.307805106807294, "ChiSquared": null},"Point T0-690-19082019083951-GenNb9": {"x": -0.6672756240480018, "y": 4.314014520180284, "fAckley": 11.289411044928592, "ChiSquared": null},"Point T0-395-19082019083952-GenNb9": {"x": 0.4224792507235229, "y": -1.8397752908778688, "fAckley": 6.564291602942593, "ChiSquared": null},"Point T0-133-19082019083952-GenNb10": {"x": -0.9693339329498933, "y": 1.8161248000000008, "fAckley": 5.7711302372312545, "ChiSquared": null},"Point T0-429-19082019083953-GenNb10": {"x": 5.823391319162725, "y": -5.200701378769811, "fAckley": 14.633705997674104, "ChiSquared": null},"Point T0-790-19082019083954-GenNb10": {"x": -3.6626103865892587, "y": -2.8413595275999994, "fAckley": 11.324659295522311, "ChiSquared": null},"Point T0-888-19082019083954-GenNb10": {"x": 0.4224792507235229, "y": -1.6516428694677152, "fAckley": 6.521829103316318, "ChiSquared": null},"Point T0-141-19082019083955-GenNb11": {"x": 1.029397918783566, "y": 0.5623310000000004, "fAckley": 4.745606195440825, "ChiSquared": null},"Point T0-707-19082019083955-GenNb11": {"x": -4.586194807032021, "y": 9.264416979075754, "fAckley": 17.45982485275359, "ChiSquared": null},"Point T0-409-19082019083956-GenNb11": {"x": 2.127502793786727, "y": 0.6693237110926047, "fAckley": 7.0175806348466505, "ChiSquared": null},"Point T0-994-19082019083956-GenNb11": {"x": -6.233327875727998, "y": 2.959784477424196, "fAckley": 13.471038723725396, "ChiSquared": null},"Point T0-987-19082019083956-GenNb11": {"x": -3.6626103865892587, "y": 2.335169224657491, "fAckley": 11.300861059419816, "ChiSquared": null},"Point T0-198-19082019083957-GenNb12": {"x": 3.028612901327996, "y": 1.8614435855265654, "fAckley": 8.363661622028381, "ChiSquared": null},"Point T0-995-19082019083957-GenNb12": {"x": 0.8752198228210275, "y": 9.264416979075754, "fAckley": 15.9924644461267, "ChiSquared": null},"Point T0-132-19082019083958-GenNb12": {"x": -2.741556393526722, "y": 2.15195850052036, "fAckley": 9.201100930459662, "ChiSquared": null},"Point T0-755-19082019083959-GenNb12": {"x": -6.233327875727998, "y": 1.165544031619964, "fAckley": 13.20378706216836, "ChiSquared": null},"Point T0-552-19082019083959-GenNb12": {"x": 3.896715252957072, "y": -2.406458256567684, "fAckley": 11.27085495312319, "ChiSquared": null},"Point T0-704-19082019083959-GenNb12": {"x": 0.4224792507235229, "y": 1.6038203301852092, "fAckley": 6.467717084138073, "ChiSquared": null},"Point T0-5-19082019084000-GenNb13": {"x": -2.2653299096712773,