{"Point T6-428-26072019141943": {"Lambda": 0.9369353165018064, "Kappa": 0.2936269277201654, "tanBeta": 9.402289656493256, "mBottom": 9.214243863363391, "ChiSquared": null, "LogL": null, "testCalc": 8.245735144361241, "extTest": {"res1": -560.6841908779631, "res2": 314366.76190047624}}}