{"Point T1-814-26072019141943": {"Lambda": 0.29978145339484596, "Kappa": 0.5336585175203935, "tanBeta": 8.95722717625633, "mBottom": 8.778082632731204, "ChiSquared": null, "LogL": null, "testCalc": 9.259010812139461, "extTest": {"res1": -146.6753418543217, "res2": 21513.65590808213}}}