{"Point T3-817-26072019141942": {"Lambda": 0.033283605985730214, "Kappa": 0.4212074349440181, "tanBeta": 9.076863578067945, "mBottom": 8.895326306506586, "ChiSquared": null, "LogL": null, "testCalc": 8.272013376735487, "extTest": {"res1": -38.36342922528247, "res2": 1471.7527019232568}}}