{"Point T2-138-26072019141942": {"Lambda": 0.8802550625761197, "Kappa": 0.4627018028088018, "tanBeta": 9.125672548381866, "mBottom": 8.94315909741423, "ChiSquared": null, "LogL": null, "testCalc": 9.468893663877086, "extTest": {"res1": 645.4120408688894, "res2": 416556.702498545}}}