{"Point T7-996-26072019141942": {"Lambda": 0.049075827444425006, "Kappa": 0.3661817382546734, "tanBeta": 9.19960664865654, "mBottom": 9.015614515683408, "ChiSquared": null, "LogL": null, "testCalc": 7.878943648545361, "extTest": {"res1": -39.605228060291125, "res2": 1568.5740897076714}}}