{"Point T4-388-26072019141942": {"Lambda": 0.22438947578968252, "Kappa": 0.2931422625060264, "tanBeta": 9.157101344681621, "mBottom": 8.973959317787989, "ChiSquared": null, "LogL": null, "testCalc": 7.22166370191611, "extTest": {"res1": -39.538853871033915, "res2": 1563.3209654349737}}}