{"Point T3-635-26072019141915": {"Lambda": 0.23498620098357414, "Kappa": 0.3354257121276656, "tanBeta": 6.303599957223129, "mBottom": 6.177527958078667, "ChiSquared": null, "LogL": null, "testCalc": 5.258371998311517, "extTest": {"res1": -57.636586945773445, "res2": 3321.976154757702}}}