{"Point T7-636-26072019141914": {"Lambda": 0.08181735514521983, "Kappa": 0.8832684338558457, "tanBeta": 6.152744784314401, "mBottom": 6.029689888628113, "ChiSquared": null, "LogL": null, "testCalc": 8.45606427347312, "extTest": {"res1": -51.71633238873394, "res2": 2674.579035742011}}}