{"Point T4-438-26072019141915": {"Lambda": 0.4776816417798789, "Kappa": 0.743639652708179, "tanBeta": 6.18015374615956, "mBottom": 6.056550671236368, "ChiSquared": null, "LogL": null, "testCalc": 7.852262471988951, "extTest": {"res1": -56.16298729271354, "res2": 3154.2811416415025}}}