{"Point T5-976-26072019141914": {"Lambda": 0.992280260723511, "Kappa": 0.3294560805820756, "tanBeta": 6.3222593817904125, "mBottom": 6.195814194154604, "ChiSquared": null, "LogL": null, "testCalc": 6.165434009246747, "extTest": {"res1": -57.41896018610804, "res2": 3296.93698885386}}}