{"Point T2-524-26072019141913": {"Lambda": 0.03485541422161701, "Kappa": 0.4819632713882744, "tanBeta": 6.248365580846224, "mBottom": 6.123398269229299, "ChiSquared": null, "LogL": null, "testCalc": 6.074396750689751, "extTest": {"res1": -56.40346011221647, "res2": 3181.3503126303945}}}