{"Point T6-266-26072019141914": {"Lambda": 0.05139341856700885, "Kappa": 0.419000553765922, "tanBeta": 6.332859918670826, "mBottom": 6.206202720297409, "ChiSquared": null, "LogL": null, "testCalc": 5.759214456465796, "extTest": {"res1": -58.0730180246824, "res2": 3372.4754224950866}}}