{"Point T4-348-24092019110700-GenNb14": {"x": 0.01980570981548463, "y": -0.3001942068829544, "fAckley": 2.1449411638939044, "ChiSquared": null}, "Point T4-962-24092019110700-GenNb14": {"x": 2.3404634240582385, "y": 0.22789339929053065, "fAckley": 7.557723844623423, "ChiSquared": null}, "Point T4-8-24092019110700-GenNb14": {"x": -2.4140498641411563, "y": 0.21192069084317522, "fAckley": 7.78822904433237, "ChiSquared": null}, "Point T4-470-24092019110700-GenNb14": {"x": 0.2114801842222758, "y": -1.29662021106019, "fAckley": 5.133610490028971, "ChiSquared": null}, "Point T4-517-24092019110657-GenNb12": {"x": 0.08988255428920672, "y": 1.0266163030985556, "fAckley": 2.9329094013307118, "ChiSquared": null}, "Point T4-16-24092019110700-GenNb14": {"x": 0.3137240125605268, "y": 1.4622806905865615, "fAckley": 6.024798659790086, "ChiSquared": null}, "Point T4-933-24092019110657-GenNb11": {"x": 0.16734000000000293, "y": 0.26141846698111426, "fAckley": 2.340660288421326, "ChiSquared": null}, "Point T4-309-24092019110659-GenNb13": {"x": -0.1451863088639968, "y": -2.3972898419684654, "fAckley": 7.567100923766015, "ChiSquared": null}, "Point T4-290-24092019110701-GenNb14": {"x": -1.2058256056743204, "y": 1.5985565564578703, "fAckley": 6.887258481640302, "ChiSquared": null}, "Point T4-166-24092019110700-GenNb13": {"x": 0.8147903696303658, "y": -0.009053305071999862, "fAckley": 2.887120356995436, "ChiSquared": null}}