{"Point T2-109-24092019110703-GenNb17": {"x": -0.1027955648403096, "y": -0.9639592832109642, "fAckley": 2.8539079264976235, "ChiSquared": null}, "Point T2-104-24092019110703-GenNb17": {"x": -0.28739723664861905, "y": 0.7018268094622434, "fAckley": 3.985448980347553, "ChiSquared": null}, "Point T2-416-24092019110706-GenNb19": {"x": 0.06081326038140822, "y": 0.986956593967323, "fAckley": 2.7107455356321144, "ChiSquared": null}, "Point T2-156-24092019110658-GenNb13": {"x": 0.36829799923007833, "y": -0.4703009279656311, "fAckley": 3.902253317171376, "ChiSquared": null}, "Point T2-172-24092019110707-GenNb19": {"x": -0.02332226338848653, "y": -0.26500322041124247, "fAckley": 1.8922261737798256, "ChiSquared": null}, "Point T2-714-24092019110704-GenNb17": {"x": 0.2690220793731437, "y": 0.4107870396735641, "fAckley": 3.4431545577255425, "ChiSquared": null}, "Point T2-235-24092019110706-GenNb18": {"x": 0.8522111797694989, "y": -0.02230541199999836, "fAckley": 2.776326981384845, "ChiSquared": null}, "Point T2-185-24092019110651-GenNb6": {"x": 0.9116905200000032, "y": -0.8273580480640012, "fAckley": 3.982177717679399, "ChiSquared": null}, "Point T2-389-24092019110707-GenNb19": {"x": -1.25760385404433, "y": -0.588513409221886, "fAckley": 5.645430907191852, "ChiSquared": null}, "Point T2-617-24092019110707-GenNb19": {"x": 0.7455380628342743, "y": -1.0853659178952264, "fAckley": 4.6008840625662835, "ChiSquared": null}}