{"Point T5-650-24092019110659-GenNb13": {"x": -0.9213754771347186, "y": 1.720603296700365, "fAckley": 6.125572445564455, "ChiSquared": null}, "Point T5-116-24092019110659-GenNb13": {"x": -0.6574384689396218, "y": -1.2418991737362712, "fAckley": 5.543343624133787, "ChiSquared": null}, "Point T5-454-24092019110653-GenNb8": {"x": -0.953650949599997, "y": 6.1487089444543965, "fAckley": 12.2492472616182, "ChiSquared": null}, "Point T5-238-24092019110653-GenNb8": {"x": -0.3527062638079994, "y": -0.7457351200000009, "fAckley": 4.190168355958569, "ChiSquared": null}, "Point T5-436-24092019110659-GenNb13": {"x": -0.26021482230920845, "y": 0.12398740618240134, "fAckley": 2.1348959967724785, "ChiSquared": null}, "Point T5-462-24092019110657-GenNb11": {"x": -2.879303462320638, "y": -3.117810597473278, "fAckley": 9.664556797566876, "ChiSquared": null}, "Point T5-476-24092019110654-GenNb9": {"x": -2.5652862382092794, "y": 1.635834666260095, "fAckley": 9.256507193118797, "ChiSquared": null}, "Point T5-601-24092019110652-GenNb7": {"x": 0.8247662800000017, "y": -0.6986956118399998, "fAckley": 4.483102153501353, "ChiSquared": null}, "Point T5-656-24092019110653-GenNb8": {"x": 1.674582716000001, "y": 1.242392190400004, "fAckley": 7.010649401735108, "ChiSquared": null}, "Point T5-460-24092019110700-GenNb13": {"x": -0.5269046892167633, "y": -4.9068738667140614, "fAckley": 11.839188916332107, "ChiSquared": null}}