{"Point T0-415-24092019110705-GenNb19": {"x": -1.3263801822937134, "y": -0.07548531707986916, "fAckley": 4.905460321852161, "ChiSquared": null}, "Point T0-199-24092019110704-GenNb18": {"x": -1.3694039671809604, "y": -0.59141672511884, "fAckley": 6.054672040631939, "ChiSquared": null}, "Point T0-497-24092019110700-GenNb15": {"x": -0.34492702786400076, "y": 0.4971374358275664, "fAckley": 3.900470958054147, "ChiSquared": null}, "Point T0-389-24092019110703-GenNb17": {"x": -0.612456472329984, "y": 0.601832984477441, "fAckley": 4.547514694253248, "ChiSquared": null}, "Point T0-324-24092019110703-GenNb17": {"x": 0.8019631158495997, "y": 0.9311982668877498, "fAckley": 4.0604534388145765, "ChiSquared": null}, "Point T0-94-24092019110701-GenNb15": {"x": -1.2334293480645333, "y": 0.12991901558400087, "fAckley": 4.452297719075638, "ChiSquared": null}, "Point T0-296-24092019110705-GenNb18": {"x": 0.39661547271932207, "y": -0.3888087716378113, "fAckley": 3.7711618016156057, "ChiSquared": null}, "Point T0-206-24092019110706-GenNb19": {"x": 0.07762328876557634, "y": 0.1532919858779042, "fAckley": 1.1292130695837206, "ChiSquared": null}, "Point T0-272-24092019110704-GenNb17": {"x": -0.5087882425667751, "y": -0.08907217148284907, "fAckley": 3.199892759496976, "ChiSquared": null}, "Point T0-978-24092019110705-GenNb18": {"x": 0.5960832260362865, "y": 0.6505033456228427, "fAckley": 4.569924938877232, "ChiSquared": null}}