{"Point T1-32-24092019110711-GenNb23": {"x": -0.43078211175494374, "y": 0.7188731793066374, "fAckley": 4.377012027308229, "ChiSquared": null}, "Point T1-227-24092019110712-GenNb24": {"x": -0.09372358901055244, "y": 0.13948294109515072, "fAckley": 1.100953752531471, "ChiSquared": null}, "Point T1-716-24092019110709-GenNb21": {"x": 0.9406625868882899, "y": -0.18358227128890325, "fAckley": 3.302463442880477, "ChiSquared": null}, "Point T1-257-24092019110709-GenNb21": {"x": -0.8923108551646781, "y": -1.021917991053117, "fAckley": 3.786602586467595, "ChiSquared": null}, "Point T1-208-24092019110713-GenNb24": {"x": -0.2956824893336562, "y": -0.1495541461352068, "fAckley": 2.4679942819531253, "ChiSquared": null}, "Point T1-615-24092019110713-GenNb24": {"x": 0.7505707741179687, "y": 0.03349485529453544, "fAckley": 3.1007690117127393, "ChiSquared": null}, "Point T1-846-24092019110712-GenNb23": {"x": 0.7359661892802785, "y": -0.45377792525066174, "fAckley": 4.42750024587054, "ChiSquared": null}, "Point T1-274-24092019110713-GenNb24": {"x": 0.5449942528856604, "y": -0.2836258993179699, "fAckley": 3.825555044158936, "ChiSquared": null}, "Point T1-805-24092019110711-GenNb22": {"x": -0.49750977701112986, "y": -0.02564711584837931, "fAckley": 3.085227335050846, "ChiSquared": null}, "Point T1-402-24092019110712-GenNb23": {"x": -1.0970072527726895, "y": -1.021917991053117, "fAckley": 4.066902495888783, "ChiSquared": null}}