{"Point T6-513-24092019110704-GenNb18": {"x": 0.07367237663325288, "y": 0.05948035937238427, "fAckley": 0.4928527646923624, "ChiSquared": null}, "Point T6-169-24092019110700-GenNb14": {"x": 0.9970795309081618, "y": 0.18343359012445193, "fAckley": 3.3698992805865555, "ChiSquared": null}, "Point T6-842-24092019110700-GenNb14": {"x": -0.41939936180416126, "y": -0.049381465881497943, "fAckley": 2.838099607266525, "ChiSquared": null}, "Point T6-545-24092019110700-GenNb14": {"x": 0.7420206305375743, "y": -1.0101277708128564, "fAckley": 4.360649559264882, "ChiSquared": null}, "Point T6-154-24092019110704-GenNb18": {"x": -0.18560692798034584, "y": -0.046923802910374235, "fAckley": 1.2879891557540266, "ChiSquared": null}, "Point T6-467-24092019110656-GenNb10": {"x": -0.540814000000001, "y": -0.049381465881497943, "fAckley": 3.2042919563430314, "ChiSquared": null}, "Point T6-843-24092019110704-GenNb18": {"x": 0.44910755645716927, "y": 0.24928295050210436, "fAckley": 3.4960963501108613, "ChiSquared": null}, "Point T6-947-24092019110703-GenNb17": {"x": 0.2990326897888855, "y": -0.09403545068518615, "fAckley": 2.283908412048913, "ChiSquared": null}, "Point T6-320-24092019110704-GenNb17": {"x": 0.33735459620416075, "y": -0.5147734902225807, "fAckley": 3.9172055643374226, "ChiSquared": null}, "Point T6-148-24092019110705-GenNb18": {"x": 1.0962515908766886, "y": 0.4138928701186673, "fAckley": 4.789654487982411, "ChiSquared": null}}