{"Point T7-566-24092019110704-GenNb19": {"x": -0.2160323888370561, "y": -0.3251102192677209, "fAckley": 2.906734685229449, "ChiSquared": null}, "Point T7-466-24092019110704-GenNb19": {"x": 1.0279508265613688, "y": -0.06724569813999781, "fAckley": 2.8482630706574423, "ChiSquared": null}, "Point T7-646-24092019110705-GenNb20": {"x": -0.09916393904482368, "y": 0.12963250956449715, "fAckley": 1.0594028982200645, "ChiSquared": null}, "Point T7-474-24092019110704-GenNb19": {"x": 0.23148124487057853, "y": 0.29449890896933406, "fAckley": 2.827016309194509, "ChiSquared": null}, "Point T7-170-24092019110701-GenNb16": {"x": 0.48083524151950385, "y": 0.6389256355076491, "fAckley": 4.415362229134445, "ChiSquared": null}, "Point T7-384-24092019110704-GenNb18": {"x": -0.08874095778254676, "y": 0.32463764142487594, "fAckley": 2.4285698801630393, "ChiSquared": null}, "Point T7-196-24092019110706-GenNb20": {"x": 0.0892917491101175, "y": -0.057790499310779286, "fAckley": 0.5799079068684887, "ChiSquared": null}, "Point T7-575-24092019110705-GenNb19": {"x": -0.553556740385561, "y": -0.9439470753662592, "fAckley": 4.588431382070933, "ChiSquared": null}, "Point T7-912-24092019110705-GenNb19": {"x": -0.7772148992079064, "y": -0.9168961706495624, "fAckley": 4.16531820323906, "ChiSquared": null}, "Point T7-936-24092019110648-GenNb4": {"x": -0.48577891443200194, "y": -0.2841239999999985, "fAckley": 3.7019276256828317, "ChiSquared": null}}