{"Point T3-283-24092019110711-GenNb23": {"x": -0.17965044395918678, "y": -0.004685175896039562, "fAckley": 1.1787160563716914, "ChiSquared": null}, "Point T3-595-24092019110711-GenNb23": {"x": -0.3972280855995956, "y": 1.1319183828870634, "fAckley": 4.898674215447933, "ChiSquared": null}, "Point T3-157-24092019110707-GenNb19": {"x": -0.45206480085264333, "y": 1.4264207145320769, "fAckley": 6.136222830488606, "ChiSquared": null}, "Point T3-996-24092019110709-GenNb21": {"x": -0.018797734120915677, "y": 0.9961285958509323, "fAckley": 2.6383113430953746, "ChiSquared": null}, "Point T3-530-24092019110712-GenNb23": {"x": -0.9267881969726184, "y": 1.7669565296965226, "fAckley": 5.98472006974875, "ChiSquared": null}, "Point T3-441-24092019110712-GenNb23": {"x": -0.17965044395918678, "y": 1.5747581156177095, "fAckley": 5.941386080902475, "ChiSquared": null}, "Point T3-671-24092019110712-GenNb23": {"x": -1.3287893913727173, "y": 1.972698631266418, "fAckley": 7.1404771693562985, "ChiSquared": null}, "Point T3-758-24092019110712-GenNb23": {"x": -0.5033908740928545, "y": 2.0729721744800003, "fAckley": 6.977047014099037, "ChiSquared": null}, "Point T3-149-24092019110712-GenNb23": {"x": -0.2363753757613245, "y": 1.1978569139106523, "fAckley": 4.6640986071046235, "ChiSquared": null}, "Point T3-503-24092019110711-GenNb22": {"x": 1.8966246730016159, "y": 2.9409591317507133, "fAckley": 8.1526297012503, "ChiSquared": null}}