{"Point T7-841-23072019112437": {"Lambda": 0.22204520639833863, "Kappa": 0.06943581056753946, "tanBeta": 5.535945821376563, "mBottom": 5.425226904949032, "ChiSquared": null, "testCalc": 3.1463104115242615, "extTest": {"res1": -36.76131135778329, "res2": 1351.3940127438868}}}