{"Point T3-850-23072019112506": {"Lambda": 0.1937970894756769, "Kappa": 0.6230030471114997, "tanBeta": 5.549236411222517, "mBottom": 5.438251682998066, "ChiSquared": null, "testCalc": 6.213874346721988, "extTest": {"res1": -18.03094097631703, "res2": 325.11483249142856}}}