{"Point T4-971-23072019112444": {"Lambda": 0.004894458006258486, "Kappa": 0.35753853197741936, "tanBeta": 5.4075326188420805, "mBottom": 5.299381966465239, "ChiSquared": null, "testCalc": 4.583116213112602, "extTest": {"res1": 236826.0941470144, "res2": 56086598868.93053}}}