{"Point T0-786-23072019112448": {"Lambda": 0.3201095823920083, "Kappa": 0.8874530525142788, "tanBeta": 5.5596448375990555, "mBottom": 5.448451940847074, "ChiSquared": null, "testCalc": 7.760619897185256, "extTest": {"res1": 39.04976537655058, "res2": 1524.8841759636487}}}