{"Point T2-847-26072019153827": {"Lambda": 0.4426, "Kappa": 0.443, "tanBeta": 22.5457, "mBottom": 22.094786, "ChiSquared": null, "LogL": null, "testCalc": 21.23103286, "extTest": {"res1": 390.5613793208716, "res2": 152538.19101702175}}, "Point T5-657-26072019155113-GenNb1": {"Lambda": 0.0925, "Kappa": 0.1953, "tanBeta": 24.664624999999997, "mBottom": 24.1713325, "ChiSquared": null, "LogL": null, "testCalc": 16.9112237625, "extTest": {"res1": 3156.461449256875, "res2": 9963248.880644811}}, "Point T0-949-26072019155112-GenNb1": {"Lambda": 0.4567, "Kappa": 0.0209, "tanBeta": 15.909675, "mBottom": 15.5914815, "ChiSquared": null, "LogL": null, "testCalc": 8.3368278475, "extTest": {"res1": 401.09605031270604, "res2": 160878.04157645282}}, "Point T3-714-26072019155128-GenNb1": {"Lambda": 0.9824, "Kappa": 0.1492, "tanBeta": 12.014668750000002, "mBottom": 11.774375375000002, "ChiSquared": null, "LogL": null, "testCalc": 8.644886025000002, "extTest": {"res1": 157.2954587544088, "res2": 24741.86134475992}}, "Point T3-38-26072019155128-GenNb1": {"Lambda": 0.4199, "Kappa": 0.7711, "tanBeta": 23.226275, "mBottom": 22.7617495, "ChiSquared": null, "LogL": null, "testCalc": 29.4669714125, "extTest": {"res1": 785.713278916514, "res2": 617345.3566657398}}, "Point T3-547-26072019155125-GenNb0": {"Lambda": 0.0233, "Kappa": 0.0866, "tanBeta": 2.8080875000000027, "mBottom": 2.7519257500000025, "ChiSquared": null, "LogL": null, "testCalc": 1.6196861425000015, "extTest": {"res1": -7.789358501822233, "res2": 60.6741058699103}}, "Point T2-644-26072019155114-GenNb2": {"Lambda": 0.2007, "Kappa": 0.4038, "tanBeta": 5.340625000000001, "mBottom": 5.233812500000001, "ChiSquared": null, "LogL": null, "testCalc": 4.813731115, "extTest": {"res1": 47.22831605810182, "res2": 2230.513837683958}}, "Point T2-670-26072019155112-GenNb1": {"Lambda": 0.2035, "Kappa": 0.0106, "tanBeta": 6.313975, "mBottom": 6.1876955, "ChiSquared": null, "LogL": null, "testCalc": 3.202188135, "extTest": {"res1": -46.16273100768801, "res2": 2130.99773408816}}, "Point T3-214-26072019155126-GenNb0": {"Lambda": 0.9472, "Kappa": 0.2664, "tanBeta": 4.0727, "mBottom": 3.9912460000000003, "ChiSquared": null, "LogL": null, "testCalc": 3.97777812, "extTest": {"res1": 11.590184277349902, "res2": 134.33237158292886}}, "Point T3-488-26072019155106-GenNb0": {"Lambda": 0.2811, "Kappa": 0.7238, "tanBeta": 16.38005, "mBottom": 16.052449, "ChiSquared": null, "LogL": null, "testCalc": 19.961121900000002, "extTest": {"res1": 161.66025258247797, "res2": 26134.037265030573}}, "Point T3-506-26072019153827": {"Lambda": 0.4799, "Kappa": 0.2122, "tanBeta": 20.8626, "mBottom": 20.445348, "ChiSquared": null, "LogL": null, "testCalc": 14.88002173, "extTest": {"res1": -22056.752898597108, "res2": 486500348.4297719}}, "Point T3-613-26072019153827": {"Lambda": 0.03, "Kappa": 0.2469, "tanBeta": 10.5981, "mBottom": 10.386138, "ChiSquared": null, "LogL": null, "testCalc": 7.810639890000001, "extTest": {"res1": 131.21481802028978, "res2": 17217.328468097763}}, "Point T4-291-26072019155116-GenNb2": {"Lambda": 0.836, "Kappa": -0.035999999999999976, "tanBeta": 22.460924999999996, "mBottom": 22.011706499999995, "ChiSquared": null, "LogL": null, "testCalc": 10.896155949999997, "extTest": {"res1": -226.27764554489704, "res2": 51201.57287334206}}}