{"Point T5-444-26072019155111-GenNb1": {"Lambda": 0.996, "Kappa": 0.8723, "tanBeta": 24.110225, "mBottom": 23.628020499999998, "ChiSquared": null, "LogL": null, "testCalc": 33.83737551749999, "extTest": {"res1": 763.6498638043279, "res2": 583161.1144883685}}, "Point T0-760-26072019155111-GenNb1": {"Lambda": 0.3513, "Kappa": 0.4547, "tanBeta": 7.8632124999999995, "mBottom": 7.70594825, "ChiSquared": null, "LogL": null, "testCalc": 7.5517885387499994, "extTest": {"res1": 3482.4139433374125, "res2": 12127206.872750828}}, "Point T5-503-26072019153827": {"Lambda": 0.6971, "Kappa": 0.133, "tanBeta": 36.7007, "mBottom": 35.966685999999996, "ChiSquared": null, "LogL": null, "testCalc": 23.350484509999998, "extTest": {"res1": -4346.923457021933, "res2": 18895743.541207515}}, "Point T4-28-26072019153837-GenNb1": {"Lambda": 0.5174, "Kappa": 0.555, "tanBeta": 1.5217500000000008, "mBottom": 1.4913150000000008, "ChiSquared": null, "LogL": null, "testCalc": 1.8579315100000011, "extTest": {"res1": 7.531319777692693, "res2": 56.720777593865115}}, "Point T1-150-26072019155116-GenNb3": {"Lambda": 0.5137, "Kappa": 0.810425, "tanBeta": 7.7285281249999995, "mBottom": 7.5739575624999995, "ChiSquared": null, "LogL": null, "testCalc": 10.314258876953124, "extTest": {"res1": 39.289307965772174, "res2": 1543.649720429289}}, "Point T1-827-26072019155111-GenNb1": {"Lambda": 0.6161, "Kappa": 0.8182, "tanBeta": 9.558200000000001, "mBottom": 9.367036, "ChiSquared": null, "LogL": null, "testCalc": 12.883616450000002, "extTest": {"res1": -97.3529448366632, "res2": 9477.595868370388}}, "Point T6-134-26072019155132-GenNb2": {"Lambda": 0.6374, "Kappa": 0.0916, "tanBeta": 13.6939375, "mBottom": 13.42005875, "ChiSquared": null, "LogL": null, "testCalc": 8.37067281, "extTest": {"res1": 256.25753035392, "res2": 65667.92186309023}}, "Point T2-318-26072019155110-GenNb0": {"Lambda": 0.1636, "Kappa": 0.3694, "tanBeta": 16.73995, "mBottom": 16.405151, "ChiSquared": null, "LogL": null, "testCalc": 14.41307799, "extTest": {"res1": 418.9514925483492, "res2": 175520.3531084895}}, "Point T7-4-26072019153826": {"Lambda": 0.3635, "Kappa": 0.2818, "tanBeta": 18.0182, "mBottom": 17.657836, "ChiSquared": null, "LogL": null, "testCalc": 14.03857901, "extTest": {"res1": 381.42864628496443, "res2": 145487.8122067805}}, "Point T6-567-26072019155132-GenNb2": {"Lambda": 0.002, "Kappa": 0.1584, "tanBeta": 4.043390625, "mBottom": 3.9625228124999996, "ChiSquared": null, "LogL": null, "testCalc": 2.6217384812499995, "extTest": {"res1": -199.0274218675599, "res2": 39611.91465524766}}, "Point T1-249-26072019153836-GenNb1": {"Lambda": 0.7657, "Kappa": 0.3041, "tanBeta": 20.87865, "mBottom": 20.461077, "ChiSquared": null, "LogL": null, "testCalc": 17.166032455, "extTest": {"res1": 2087.1143745054765, "res2": 4356046.412267386}}, "Point T7-472-26072019153827": {"Lambda": 0.0496, "Kappa": 0.9034, "tanBeta": 14.2392, "mBottom": 13.954416, "ChiSquared": null, "LogL": null, "testCalc": 19.84336144, "extTest": {"res1": 156.76898587770327, "res2": 24576.51493312353}}}