{"Point T6-163-26072019153833-GenNb0": {"Lambda": 0.2291, "Kappa": 0.4654, "tanBeta": 9.60075, "mBottom": 9.408735, "ChiSquared": null, "LogL": null, "testCalc": 9.22504336, "extTest": {"res1": 93.06181294115983, "res2": 8660.501027895423}}, "Point T2-440-26072019155123-GenNb0": {"Lambda": 0.49134999999999995, "Kappa": 0.1805, "tanBeta": 22.9100125, "mBottom": 22.45181225, "ChiSquared": null, "LogL": null, "testCalc": 15.602588203749999, "extTest": {"res1": -11480.165237665467, "res2": 131794193.88410261}}, "Point T0-408-26072019155112-GenNb1": {"Lambda": 0.1417, "Kappa": 0.3071, "tanBeta": 18.205699999999997, "mBottom": 17.841585999999996, "ChiSquared": null, "LogL": null, "testCalc": 14.531842359999997, "extTest": {"res1": 12804.035215874881, "res2": 163943317.8093641}}, "Point T6-537-26072019155114-GenNb2": {"Lambda": 0.6319, "Kappa": 0.5185, "tanBeta": 1.3716749999999998, "mBottom": 1.3442414999999996, "ChiSquared": null, "LogL": null, "testCalc": 1.7826318474999996, "extTest": {"res1": -4.073370891996017, "res2": 16.59235042376043}}, "Point T2-754-26072019155127-GenNb1": {"Lambda": 0.11917500000000003, "Kappa": 0.4856, "tanBeta": 19.6588, "mBottom": 19.265624, "ChiSquared": null, "LogL": null, "testCalc": 19.193327960625, "extTest": {"res1": 563.2732313006907, "res2": 317276.7330999214}}, "Point T2-293-26072019155124-GenNb0": {"Lambda": 0.814125, "Kappa": 0.746975, "tanBeta": 4.917425, "mBottom": 4.8190764999999995, "ChiSquared": null, "LogL": null, "testCalc": 6.745531305, "extTest": {"res1": -23.71051224291774, "res2": 562.188390821552}}, "Point T2-72-26072019155110-GenNb1": {"Lambda": 0.0427, "Kappa": 0.0636, "tanBeta": 2.5092499999999998, "mBottom": 2.459065, "ChiSquared": null, "LogL": null, "testCalc": 1.3909440899999999, "extTest": {"res1": 52.76016957571637, "res2": 2783.635493658347}}, "Point T2-79-26072019155132-GenNb2": {"Lambda": 0.11675000000000002, "Kappa": 0.457, "tanBeta": 21.774724999999997, "mBottom": 21.339230499999996, "ChiSquared": null, "LogL": null, "testCalc": 20.634295137499997, "extTest": {"res1": -5772.397446072909, "res2": 33320572.27542904}}, "Point T2-735-26072019155125-GenNb0": {"Lambda": 0.8283, "Kappa": 0.4536, "tanBeta": 2.903862499999997, "mBottom": 2.845785249999997, "ChiSquared": null, "LogL": null, "testCalc": 3.4261655449999973, "extTest": {"res1": 7.740424054111229, "res2": 59.91416453746372}}, "Point T7-375-26072019155113-GenNb1": {"Lambda": 0.6015, "Kappa": 0.7280500000000001, "tanBeta": 23.338600000000003, "mBottom": 22.871828000000004, "ChiSquared": null, "LogL": null, "testCalc": 28.789383980000004, "extTest": {"res1": 2825.6694739565596, "res2": 7984407.97604994}}, "Point T2-262-26072019155133-GenNb2": {"Lambda": 0.2599, "Kappa": 0.4797125, "tanBeta": 5.899887499999999, "mBottom": 5.7818897499999995, "ChiSquared": null, "LogL": null, "testCalc": 5.788742667343749, "extTest": {"res1": 84.0141272929371, "res2": 7058.37358479384}}, "Point T6-659-26072019153832-GenNb0": {"Lambda": 0.428, "Kappa": 0.8407, "tanBeta": 14.137450000000001, "mBottom": 13.854701, "ChiSquared": null, "LogL": null, "testCalc": 18.995888715, "extTest": {"res1": 1167.5684192124788, "res2": 1363216.0135423266}}, "Point T4-265-26072019155115-GenNb2": {"Lambda": 0.14655, "Kappa": 0.6694, "tanBeta": 13.973849999999999, "mBottom": 13.694372999999999, "ChiSquared": null, "LogL": null, "testCalc": 16.2227585925, "extTest": {"res1": 207.2357218170608, "res2": 42946.64439703821}}}