{"Point T1-827-26072019155126-GenNb1": {"Lambda": 0.8702, "Kappa": 0.7385, "tanBeta": 7.611351562499998, "mBottom": 7.459124531249998, "ChiSquared": null, "LogL": null, "testCalc": 10.107793434531247, "extTest": {"res1": -278.6609437527285, "res2": 77651.92157316131}}, "Point T1-218-26072019155123-GenNb0": {"Lambda": -0.21235, "Kappa": 0.0898, "tanBeta": 26.840940625, "mBottom": 26.3041218125, "ChiSquared": null, "LogL": null, "testCalc": 15.607469896875, "extTest": {"res1": -15756.462104032937, "res2": 248266098.03582603}}, "Point T4-490-26072019153835-GenNb1": {"Lambda": 0.7342, "Kappa": 0.76365, "tanBeta": 28.751749999999998, "mBottom": 28.176714999999998, "ChiSquared": null, "LogL": null, "testCalc": 36.5836810275, "extTest": {"res1": -649.3846274222844, "res2": 421700.39433237916}}, "Point T6-493-26072019155110-GenNb1": {"Lambda": 0.7779, "Kappa": 0.40895, "tanBeta": 16.163137499999998, "mBottom": 15.839874749999998, "ChiSquared": null, "LogL": null, "testCalc": 15.134980865624998, "extTest": {"res1": 390.17669437031105, "res2": 152237.85282974312}}, "Point T1-141-26072019155124-GenNb0": {"Lambda": 0.0743, "Kappa": 0.7587, "tanBeta": 5.5189499999999985, "mBottom": 5.4085709999999985, "ChiSquared": null, "LogL": null, "testCalc": 6.897033354999998, "extTest": {"res1": 210.07215238558513, "res2": 44130.3092079125}}, "Point T1-471-26072019155124-GenNb0": {"Lambda": 0.0064, "Kappa": 1.18235, "tanBeta": 0.46499999999999986, "mBottom": 0.4556999999999998, "ChiSquared": null, "LogL": null, "testCalc": 0.7776837099999998, "extTest": {"res1": -2.881526524389644, "res2": 8.303195110761063}}, "Point T2-920-26072019153828": {"Lambda": 0.2397, "Kappa": 0.524, "tanBeta": 29.5559, "mBottom": 28.964782, "ChiSquared": null, "LogL": null, "testCalc": 30.02713869, "extTest": {"res1": -791.7163152297505, "res2": 626814.7238009737}}, "Point T1-207-26072019155124-GenNb0": {"Lambda": 0.7384, "Kappa": 0.9348, "tanBeta": 17.23084375, "mBottom": 16.886226875, "ChiSquared": null, "LogL": null, "testCalc": 25.095740734999996, "extTest": {"res1": -243.14452407773143, "res2": 59119.25958898652}}, "Point T1-129-26072019155133-GenNb2": {"Lambda": 0.6505, "Kappa": 0.0989, "tanBeta": 25.945990625000004, "mBottom": 25.427070812500002, "ChiSquared": null, "LogL": null, "testCalc": 15.702744129062502, "extTest": {"res1": 489.0366809224379, "res2": 239156.87528763432}}, "Point T1-836-26072019155133-GenNb2": {"Lambda": 0.2671, "Kappa": 1.25525, "tanBeta": 6.994029687499996, "mBottom": 6.854149093749996, "ChiSquared": null, "LogL": null, "testCalc": 12.277672722109367, "extTest": {"res1": -40.25477982156312, "res2": 1620.4472984825252}}, "Point T7-4-26072019153831-GenNb0": {"Lambda": 0.66, "Kappa": 0.9371, "tanBeta": 4.9894, "mBottom": 4.889612, "ChiSquared": null, "LogL": null, "testCalc": 7.55597274, "extTest": {"res1": 15.538346854727159, "res2": 241.44022297780938}}, "Point T1-464-26072019155134-GenNb2": {"Lambda": 0.9242, "Kappa": 1.092825, "tanBeta": 8.397431249999997, "mBottom": 8.229482624999997, "ChiSquared": null, "LogL": null, "testCalc": 14.145809758281244, "extTest": {"res1": 47.68650571645464, "res2": 2274.002827445461}}, "Point T3-328-26072019153826": {"Lambda": 0.0811, "Kappa": 0.2578, "tanBeta": 12.4164, "mBottom": 12.168071999999999, "ChiSquared": null, "LogL": null, "testCalc": 9.291561129999998, "extTest": {"res1": 139.5529511281912, "res2": 19475.026168587323}}}