{"Point T5-634-26072019155129-GenNb2": {"Lambda": -0.064, "Kappa": 0.026399999999999924, "tanBeta": 1.3383015624999972, "mBottom": 1.3115355312499972, "ChiSquared": null, "LogL": null, "testCalc": 0.6951949268749984, "extTest": {"res1": -2.5544036657944735, "res2": 6.524978087824245}}, "Point T5-239-26072019155126-GenNb1": {"Lambda": 0.0562, "Kappa": 0.6901000000000002, "tanBeta": 0.2971749999999993, "mBottom": 0.2912314999999993, "ChiSquared": null, "LogL": null, "testCalc": 0.3538546574999992, "extTest": {"res1": -0.838312405968362, "res2": 0.7027676900004638}}, "Point T5-273-26072019155129-GenNb2": {"Lambda": 0.1379, "Kappa": 0.09727499999999997, "tanBeta": 7.047826562500001, "mBottom": 6.90687003125, "ChiSquared": null, "LogL": null, "testCalc": 4.158028754492188, "extTest": {"res1": 130.7128306339063, "res2": 17085.844092328272}}, "Point T6-615-26072019155107-GenNb0": {"Lambda": -0.07435000000000003, "Kappa": 0.0792, "tanBeta": 6.986799999999999, "mBottom": 6.847063999999999, "ChiSquared": null, "LogL": null, "testCalc": 3.9824144824999994, "extTest": {"res1": 31.02521888307217, "res2": 962.564206742538}}, "Point T5-107-26072019155130-GenNb2": {"Lambda": 0.3959, "Kappa": 0.9595, "tanBeta": 10.861175000000001, "mBottom": 10.643951500000002, "ChiSquared": null, "LogL": null, "testCalc": 15.900009972500001, "extTest": {"res1": -64.39929448988795, "res2": 4147.269130795313}}, "Point T5-85-26072019155131-GenNb2": {"Lambda": 0.3901, "Kappa": 0.7178, "tanBeta": 4.4358859374999975, "mBottom": 4.347168218749998, "ChiSquared": null, "LogL": null, "testCalc": 5.509841045312497, "extTest": {"res1": -1028.5556034834617, "res2": 1057926.6294572281}}, "Point T5-743-26072019153831-GenNb0": {"Lambda": 0.5598, "Kappa": 0.0951, "tanBeta": 13.962650000000002, "mBottom": 13.683397000000001, "ChiSquared": null, "LogL": null, "testCalc": 8.482922555, "extTest": {"res1": 176.7706337021945, "res2": 31247.856939475416}}, "Point T5-39-26072019155127-GenNb1": {"Lambda": 0.7712, "Kappa": 0.31095, "tanBeta": 4.813268750000002, "mBottom": 4.717003375000003, "ChiSquared": null, "LogL": null, "testCalc": 4.4499370453125024, "extTest": {"res1": -19.94401357172438, "res2": 397.7636773491262}}, "Point T5-240-26072019155131-GenNb2": {"Lambda": -0.22014999999999998, "Kappa": 0.7068, "tanBeta": 4.290762500000001, "mBottom": 4.204947250000001, "ChiSquared": null, "LogL": null, "testCalc": 5.183650582500001, "extTest": {"res1": 129.03933083891516, "res2": 16651.148903355002}}, "Point T5-627-26072019155132-GenNb2": {"Lambda": 0.1369, "Kappa": 0.9554, "tanBeta": 7.926240625000005, "mBottom": 7.767715812500004, "ChiSquared": null, "LogL": null, "testCalc": 11.475329809375006, "extTest": {"res1": -764.165376513422, "res2": 583948.7226619}}, "Point T3-816-26072019155109-GenNb0": {"Lambda": 0.1182, "Kappa": 0.9724, "tanBeta": 5.541925000000001, "mBottom": 5.431086500000001, "ChiSquared": null, "LogL": null, "testCalc": 8.118482360000002, "extTest": {"res1": -108.2865619465021, "res2": 11725.979498193637}}, "Point T5-118-26072019155126-GenNb0": {"Lambda": 0.6357, "Kappa": 0.21710000000000002, "tanBeta": 4.4969125, "mBottom": 4.406974249999999, "ChiSquared": null, "LogL": null, "testCalc": 3.5838813187499996, "extTest": {"res1": 12.635960666168419, "res2": 159.66750195695545}}}