{"Point T7-612-26072019155129-GenNb2": {"Lambda": 0.0802, "Kappa": 0.40354999999999996, "tanBeta": 4.910450000000002, "mBottom": 4.812241000000002, "ChiSquared": null, "LogL": null, "testCalc": 4.394164637500001, "extTest": {"res1": -33.48160903245362, "res2": 1121.0181434020797}}, "Point T1-222-26072019153828": {"Lambda": 0.5844, "Kappa": 0.7007, "tanBeta": 12.6636, "mBottom": 12.410328, "ChiSquared": null, "LogL": null, "testCalc": 15.42007188, "extTest": {"res1": -173.7053210376819, "res2": 30173.538556804135}}, "Point T0-913-26072019155113-GenNb1": {"Lambda": -0.17875000000000002, "Kappa": 0.2877, "tanBeta": 7.427150000000001, "mBottom": 7.278607000000001, "ChiSquared": null, "LogL": null, "testCalc": 5.808046117500001, "extTest": {"res1": 129.06028938573732, "res2": 16656.558296330262}}, "Point T7-446-26072019155127-GenNb1": {"Lambda": 0.9146, "Kappa": 0.279, "tanBeta": 2.941412500000002, "mBottom": 2.882584250000002, "ChiSquared": null, "LogL": null, "testCalc": 3.098439372500002, "extTest": {"res1": 5.525430202015527, "res2": 30.53037891734535}}, "Point T1-509-26072019155107-GenNb0": {"Lambda": 0.62415, "Kappa": 0.45035, "tanBeta": 8.725525000000001, "mBottom": 8.5510145, "ChiSquared": null, "LogL": null, "testCalc": 8.594610656250001, "extTest": {"res1": 62.92856734311644, "res2": 3960.004587857141}}, "Point T1-569-26072019155109-GenNb0": {"Lambda": 0.7463, "Kappa": 0.73915, "tanBeta": 14.2299, "mBottom": 13.945302, "ChiSquared": null, "LogL": null, "testCalc": 18.047645275, "extTest": {"res1": -697.6676539046895, "res2": 486740.1553048736}}, "Point T7-569-26072019155125-GenNb0": {"Lambda": 0.8454, "Kappa": 0.4513, "tanBeta": 9.5736, "mBottom": 9.382128, "ChiSquared": null, "LogL": null, "testCalc": 9.72633084, "extTest": {"res1": -120.31917435286917, "res2": 14476.70371695613}}, "Point T0-646-26072019153827": {"Lambda": 0.7598, "Kappa": 0.7679, "tanBeta": 18.4858, "mBottom": 18.116084, "ChiSquared": null, "LogL": null, "testCalc": 23.830583860000004, "extTest": {"res1": -17310.70282701426, "res2": 299660432.36519945}}, "Point T0-706-26072019153828": {"Lambda": 0.8917, "Kappa": 0.2319, "tanBeta": 11.1288, "mBottom": 10.906224, "ChiSquared": null, "LogL": null, "testCalc": 8.82900961, "extTest": {"res1": -134.16089118891733, "res2": 17999.144724604517}}, "Point T7-416-26072019155126-GenNb0": {"Lambda": 0.3868, "Kappa": 0.3705, "tanBeta": 4.5453875, "mBottom": 4.45447975, "ChiSquared": null, "LogL": null, "testCalc": 4.06092018375, "extTest": {"res1": 99.06568730201285, "res2": 9814.01040062019}}, "Point T7-305-26072019155134-GenNb3": {"Lambda": 0.2739, "Kappa": 0.2328, "tanBeta": 9.366550000000002, "mBottom": 9.179219000000002, "ChiSquared": null, "LogL": null, "testCalc": 6.845163550000001, "extTest": {"res1": -140.68266835902102, "res2": 19791.613176614293}}, "Point T7-587-26072019155127-GenNb0": {"Lambda": 0.5519000000000001, "Kappa": 0.3631, "tanBeta": 12.832075, "mBottom": 12.575433499999999, "ChiSquared": null, "LogL": null, "testCalc": 11.2516367925, "extTest": {"res1": 100.81318707204204, "res2": 10163.298687622544}}}