{"Point T0-10-26072019155130-GenNb2": {"Lambda": 0.0493, "Kappa": 0.6147, "tanBeta": 24.171692187499996, "mBottom": 23.688258343749997, "ChiSquared": null, "LogL": null, "testCalc": 26.704898849531247, "extTest": {"res1": 1541.2212614952316, "res2": 2375362.976884953}}, "Point T5-533-26072019155112-GenNb1": {"Lambda": 0.0779, "Kappa": 0.7938, "tanBeta": 14.6691, "mBottom": 14.375717999999999, "ChiSquared": null, "LogL": null, "testCalc": 18.83825899, "extTest": {"res1": 340.4342604089213, "res2": 115895.48566016926}}, "Point T0-951-26072019155107-GenNb0": {"Lambda": 0.6566000000000001, "Kappa": 0.6376499999999999, "tanBeta": 6.263275, "mBottom": 6.1380095, "ChiSquared": null, "LogL": null, "testCalc": 7.49390561375, "extTest": {"res1": 25.12963516334438, "res2": 631.4985634427942}}, "Point T0-304-26072019155110-GenNb0": {"Lambda": 0.8606, "Kappa": 0.7322500000000001, "tanBeta": 23.609524999999998, "mBottom": 23.137334499999998, "ChiSquared": null, "LogL": null, "testCalc": 29.59737429125, "extTest": {"res1": 833.0796629077099, "res2": 694021.7247504236}}, "Point T0-368-26072019155131-GenNb2": {"Lambda": 0.44615, "Kappa": 0.6656, "tanBeta": 14.042096875000002, "mBottom": 13.761254937500002, "ChiSquared": null, "LogL": null, "testCalc": 16.42609697125, "extTest": {"res1": 268.73145028088163, "res2": 72216.59237006596}}, "Point T0-474-26072019155124-GenNb0": {"Lambda": 0.5154, "Kappa": 0.5268, "tanBeta": 12.434134375000001, "mBottom": 12.1854516875, "ChiSquared": null, "LogL": null, "testCalc": 12.9086649925, "extTest": {"res1": -152.51274584751715, "res2": 23260.13764594936}}, "Point T1-970-26072019155119-GenNb3": {"Lambda": 0.2259, "Kappa": 0.6783, "tanBeta": 14.012421875000001, "mBottom": 13.7321734375, "ChiSquared": null, "LogL": null, "testCalc": 16.421743286562503, "extTest": {"res1": -213.22148063544037, "res2": 45463.399804369474}}, "Point T0-728-26072019155128-GenNb1": {"Lambda": 0.35855000000000004, "Kappa": 0.3132, "tanBeta": 22.1756875, "mBottom": 21.732173749999998, "ChiSquared": null, "LogL": null, "testCalc": 17.940070302499997, "extTest": {"res1": 1062.127903205965, "res2": 1128115.6827686995}}, "Point T4-692-26072019153826": {"Lambda": 0.1926, "Kappa": 0.0896, "tanBeta": 10.3446, "mBottom": 10.137708, "ChiSquared": null, "LogL": null, "testCalc": 6.0328249199999995, "extTest": {"res1": -261.11407542464605, "res2": 68180.56038486774}}, "Point T7-196-26072019155115-GenNb2": {"Lambda": 0.2312, "Kappa": 0.5924, "tanBeta": 9.4792, "mBottom": 9.289616, "ChiSquared": null, "LogL": null, "testCalc": 10.313739520000002, "extTest": {"res1": -98.50103776481735, "res2": 9702.454440745974}}, "Point T0-695-26072019155129-GenNb1": {"Lambda": 0.17097500000000002, "Kappa": 0.9173, "tanBeta": 7.387609374999999, "mBottom": 7.239857187499999, "ChiSquared": null, "LogL": null, "testCalc": 10.425815124062499, "extTest": {"res1": -160.79669953065104, "res2": 25855.578579950474}}, "Point T0-299-26072019155129-GenNb1": {"Lambda": 0.2993, "Kappa": 0.25120000000000003, "tanBeta": 0.5264250000000006, "mBottom": 0.5158965000000005, "ChiSquared": null, "LogL": null, "testCalc": 0.47976670000000043, "extTest": {"res1": -0.8409798560355705, "res2": 0.7072471182576088}}, "Point T0-673-26072019155130-GenNb1": {"Lambda": 0.7796, "Kappa": 0.0141, "tanBeta": 5.368971875000002, "mBottom": 5.261592437500002, "ChiSquared": null, "LogL": null, "testCalc": 3.3142748821875005, "extTest": {"res1": 18.23282353958089, "res2": 332.43585422549506}}}