{"Point T5-951-30072019090256": {"Lambda": 0.5013, "Kappa": 0.3723, "tanBeta": 14.2086, "mBottom": 13.924428, "ChiSquared": null, "LogL": null, "testCalc": 12.50337747, "extTest": {"res1": 448.68035149165974, "res2": 201314.0578146793}}, "Point T1-919-30072019090256": {"Lambda": 0.0757, "Kappa": 0.4729, "tanBeta": 12.9576, "mBottom": 12.698447999999999, "ChiSquared": null, "LogL": null, "testCalc": 12.482603529999999, "extTest": {"res1": 371.31484496039525, "res2": 137874.71408796235}}, "Point T1-728-30072019090313-GenNb3": {"Lambda": 0.3208, "Kappa": 0.436375, "tanBeta": 9.413925, "mBottom": 9.2256465, "ChiSquared": null, "LogL": null, "testCalc": 8.823737411875001, "extTest": {"res1": 227.73222075478554, "res2": 51861.964369906374}}, "Point T1-526-30072019090310-GenNb2": {"Lambda": 0.5926499999999999, "Kappa": 0.51545, "tanBeta": 26.26895, "mBottom": 25.743571, "ChiSquared": null, "LogL": null, "testCalc": 26.7633498, "extTest": {"res1": -8687.41419130003, "res2": 75471165.33120115}}, "Point T1-978-30072019090306-GenNb1": {"Lambda": 0.1005, "Kappa": 0.2727, "tanBeta": 23.555149999999998, "mBottom": 23.084046999999998, "ChiSquared": null, "LogL": null, "testCalc": 17.975613154999998, "extTest": {"res1": -1673.0981294783219, "res2": 2799257.3508638595}}, "Point T1-767-30072019090314-GenNb3": {"Lambda": 0.2602, "Kappa": 0.2189, "tanBeta": 24.037550000000003, "mBottom": 23.556799, "ChiSquared": null, "LogL": null, "testCalc": 17.107923235, "extTest": {"res1": 935.5548649413473, "res2": 875262.9053154226}}, "Point T4-279-30072019090258": {"Lambda": 0.6371, "Kappa": 0.573, "tanBeta": 28.0207, "mBottom": 27.460286, "ChiSquared": null, "LogL": null, "testCalc": 30.191900510000004, "extTest": {"res1": 1589.5445225402752, "res2": 2526651.7891377914}}, "Point T1-981-30072019090314-GenNb3": {"Lambda": 0.8827499999999999, "Kappa": 0.3791, "tanBeta": 18.534025000000003, "mBottom": 18.163344500000004, "ChiSquared": null, "LogL": null, "testCalc": 16.887168690000003, "extTest": {"res1": 479.4431283165162, "res2": 229865.71328992743}}, "Point T1-211-30072019090315-GenNb3": {"Lambda": 0.7726, "Kappa": 0.491, "tanBeta": 5.761712500000002, "mBottom": 5.646478250000001, "ChiSquared": null, "LogL": null, "testCalc": 6.249150722500001, "extTest": {"res1": -25.409845447148953, "res2": 645.6602456479964}}, "Point T1-583-30072019090259": {"Lambda": 0.6684, "Kappa": 0.3861, "tanBeta": 33.5411, "mBottom": 32.870278, "ChiSquared": null, "LogL": null, "testCalc": 29.83211627, "extTest": {"res1": -1215.3727637887014, "res2": 1477130.9549593865}}, "Point T1-201-30072019090312-GenNb2": {"Lambda": 0.1154, "Kappa": 0.7591, "tanBeta": 18.454925000000003, "mBottom": 18.085826500000003, "ChiSquared": null, "LogL": null, "testCalc": 23.065363977500006, "extTest": {"res1": 553.8352123023037, "res2": 306733.44238593784}}, "Point T5-556-30072019090259": {"Lambda": 0.5234, "Kappa": 0.4749, "tanBeta": 13.3048, "mBottom": 13.038704, "ChiSquared": null, "LogL": null, "testCalc": 13.11174908, "extTest": {"res1": -130.74283985219935, "res2": 17093.690172617848}}, "Point T1-295-30072019090316-GenNb3": {"Lambda": 0.1101, "Kappa": 0.6436, "tanBeta": 11.554425000000002, "mBottom": 11.323336500000002, "ChiSquared": null, "LogL": null, "testCalc": 13.110218190000001, "extTest": {"res1": 69.24412399375149, "res2": 4794.74870766203}}}