{"Point T5-662-30072019090308-GenNb2": {"Lambda": 0.6651, "Kappa": 0.0234, "tanBeta": 7.543950000000001, "mBottom": 7.393071000000001, "ChiSquared": null, "LogL": null, "testCalc": 4.315421940000001, "extTest": {"res1": 92.48376318530968, "res2": 8553.246452916443}}, "Point T4-965-30072019090256": {"Lambda": 0.7454, "Kappa": 0.3494, "tanBeta": 21.4114, "mBottom": 20.983172, "ChiSquared": null, "LogL": null, "testCalc": 18.52835032, "extTest": {"res1": 721.2151084958182, "res2": 520151.2327226348}}, "Point T5-467-30072019090301-GenNb0": {"Lambda": 0.0941, "Kappa": 0.2542, "tanBeta": 34.58845, "mBottom": 33.896681, "ChiSquared": null, "LogL": null, "testCalc": 25.7495793, "extTest": {"res1": 742.966429465582, "res2": 551999.1153128357}}, "Point T5-824-30072019090308-GenNb2": {"Lambda": 0.4627, "Kappa": 0.44005000000000005, "tanBeta": 11.509575, "mBottom": 11.2793835, "ChiSquared": null, "LogL": null, "testCalc": 10.91857151875, "extTest": {"res1": -59.82993460916572, "res2": 3579.621075337046}}, "Point T5-924-30072019090315-GenNb4": {"Lambda": 1.1701, "Kappa": 0.3947, "tanBeta": 10.565724999999999, "mBottom": 10.354410499999998, "ChiSquared": null, "LogL": null, "testCalc": 10.716630917499998, "extTest": {"res1": 72.38223805348865, "res2": 5239.1883856319}}, "Point T5-87-30072019090315-GenNb4": {"Lambda": 0.7450000000000001, "Kappa": 0.2729, "tanBeta": 15.424925000000002, "mBottom": 15.116426500000001, "ChiSquared": null, "LogL": null, "testCalc": 12.322700282500001, "extTest": {"res1": 136.58084342855386, "res2": 18654.326791655145}}, "Point T5-743-30072019090312-GenNb3": {"Lambda": 0.9035, "Kappa": 0.1991, "tanBeta": 11.181337500000001, "mBottom": 10.95771075, "ChiSquared": null, "LogL": null, "testCalc": 8.521371921250001, "extTest": {"res1": 625.8386669734231, "res2": 391674.03707907116}}, "Point T5-242-30072019090302-GenNb0": {"Lambda": 1.01835, "Kappa": 0.3307, "tanBeta": 8.859250000000001, "mBottom": 8.682065000000001, "ChiSquared": null, "LogL": null, "testCalc": 8.307823197500001, "extTest": {"res1": -137.07188695620815, "res2": 18788.702193735506}}, "Point T6-77-30072019090258": {"Lambda": 0.4981, "Kappa": 0.9601, "tanBeta": 18.6525, "mBottom": 18.27945, "ChiSquared": null, "LogL": null, "testCalc": 27.29609386, "extTest": {"res1": 2093.4227306898065, "res2": 4382418.729368766}}, "Point T0-957-30072019090259": {"Lambda": 0.6408, "Kappa": 0.3698, "tanBeta": 21.4571, "mBottom": 21.027958, "ChiSquared": null, "LogL": null, "testCalc": 18.859439220000002, "extTest": {"res1": 2775.3385895692877, "res2": 7702504.286752443}}, "Point T5-185-30072019090303-GenNb0": {"Lambda": 0.9215, "Kappa": 0.6365, "tanBeta": 12.203000000000001, "mBottom": 11.95894, "ChiSquared": null, "LogL": null, "testCalc": 14.59584175, "extTest": {"res1": 925.3267775984193, "res2": 856229.6453406746}}, "Point T5-207-30072019090259": {"Lambda": 0.8048, "Kappa": 0.1262, "tanBeta": 27.5044, "mBottom": 26.954312, "ChiSquared": null, "LogL": null, "testCalc": 17.595914320000002, "extTest": {"res1": 2024.5553080512414, "res2": 4098824.1953584566}}}