{"Point T2-127-30072019090304-GenNb1": {"Lambda": 0.8977, "Kappa": 0.2304, "tanBeta": 22.043, "mBottom": 21.60214, "ChiSquared": null, "LogL": null, "testCalc": 16.68564249, "extTest": {"res1": 1299.423720802062, "res2": 1688502.0061830753}}, "Point T7-673-30072019090256": {"Lambda": 0.4882, "Kappa": 0.7541, "tanBeta": 36.4429, "mBottom": 35.714042, "ChiSquared": null, "LogL": null, "testCalc": 45.57695113, "extTest": {"res1": 826.3176162737336, "res2": 682800.8029643053}}, "Point T2-559-30072019090257": {"Lambda": 0.6697, "Kappa": 0.5784, "tanBeta": 10.5751, "mBottom": 10.363598000000001, "ChiSquared": null, "LogL": null, "testCalc": 11.746934930000002, "extTest": {"res1": 177.05205908059236, "res2": 31347.431624677567}}, "Point T2-755-30072019090310-GenNb2": {"Lambda": 0.77885, "Kappa": 0.6565, "tanBeta": 5.070150000000002, "mBottom": 4.968747000000001, "ChiSquared": null, "LogL": null, "testCalc": 6.419534297500002, "extTest": {"res1": -317.43480471301876, "res2": 100764.85524319236}}, "Point T2-468-30072019090302-GenNb0": {"Lambda": 0.996, "Kappa": 0.2138, "tanBeta": 23.5958, "mBottom": 23.123884, "ChiSquared": null, "LogL": null, "testCalc": 17.59874004, "extTest": {"res1": -804.2550564614887, "res2": 646826.1958438724}}, "Point T2-37-30072019090314-GenNb3": {"Lambda": 0.7777, "Kappa": 0.6044, "tanBeta": 10.724749999999998, "mBottom": 10.510254999999999, "ChiSquared": null, "LogL": null, "testCalc": 12.34198369, "extTest": {"res1": 190.35945991003427, "res2": 36236.72397723995}}, "Point T2-953-30072019090314-GenNb3": {"Lambda": 0.5439750000000001, "Kappa": 0.6357, "tanBeta": 0.5966000000000005, "mBottom": 0.5846680000000004, "ChiSquared": null, "LogL": null, "testCalc": 0.9675014206250006, "extTest": {"res1": -0.9989701412483267, "res2": 0.9979413431057018}}, "Point T5-834-30072019090258": {"Lambda": 0.3811, "Kappa": 0.9954, "tanBeta": 37.3168, "mBottom": 36.570464, "ChiSquared": null, "LogL": null, "testCalc": 55.575611929999994, "extTest": {"res1": -2378.989285267789, "res2": 5659590.019418946}}, "Point T3-806-30072019090258": {"Lambda": 0.6002, "Kappa": 0.7389, "tanBeta": 16.4474, "mBottom": 16.118451999999998, "ChiSquared": null, "LogL": null, "testCalc": 20.5724499, "extTest": {"res1": 128.8926043460965, "res2": 16613.303455119374}}, "Point T7-445-30072019090259": {"Lambda": 0.4318, "Kappa": 0.4242, "tanBeta": 11.5805, "mBottom": 11.34889, "ChiSquared": null, "LogL": null, "testCalc": 10.773344340000001, "extTest": {"res1": -229.40730352163834, "res2": 52627.7109090691}}, "Point T2-59-30072019090312-GenNb2": {"Lambda": 0.2748, "Kappa": 0.3339, "tanBeta": 10.0277, "mBottom": 9.827145999999999, "ChiSquared": null, "LogL": null, "testCalc": 8.337337069999998, "extTest": {"res1": 163.51938032378027, "res2": 26738.587741473097}}, "Point T2-105-30072019090304-GenNb0": {"Lambda": 0.9096, "Kappa": 0.98725, "tanBeta": 29.3643, "mBottom": 28.777014, "ChiSquared": null, "LogL": null, "testCalc": 44.205784335000004, "extTest": {"res1": 1511.5770222013684, "res2": 2284865.094047156}}, "Point T6-738-30072019090259": {"Lambda": 0.3123, "Kappa": 0.9576, "tanBeta": 20.3241, "mBottom": 19.917618, "ChiSquared": null, "LogL": null, "testCalc": 29.518698450000002, "extTest": {"res1": 669.7152059910095, "res2": 448518.4571355803}}}