{"Point T5-614-30072019090256": {"Lambda": 0.4113, "Kappa": 0.6381, "tanBeta": 18.352, "mBottom": 17.98496, "ChiSquared": null, "LogL": null, "testCalc": 20.872058889999998, "extTest": {"res1": 529.4123465110619, "res2": 280277.4326383486}}, "Point T7-648-30072019090311-GenNb3": {"Lambda": 0.8186, "Kappa": 0.2952, "tanBeta": 5.3787, "mBottom": 5.271126, "ChiSquared": null, "LogL": null, "testCalc": 4.8934612, "extTest": {"res1": 67.9511653347103, "res2": 4617.360870345135}}, "Point T7-977-30072019090308-GenNb2": {"Lambda": 0.2149, "Kappa": 0.1925, "tanBeta": 11.433012499999998, "mBottom": 11.204352249999998, "ChiSquared": null, "LogL": null, "testCalc": 7.849213041249998, "extTest": {"res1": -27507.84097305443, "res2": 756681314.9988521}}, "Point T2-465-30072019090257": {"Lambda": 0.8695, "Kappa": 0.6355, "tanBeta": 10.3202, "mBottom": 10.113795999999999, "ChiSquared": null, "LogL": null, "testCalc": 12.37141535, "extTest": {"res1": -172.03572235589834, "res2": 29596.28976651574}}, "Point T7-643-30072019090315-GenNb4": {"Lambda": 0.9068, "Kappa": 0.6105, "tanBeta": 21.84525, "mBottom": 21.408345, "ChiSquared": null, "LogL": null, "testCalc": 24.862983865000004, "extTest": {"res1": 315.29408434007587, "res2": 99410.35961984687}}, "Point T6-682-30072019090258": {"Lambda": 0.8811, "Kappa": 0.3977, "tanBeta": 29.4281, "mBottom": 28.839538, "ChiSquared": null, "LogL": null, "testCalc": 26.89966158, "extTest": {"res1": 1753.1286519910077, "res2": 3073460.070431808}}, "Point T7-594-30072019090312-GenNb3": {"Lambda": 0.7222500000000001, "Kappa": 0.7621, "tanBeta": 6.156549999999999, "mBottom": 6.033418999999999, "ChiSquared": null, "LogL": null, "testCalc": 8.2302613175, "extTest": {"res1": 188.6247122361566, "res2": 35579.282066172884}}, "Point T4-259-30072019090258": {"Lambda": 0.1054, "Kappa": 0.9023, "tanBeta": 30.9092, "mBottom": 30.291016, "ChiSquared": null, "LogL": null, "testCalc": 43.04598832, "extTest": {"res1": -1631.520929469214, "res2": 2661860.543296088}}, "Point T7-801-30072019090313-GenNb3": {"Lambda": 0.33440000000000003, "Kappa": 0.3116, "tanBeta": 6.297649999999999, "mBottom": 6.171696999999999, "ChiSquared": null, "LogL": null, "testCalc": 5.160019599999999, "extTest": {"res1": 65.20427920725623, "res2": 4251.598026937828}}, "Point T2-944-30072019090259": {"Lambda": 0.5419, "Kappa": 0.6384, "tanBeta": 11.8357, "mBottom": 11.598985999999998, "ChiSquared": null, "LogL": null, "testCalc": 13.649059489999999, "extTest": {"res1": 850.4775255267136, "res2": 723312.0214260418}}, "Point T6-499-30072019090259": {"Lambda": 0.911, "Kappa": 0.6078, "tanBeta": 19.5451, "mBottom": 19.154198, "ChiSquared": null, "LogL": null, "testCalc": 22.286531780000004, "extTest": {"res1": -281.8682938635105, "res2": 79449.73508552629}}, "Point T7-243-30072019090314-GenNb3": {"Lambda": 0.6034, "Kappa": 0.5357999999999999, "tanBeta": 2.8381562499999973, "mBottom": 2.7813931249999975, "ChiSquared": null, "LogL": null, "testCalc": 3.2754722412499975, "extTest": {"res1": -7.126502937709085, "res2": 50.787044121176216}}}