{"Point T7-518-30072019090256": {"Lambda": 0.6779, "Kappa": 0.6078, "tanBeta": 39.3474, "mBottom": 38.560452, "ChiSquared": null, "LogL": null, "testCalc": 43.655124130000004, "extTest": {"res1": 2431.5814439341857, "res2": 5912588.31848506}}, "Point T6-835-30072019090256": {"Lambda": 0.0538, "Kappa": 0.0923, "tanBeta": 14.2374, "mBottom": 13.952651999999999, "ChiSquared": null, "LogL": null, "testCalc": 8.29333246, "extTest": {"res1": 318.1671631169263, "res2": 101230.3436858728}}, "Point T0-496-30072019090312-GenNb3": {"Lambda": 0.2892, "Kappa": 0.7246, "tanBeta": 16.78165, "mBottom": 16.446016999999998, "ChiSquared": null, "LogL": null, "testCalc": 20.466628729999996, "extTest": {"res1": 723.1320380731102, "res2": 522919.94448777003}}, "Point T0-777-30072019090309-GenNb2": {"Lambda": 0.8674, "Kappa": 0.2266, "tanBeta": 18.3908, "mBottom": 18.022983999999997, "ChiSquared": null, "LogL": null, "testCalc": 13.931230039999999, "extTest": {"res1": -4250.999501070098, "res2": 18070996.75809822}}, "Point T3-921-30072019090257": {"Lambda": 0.6154, "Kappa": 0.2079, "tanBeta": 14.2976, "mBottom": 14.011648, "ChiSquared": null, "LogL": null, "testCalc": 10.3570122, "extTest": {"res1": -295.48894758234064, "res2": 87313.71814331926}}, "Point T0-812-30072019090257": {"Lambda": 0.51, "Kappa": 0.1926, "tanBeta": 23.9113, "mBottom": 23.433074, "ChiSquared": null, "LogL": null, "testCalc": 16.58195338, "extTest": {"res1": -827.4299424402121, "res2": 684640.3096466127}}, "Point T1-503-30072019090258": {"Lambda": 0.0246, "Kappa": 0.7864, "tanBeta": 20.9716, "mBottom": 20.552167999999998, "ChiSquared": null, "LogL": null, "testCalc": 26.768755399999996, "extTest": {"res1": 890.1464175885336, "res2": 792360.6447457001}}, "Point T0-273-30072019090306-GenNb1": {"Lambda": 0.4253, "Kappa": 0.0842, "tanBeta": 8.444149999999997, "mBottom": 8.275266999999998, "ChiSquared": null, "LogL": null, "testCalc": 5.029511019999998, "extTest": {"res1": -67.47297223069921, "res2": 4552.601981644707}}, "Point T0-773-30072019090314-GenNb3": {"Lambda": 0.5428, "Kappa": 0.8576, "tanBeta": 25.944924999999998, "mBottom": 25.4260265, "ChiSquared": null, "LogL": null, "testCalc": 35.25801277, "extTest": {"res1": -508.8807813219912, "res2": 258959.64959888023}}, "Point T0-241-30072019090303-GenNb0": {"Lambda": 0.0879, "Kappa": 0.1397, "tanBeta": 11.9376, "mBottom": 11.698848, "ChiSquared": null, "LogL": null, "testCalc": 7.52483313, "extTest": {"res1": -153.9240046464344, "res2": 23692.599206395564}}, "Point T0-887-30072019090259": {"Lambda": 0.0058, "Kappa": 0.5718, "tanBeta": 31.8309, "mBottom": 31.194281999999998, "ChiSquared": null, "LogL": null, "testCalc": 33.79808326, "extTest": {"res1": 1780.6067298169817, "res2": 3170560.3262695256}}, "Point T7-621-30072019090259": {"Lambda": 0.2282, "Kappa": 0.3511, "tanBeta": 21.4311, "mBottom": 21.002478, "ChiSquared": null, "LogL": null, "testCalc": 18.077773450000002, "extTest": {"res1": 218.41633294047597, "res2": 47705.69449516485}}, "Point T3-652-30072019090259": {"Lambda": 0.882, "Kappa": 0.9477, "tanBeta": 23.5017, "mBottom": 23.031665999999998, "ChiSquared": null, "LogL": null, "testCalc": 34.566318089999996, "extTest": {"res1": 3339.490984383736, "res2": 11152200.034780253}}}