{"Point T4-404-30072019090304-GenNb1": {"Lambda": 0.612, "Kappa": 0.436, "tanBeta": 15.2147, "mBottom": 14.910406, "ChiSquared": null, "LogL": null, "testCalc": 14.4633562, "extTest": {"res1": -170.881120121802, "res2": 29200.35721408173}}, "Point T3-78-30072019090256": {"Lambda": 0.5915, "Kappa": 0.0978, "tanBeta": 18.8352, "mBottom": 18.458496, "ChiSquared": null, "LogL": null, "testCalc": 11.42120281, "extTest": {"res1": 557.8118469270476, "res2": 311154.05657216394}}, "Point T4-498-30072019090308-GenNb2": {"Lambda": 1.129, "Kappa": 0.3812, "tanBeta": 9.918099999999999, "mBottom": 9.719738, "ChiSquared": null, "LogL": null, "testCalc": 9.915289719999999, "extTest": {"res1": -20702.898515459576, "res2": 428610006.9414183}}, "Point T1-974-30072019090257": {"Lambda": 0.0736, "Kappa": 0.2314, "tanBeta": 21.4079, "mBottom": 20.979742, "ChiSquared": null, "LogL": null, "testCalc": 15.44907602, "extTest": {"res1": -663.879772250903, "res2": 440736.3520039108}}, "Point T4-512-30072019090305-GenNb1": {"Lambda": 0.2971, "Kappa": 0.4067, "tanBeta": 11.152999999999999, "mBottom": 10.929939999999998, "ChiSquared": null, "LogL": null, "testCalc": 10.089163509999999, "extTest": {"res1": 125.874497174571, "res2": 15844.389038951083}}, "Point T4-506-30072019090302-GenNb0": {"Lambda": 0.0692, "Kappa": 0.4407, "tanBeta": 17.61515, "mBottom": 17.262847, "ChiSquared": null, "LogL": null, "testCalc": 16.399208745, "extTest": {"res1": 234.74666430720814, "res2": 55105.99640336107}}, "Point T3-232-30072019090258": {"Lambda": 0.8598, "Kappa": 0.4439, "tanBeta": 13.0147, "mBottom": 12.754406, "ChiSquared": null, "LogL": null, "testCalc": 12.893684369999999, "extTest": {"res1": 342.15012143185066, "res2": 117066.70559583015}}, "Point T4-206-30072019090306-GenNb1": {"Lambda": 0.8566, "Kappa": 0.33245, "tanBeta": 18.9015, "mBottom": 18.52347, "ChiSquared": null, "LogL": null, "testCalc": 16.279302235, "extTest": {"res1": 388.03306415000395, "res2": 150569.65887364108}}, "Point T4-792-30072019090310-GenNb2": {"Lambda": 0.8115, "Kappa": 0.1775, "tanBeta": 3.5779500000000013, "mBottom": 3.506391000000001, "ChiSquared": null, "LogL": null, "testCalc": 3.0468138750000007, "extTest": {"res1": 9.870902436928036, "res2": 97.43471491935185}}, "Point T4-652-30072019090311-GenNb2": {"Lambda": 0.139, "Kappa": 0.0797, "tanBeta": 12.190900000000001, "mBottom": 11.947082, "ChiSquared": null, "LogL": null, "testCalc": 6.9644767299999994, "extTest": {"res1": -248.39639104659463, "res2": 61700.76708497276}}, "Point T4-527-30072019090307-GenNb1": {"Lambda": 0.7427, "Kappa": 0.1164, "tanBeta": 6.636099999999999, "mBottom": 6.503377999999999, "ChiSquared": null, "LogL": null, "testCalc": 4.5757343299999995, "extTest": {"res1": -26.25987001306535, "res2": 689.5807731030887}}, "Point T0-792-30072019090259": {"Lambda": 0.0738, "Kappa": 0.0678, "tanBeta": 37.3078, "mBottom": 36.561644, "ChiSquared": null, "LogL": null, "testCalc": 20.81573728, "extTest": {"res1": -1028.4066851239647, "res2": 1057620.3100076616}}}