{"Point T3-886-30072019090304-GenNb1": {"Lambda": 0.7424, "Kappa": 0.5327, "tanBeta": 13.031175, "mBottom": 12.7705515, "ChiSquared": null, "LogL": null, "testCalc": 13.878140432499999, "extTest": {"res1": 453.6053512861067, "res2": 205757.81471539228}}, "Point T3-472-30072019090311-GenNb3": {"Lambda": 0.2141, "Kappa": 0.67295, "tanBeta": 11.024312499999999, "mBottom": 10.803826249999998, "ChiSquared": null, "LogL": null, "testCalc": 12.866563031875, "extTest": {"res1": 404.89008672899047, "res2": 163935.9823314094}}, "Point T3-72-30072019090308-GenNb2": {"Lambda": 0.7052, "Kappa": 0.11665, "tanBeta": 9.096274999999999, "mBottom": 8.914349499999998, "ChiSquared": null, "LogL": null, "testCalc": 6.015562268749999, "extTest": {"res1": -134.45495547749618, "res2": 18078.13505245548}}, "Point T6-811-30072019090257": {"Lambda": 0.9199, "Kappa": 0.0591, "tanBeta": 39.9879, "mBottom": 39.188142, "ChiSquared": null, "LogL": null, "testCalc": 22.803571899999998, "extTest": {"res1": -2554.0536581476827, "res2": 6523190.08869756}}, "Point T5-425-30072019090257": {"Lambda": 0.338, "Kappa": 0.5732, "tanBeta": 14.7107, "mBottom": 14.416485999999999, "ChiSquared": null, "LogL": null, "testCalc": 15.75466024, "extTest": {"res1": -315.8611808703708, "res2": 99768.28558082509}}, "Point T3-478-30072019090305-GenNb1": {"Lambda": 0.5588, "Kappa": 0.1112, "tanBeta": 25.92255, "mBottom": 25.404099000000002, "ChiSquared": null, "LogL": null, "testCalc": 15.896894500000002, "extTest": {"res1": -1550.8153955153402, "res2": 2405028.390967401}}, "Point T3-682-30072019090301-GenNb0": {"Lambda": 0.6517499999999999, "Kappa": 0.0041, "tanBeta": 17.698999999999998, "mBottom": 17.345019999999998, "ChiSquared": null, "LogL": null, "testCalc": 9.1698539625, "extTest": {"res1": 634.0636413514819, "res2": 402036.7012839007}}, "Point T3-582-30072019090306-GenNb1": {"Lambda": 0.5072749999999999, "Kappa": 0.0519, "tanBeta": 19.040399999999998, "mBottom": 18.659591999999996, "ChiSquared": null, "LogL": null, "testCalc": 10.575320685624998, "extTest": {"res1": -344.1173572790994, "res2": 118416.75558075134}}, "Point T2-273-30072019090258": {"Lambda": 0.1626, "Kappa": 0.6923, "tanBeta": 13.11, "mBottom": 12.8478, "ChiSquared": null, "LogL": null, "testCalc": 15.52639176, "extTest": {"res1": 81.57653015635701, "res2": 6654.730272351025}}, "Point T0-981-30072019090259": {"Lambda": 0.2689, "Kappa": 0.1762, "tanBeta": 20.6808, "mBottom": 20.267184, "ChiSquared": null, "LogL": null, "testCalc": 13.84985617, "extTest": {"res1": -461.97494034945765, "res2": 213420.84551088494}}, "Point T3-353-30072019090310-GenNb2": {"Lambda": 0.8603, "Kappa": 0.5245, "tanBeta": 20.0096, "mBottom": 19.609408, "ChiSquared": null, "LogL": null, "testCalc": 21.03985529, "extTest": {"res1": 651.5057677477881, "res2": 424459.76540863485}}, "Point T6-449-30072019090259": {"Lambda": 0.577, "Kappa": 0.868, "tanBeta": 19.3166, "mBottom": 18.930268, "ChiSquared": null, "LogL": null, "testCalc": 26.5648718, "extTest": {"res1": 998.9757751891092, "res2": 997952.5994146817}}, "Point T3-949-30072019090315-GenNb3": {"Lambda": 0.175, "Kappa": 0.1499, "tanBeta": 9.668924999999998, "mBottom": 9.475546499999998, "ChiSquared": null, "LogL": null, "testCalc": 6.217770107499999, "extTest": {"res1": 64.99952900509842, "res2": 4224.938770884632}}}