{"Point T6-497-07082019113418-GenNb0": {"Lambda": 0.6142, "Kappa": 0.6242, "tanBeta": 11.337921999999997, "mBottom": 11.111163559999998, "ChiSquared": null, "LogL": null, "testCalc": 13.009954332399996, "extTest": {"res1": 10187.535455729838, "res2": 103785878.66175255}},"Point T6-198-07082019113418-GenNb0": {"Lambda": 0.568, "Kappa": 0.45867199999999997, "tanBeta": 13.453923999999997, "mBottom": 13.184845519999996, "ChiSquared": null, "LogL": null, "testCalc": 13.085984988927997, "extTest": {"res1": 961.4930351380971, "res2": 924468.8566190699}},"Point T6-487-07082019113420-GenNb0": {"Lambda": 0.1456, "Kappa": 0.9683, "tanBeta": 21.199848, "mBottom": 20.77585104, "ChiSquared": null, "LogL": null, "testCalc": 30.9369376984, "extTest": {"res1": -1277.8754120257406, "res2": 1632965.5686599563}},"Point T6-137-07082019113421-GenNb1": {"Lambda": 0.21886, "Kappa": 0.3216, "tanBeta": 17.96863948, "mBottom": 17.6092666904, "ChiSquared": null, "LogL": null, "testCalc": 14.631247501568, "extTest": {"res1": -1256.9337997261975, "res2": 1579882.5768941368}},"Point T6-974-07082019113421-GenNb1": {"Lambda": 0.36855469318244516, "Kappa": 0.9856444245049993, "tanBeta": 15.023761228080442, "mBottom": 14.723286003518833, "ChiSquared": null, "LogL": null, "testCalc": 22.305562053178093, "extTest": {"res1": -439.10729007911186, "res2": 192815.2122006213}},"Point T6-402-07082019113423-GenNb2": {"Lambda": 0.5120277839542662, "Kappa": 0.9527647124867051, "tanBeta": 15.922636822416807, "mBottom": 15.604184085968472, "ChiSquared": null, "LogL": null, "testCalc": 23.234790988665523, "extTest": {"res1": -141.5413759917719, "res2": 20033.961117644143}},"Point T6-325-07082019113424-GenNb2": {"Lambda": 0.1044, "Kappa": 0.31506599999999996, "tanBeta": 15.24534748, "mBottom": 14.9404405304, "ChiSquared": null, "LogL": null, "testCalc": 12.284410274333679, "extTest": {"res1": -238.71408825679708, "res2": 56984.41593227391}},"Point T6-419-07082019113426-GenNb3": {"Lambda": 0.5119, "Kappa": 0.4064, "tanBeta": 19.14518716, "mBottom": 18.7622834168, "ChiSquared": null, "LogL": null, "testCalc": 17.423787380224, "extTest": {"res1": 438.28395510818314, "res2": 192092.8253052719}},"Point T6-899-07082019113426-GenNb3": {"Lambda": -0.06051130681755479, "Kappa": 0.9068839845049993, "tanBeta": 10.364654564880441, "mBottom": 10.157361473582831, "ChiSquared": null, "LogL": null, "testCalc": 14.481881584860886, "extTest": {"res1": 76.13938498865045, "res2": 5797.205946449929}},"Point T6-851-07082019113426-GenNb3": {"Lambda": 0.0852, "Kappa": 0.4245, "tanBeta": 7.854962622795091, "mBottom": 7.6978633703391885, "ChiSquared": null, "LogL": null, "testCalc": 7.19062235854611, "extTest": {"res1": -127.94014246448653, "res2": 16368.680053833108}},"Point T6-890-07082019113426-GenNb3": {"Lambda": 0.21886, "Kappa": 0.3216, "tanBeta": 13.484054663199998, "mBottom": 13.214373569935999, "ChiSquared": null, "LogL": null, "testCalc": 10.991558464253119, "extTest": {"res1": -423.9599636038218, "res2": 179742.0507389539}},"Point T6-48-07082019113428-GenNb3": {"Lambda": 0.8234, "Kappa": 0.1836, "tanBeta": 12.012681383286676, "mBottom": 11.772427755620942, "ChiSquared": null, "LogL": null, "testCalc": 8.769729739781905, "extTest": {"res1": 259.865729694163, "res2": 67530.1974694798}},"Point T6-179-07082019113429-GenNb3": {"Lambda": 0.7545, "Kappa": 0.4344, "tanBeta": 10.743524302795093, "mBottom": 10.52865381673919, "ChiSquared": null, "LogL": null, "testCalc": 10.500584115503784, "extTest": {"res1": 72.69044559548914, "res2": 5283.900880870766}},"Point T6-252-07082019113431-GenNb4": {"Lambda": 0.5120277839542662, "Kappa": 0.9527647124867051, "tanBeta": 5.5768673959471275, "mBottom": 5.465330048028185, "ChiSquared": null, "LogL": null, "testCalc": 8.308279936631255, "extTest": {"res1": 17.907593209833507, "res2": 320.6818945688751}},"Point T6-644-07082019113431-GenNb4": {"Lambda": 0.1044, "Kappa": 0.31506599999999996, "tanBeta": 11.591310070683091, "mBottom": 11.359483869269429, "ChiSquared": null, "LogL": null, "testCalc": 9.342668993364553, "extTest": {"res1": -495.33699288049684, "res2": 245358.73651589337}},"Point T6-591-07082019113434-GenNb5": {"Lambda": 0.111204, "Kappa": 0.39629952, "tanBeta": 9.722382462795089, "mBottom": 9.527934813539186, "ChiSquared": null, "LogL": null, "testCalc": 8.629309239647705, "extTest": {"res1": -102.90556087169205, "res2": 10589.554458317518}},"Point T6-811-07082019113434-GenNb5": {"Lambda": 0.1044, "Kappa": 0.31506599999999996, "tanBeta": 5.302089004955656, "mBottom": 5.196047224856542, "ChiSquared": null, "LogL": null, "testCalc": 4.279430946863629, "extTest": {"res1": -89.44319128813781, "res2": 8000.084467806411}},"Point T6-281-07082019113436-GenNb5": {"Lambda": 0.1456, "Kappa": 0.853774, "tanBeta": 17.52567364015524, "mBottom": 17.175160167352136, "ChiSquared": null, "LogL": null, "testCalc": 23.57174393012597, "extTest": {"res1": -445.7823002484271, "res2": 198721.8592147788}},"Point T6-135-07082019113436-GenNb6": {"Lambda": 0.043929745464080315, "Kappa": 0.4064, "tanBeta": 6.933065029212656, "mBottom": 6.794403728628403, "ChiSquared": null, "LogL": null, "testCalc": 6.216729314722764, "extTest": {"res1": 176.3819875895097, "res2": 31110.605546025952}},"Point T6-671-07082019113437-GenNb6": {"Lambda": 0.27869073740981565, "Kappa": 0.8410687102412254, "tanBeta": 2.6362190264081953, "mBottom": 2.583494645880031, "ChiSquared": null, "LogL": null, "testCalc": 3.5866571865125625, "extTest": {"res1": 3.8803680066143666, "res2": 15.057255866756353}},"Point T6-29-07082019113437-GenNb6": {"Lambda": 0.2100299024995862, "Kappa": -0.004535320173299662, "tanBeta": 2.398576594422564, "mBottom": 2.3506050625341124, "ChiSquared": null, "LogL": null, "testCalc": 1.2085367783951528, "extTest": {"res1": -7.155800821661103, "res2": 51.20548539928571}},"Point T6-339-07082019113438-GenNb6": {"Lambda": 0.111204, "Kappa": 0.6417816832, "tanBeta": 9.112902712475552, "mBottom": 8.930644658226042, "ChiSquared": null, "LogL": null, "testCalc": 10.326182700379427, "extTest": {"res1": -78.1675203197526, "res2": 6110.161232938935}},"Point T6-737-07082019113439-GenNb6": {"Lambda": 0.8234, "Kappa": 0.1836, "tanBeta": 8.94513409654327, "mBottom": 8.766231414612404, "ChiSquared": null, "LogL": null, "testCalc": 6.703429887431547, "extTest": {"res1": 893.1289040026198, "res2": 797679.2391649209}},"Point T6-828-07082019113440-GenNb7": {"Lambda": -0.4939777170355058, "Kappa": 0.7182394297732995, "tanBeta": 6.683011002188986, "mBottom": 6.549350782145207, "ChiSquared": null, "LogL": null, "testCalc": 8.318691387381119, "extTest": {"res1": 35.643347371071606, "res2": 1270.4482118148771}},"Point T6-111-07082019113442-GenNb7": {"Lambda": 0.4499855332347332, "Kappa": 0.5014, "tanBeta": 9.792077112151805, "mBottom": 9.59623556990877, "ChiSquared": null, "LogL": null, "testCalc": 9.910352229107847, "extTest": {"res1": 418.28987682870303, "res2": 174966.42105737154}},"Point T6-935-07082019113442-GenNb7": {"Lambda": 0.2535228064919668, "Kappa": 0.6384826357457904, "tanBeta": 16.783235413921766, "mBottom": 16.44757070564333, "ChiSquared": null, "LogL": null, "testCalc": 19.00386354965609, "extTest": {"res1": 293.01709593659825, "res2": 85859.01851111763}},"Point T6-813-07082019113443-GenNb8": {"Lambda": 0.27869073740981565, "Kappa": 0.24087199999999995, "tanBeta": 5.746127493086454, "mBottom": 5.631204943224724, "ChiSquared": null, "LogL": null, "testCalc": 4.277352220245109, "extTest": {"res1": 116.11927030309354, "res2": 13483.684935722902}},"Point T6-293-07082019113444-GenNb8": {"Lambda": 0.24247768139786258, "Kappa": 0.9728863364792198, "tanBeta": 3.581432455585916, "mBottom": 3.509803806474198, "ChiSquared": null, "LogL": null, "testCalc": 5.298024030275941, "extTest": {"res1": 18.85195747691142, "res2": 355.39630071127635}}}