{"Point T3-390-07082019113418-GenNb0": {"Lambda": 0.5014, "Kappa": 0.6627, "tanBeta": 8.267029999999998, "mBottom": 8.101689399999998, "ChiSquared": null, "LogL": null, "testCalc": 9.780807440999997, "extTest": {"res1": 94.77736605917126, "res2": 8982.749117114148}},"Point T3-632-07082019113419-GenNb0": {"Lambda": -0.28389600000000004, "Kappa": 0.1892, "tanBeta": 4.776223999999997, "mBottom": 4.6806995199999974, "ChiSquared": null, "LogL": null, "testCalc": 3.3246082796159984, "extTest": {"res1": 75.94101745034342, "res2": 5767.038131393364}},"Point T3-384-07082019113422-GenNb1": {"Lambda": 0.4385, "Kappa": 0.4798, "tanBeta": 14.159246, "mBottom": 13.87606108, "ChiSquared": null, "LogL": null, "testCalc": 13.9239190208, "extTest": {"res1": -237.39941646917674, "res2": 56358.482939905625}},"Point T3-895-07082019113422-GenNb1": {"Lambda": 0.24403800000000003, "Kappa": -0.31694200000000006, "tanBeta": 16.113638, "mBottom": 15.791365240000001, "ChiSquared": null, "LogL": null, "testCalc": 2.8481485104479987, "extTest": {"res1": -853.3216063283977, "res2": 728157.763826877}},"Point T3-945-07082019113423-GenNb1": {"Lambda": 0.053627999999999953, "Kappa": 0.467522, "tanBeta": 3.8087297999999983, "mBottom": 3.7325552039999983, "ChiSquared": null, "LogL": null, "testCalc": 3.6498185379395984, "extTest": {"res1": 6.346936046748797, "res2": 40.28359718151925}},"Point T3-911-07082019113425-GenNb1": {"Lambda": 0.4686, "Kappa": 0.493, "tanBeta": 17.846646200000002, "mBottom": 17.489713276000003, "ChiSquared": null, "LogL": null, "testCalc": 17.762839174600003, "extTest": {"res1": 563.4121168682283, "res2": 317433.2134339381}},"Point T3-162-07082019113426-GenNb2": {"Lambda": 0.51539, "Kappa": 0.7702660000000001, "tanBeta": 3.7934839999999976, "mBottom": 3.717614319999998, "ChiSquared": null, "LogL": null, "testCalc": 5.046425758843998, "extTest": {"res1": 7.8845863183925005, "res2": 62.166701412182206}},"Point T3-334-07082019113428-GenNb2": {"Lambda": 0.0667899999999999, "Kappa": 0.256, "tanBeta": 22.674698, "mBottom": 22.22120404, "ChiSquared": null, "LogL": null, "testCalc": 16.9197856121, "extTest": {"res1": 324.5854705838417, "res2": 105355.72771413396}},"Point T3-455-07082019113430-GenNb3": {"Lambda": 0.46144199999999996, "Kappa": 0.1622, "tanBeta": 3.333463799999998, "mBottom": 3.266794523999998, "ChiSquared": null, "LogL": null, "testCalc": 2.3870138097239986, "extTest": {"res1": -10.166680909040785, "res2": 103.36140070625437}},"Point T3-354-07082019113432-GenNb4": {"Lambda": 0.386228, "Kappa": 0.8119, "tanBeta": 18.112351507999996, "mBottom": 17.750104477839997, "ChiSquared": null, "LogL": null, "testCalc": 23.729642496249195, "extTest": {"res1": 213.05024836142817, "res2": 45390.40832686623}},"Point T3-853-07082019113433-GenNb4": {"Lambda": 0.993204, "Kappa": 0.1991, "tanBeta": 4.524499799999997, "mBottom": 4.434009803999998, "ChiSquared": null, "LogL": null, "testCalc": 4.104286997795999, "extTest": {"res1": 347.4827934510137, "res2": 120744.29174451987}},"Point T3-254-07082019113435-GenNb4": {"Lambda": 0.024367466550338723, "Kappa": 0.493, "tanBeta": 17.829155301335454, "mBottom": 17.472572195308747, "ChiSquared": null, "LogL": null, "testCalc": 17.526653434638835, "extTest": {"res1": 627.7776897720747, "res2": 394104.8277755633}},"Point T3-820-07082019113439-GenNb5": {"Lambda": 0.0667899999999999, "Kappa": 0.607642, "tanBeta": 13.150811169335451, "mBottom": 12.887794945948743, "ChiSquared": null, "LogL": null, "testCalc": 14.439343577631703, "extTest": {"res1": -610.4830883984705, "res2": 372689.60122053477}},"Point T3-396-07082019113440-GenNb6": {"Lambda": -0.014044192766211314, "Kappa": 0.429309500733019, "tanBeta": 5.743110789064173, "mBottom": 5.628248573282889, "ChiSquared": null, "LogL": null, "testCalc": 5.279893551499454, "extTest": {"res1": -52.806892937420976, "res2": 2788.5679417042415}},"Point T3-239-07082019113441-GenNb6": {"Lambda": 0.2729, "Kappa": 0.7592859904067698, "tanBeta": 10.408668568403227, "mBottom": 10.200495197035162, "ChiSquared": null, "LogL": null, "testCalc": 13.07787823129344, "extTest": {"res1": 80.36273386368696, "res2": 6458.168994045778}},"Point T3-974-07082019113442-GenNb6": {"Lambda": -0.23797292000000014, "Kappa": 0.1774, "tanBeta": 13.160873397335452, "mBottom": 12.897655929388742, "ChiSquared": null, "LogL": null, "testCalc": 8.840198016035007, "extTest": {"res1": 135.70518081507896, "res2": 18415.896100053276}},"Point T3-512-07082019113445-GenNb7": {"Lambda": 0.5321477364498645, "Kappa": 0.18783185395546761, "tanBeta": 1.8586160320325684, "mBottom": 1.821443711391917, "ChiSquared": null, "LogL": null, "testCalc": 1.5430103641927049, "extTest": {"res1": -5.451520717836687, "res2": 29.71907813700263}},"Point T3-393-07082019113446-GenNb7": {"Lambda": 0.41992799999999997, "Kappa": 0.04148600000000004, "tanBeta": 7.2223263599999985, "mBottom": 7.077879832799998, "ChiSquared": null, "LogL": null, "testCalc": 4.0149048729549595, "extTest": {"res1": -217.23190118233592, "res2": 47189.69889129216}},"Point T3-850-07082019113447-GenNb8": {"Lambda": 0.5717475193623446, "Kappa": 0.8020894355839839, "tanBeta": 2.1825281614333525, "mBottom": 2.1388775982046853, "ChiSquared": null, "LogL": null, "testCalc": 3.146916806149565, "extTest": {"res1": -15.732693745054167, "res2": 247.51765247566652}}}