{"Point T0-376-07082019113420-GenNb0": {"Lambda": 0.180126, "Kappa": 0.379, "tanBeta": 31.90838, "mBottom": 31.270212400000002, "ChiSquared": null, "LogL": null, "testCalc": 27.760827595876002, "extTest": {"res1": 2476.690376819542, "res2": 6133995.222630525}},"Point T0-508-07082019113422-GenNb1": {"Lambda": 0.6324, "Kappa": -0.361456, "tanBeta": 0.02565999999999491, "mBottom": 0.02514679999999501, "ChiSquared": null, "LogL": null, "testCalc": 0.40322819903999935, "extTest": {"res1": 0.43828342258222724, "res2": 0.1920923585103912}},"Point T0-271-07082019113423-GenNb1": {"Lambda": 0.47079492741306056, "Kappa": 0.0059, "tanBeta": 11.735443570324492, "mBottom": 11.500734698918002, "ChiSquared": null, "LogL": null, "testCalc": 6.0412543302017845, "extTest": {"res1": -281.2367331702638, "res2": 79094.10008428215}},"Point T0-390-07082019113426-GenNb2": {"Lambda": 0.36644892741306057, "Kappa": 0.125624, "tanBeta": 23.71833757032449, "mBottom": 23.243970818918, "ChiSquared": null, "LogL": null, "testCalc": 14.735862664795627, "extTest": {"res1": 1404.624027164936, "res2": 1972968.6576890429}},"Point T0-196-07082019113427-GenNb2": {"Lambda": 1.0426975504583662, "Kappa": -0.034166167992557686, "tanBeta": 6.208889447073743, "mBottom": 6.084711658132267, "ChiSquared": null, "LogL": null, "testCalc": 3.917440050902071, "extTest": {"res1": -78.90076525563158, "res2": 6225.33075792428}},"Point T0-311-07082019113429-GenNb3": {"Lambda": 0.53690134790738, "Kappa": 0.15710599999999997, "tanBeta": 13.800557243585828, "mBottom": 13.524546098714112, "ChiSquared": null, "LogL": null, "testCalc": 9.218686453052612, "extTest": {"res1": 123.14634894052088, "res2": 15165.023257380528}},"Point T0-689-07082019113429-GenNb3": {"Lambda": 0.180126, "Kappa": 0.379, "tanBeta": 19.419785243585835, "mBottom": 19.03138953871412, "ChiSquared": null, "LogL": null, "testCalc": 16.90823875255209, "extTest": {"res1": -340.52469158424736, "res2": 115957.06557854678}},"Point T0-302-07082019113430-GenNb3": {"Lambda": 1.05236836, "Kappa": 0.021382159999999997, "tanBeta": 2.5895899600000014, "mBottom": 2.5377981608000013, "ChiSquared": null, "LogL": null, "testCalc": 2.431749272388204, "extTest": {"res1": 34.79792023446353, "res2": 1210.8952526440864}},"Point T0-122-07082019113432-GenNb4": {"Lambda": 0.5879, "Kappa": 0.4775756998792497, "tanBeta": 14.963805173942607, "mBottom": 14.664529070463754, "ChiSquared": null, "LogL": null, "testCalc": 14.824240674034256, "extTest": {"res1": -264.6731761780716, "res2": 70051.89018818854}},"Point T0-895-07082019113433-GenNb4": {"Lambda": 0.7680082404420613, "Kappa": -0.17927628962822545, "tanBeta": 11.516319090535141, "mBottom": 11.285992708724438, "ChiSquared": null, "LogL": null, "testCalc": 4.16823005502329, "extTest": {"res1": 92.48852042763254, "res2": 8554.1264108926}},"Point T0-642-07082019113435-GenNb5": {"Lambda": 0.7773440450130606, "Kappa": -0.361456, "tanBeta": 3.568461529122372, "mBottom": 3.497092298539924, "ChiSquared": null, "LogL": null, "testCalc": 1.0629680831167736, "extTest": {"res1": -11.601838258645685, "res2": 134.60265097977475}},"Point T0-478-07082019113440-GenNb6": {"Lambda": 1.0842241888015, "Kappa": 0.0804, "tanBeta": 8.388787948360708, "mBottom": 8.221012189393493, "ChiSquared": null, "LogL": null, "testCalc": 5.9605067373272185, "extTest": {"res1": 58.80105920050481, "res2": 3457.5645631012712}},"Point T0-781-07082019113442-GenNb7": {"Lambda": 1.37766390970862, "Kappa": 0.6852, "tanBeta": 0.03642634845411408, "mBottom": 0.0356978214850318, "ChiSquared": null, "LogL": null, "testCalc": 1.9407660928169157, "extTest": {"res1": 2.8313816818897015, "res2": 8.016722228540555}},"Point T0-90-07082019113443-GenNb7": {"Lambda": 0.7699, "Kappa": 0.5158, "tanBeta": 10.782582837852978, "mBottom": 10.566931181095917, "ChiSquared": null, "LogL": null, "testCalc": 11.437867828312525, "extTest": {"res1": 214.97053118899777, "res2": 46212.32927967986}},"Point T0-32-07082019113445-GenNb7": {"Lambda": 0.6565, "Kappa": 0.8807067963214, "tanBeta": 23.720953582059114, "mBottom": 23.24653451041793, "ChiSquared": null, "LogL": null, "testCalc": 32.945464540152884, "extTest": {"res1": -2343.385803319527, "res2": 5491457.023199505}},"Point T0-87-07082019113447-GenNb8": {"Lambda": 0.7424924186935317, "Kappa": 0.44018632912491196, "tanBeta": 9.34384982700358, "mBottom": 9.15697283046351, "ChiSquared": null, "LogL": null, "testCalc": 9.242816362292276, "extTest": {"res1": -338.5666633115377, "res2": 114627.38550590813}},"Point T0-389-07082019113448-GenNb8": {"Lambda": 0.9794080424638909, "Kappa": 0.3160493868891568, "tanBeta": 8.417670685160633, "mBottom": 8.24931727145742, "ChiSquared": null, "LogL": null, "testCalc": 7.744298408451507, "extTest": {"res1": 82.38595515326442, "res2": 6787.445606515696}}}