{"Point T7-529-07082019113417-GenNb0": {"Lambda": 0.7259, "Kappa": 0.5208, "tanBeta": 26.368564, "mBottom": 25.84119272, "ChiSquared": null, "LogL": null, "testCalc": 27.1802753012, "extTest": {"res1": 1188.5077746188842, "res2": 1412550.7303295326}},"Point T7-941-07082019113418-GenNb0": {"Lambda": 0.6859, "Kappa": 0.4999, "tanBeta": 27.694567999999997, "mBottom": 27.140676639999995, "ChiSquared": null, "LogL": null, "testCalc": 27.885311673199997, "extTest": {"res1": 1065.3758056173253, "res2": 1135025.607194765}},"Point T7-447-07082019113422-GenNb1": {"Lambda": 0.311, "Kappa": -0.11117400000000005, "tanBeta": 20.732427999999995, "mBottom": 20.317779439999995, "ChiSquared": null, "LogL": null, "testCalc": 7.950703769527998, "extTest": {"res1": -1673.386573817326, "res2": 2800222.6254320894}},"Point T7-926-07082019113423-GenNb1": {"Lambda": 0.735486, "Kappa": 0.6026, "tanBeta": 25.168068879999996, "mBottom": 24.664707502399995, "ChiSquared": null, "LogL": null, "testCalc": 28.039571714483998, "extTest": {"res1": -1229.602810508842, "res2": 1511923.071611243}},"Point T7-471-07082019113423-GenNb1": {"Lambda": 0.265404, "Kappa": 0.88, "tanBeta": 39.003926240000006, "mBottom": 38.2238477152, "ChiSquared": null, "LogL": null, "testCalc": 53.505818232016004, "extTest": {"res1": 624.4846302807883, "res2": 389981.0534569329}},"Point T7-695-07082019113424-GenNb1": {"Lambda": 0.9033082795175564, "Kappa": 0.5463236688802404, "tanBeta": 25.344599099839296, "mBottom": 24.83770711784251, "ChiSquared": null, "LogL": null, "testCalc": 27.081173773289265, "extTest": {"res1": 731.9248309594203, "res2": 535713.958174976}},"Point T7-976-07082019113424-GenNb1": {"Lambda": 0.6882942395961359, "Kappa": 0.4374, "tanBeta": 25.25301822944439, "mBottom": 24.7479578648555, "ChiSquared": null, "LogL": null, "testCalc": 23.893398066247947, "extTest": {"res1": -1819.2915143951132, "res2": 3309821.614350064}},"Point T7-213-07082019113425-GenNb2": {"Lambda": 0.2763, "Kappa": 0.1771, "tanBeta": 18.61896871303329, "mBottom": 18.246589338772623, "ChiSquared": null, "LogL": null, "testCalc": 12.497055718464507, "extTest": {"res1": 612.1350531071416, "res2": 374709.3232424831}},"Point T7-470-07082019113425-GenNb2": {"Lambda": 0.6859, "Kappa": 0.27952116, "tanBeta": 19.651960479999996, "mBottom": 19.258921270399995, "ChiSquared": null, "LogL": null, "testCalc": 15.593058234843753, "extTest": {"res1": -259.33415007042544, "res2": 67254.20139274994}},"Point T7-394-07082019113425-GenNb2": {"Lambda": 0.6930913599999999, "Kappa": -0.11117400000000005, "tanBeta": 19.640768681599994, "mBottom": 19.247953307967993, "ChiSquared": null, "LogL": null, "testCalc": 7.920809469882448, "extTest": {"res1": 18012.748229539986, "res2": 324459098.7807959}},"Point T7-957-07082019113426-GenNb2": {"Lambda": 0.421632, "Kappa": 0.09625, "tanBeta": 23.203276000000002, "mBottom": 22.73921048, "ChiSquared": null, "LogL": null, "testCalc": 13.780694098424, "extTest": {"res1": -548.1737277721584, "res2": 300494.4358196244}},"Point T7-268-07082019113427-GenNb2": {"Lambda": 1.0067916867076905, "Kappa": 0.6254323144568621, "tanBeta": 25.245020257861736, "mBottom": 24.7401198527045, "ChiSquared": null, "LogL": null, "testCalc": 29.1727408751608, "extTest": {"res1": 615.0471183839907, "res2": 378282.95783245063}},"Point T7-443-07082019113429-GenNb3": {"Lambda": 0.8716401981334497, "Kappa": 0.3948, "tanBeta": 21.274696031433297, "mBottom": 20.84920211080463, "ChiSquared": null, "LogL": null, "testCalc": 19.5836076836143, "extTest": {"res1": -566.0238570030759, "res2": 320383.00669663853}},"Point T7-382-07082019113433-GenNb4": {"Lambda": 0.7820885307680768, "Kappa": 0.3948, "tanBeta": 16.29000762074597, "mBottom": 15.964207468331052, "ChiSquared": null, "LogL": null, "testCalc": 15.025061212795006, "extTest": {"res1": 169.51117885971777, "res2": 28734.03975841123}},"Point T7-789-07082019113433-GenNb4": {"Lambda": 0.6555674795961359, "Kappa": 0.2241679656, "tanBeta": 21.61238668544439, "mBottom": 21.1801389517355, "ChiSquared": null, "LogL": null, "testCalc": 15.864642951208378, "extTest": {"res1": -1712.0463634181233, "res2": 2931102.7504932205}},"Point T7-443-07082019113434-GenNb4": {"Lambda": 0.37802430910743423, "Kappa": 0.88, "tanBeta": 26.066958496869407, "mBottom": 25.54561932693202, "ChiSquared": null, "LogL": null, "testCalc": 35.854635518987244, "extTest": {"res1": -801.0396130261919, "res2": 641664.4616371512}},"Point T7-807-07082019113435-GenNb5": {"Lambda": 0.2763, "Kappa": -0.10886400000000002, "tanBeta": 17.517524921599993, "mBottom": 17.167174423167992, "ChiSquared": null, "LogL": null, "testCalc": 6.752901068518934, "extTest": {"res1": -151.42712690712415, "res2": 22930.174763346284}},"Point T7-328-07082019113435-GenNb5": {"Lambda": 0.7907566743532928, "Kappa": 0.5173, "tanBeta": 17.513276378050158, "mBottom": 17.163010850489155, "ChiSquared": null, "LogL": null, "testCalc": 18.2664194136442, "extTest": {"res1": -335.89617901776825, "res2": 112826.24307873662}},"Point T7-606-07082019113436-GenNb5": {"Lambda": 1.0324050673015266, "Kappa": 0.425864857296, "tanBeta": 18.265663482537295, "mBottom": 17.90035021288655, "ChiSquared": null, "LogL": null, "testCalc": 17.79473950184065, "extTest": {"res1": 115.55585105215309, "res2": 13353.15471238739}},"Point T7-77-07082019113437-GenNb5": {"Lambda": 1.0067916867076905, "Kappa": 0.6254323144568621, "tanBeta": 23.7044969162196, "mBottom": 23.230406977895207, "ChiSquared": null, "LogL": null, "testCalc": 27.454391358718095, "extTest": {"res1": -450.81770829456246, "res2": 203236.6061119612}},"Point T7-823-07082019113437-GenNb5": {"Lambda": 0.1972776768356757, "Kappa": 0.6851608102572403, "tanBeta": 22.91659106505737, "mBottom": 22.458259243756224, "ChiSquared": null, "LogL": null, "testCalc": 26.969598206124335, "extTest": {"res1": -763.8306619525016, "res2": 583437.2801387968}},"Point T7-413-07082019113440-GenNb6": {"Lambda": 0.5673142918001709, "Kappa": 0.5312311193846176, "tanBeta": 16.585360607888006, "mBottom": 16.253653395730247, "ChiSquared": null, "LogL": null, "testCalc": 17.259331884671738, "extTest": {"res1": 3073.7750464667597, "res2": 9448093.036281731}},"Point T7-611-07082019113440-GenNb7": {"Lambda": 0.1402659602631929, "Kappa": 0.21258322160213428, "tanBeta": 19.700873183201406, "mBottom": 19.306855719537378, "ChiSquared": null, "LogL": null, "testCalc": 13.861177489037292, "extTest": {"res1": 284.8749908483969, "res2": 81153.76041087422}},"Point T7-572-07082019113441-GenNb7": {"Lambda": 0.6990756657561896, "Kappa": 0.8187873787938477, "tanBeta": 14.27343829209606, "mBottom": 13.987969526254139, "ChiSquared": null, "LogL": null, "testCalc": 19.169602675140595, "extTest": {"res1": 362.28922418584864, "res2": 131253.4819611841}},"Point T7-657-07082019113443-GenNb7": {"Lambda": 0.46851087761497706, "Kappa": 0.5686164467416297, "tanBeta": 16.277730112997165, "mBottom": 15.952175510737222, "ChiSquared": null, "LogL": null, "testCalc": 17.451375255683843, "extTest": {"res1": 316.4650026699161, "res2": 100150.09791487}},"Point T7-89-07082019113444-GenNb7": {"Lambda": 0.37067517055577326, "Kappa": -0.05952767242209031, "tanBeta": 22.30380259733989, "mBottom": 21.857726545393092, "ChiSquared": null, "LogL": null, "testCalc": 9.738569899981682, "extTest": {"res1": 517.8612780807767, "res2": 268180.3033354556}},"Point T7-541-07082019113445-GenNb8": {"Lambda": 0.6859, "Kappa": 0.27952116, "tanBeta": 12.389823929836467, "mBottom": 12.142027451239738, "ChiSquared": null, "LogL": null, "testCalc": 10.004690492683517, "extTest": {"res1": 539.6293522372681, "res2": 291199.83779601357}},"Point T7-989-07082019113446-GenNb8": {"Lambda": 0.8547523028855418, "Kappa": 1.139402757621866, "tanBeta": 22.891797795838723, "mBottom": 22.43396183992195, "ChiSquared": null, "LogL": null, "testCalc": 38.030559954749904, "extTest": {"res1": -1211.552399246999, "res2": 1467859.2161211595}}}