{"Point T2-826-07082019113417-GenNb0": {"Lambda": -0.196874, "Kappa": 0.876576, "tanBeta": 14.826772, "mBottom": 14.53023656, "ChiSquared": null, "LogL": null, "testCalc": 20.300670144548, "extTest": {"res1": 17421.51161402535, "res2": 303509066.9176201}},"Point T2-659-07082019113418-GenNb0": {"Lambda": 1.299108, "Kappa": 0.90645, "tanBeta": 26.000792000000004, "mBottom": 25.480776160000005, "ChiSquared": null, "LogL": null, "testCalc": 37.996487584064006, "extTest": {"res1": 3590.7561365494894, "res2": 12893529.632167816}},"Point T2-25-07082019113420-GenNb0": {"Lambda": 0.870198825062619, "Kappa": 0.6441, "tanBeta": 28.257927558822008, "mBottom": 27.692769007645566, "ChiSquared": null, "LogL": null, "testCalc": 32.8045616396004, "extTest": {"res1": -4080.2236982209147, "res2": 16648225.427523557}},"Point T2-462-07082019113420-GenNb1": {"Lambda": 0.1105, "Kappa": 1.492488, "tanBeta": 31.221156, "mBottom": 30.59673288, "ChiSquared": null, "LogL": null, "testCalc": 61.907777366128, "extTest": {"res1": 1646.4188630822473, "res2": 2710695.07271304}},"Point T2-100-07082019113421-GenNb1": {"Lambda": 0.9229, "Kappa": 0.0085, "tanBeta": 15.357257999999998, "mBottom": 15.050112839999997, "ChiSquared": null, "LogL": null, "testCalc": 8.507337522999999, "extTest": {"res1": 119.24357279193858, "res2": 14219.029652186353}},"Point T2-907-07082019113422-GenNb1": {"Lambda": -0.552218, "Kappa": 0.6932940000000001, "tanBeta": 22.451752, "mBottom": 22.002716959999997, "ChiSquared": null, "LogL": null, "testCalc": 26.871968150612, "extTest": {"res1": -1656.173540517886, "res2": 2742910.79631155}},"Point T2-151-07082019113423-GenNb1": {"Lambda": 1.16623, "Kappa": 0.712962, "tanBeta": 17.995812, "mBottom": 17.63589576, "ChiSquared": null, "LogL": null, "testCalc": 23.008370408044, "extTest": {"res1": -664.3267669059676, "res2": 441330.0532277358}},"Point T2-85-07082019113424-GenNb1": {"Lambda": 0.6093025518196546, "Kappa": 0.6441, "tanBeta": 21.112573417691905, "mBottom": 20.690321949338067, "ChiSquared": null, "LogL": null, "testCalc": 24.315019112658334, "extTest": {"res1": 788.8008122814001, "res2": 622206.7214557966}},"Point T2-202-07082019113424-GenNb2": {"Lambda": 1.4436598000000003, "Kappa": 0.04424691999999996, "tanBeta": 13.159465919999999, "mBottom": 12.896276601599999, "ChiSquared": null, "LogL": null, "testCalc": 9.114557754741005, "extTest": {"res1": 8084.722871590537, "res2": 65362743.91041914}},"Point T2-742-07082019113425-GenNb2": {"Lambda": 0.6797, "Kappa": 0.9947149200000001, "tanBeta": 16.11174192, "mBottom": 15.7895070816, "ChiSquared": null, "LogL": null, "testCalc": 24.38333570581345, "extTest": {"res1": -283.2906283061193, "res2": 80253.58008607583}},"Point T2-528-07082019113426-GenNb2": {"Lambda": 1.0472638, "Kappa": -0.09356108000000005, "tanBeta": 8.362915919999999, "mBottom": 8.195657601599999, "ChiSquared": null, "LogL": null, "testCalc": 4.412146822166045, "extTest": {"res1": 40.00716751391412, "res2": 1600.5734524863853}},"Point T2-892-07082019113426-GenNb2": {"Lambda": 0.3772, "Kappa": 0.6588, "tanBeta": 15.60428592, "mBottom": 15.2922002016, "ChiSquared": null, "LogL": null, "testCalc": 18.068483504896, "extTest": {"res1": 158.04165187226877, "res2": 24977.163726515395}},"Point T2-272-07082019113426-GenNb2": {"Lambda": 0.6093025518196546, "Kappa": 0.5218275161153683, "tanBeta": 13.20866305545317, "mBottom": 12.944489794344108, "ChiSquared": null, "LogL": null, "testCalc": 13.736138330257955, "extTest": {"res1": -361.6913485277525, "res2": 130820.63159982413}},"Point T2-627-07082019113427-GenNb3": {"Lambda": 0.1105, "Kappa": 1.492488, "tanBeta": 21.2219572272, "mBottom": 20.797518082656, "ChiSquared": null, "LogL": null, "testCalc": 42.08448578943728, "extTest": {"res1": -1039.9043240683407, "res2": 1081401.0032160324}},"Point T2-719-07082019113427-GenNb3": {"Lambda": 0.9778, "Kappa": 0.06230816063614304, "tanBeta": 6.096377616599089, "mBottom": 5.974450064267106, "ChiSquared": null, "LogL": null, "testCalc": 4.323171947967197, "extTest": {"res1": -212.33912521239404, "res2": 45087.904095964754}},"Point T2-518-07082019113431-GenNb4": {"Lambda": -0.552218, "Kappa": -0.26599400000000006, "tanBeta": 9.714653999999996, "mBottom": 9.520360919999996, "ChiSquared": null, "LogL": null, "testCalc": 2.481085503447999, "extTest": {"res1": 151.873867713255, "res2": 23065.671694183282}},"Point T2-612-07082019113431-GenNb4": {"Lambda": 0.19258010800000003, "Kappa": 1.4251276872, "tanBeta": 16.605691454400002, "mBottom": 16.273577625312, "ChiSquared": null, "LogL": null, "testCalc": 31.839106567419172, "extTest": {"res1": 195.3096955449543, "res2": 38145.87717386275}},"Point T2-207-07082019113432-GenNb4": {"Lambda": 1.8276478000000003, "Kappa": 0.4592, "tanBeta": 5.1917331469553964, "mBottom": 5.087898484016288, "ChiSquared": null, "LogL": null, "testCalc": 8.268289583934902, "extTest": {"res1": -88.33809863303168, "res2": 7803.619670099233}},"Point T2-98-07082019113432-GenNb4": {"Lambda": 1.138786, "Kappa": 0.9712, "tanBeta": 1.4022692269553954, "mBottom": 1.3742238424162874, "ChiSquared": null, "LogL": null, "testCalc": 3.3458293482232238, "extTest": {"res1": 5.414657476085452, "res2": 29.31851558332808}},"Point T2-729-07082019113432-GenNb4": {"Lambda": 1.184774315799028, "Kappa": -0.27648800000000007, "tanBeta": 7.514450279999995, "mBottom": 7.3641612743999945, "ChiSquared": null, "LogL": null, "testCalc": 3.0081154875604135, "extTest": {"res1": 54.631320618774225, "res2": 2984.581192551306}},"Point T2-297-07082019113433-GenNb5": {"Lambda": 0.380127585200036, "Kappa": 1.1243131939812796, "tanBeta": 11.860474444948206, "mBottom": 11.623264956049242, "ChiSquared": null, "LogL": null, "testCalc": 19.29101736438769, "extTest": {"res1": -155.2039188904895, "res2": 24088.25643896564}},"Point T2-377-07082019113433-GenNb5": {"Lambda": 1.4436598000000003, "Kappa": 0.04424691999999996, "tanBeta": 5.240874412799993, "mBottom": 5.136056924543993, "ChiSquared": null, "LogL": null, "testCalc": 4.884074631281245, "extTest": {"res1": -88.75150556405096, "res2": 7876.8297398857685}},"Point T2-760-07082019113439-GenNb6": {"Lambda": 1.7565970473730377, "Kappa": 0.0085, "tanBeta": 0.017439728634331075, "mBottom": 0.017090934061644452, "ChiSquared": null, "LogL": null, "testCalc": 3.094326891563888, "extTest": {"res1": -5.03512279788193, "res2": 25.35246158975035}},"Point T2-289-07082019113439-GenNb6": {"Lambda": 1.86032968, "Kappa": 0.7385068072000001, "tanBeta": 12.584993947200001, "mBottom": 12.333294068256, "ChiSquared": null, "LogL": null, "testCalc": 18.9215772509949, "extTest": {"res1": -878.1354101261641, "res2": 771121.7985174464}},"Point T2-961-07082019113440-GenNb6": {"Lambda": 0.6507, "Kappa": 0.4403, "tanBeta": 10.915086895199996, "mBottom": 10.696785157295997, "ChiSquared": null, "LogL": null, "testCalc": 10.577715828604557, "extTest": {"res1": 90.12701433376145, "res2": 8122.878712718042}},"Point T2-594-07082019113440-GenNb6": {"Lambda": 0.004222119999999885, "Kappa": -0.11885787936385701, "tanBeta": 2.372258976599087, "mBottom": 2.324813797067105, "ChiSquared": null, "LogL": null, "testCalc": 0.8804630535704057, "extTest": {"res1": 6.104018092497333, "res2": 37.25903687353478}},"Point T2-493-07082019113442-GenNb7": {"Lambda": -0.27297394300508043, "Kappa": -0.21522574142756123, "tanBeta": 4.555473777793569, "mBottom": 4.464364302237698, "ChiSquared": null, "LogL": null, "testCalc": 1.3262417032991554, "extTest": {"res1": -959.7385902902023, "res2": 921098.1616922248}},"Point T2-920-07082019113443-GenNb7": {"Lambda": 0.6507, "Kappa": 0.11353902746168221, "tanBeta": 1.9072589108636393, "mBottom": 1.8691137326463665, "ChiSquared": null, "LogL": null, "testCalc": 1.5745156781802678, "extTest": {"res1": -5.411483025095799, "res2": 29.284148530899976}},"Point T2-426-07082019113444-GenNb7": {"Lambda": 0.051115616733795194, "Kappa": 0.178604120636143, "tanBeta": 5.78729263269099, "mBottom": 5.67154678003717, "ChiSquared": null, "LogL": null,