{"Point T1-589-07082019113417-GenNb0": {"Lambda": 0.3943, "Kappa": 0.5615, "tanBeta": 4.590676, "mBottom": 4.4988624800000006, "ChiSquared": null, "LogL": null, "testCalc": 4.982568304000001, "extTest": {"res1": 36.5603414716887, "res2": 1336.6585685264808}},"Point T1-768-07082019113419-GenNb0": {"Lambda": 0.08304200000000002, "Kappa": 0.1645, "tanBeta": 17.672866, "mBottom": 17.31940868, "ChiSquared": null, "LogL": null, "testCalc": 11.573786770763999, "extTest": {"res1": 1040.0233526951617, "res2": 1081648.5741512848}},"Point T1-652-07082019113420-GenNb0": {"Lambda": 0.2259, "Kappa": -0.49455999999999994, "tanBeta": 18.76622, "mBottom": 18.3908956, "ChiSquared": null, "LogL": null, "testCalc": -0.034543153199999566, "extTest": {"res1": -1001.5357825485598, "res2": 1003073.9237251561}},"Point T1-771-07082019113420-GenNb0": {"Lambda": 0.72, "Kappa": 0.0408, "tanBeta": 13.70011, "mBottom": 13.4261078, "ChiSquared": null, "LogL": null, "testCalc": 7.790418388, "extTest": {"res1": -958.6137174444702, "res2": 918940.2592727066}},"Point T1-482-07082019113421-GenNb1": {"Lambda": 0.291174, "Kappa": -0.877756, "tanBeta": 17.73662, "mBottom": 17.3818876, "ChiSquared": null, "LogL": null, "testCalc": -6.792698526443999, "extTest": {"res1": 2880.8996317424417, "res2": 8299582.688173736}},"Point T1-958-07082019113422-GenNb1": {"Lambda": 0.3071, "Kappa": 0.0209, "tanBeta": 21.0164986, "mBottom": 20.596168627999997, "ChiSquared": null, "LogL": null, "testCalc": 10.83163954474, "extTest": {"res1": 222.1498434367551, "res2": 49350.552938974804}},"Point T1-763-07082019113422-GenNb1": {"Lambda": 0.5787, "Kappa": 0.4856, "tanBeta": 13.533592, "mBottom": 13.26292016, "ChiSquared": null, "LogL": null, "testCalc": 13.5382660452, "extTest": {"res1": -356.09882480780345, "res2": 126806.37302949869}},"Point T1-155-07082019113422-GenNb1": {"Lambda": -0.03668199999999999, "Kappa": 0.1645, "tanBeta": 15.5604832, "mBottom": 15.249273536, "ChiSquared": null, "LogL": null, "testCalc": 10.185681823524, "extTest": {"res1": 99.22964816495299, "res2": 9846.523074940358}},"Point T1-806-07082019113422-GenNb1": {"Lambda": 0.8772, "Kappa": 0.8668076, "tanBeta": 9.9094028, "mBottom": 9.711214744000001, "ChiSquared": null, "LogL": null, "testCalc": 14.214632870501282, "extTest": {"res1": 107.54596333282998, "res2": 11566.134229186411}},"Point T1-957-07082019113426-GenNb2": {"Lambda": 0.5787, "Kappa": 0.4856, "tanBeta": 9.404768800000001, "mBottom": 9.216673424000001, "ChiSquared": null, "LogL": null, "testCalc": 9.510186131280001, "extTest": {"res1": 365.5917653311055, "res2": 133657.3388779141}},"Point T1-41-07082019113429-GenNb3": {"Lambda": 0.662238, "Kappa": 1.2104696, "tanBeta": 3.8971763600000005, "mBottom": 3.8192328328000005, "ChiSquared": null, "LogL": null, "testCalc": 7.0655890946626565, "extTest": {"res1": -22.318221969017188, "res2": 498.10303185832146}},"Point T1-302-07082019113430-GenNb3": {"Lambda": 0.59131, "Kappa": 0.8130970160000001, "tanBeta": 4.92373444, "mBottom": 4.8252597512, "ChiSquared": null, "LogL": null, "testCalc": 6.765751172440432, "extTest": {"res1": -21.16467872194708, "res2": 447.9436254032395}},"Point T1-595-07082019113431-GenNb3": {"Lambda": 0.5643764433861929, "Kappa": 0.7265620447852028, "tanBeta": 17.984957582784897, "mBottom": 17.6252584311292, "ChiSquared": null, "LogL": null, "testCalc": 22.198337542137182, "extTest": {"res1": -6091.814639253477, "res2": 37110205.59902297}},"Point T1-275-07082019113431-GenNb3": {"Lambda": -0.10511012000000003, "Kappa": 0.643142, "tanBeta": 5.818522312, "mBottom": 5.702151865759999, "ChiSquared": null, "LogL": null, "testCalc": 6.604260146990718, "extTest": {"res1": 204.05596304348282, "res2": 41638.83605360323}},"Point T1-92-07082019113434-GenNb4": {"Lambda": 0.097, "Kappa": 0.1053, "tanBeta": 8.240905553920667, "mBottom": 8.076087442842253, "ChiSquared": null, "LogL": null, "testCalc": 4.915220076248972, "extTest": {"res1": -80.4797445441025, "res2": 6476.989281883996}},"Point T1-692-07082019113434-GenNb4": {"Lambda": 0.1763, "Kappa": 0.0116, "tanBeta": 12.36352300606821, "mBottom": 12.116252545946846, "ChiSquared": null, "LogL": null, "testCalc": 6.2326248298438145, "extTest": {"res1": 245.8300400674723, "res2": 60432.40859957504}},"Point T1-665-07082019113434-GenNb4": {"Lambda": -0.03668199999999999, "Kappa": 0.1645, "tanBeta": 12.521157966241635, "mBottom": 12.270734806916803, "ChiSquared": null, "LogL": null, "testCalc": 8.196443458029151, "extTest": {"res1": 110.01096485322086, "res2": 12102.412387936594}},"Point T1-589-07082019113437-GenNb5": {"Lambda": 0.6353220659562129, "Kappa": 0.0209, "tanBeta": 10.038964612400871, "mBottom": 9.838185320152853, "ChiSquared": null, "LogL": null, "testCalc": 5.532541147966475, "extTest": {"res1": 71.15938585206902, "res2": 5063.658194843641}},"Point T1-169-07082019113438-GenNb5": {"Lambda": -0.03668199999999999, "Kappa": 0.1645, "tanBeta": 0.9599503269277796, "mBottom": 0.9407513203892239, "ChiSquared": null, "LogL": null, "testCalc": 0.6296330580982318, "extTest": {"res1": 3.3455026735476494, "res2": 11.19238813871447}},"Point T1-93-07082019113439-GenNb5": {"Lambda": 0.41447091999999996, "Kappa": 0.3847770800000001, "tanBeta": 5.381444202399999, "mBottom": 5.273815318351999, "ChiSquared": null, "LogL": null, "testCalc": 4.879350189084047, "extTest": {"res1": -36.57011125763171, "res2": 1337.3730373955614}},"Point T1-975-07082019113439-GenNb5": {"Lambda": 0.5940895642337638, "Kappa": -0.49455999999999994, "tanBeta": 12.444192760237707, "mBottom": 12.195308905032952, "ChiSquared": null, "LogL": null, "testCalc": 0.29619689134478033, "extTest": {"res1": -538.3440264496171, "res2": 289814.29081398604}},"Point T1-653-07082019113441-GenNb6": {"Lambda": 0.097, "Kappa": 0.1053, "tanBeta": 1.1292214276111725, "mBottom": 1.106636999058949, "ChiSquared": null, "LogL": null, "testCalc": 0.681634515856931, "extTest": {"res1": -7.086919536111586, "res2": 50.22442851132006}},"Point T1-19-07082019113441-GenNb6": {"Lambda": 0.17722223977767296, "Kappa": 0.1645, "tanBeta": 5.995511166864386, "mBottom": 5.875600943527098, "ChiSquared": null, "LogL": null, "testCalc": 3.955469780984555, "extTest": {"res1": 40.894391330707606, "res2": 1672.3512423090533}},"Point T1-700-07082019113442-GenNb6": {"Lambda": 0.5940895642337638, "Kappa": -0.49455999999999994, "tanBeta": 2.9274532380049303, "mBottom": 2.8689041732448315, "ChiSquared": null, "LogL": null, "testCalc": 0.33959322356616095, "extTest": {"res1": 15.556918301777625, "res2": 242.0177070481836}},"Point T1-930-07082019113444-GenNb7": {"Lambda": 0.1763, "Kappa": 0.6185346678961973, "tanBeta": 5.179336815553696, "mBottom": 5.075750079242622, "ChiSquared": null, "LogL": null, "testCalc": 5.772556106752364, "extTest": {"res1": 47.17460503685751, "res2": 2225.443360383502}},"Point T1-980-07082019113445-GenNb7": {"Lambda": 0.7396106597593968, "Kappa": -0.7651405495582337, "tanBeta": 3.762157132445221, "mBottom": 3.6869139897963166, "ChiSquared": null, "LogL": null, "testCalc": -0.48809805291567665, "extTest": {"res1": -64.06550099424088, "res2": 4104.388417643079}},"Point T1-997-07082019113447-GenNb8": {"Lambda": 0.580716608936892, "Kappa": 0.4709, "tanBeta": 10.938206720858318, "mBottom": 10.71944258644115, "ChiSquared": null, "LogL": null, "testCalc": 10.847754617967919, "extTest": {"res1": -996.2386807524015, "res2": 992491.5090272853}}}