{"Point T5-515-07082019113417-GenNb0": {"Lambda": 0.465, "Kappa": 0.55253, "tanBeta": 12.308229999999998, "mBottom": 12.062065399999998, "ChiSquared": null, "LogL": null, "testCalc": 13.047924021899998, "extTest": {"res1": 259.37692104502554, "res2": 67276.38717079742}},"Point T5-643-07082019113420-GenNb0": {"Lambda": 0.8481, "Kappa": 0.7908540000000001, "tanBeta": 24.472866, "mBottom": 23.98340868, "ChiSquared": null, "LogL": null, "testCalc": 32.065441917564, "extTest": {"res1": -1701.4671085653908, "res2": 2894990.3215298713}},"Point T5-664-07082019113420-GenNb1": {"Lambda": 0.42079400000000006, "Kappa": 0.6505, "tanBeta": 3.0051239999999986, "mBottom": 2.9450215199999987, "ChiSquared": null, "LogL": null, "testCalc": 3.6044115124359983, "extTest": {"res1": 82.28830209170222, "res2": 6771.364661135244}},"Point T5-154-07082019113421-GenNb1": {"Lambda": 0.8112670351886018, "Kappa": 0.4755, "tanBeta": 14.050735335394073, "mBottom": 13.76972062868619, "ChiSquared": null, "LogL": null, "testCalc": 14.224139168706682, "extTest": {"res1": -648.8032721084389, "res2": 420945.685898617}},"Point T5-716-07082019113421-GenNb1": {"Lambda": 0.0862, "Kappa": 0.29559199999999997, "tanBeta": 14.235298, "mBottom": 13.95059204, "ChiSquared": null, "LogL": null, "testCalc": 11.190566666416, "extTest": {"res1": -392.96968290582384, "res2": 154425.17168310375}},"Point T5-193-07082019113422-GenNb1": {"Lambda": 0.7654145880354271, "Kappa": 0.208, "tanBeta": 9.866452227090983, "mBottom": 9.669123182549164, "ChiSquared": null, "LogL": null, "testCalc": 7.472643146086949, "extTest": {"res1": -200.19451924399237, "res2": 40077.84553533323}},"Point T5-415-07082019113425-GenNb2": {"Lambda": 0.6645146557375241, "Kappa": 0.9956, "tanBeta": 7.255850334444512, "mBottom": 7.1107333277556215, "ChiSquared": null, "LogL": null, "testCalc": 11.220870984540728, "extTest": {"res1": 134.7588148555528, "res2": 18159.93818127316}},"Point T5-888-07082019113427-GenNb3": {"Lambda": 0.23755041189661819, "Kappa": 0.1896, "tanBeta": 7.779753370119948, "mBottom": 7.624158302717549, "ChiSquared": null, "LogL": null, "testCalc": 5.34355058852577, "extTest": {"res1": -75.75827453057721, "res2": 5739.316159850304}},"Point T5-166-07082019113428-GenNb3": {"Lambda": 0.9979, "Kappa": 0.6518999999999999, "tanBeta": 9.21419651863991, "mBottom": 9.029912588267113, "ChiSquared": null, "LogL": null, "testCalc": 11.517495414634913, "extTest": {"res1": -482.09661818802385, "res2": 232417.14926832926}},"Point T5-4-07082019113431-GenNb4": {"Lambda": 1.1528928989620013, "Kappa": 0.955406, "tanBeta": 5.636497655804599, "mBottom": 5.523767702688508, "ChiSquared": null, "LogL": null, "testCalc": 9.47618956716291, "extTest": {"res1": -33.58695962244487, "res2": 1128.0838566797422}},"Point T5-295-07082019113431-GenNb4": {"Lambda": 0.2976162432244772, "Kappa": 0.534076, "tanBeta": 6.197239619057745, "mBottom": 6.07329482667659, "ChiSquared": null, "LogL": null, "testCalc": 6.435019788357231, "extTest": {"res1": 24.313715190396874, "res2": 591.1567463597357}},"Point T5-968-07082019113432-GenNb4": {"Lambda": 0.9100967312406907, "Kappa": 0.10667784612910626, "tanBeta": 3.695329063935948, "mBottom": 3.621422482657229, "ChiSquared": null, "LogL": null, "testCalc": 3.0331970468225777, "extTest": {"res1": -17.58201089175072, "res2": 309.12710699764096}},"Point T5-244-07082019113433-GenNb5": {"Lambda": 0.45608741792576984, "Kappa": 0.5364, "tanBeta": 8.09867241110491, "mBottom": 7.936698962882812, "ChiSquared": null, "LogL": null, "testCalc": 8.520493095548275, "extTest": {"res1": -35.19355095096294, "res2": 1238.5860285380243}},"Point T5-508-07082019113434-GenNb5": {"Lambda": 0.7362386280354271, "Kappa": 0.2726602, "tanBeta": 3.7264022670909833, "mBottom": 3.6518742217491638, "ChiSquared": null, "LogL": null, "testCalc": 3.3840260157115507, "extTest": {"res1": 28.318082157346012, "res2": 801.9137770701985}},"Point T5-171-07082019113434-GenNb5": {"Lambda": 0.18597041251304697, "Kappa": 0.87686072, "tanBeta": 7.377661693084423, "mBottom": 7.230108459222735, "ChiSquared": null, "LogL": null, "testCalc": 10.118820968056067, "extTest": {"res1": -60.38940967711, "res2": 3646.880801149827}},"Point T5-975-07082019113435-GenNb5": {"Lambda": 0.6633128131614303, "Kappa": 0.4004778634001414, "tanBeta": 4.4297090950675395, "mBottom": 4.341114913166189, "ChiSquared": null, "LogL": null, "testCalc": 4.3845417785640475, "extTest": {"res1": -62.76676436005516, "res2": 3939.666708230691}},"Point T5-370-07082019113436-GenNb5": {"Lambda": 0.8481, "Kappa": 0.7908540000000001, "tanBeta": 6.68119267604213, "mBottom": 6.547568822521288, "ChiSquared": null, "LogL": null, "testCalc": 9.276905973879266, "extTest": {"res1": -64.3105453720355, "res2": 4135.846246048637}},"Point T5-399-07082019113437-GenNb6": {"Lambda": 0.14769847025672872, "Kappa": 0.55253, "tanBeta": 8.346835521956027, "mBottom": 8.179898811516907, "ChiSquared": null, "LogL": null, "testCalc": 8.723641274820995, "extTest": {"res1": 255.53767319081214, "res2": 65299.50241977431}},"Point T5-817-07082019113438-GenNb6": {"Lambda": 0.0862, "Kappa": 0.29559199999999997, "tanBeta": 5.809180687872047, "mBottom": 5.692997074114606, "ChiSquared": null, "LogL": null, "testCalc": 4.571076314946777, "extTest": {"res1": -54.193290623197626, "res2": 2936.91274857036}},"Point T5-809-07082019113439-GenNb7": {"Lambda": 0.14769847025672872, "Kappa": 0.55253, "tanBeta": 5.770097976568124, "mBottom": 5.654696017036762, "ChiSquared": null, "LogL": null, "testCalc": 6.037315081627744, "extTest": {"res1": 24.785643734700813, "res2": 614.3281353435136}},"Point T5-456-07082019113440-GenNb7": {"Lambda": 1.1528928989620013, "Kappa": 0.955406, "tanBeta": 4.251590904366601, "mBottom": 4.166559086279269, "ChiSquared": null, "LogL": null, "testCalc": 7.474437039193919, "extTest": {"res1": 16.605138454283274, "res2": 275.7306230859171}},"Point T5-288-07082019113440-GenNb7": {"Lambda": 0.2976162432244772, "Kappa": 0.534076, "tanBeta": 5.733057112593218, "mBottom": 5.6183959703413535, "ChiSquared": null, "LogL": null, "testCalc": 5.959661623867063, "extTest": {"res1": 26.349174296730965, "res2": 694.2789861195077}},"Point T5-431-07082019113441-GenNb7": {"Lambda": 0.37087021118542074, "Kappa": 0.7027924520000001, "tanBeta": 4.491963398035232, "mBottom": 4.402124130074527, "ChiSquared": null, "LogL": null, "testCalc": 5.495524749381415, "extTest": {"res1": 34.943833040399724, "res2": 1221.0714675553315}},"Point T5-374-07082019113442-GenNb7": {"Lambda": 0.7058737999081551, "Kappa": 0.9956, "tanBeta": 2.6143565896320764, "mBottom": 2.562069457839435, "ChiSquared": null, "LogL": null, "testCalc": 4.382145970954191, "extTest": {"res1": 4.73103495849363, "res2": 22.382691778488827}},"Point T5-152-07082019113442-GenNb7": {"Lambda": 0.7654145880354271, "Kappa": 0.3233727803874451, "tanBeta": 2.180851432672692, "mBottom": 2.137234404019238, "ChiSquared": null, "LogL": null, "testCalc": 2.359704684982373, "extTest": {"res1": -2.8830003727883984, "res2": 8.311691149498044}}}