{"Point T0-498-27082019100015-GenNb3": {"x": 9.943298128799999, "y": 9.106355128, "fAckley": 17.381532321366688, "ChiSquared": null}, "Point T0-608-27082019100015-GenNb3": {"x": 8.8508, "y": -3.0026692758400007, "fAckley": 15.168650887414978, "ChiSquared": null}, "Point T2-703-23082019093700-GenNb0": {"x": -21.945896, "y": 37.055414, "fAckley": 20.109468974719647, "ChiSquared": null}, "Point T0-473-27082019100010-GenNb1": {"x": 1.7015160000000016, "y": 2.829240680000003, "fAckley": 9.08654572209247, "ChiSquared": null}, "Point T0-272-27082019100015-GenNb3": {"x": -1.7629474399999996, "y": 13.84676, "fAckley": 18.554645107399978, "ChiSquared": null}, "Point T0-131-27082019100015-GenNb3": {"x": 4.30655144, "y": 5.851445999999999, "fAckley": 14.42855688123309, "ChiSquared": null}, "Point T0-987-27082019100015-GenNb3": {"x": -4.507874140639999, "y": -15.289936, "fAckley": 20.083387684016447, "ChiSquared": null}, "Point T0-576-27082019100013-GenNb2": {"x": -4.883344000000001, "y": -2.2571797359999994, "fAckley": 11.954849890291847, "ChiSquared": null}, "Point T7-411-23082019093658-GenNb0": {"x": 4.7383880000000005, "y": 1.8875, "fAckley": 11.585824949983392, "ChiSquared": null}, "Point T0-77-27082019100013-GenNb2": {"x": -3.092500728800001, "y": 4.882392440000002, "fAckley": 11.688213615490568, "ChiSquared": null}, "Point T0-535-27082019100008-GenNb0": {"x": -1.9331039999999984, "y": 0.001440000000000552, "fAckley": 4.899779598894032, "ChiSquared": null}, "Point T0-492-27082019100016-GenNb3": {"x": 21.2028, "y": 5.011564795839999, "fAckley": 19.894548647133554, "ChiSquared": null}, "Point T0-400-27082019100016-GenNb3": {"x": -26.6955, "y": -1.143461240000002, "fAckley": 21.108267079407604, "ChiSquared": null}, "Point T0-423-27082019100016-GenNb3": {"x": 1.4006246363040011, "y": -4.777148, "fAckley": 12.10093715899825, "ChiSquared": null}, "Point T0-67-27082019100014-GenNb2": {"x": -3.4684735599999996, "y": 10.241455986400004, "fAckley": 17.754818590520234, "ChiSquared": null}, "Point T0-961-27082019100016-GenNb3": {"x": -5.195234000000003, "y": 5.109709640000003, "fAckley": 13.84082929583975, "ChiSquared": null}, "Point T0-282-27082019100009-GenNb0": {"x": -9.510144400000001, "y": 0.34586000000000183, "fAckley": 17.054420647283745, "ChiSquared": null}, "Point T0-558-27082019100017-GenNb3": {"x": 2.52034132, "y": 0.7412742959999976, "fAckley": 8.332121707860802, "ChiSquared": null}, "Point T0-181-27082019100017-GenNb3": {"x": 0.1677599943999981, "y": -2.8787285848000015, "fAckley": 7.577955759042974, "ChiSquared": null}, "Point T0-575-27082019100012-GenNb1": {"x": -1.8630011600000014, "y": 0.9215143200000016, "fAckley": 5.659933325148298, "ChiSquared": null}}