{"Point T4-492-27082019100007-GenNb0": {"x": 25.072276, "y": -5.935148000000003, "fAckley": 19.71488632457027, "ChiSquared": null}, "Point T4-54-27082019100014-GenNb3": {"x": -7.9165, "y": 11.516733147967997, "fAckley": 19.009366893839594, "ChiSquared": null}, "Point T4-655-27082019100014-GenNb3": {"x": 8.176754439999996, "y": -1.3042527200000018, "fAckley": 15.460611259746031, "ChiSquared": null}, "Point T4-697-27082019100014-GenNb3": {"x": 2.8315955775999937, "y": -3.1609, "fAckley": 10.07714669302287, "ChiSquared": null}, "Point T4-175-27082019100012-GenNb2": {"x": 5.1726218607999925, "y": -0.8756, "fAckley": 11.393059144109348, "ChiSquared": null}, "Point T4-639-23082019093657-GenNb0": {"x": 24.0976, "y": 0.20504000000000122, "fAckley": 20.325905064279276, "ChiSquared": null}, "Point T4-425-27082019100015-GenNb3": {"x": -5.555943134400001, "y": 5.148897423999998, "fAckley": 15.025377997260822, "ChiSquared": null}, "Point T4-256-27082019100015-GenNb3": {"x": -20.0145, "y": 6.920334823999997, "fAckley": 19.16619383438388, "ChiSquared": null}, "Point T4-179-27082019100010-GenNb1": {"x": -5.980512000000001, "y": 0.7929597152000039, "fAckley": 12.32024170031459, "ChiSquared": null}, "Point T3-19-23082019093657-GenNb0": {"x": -58.98183, "y": -20.2318, "fAckley": 20.975474391299294, "ChiSquared": null}, "Point T4-94-27082019100008-GenNb0": {"x": -6.312193799999999, "y": -4.5324, "fAckley": 15.54742818596496, "ChiSquared": null}, "Point T4-419-27082019100013-GenNb2": {"x": -16.798084279999998, "y": -2.9539643999999976, "fAckley": 19.051807564587293, "ChiSquared": null}, "Point T4-78-27082019100008-GenNb0": {"x": -8.5922, "y": 3.530117840000001, "fAckley": 16.938970122559965, "ChiSquared": null}, "Point T4-973-27082019100013-GenNb2": {"x": -5.448926069600004, "y": -3.7952207199999997, "fAckley": 14.18278268938156, "ChiSquared": null}, "Point T4-636-27082019100016-GenNb3": {"x": -1.9146280025279947, "y": -2.824181999999997, "fAckley": 8.449759353124183, "ChiSquared": null}, "Point T4-970-27082019100009-GenNb0": {"x": 5.058831999999999, "y": -12.0868, "fAckley": 17.138858021248407, "ChiSquared": null}, "Point T4-910-27082019100016-GenNb3": {"x": -9.9743288104, "y": -7.577910519999996, "fAckley": 18.26313392820033, "ChiSquared": null}, "Point T0-455-23082019093658-GenNb0": {"x": 10.689766000000002, "y": 0.0084, "fAckley": 16.93820480584867, "ChiSquared": null}, "Point T4-728-27082019100011-GenNb1": {"x": 7.315165359999995, "y": 6.174061999999999, "fAckley": 16.521796606075817, "ChiSquared": null}}