{"Point T5-555-27082019100012-GenNb2": {"x": -3.1277936000000004, "y": -9.719920000000002, "fAckley": 16.71040384286029, "ChiSquared": null}, "Point T2-914-23082019093659-GenNb0": {"x": 3.2783379999999998, "y": 5.002113999999999, "fAckley": 12.625053289363102, "ChiSquared": null}, "Point T5-429-27082019100010-GenNb1": {"x": 8.464372000000001, "y": -6.271025280000002, "fAckley": 17.634810537517012, "ChiSquared": null}, "Point T5-149-27082019100012-GenNb2": {"x": -8.1541622, "y": 4.262894000000003, "fAckley": 15.999705492903272, "ChiSquared": null}, "Point T5-473-27082019100014-GenNb3": {"x": 12.82627, "y": -8.615314468031999, "fAckley": 19.602980395778655, "ChiSquared": null}, "Point T5-448-27082019100010-GenNb1": {"x": 1.991121279999998, "y": -27.914, "fAckley": 19.80672006123974, "ChiSquared": null}, "Point T5-670-27082019100015-GenNb3": {"x": 1.0439244544799977, "y": 20.351461315199998, "fAckley": 20.396338583152144, "ChiSquared": null}, "Point T5-715-27082019100015-GenNb3": {"x": 3.13381668, "y": -0.39833608, "fAckley": 8.989982464837233, "ChiSquared": null}, "Point T7-77-23082019093700-GenNb0": {"x": 8.4001, "y": -1.1684320000000004, "fAckley": 15.83816632474689, "ChiSquared": null}, "Point T5-599-27082019100015-GenNb3": {"x": -1.27061036, "y": -3.948905531968003, "fAckley": 10.087962744259212, "ChiSquared": null}, "Point T3-486-23082019093700-GenNb0": {"x": 5.475626, "y": 11.6075, "fAckley": 19.048641442216194, "ChiSquared": null}, "Point T5-512-27082019100015-GenNb3": {"x": -14.292257488799999, "y": -9.860717999999999, "fAckley": 19.793737361978188, "ChiSquared": null}, "Point T5-904-27082019100015-GenNb3": {"x": 3.548468966527998, "y": -11.784855659200003, "fAckley": 18.517912986267604, "ChiSquared": null}, "Point T5-58-27082019100013-GenNb2": {"x": 4.911056179200001, "y": 7.528963119999999, "fAckley": 16.174225668269845, "ChiSquared": null}, "Point T5-28-27082019100015-GenNb3": {"x": -4.984976840000003, "y": 2.9226335200000015, "fAckley": 11.325451575733474, "ChiSquared": null}, "Point T5-498-27082019100015-GenNb3": {"x": -14.961225120000002, "y": -11.27915368, "fAckley": 19.821764930581725, "ChiSquared": null}, "Point T5-660-23082019093701-GenNb0": {"x": 9.926914, "y": -2.8443, "fAckley": 16.005527240550066, "ChiSquared": null}, "Point T0-953-23082019093658-GenNb0": {"x": 11.786202000000001, "y": -1.3493, "fAckley": 18.146440755407777, "ChiSquared": null}, "Point T5-414-27082019100016-GenNb3": {"x": 7.820814441728, "y": 2.4995076559999987, "fAckley": 15.703553730876369, "ChiSquared": null}}