{"Point T1-931-27082019100010-GenNb1": {"x": -11.156638000000001, "y": -0.3852639999999976, "fAckley": 17.68763954083529, "ChiSquared": null}, "Point T1-552-27082019100012-GenNb2": {"x": 6.204952319999998, "y": -5.989190679999997, "fAckley": 14.9177336833938, "ChiSquared": null}, "Point T1-154-27082019100010-GenNb1": {"x": 2.0077079999999987, "y": 5.43955848, "fAckley": 12.873956258112472, "ChiSquared": null}, "Point T1-263-23082019093658-GenNb0": {"x": 35.131004000000004, "y": 15.7866, "fAckley": 21.057581977793973, "ChiSquared": null}, "Point T1-486-27082019100010-GenNb1": {"x": -9.677344, "y": 1.0802847040000012, "fAckley": 16.429284769132636, "ChiSquared": null}, "Point T1-937-27082019100007-GenNb0": {"x": -12.9197, "y": -0.24801440000000063, "fAckley": 17.943013870956147, "ChiSquared": null}, "Point T1-346-27082019100010-GenNb1": {"x": 16.63828016, "y": 1.012186680000001, "fAckley": 19.632827250682805, "ChiSquared": null}, "Point T1-512-27082019100011-GenNb1": {"x": -18.88263, "y": 18.999289759999996, "fAckley": 19.878445630820888, "ChiSquared": null}, "Point T7-214-23082019093658-GenNb0": {"x": 2.293129999999998, "y": 10.7026, "fAckley": 17.709161407922522, "ChiSquared": null}, "Point T1-458-27082019100011-GenNb1": {"x": 8.826500039999999, "y": -5.1059139999999985, "fAckley": 16.12219511138327, "ChiSquared": null}, "Point T3-775-23082019093659-GenNb0": {"x": 9.465127999999998, "y": 8.229315999999999, "fAckley": 18.669472924482346, "ChiSquared": null}, "Point T3-120-23082019093701-GenNb0": {"x": -11.7749, "y": -2.685597999999999, "fAckley": 18.205811419310574, "ChiSquared": null}, "Point T6-688-23082019093657-GenNb0": {"x": -5.3796, "y": 5.170272000000002, "fAckley": 14.87196424022559, "ChiSquared": null}, "Point T1-232-27082019100017-GenNb3": {"x": 4.453451368799999, "y": -15.95324932, "fAckley": 19.796510157148067, "ChiSquared": null}, "Point T5-956-23082019093656-GenNb0": {"x": 24.9974, "y": 24.794662, "fAckley": 20.687231431796096, "ChiSquared": null}, "Point T5-264-23082019093657-GenNb0": {"x": 27.926574000000002, "y": -28.1449, "fAckley": 20.518459382509697, "ChiSquared": null}, "Point T1-701-27082019100012-GenNb1": {"x": -2.7258106800000017, "y": 2.7657664800000044, "fAckley": 10.195638620648868, "ChiSquared": null}, "Point T1-230-27082019100017-GenNb3": {"x": -9.382413288800002, "y": 8.6665, "fAckley": 18.895202655338384, "ChiSquared": null}, "Point T0-714-23082019093659-GenNb0": {"x": -8.4065, "y": 10.004797999999997, "fAckley": 18.480217363499822, "ChiSquared": null}, "Point T1-675-27082019100012-GenNb1": {"x": -8.085336, "y": -7.7444631911999995, "fAckley": 17.10204264844505, "ChiSquared": null}}