{"Point T2-689-23082019093658-GenNb0": {"x": 9.122582000000001, "y": -9.106614, "fAckley": 17.368451415949227, "ChiSquared": null}, "Point T7-341-27082019100010-GenNb1": {"x": 1.7723579999999985, "y": -6.3761808, "fAckley": 14.122609016581222, "ChiSquared": null}, "Point T1-58-23082019093657-GenNb0": {"x": 4.921068, "y": 9.665799999999999, "fAckley": 17.19836911330146, "ChiSquared": null}, "Point T1-311-23082019093659-GenNb0": {"x": -9.081790000000002, "y": 11.125308, "fAckley": 17.89461888229042, "ChiSquared": null}, "Point T7-998-27082019100010-GenNb1": {"x": 3.8758609600000034, "y": 23.8455, "fAckley": 20.169438154636598, "ChiSquared": null}, "Point T7-794-27082019100013-GenNb2": {"x": 7.770126722400002, "y": -1.1183260000000015, "fAckley": 14.589332011786967, "ChiSquared": null}, "Point T7-38-27082019100013-GenNb2": {"x": 20.8985, "y": -14.149795440000002, "fAckley": 20.148740764955754, "ChiSquared": null}, "Point T7-139-23082019093658-GenNb0": {"x": -19.9981, "y": -11.722778, "fAckley": 20.45024249892299, "ChiSquared": null}, "Point T7-938-23082019093700-GenNb0": {"x": -13.063043999999998, "y": 12.040207999999996, "fAckley": 18.522953544475364, "ChiSquared": null}, "Point T3-259-23082019093658-GenNb0": {"x": -4.1507, "y": -14.437788000000005, "fAckley": 19.48494427237009, "ChiSquared": null}, "Point T3-734-23082019093701-GenNb0": {"x": 1.6923, "y": 7.199874000000001, "fAckley": 14.713415053737787, "ChiSquared": null}, "Point T6-808-23082019093657-GenNb0": {"x": 1.9502439999999979, "y": 7.0509, "fAckley": 13.024054401477393, "ChiSquared": null}, "Point T7-332-27082019100014-GenNb2": {"x": -20.1194, "y": 1.8743072799999956, "fAckley": 19.520308039218577, "ChiSquared": null}, "Point T7-45-27082019100011-GenNb1": {"x": 15.0549493224, "y": 7.952638, "fAckley": 18.336295306147054, "ChiSquared": null}, "Point T7-940-27082019100014-GenNb2": {"x": 8.879847639999996, "y": -1.9463706799999994, "fAckley": 14.881453632560783, "ChiSquared": null}, "Point T5-387-23082019093659-GenNb0": {"x": -16.938809999999997, "y": 23.9933, "fAckley": 19.784422791547932, "ChiSquared": null}, "Point T7-712-27082019100009-GenNb0": {"x": -8.933092000000002, "y": -6.260754719999999, "fAckley": 16.91616862701364, "ChiSquared": null}, "Point T7-39-27082019100012-GenNb1": {"x": -8.329300919999994, "y": -0.430844599999995, "fAckley": 16.069400628544983, "ChiSquared": null}, "Point T7-546-27082019100015-GenNb2": {"x": -6.807665952784003, "y": 2.584439999999999, "fAckley": 14.801000359219142, "ChiSquared": null}}