{"Point T3-444-27082019100007-GenNb0": {"x": -9.031928, "y": 4.532300239999994, "fAckley": 16.927597312489688, "ChiSquared": null}, "Point T3-421-27082019100009-GenNb1": {"x": 5.9342359600000005, "y": 12.4154, "fAckley": 18.834289950090138, "ChiSquared": null}, "Point T3-277-27082019100009-GenNb1": {"x": -17.847480919999995, "y": -0.27978816000000084, "fAckley": 19.90143221099474, "ChiSquared": null}, "Point T3-863-27082019100009-GenNb1": {"x": -2.145626720000002, "y": -2.073100000000001, "fAckley": 7.479225156447393, "ChiSquared": null}, "Point T3-459-27082019100010-GenNb1": {"x": -0.6863066800000048, "y": -0.7143220000000001, "fAckley": 4.596273213285876, "ChiSquared": null}, "Point T3-870-27082019100010-GenNb1": {"x": -9.2308, "y": 6.8316381103999975, "fAckley": 17.418988394002152, "ChiSquared": null}, "Point T3-467-27082019100010-GenNb1": {"x": -5.134540000000005, "y": -2.4640887304000008, "fAckley": 12.924384071383571, "ChiSquared": null}, "Point T3-206-27082019100014-GenNb3": {"x": -8.596673639999999, "y": -3.1186703200000014, "fAckley": 16.273214550858132, "ChiSquared": null}, "Point T3-231-27082019100008-GenNb0": {"x": 13.130794, "y": -0.43061843999999994, "fAckley": 18.70517039756997, "ChiSquared": null}, "Point T3-308-23082019093657-GenNb0": {"x": -1.2567, "y": 2.488216000000001, "fAckley": 8.63946710767331, "ChiSquared": null}, "Point T3-650-23082019093700-GenNb0": {"x": -11.043207999999996, "y": -0.3024, "fAckley": 17.1481820590462, "ChiSquared": null}, "Point T6-964-23082019093656-GenNb0": {"x": 2.812, "y": -16.326754000000005, "fAckley": 19.838531695283656, "ChiSquared": null}, "Point T3-623-27082019100015-GenNb3": {"x": 7.294369876799996, "y": 0.08111971793599926, "fAckley": 14.241554319178384, "ChiSquared": null}, "Point T3-225-27082019100013-GenNb2": {"x": -12.695971599999998, "y": -8.958733757936, "fAckley": 19.12391561290845, "ChiSquared": null}, "Point T3-940-27082019100013-GenNb2": {"x": 4.594788233599999, "y": 4.2204160871360035, "fAckley": 13.716750947676298, "ChiSquared": null}, "Point T3-598-27082019100015-GenNb3": {"x": -0.5042607199999969, "y": 8.774172562064, "fAckley": 16.29306302244935, "ChiSquared": null}, "Point T3-668-27082019100016-GenNb3": {"x": 1.6461, "y": 0.2861453599999919, "fAckley": 6.267680633543261, "ChiSquared": null}, "Point T0-873-23082019093657-GenNb0": {"x": -1.8105, "y": -3.9453520000000015, "fAckley": 9.965856867002149, "ChiSquared": null}, "Point T3-997-27082019100012-GenNb1": {"x": 47.78248404, "y": 31.069390118399994, "fAckley": 20.970772527667553, "ChiSquared": null}}