{"Point T1-209-18072019130125-GenNb0": {"Lambda": 0.3382, "Kappa": 0.8041, "tanBeta": 15.600000000000001, "mBottom": 15.288, "ChiSquared": null, "testCalc": 20.302339240000002},"Point T1-499-18072019130126-GenNb2": {"Lambda": -0.0714, "Kappa": 0.5975, "tanBeta": 13.86215, "mBottom": 13.584907, "ChiSquared": null, "testCalc": 15.080186085},"Point T1-340-18072019130127-GenNb2": {"Lambda": 0.3382, "Kappa": 0.8041, "tanBeta": 11.35555, "mBottom": 11.128438999999998, "ChiSquared": null, "testCalc": 14.809596494999997},"Point T1-207-18072019130128-GenNb3": {"Lambda": 0.8044, "Kappa": 0.0168, "tanBeta": 10.278974999999999, "mBottom": 10.073395499999998, "ChiSquared": null, "testCalc": 5.8564438899999995},"Point T1-457-18072019130128-GenNb3": {"Lambda": -0.0714, "Kappa": 0.5975, "tanBeta": 13.685424999999999, "mBottom": 13.411716499999999, "ChiSquared": null, "testCalc": 14.887997647499999},"Point T1-238-18072019130129-GenNb3": {"Lambda": 0.0928, "Kappa": 0.9634, "tanBeta": 10.4557, "mBottom": 10.246586, "ChiSquared": null, "testCalc": 15.20492622},"Point T1-375-18072019130129-GenNb4": {"Lambda": 0.2561, "Kappa": 0.5975, "tanBeta": 12.970412499999998, "mBottom": 12.711004249999998, "ChiSquared": null, "testCalc": 14.17091080375},"Point T1-394-18072019130131-GenNb6": {"Lambda": 0.8044, "Kappa": 0.0168, "tanBeta": 10.09819375, "mBottom": 9.896229875, "ChiSquared": null, "testCalc": 5.7648239525},"Point T1-767-18072019130133-GenNb8": {"Lambda": 0.3382, "Kappa": 0.98705, "tanBeta": 10.09819375, "mBottom": 9.896229875, "ChiSquared": null, "testCalc": 15.0299163184375},"Point T1-191-18072019130135-GenNb10": {"Lambda": 0.25655, "Kappa": 0.5975, "tanBeta": 8.840837500000001, "mBottom": 8.66402075, "ChiSquared": null, "testCalc": 9.680228683750002},"Point T1-293-18072019130136-GenNb10": {"Lambda": 0.3382, "Kappa": 0.028624999999999973, "tanBeta": 9.919440625, "mBottom": 9.7210518125, "ChiSquared": null, "testCalc": 5.258849134140625},"Point T1-810-18072019130136-GenNb11": {"Lambda": 0.8044, "Kappa": -0.16615, "tanBeta": 9.2907625, "mBottom": 9.104947249999999, "ChiSquared": null, "testCalc": 3.6558727956249992},"Point T1-708-18072019130137-GenNb12": {"Lambda": 0.8044, "Kappa": -0.6335375, "tanBeta": 9.0226328125, "mBottom": 8.842180156249999, "ChiSquared": null, "testCalc": -0.6480267973242189}}