{"Point T0-378-18072019130124-GenNb0": {"Lambda": 0.6564, "Kappa": 0.1907, "tanBeta": 11.577950000000001, "mBottom": 11.346391, "ChiSquared": null, "testCalc": 8.311971525},"Point T0-122-18072019130128-GenNb3": {"Lambda": 0.6564, "Kappa": 0.1907, "tanBeta": 9.810200000000002, "mBottom": 9.613996000000002, "ChiSquared": null, "testCalc": 7.108664100000001},"Point T0-60-18072019130128-GenNb4": {"Lambda": 0.0091, "Kappa": 0.2838, "tanBeta": 9.607050000000001, "mBottom": 9.414909000000002, "ChiSquared": null, "testCalc": 7.434018100000001},"Point T0-752-18072019130131-GenNb5": {"Lambda": 0.75785, "Kappa": 0.8327, "tanBeta": 10.013350000000003, "mBottom": 9.813083000000002, "ChiSquared": null, "testCalc": 13.818994667500004},"Point T0-183-18072019130132-GenNb6": {"Lambda": 0.218, "Kappa": 0.8153, "tanBeta": 12.412525000000002, "mBottom": 12.164274500000001, "ChiSquared": null, "testCalc": 16.249592882500004},"Point T0-279-18072019130134-GenNb7": {"Lambda": 0.75785, "Kappa": 0.8327, "tanBeta": 9.607050000000001, "mBottom": 9.414909000000002, "ChiSquared": null, "testCalc": 13.281581657500002},"Point T0-873-18072019130136-GenNb8": {"Lambda": 0.218, "Kappa": 0.5961000000000001, "tanBeta": 10.908212500000001, "mBottom": 10.69004825, "ChiSquared": null, "testCalc": 11.894933596250002}}