{"Point T0-268-07082019112629-GenNb0": {"Lambda": 0.9438, "Kappa": 0.6852, "tanBeta": 8.21295, "mBottom": 8.048691, "ChiSquared": null, "LogL": null, "testCalc": 10.54261728, "extTest": {"res1": 2246.484360079933, "res2": 5046691.980083747}},"Point T0-947-07082019112630-GenNb0": {"Lambda": 0.5879, "Kappa": 0.8985, "tanBeta": 26.62655, "mBottom": 26.094019000000003, "ChiSquared": null, "LogL": null, "testCalc": 37.316591085, "extTest": {"res1": -1400.442362875461, "res2": 1961238.8117362042}},"Point T0-492-07082019112631-GenNb0": {"Lambda": 0.82125, "Kappa": 0.379, "tanBeta": 22.52165, "mBottom": 22.071217, "ChiSquared": null, "LogL": null, "testCalc": 20.2457654125, "extTest": {"res1": -1055.7358855301388, "res2": 1114578.2599961064}}}