{"Point T6-980-07082019112633-GenNb1": {"Lambda": 0.15810000000000002, "Kappa": 0.3216, "tanBeta": 29.01865, "mBottom": 28.438277, "ChiSquared": null, "LogL": null, "testCalc": 23.57653195, "extTest": {"res1": -766.4944017232857, "res2": 587513.6678731376}},"Point T6-613-07082019112633-GenNb1": {"Lambda": 0.8532, "Kappa": 0.8682, "tanBeta": 15.835799999999999, "mBottom": 15.519084, "ChiSquared": null, "LogL": null, "testCalc": 22.236133799999998, "extTest": {"res1": 145.18689429268625, "res2": 21079.23427435565}}}