{"Point T5-725-07082019112629-GenNb0": {"Lambda": 0.465, "Kappa": 0.9702, "tanBeta": 7.8245000000000005, "mBottom": 7.668010000000001, "ChiSquared": null, "LogL": null, "testCalc": 11.6415599, "extTest": {"res1": 1953.1751874584231, "res2": 3814893.3129032464}},"Point T5-569-07082019112633-GenNb1": {"Lambda": 0.4166, "Kappa": 0.6024, "tanBeta": 19.3165, "mBottom": 18.93017, "ChiSquared": null, "LogL": null, "testCalc": 21.27490016, "extTest": {"res1": -341.26259267702795, "res2": 116460.1571606471}},"Point T5-485-07082019112633-GenNb1": {"Lambda": 0.5584, "Kappa": 0.62005, "tanBeta": 23.904600000000002, "mBottom": 23.426508000000002, "ChiSquared": null, "LogL": null, "testCalc": 26.84711179, "extTest": {"res1": -677.888321997358, "res2": 459532.57710039377}}}