{"Point T1-730-07082019112629-GenNb0": {"Lambda": 0.5061, "Kappa": 0.5651, "tanBeta": 32.87205, "mBottom": 32.214609, "ChiSquared": null, "LogL": null, "testCalc": 34.939437165, "extTest": {"res1": -1707.6781901592483, "res2": 2916164.8011455657}},"Point T1-523-07082019112630-GenNb0": {"Lambda": 0.3071, "Kappa": 0.0209, "tanBeta": 10.738750000000001, "mBottom": 10.523975000000002, "ChiSquared": null, "LogL": null, "testCalc": 5.580737785000001, "extTest": {"res1": -79.02777732976512, "res2": 6245.389589682937}},"Point T1-226-07082019112631-GenNb0": {"Lambda": 0.5787, "Kappa": 0.4856, "tanBeta": 27.92015, "mBottom": 27.361746999999998, "ChiSquared": null, "LogL": null, "testCalc": 27.57379203, "extTest": {"res1": 540.6335597871346, "res2": 292284.6459681092}}}