{"Point T3-922-07082019112629-GenNb0": {"Lambda": 0.38389999999999996, "Kappa": 0.8119, "tanBeta": 19.1666, "mBottom": 18.783268, "ChiSquared": null, "LogL": null, "testCalc": 25.100375749999998, "extTest": {"res1": 11548.794728794855, "res2": 133374659.68783984}},"Point T3-847-07082019112630-GenNb0": {"Lambda": 0.1257, "Kappa": 0.1991, "tanBeta": 14.28475, "mBottom": 13.999055, "ChiSquared": null, "LogL": null, "testCalc": 9.859421715, "extTest": {"res1": -140.85281792727557, "res2": 19839.51631805424}},"Point T3-145-07082019112630-GenNb0": {"Lambda": 0.4385, "Kappa": 0.4798, "tanBeta": 5.37565, "mBottom": 5.268137, "ChiSquared": null, "LogL": null, "testCalc": 5.40558762, "extTest": {"res1": -55.40864132536604, "res2": 3070.1175335230614}},"Point T3-143-07082019112631-GenNb0": {"Lambda": 0.9314, "Kappa": 0.1774, "tanBeta": 15.284949999999998, "mBottom": 14.979250999999998, "ChiSquared": null, "LogL": null, "testCalc": 11.068681589999999, "extTest": {"res1": -295.0946148733472, "res2": 87080.83172724911}},"Point T3-221-07082019112632-GenNb0": {"Lambda": 0.4686, "Kappa": 0.493, "tanBeta": 11.405249999999999, "mBottom": 11.177145, "ChiSquared": null, "LogL": null, "testCalc": 11.430946709999999, "extTest": {"res1": -427.73150407718356, "res2": 182954.23958012968}},"Point T3-445-07082019112632-GenNb1": {"Lambda": 0.38389999999999996, "Kappa": 0.2726, "tanBeta": 4.898175, "mBottom": 4.8002115000000005, "ChiSquared": null, "LogL": null, "testCalc": 3.8827274650000003, "extTest": {"res1": -40.70971462062584, "res2": 1657.2808644927973}},"Point T3-485-07082019112633-GenNb1": {"Lambda": 0.18394999999999997, "Kappa": 0.6627, "tanBeta": 18.387, "mBottom": 18.01926, "ChiSquared": null, "LogL": null, "testCalc": 21.2285325025, "extTest": {"res1": -308.8578683119807, "res2": 95393.18281822083}}}