{"Point T7-205-07082019112629-GenNb0": {"Lambda": 0.6859, "Kappa": 0.4999, "tanBeta": 32.76965, "mBottom": 32.114256999999995, "ChiSquared": null, "LogL": null, "testCalc": 32.909135344999996, "extTest": {"res1": 2153.078427517428, "res2": 4635746.715040919}}}