{"Point T4-911-07082019112629-GenNb0": {"Lambda": 0.8983, "Kappa": 0.6448, "tanBeta": 26.55165, "mBottom": 26.020616999999998, "ChiSquared": null, "LogL": null, "testCalc": 30.93775531, "extTest": {"res1": 22238.721380978393, "res2": 494560728.66078556}},"Point T4-522-07082019112630-GenNb0": {"Lambda": 0.9808, "Kappa": 0.4837, "tanBeta": 31.166149999999995, "mBottom": 30.542826999999996, "ChiSquared": null, "LogL": null, "testCalc": 31.308448894999994, "extTest": {"res1": -664.1009995540002, "res2": 441030.13760862214}},"Point T4-744-07082019112632-GenNb0": {"Lambda": 0.7533, "Kappa": 0.227, "tanBeta": 9.4901, "mBottom": 9.300298, "ChiSquared": null, "LogL": null, "testCalc": 7.371862590000001, "extTest": {"res1": -112.80999547220054, "res2": 12726.095078437906}},"Point T4-918-07082019112633-GenNb1": {"Lambda": 0.8983, "Kappa": 0.6448, "tanBeta": 18.593325, "mBottom": 18.2214585, "ChiSquared": null, "LogL": null, "testCalc": 21.9066481, "extTest": {"res1": -1135.9445833410546, "res2": 1290370.096421882}},"Point T4-907-07082019112633-GenNb1": {"Lambda": 0.9808, "Kappa": 0.02779999999999999, "tanBeta": 2.512525000000002, "mBottom": 2.4622745000000017, "ChiSquared": null, "LogL": null, "testCalc": 2.262954085000001, "extTest": {"res1": -10.657140868826522, "res2": 113.57465149801251}}}