{"Point T2-995-07082019112633-GenNb0": {"Lambda": 0.9435, "Kappa": 0.6441, "tanBeta": 9.424299999999999, "mBottom": 9.235814, "ChiSquared": null, "LogL": null, "testCalc": 11.578290879999999, "extTest": {"res1": -293.5077073811879, "res2": 86146.77429216103}}}