{"Point T7-604-30072019090302-GenNb0": {"Lambda": 0.2149, "Kappa": 0.1925, "tanBeta": 30.838649999999998, "mBottom": 30.221876999999996, "ChiSquared": null, "LogL": null, "testCalc": 21.093560635, "extTest": {"res1": 590.5901160528223, "res2": 348796.6851792861}},"Point T7-443-30072019090303-GenNb0": {"Lambda": 0.7222500000000001, "Kappa": 0.7621, "tanBeta": 21.5431, "mBottom": 21.112237999999998, "ChiSquared": null, "LogL": null, "testCalc": 27.495760572499996, "extTest": {"res1": 938.8950123983751, "res2": 881523.844306545}},"Point T7-573-30072019090305-GenNb1": {"Lambda": 0.2149, "Kappa": 0.1925, "tanBeta": 28.622725, "mBottom": 28.0502705, "ChiSquared": null, "LogL": null, "testCalc": 19.581191822500003, "extTest": {"res1": 1307.470697466041, "res2": 1709479.6247323356}},"Point T7-790-30072019090307-GenNb1": {"Lambda": 0.33440000000000003, "Kappa": 0.3116, "tanBeta": 22.283649999999998, "mBottom": 21.837977, "ChiSquared": null, "LogL": null, "testCalc": 17.9743972, "extTest": {"res1": -471.6576416544534, "res2": 222460.93093104078}},"Point T7-977-30072019090308-GenNb2": {"Lambda": 0.2149, "Kappa": 0.1925, "tanBeta": 11.433012499999998, "mBottom": 11.204352249999998, "ChiSquared": null, "LogL": null, "testCalc": 7.849213041249998, "extTest": {"res1": -27507.84097305443, "res2": 756681314.9988521}},"Point T7-648-30072019090311-GenNb3": {"Lambda": 0.8186, "Kappa": 0.2952, "tanBeta": 5.3787, "mBottom": 5.271126, "ChiSquared": null, "LogL": null, "testCalc": 4.8934612, "extTest": {"res1": 67.9511653347103, "res2": 4617.360870345135}},"Point T7-594-30072019090312-GenNb3": {"Lambda": 0.7222500000000001, "Kappa": 0.7621, "tanBeta": 6.156549999999999, "mBottom": 6.033418999999999, "ChiSquared": null, "LogL": null, "testCalc": 8.2302613175, "extTest": {"res1": 188.6247122361566, "res2": 35579.282066172884}},"Point T7-801-30072019090313-GenNb3": {"Lambda": 0.33440000000000003, "Kappa": 0.3116, "tanBeta": 6.297649999999999, "mBottom": 6.171696999999999, "ChiSquared": null, "LogL": null, "testCalc": 5.160019599999999, "extTest": {"res1": 65.20427920725623, "res2": 4251.598026937828}},"Point T7-243-30072019090314-GenNb3": {"Lambda": 0.6034, "Kappa": 0.5357999999999999, "tanBeta": 2.8381562499999973, "mBottom": 2.7813931249999975, "ChiSquared": null, "LogL": null, "testCalc": 3.2754722412499975, "extTest": {"res1": -7.126502937709085, "res2": 50.787044121176216}},"Point T7-643-30072019090315-GenNb4": {"Lambda": 0.9068, "Kappa": 0.6105, "tanBeta": 21.84525, "mBottom": 21.408345, "ChiSquared": null, "LogL": null, "testCalc": 24.862983865000004, "extTest": {"res1": 315.29408434007587, "res2": 99410.35961984687}}}