{"Point T6-532-30072019090301-GenNb0": {"Lambda": 0.32285, "Kappa": 0.7304, "tanBeta": 13.233350000000002, "mBottom": 12.968683, "ChiSquared": null, "LogL": null, "testCalc": 16.2542124625, "extTest": {"res1": 387.44527872380496, "res2": 150113.8440053669}},"Point T6-229-30072019090303-GenNb0": {"Lambda": 0.6069, "Kappa": 0.9888, "tanBeta": 15.893249999999998, "mBottom": 15.575384999999999, "ChiSquared": null, "LogL": null, "testCalc": 23.87126571, "extTest": {"res1": 120.21557742700956, "res2": 14451.785056109331}},"Point T6-702-30072019090304-GenNb0": {"Lambda": 0.7925, "Kappa": 0.6862, "tanBeta": 15.19885, "mBottom": 14.894873, "ChiSquared": null, "LogL": null, "testCalc": 18.50494362, "extTest": {"res1": 404.10279064918683, "res2": 163299.06541046052}},"Point T6-849-30072019090304-GenNb1": {"Lambda": 0.1524, "Kappa": 0.6349, "tanBeta": 12.9454, "mBottom": 12.686492, "ChiSquared": null, "LogL": null, "testCalc": 14.58550622, "extTest": {"res1": 449.01808277010167, "res2": 201617.23865453788}},"Point T6-616-30072019090305-GenNb1": {"Lambda": 0.2827, "Kappa": 0.8064, "tanBeta": 14.824324999999998, "mBottom": 14.527838499999998, "ChiSquared": null, "LogL": null, "testCalc": 19.298174219999996, "extTest": {"res1": 222.91834632241063, "res2": 49692.589127118204}},"Point T6-589-30072019090306-GenNb1": {"Lambda": 0.5734, "Kappa": 0.5181, "tanBeta": 20.72085, "mBottom": 20.306433, "ChiSquared": null, "LogL": null, "testCalc": 21.217476445, "extTest": {"res1": 481.27520589180665, "res2": 231625.82380620087}},"Point T6-676-30072019090315-GenNb4": {"Lambda": 0.8907, "Kappa": 0.714, "tanBeta": 6.556474999999999, "mBottom": 6.425345499999999, "ChiSquared": null, "LogL": null, "testCalc": 8.687342389999998, "extTest": {"res1": 190.370445633285, "res2": 36240.906570615516}},"Point T6-909-30072019090317-GenNb4": {"Lambda": 0.8563, "Kappa": 0.6485, "tanBeta": 11.369149999999998, "mBottom": 11.141766999999998, "ChiSquared": null, "LogL": null, "testCalc": 13.677026964999996, "extTest": {"res1": 263.735480622036, "res2": 69556.40373893632}}}