{"Point T5-467-30072019090301-GenNb0": {"Lambda": 0.0941, "Kappa": 0.2542, "tanBeta": 34.58845, "mBottom": 33.896681, "ChiSquared": null, "LogL": null, "testCalc": 25.7495793, "extTest": {"res1": 742.966429465582, "res2": 551999.1153128357}},"Point T5-242-30072019090302-GenNb0": {"Lambda": 1.01835, "Kappa": 0.3307, "tanBeta": 8.859250000000001, "mBottom": 8.682065000000001, "ChiSquared": null, "LogL": null, "testCalc": 8.307823197500001, "extTest": {"res1": -137.07188695620815, "res2": 18788.702193735506}},"Point T5-185-30072019090303-GenNb0": {"Lambda": 0.9215, "Kappa": 0.6365, "tanBeta": 12.203000000000001, "mBottom": 11.95894, "ChiSquared": null, "LogL": null, "testCalc": 14.59584175, "extTest": {"res1": 925.3267775984193, "res2": 856229.6453406746}},"Point T5-968-30072019090304-GenNb1": {"Lambda": 0.6651, "Kappa": 0.0234, "tanBeta": 28.658825, "mBottom": 28.0856485, "ChiSquared": null, "LogL": null, "testCalc": 15.155798765, "extTest": {"res1": -606.4978117641891, "res2": 367839.59567474975}},"Point T5-662-30072019090308-GenNb2": {"Lambda": 0.6651, "Kappa": 0.0234, "tanBeta": 7.543950000000001, "mBottom": 7.393071000000001, "ChiSquared": null, "LogL": null, "testCalc": 4.315421940000001, "extTest": {"res1": 92.48376318530968, "res2": 8553.246452916443}},"Point T5-824-30072019090308-GenNb2": {"Lambda": 0.4627, "Kappa": 0.44005000000000005, "tanBeta": 11.509575, "mBottom": 11.2793835, "ChiSquared": null, "LogL": null, "testCalc": 10.91857151875, "extTest": {"res1": -59.82993460916572, "res2": 3579.621075337046}},"Point T5-743-30072019090312-GenNb3": {"Lambda": 0.9035, "Kappa": 0.1991, "tanBeta": 11.181337500000001, "mBottom": 10.95771075, "ChiSquared": null, "LogL": null, "testCalc": 8.521371921250001, "extTest": {"res1": 625.8386669734231, "res2": 391674.03707907116}},"Point T5-924-30072019090315-GenNb4": {"Lambda": 1.1701, "Kappa": 0.3947, "tanBeta": 10.565724999999999, "mBottom": 10.354410499999998, "ChiSquared": null, "LogL": null, "testCalc": 10.716630917499998, "extTest": {"res1": 72.38223805348865, "res2": 5239.1883856319}},"Point T5-87-30072019090315-GenNb4": {"Lambda": 0.7450000000000001, "Kappa": 0.2729, "tanBeta": 15.424925000000002, "mBottom": 15.116426500000001, "ChiSquared": null, "LogL": null, "testCalc": 12.322700282500001, "extTest": {"res1": 136.58084342855386, "res2": 18654.326791655145}}}