{"Point T4-506-30072019090302-GenNb0": {"Lambda": 0.0692, "Kappa": 0.4407, "tanBeta": 17.61515, "mBottom": 17.262847, "ChiSquared": null, "LogL": null, "testCalc": 16.399208745, "extTest": {"res1": 234.74666430720814, "res2": 55105.99640336107}},"Point T4-404-30072019090304-GenNb1": {"Lambda": 0.612, "Kappa": 0.436, "tanBeta": 15.2147, "mBottom": 14.910406, "ChiSquared": null, "LogL": null, "testCalc": 14.4633562, "extTest": {"res1": -170.881120121802, "res2": 29200.35721408173}},"Point T4-512-30072019090305-GenNb1": {"Lambda": 0.2971, "Kappa": 0.4067, "tanBeta": 11.152999999999999, "mBottom": 10.929939999999998, "ChiSquared": null, "LogL": null, "testCalc": 10.089163509999999, "extTest": {"res1": 125.874497174571, "res2": 15844.389038951083}},"Point T4-206-30072019090306-GenNb1": {"Lambda": 0.8566, "Kappa": 0.33245, "tanBeta": 18.9015, "mBottom": 18.52347, "ChiSquared": null, "LogL": null, "testCalc": 16.279302235, "extTest": {"res1": 388.03306415000395, "res2": 150569.65887364108}},"Point T4-518-30072019090307-GenNb1": {"Lambda": 0.139, "Kappa": 0.0797, "tanBeta": 20.41935, "mBottom": 20.010963, "ChiSquared": null, "LogL": null, "testCalc": 11.652224695, "extTest": {"res1": -332.20215509230025, "res2": 110358.2718479687}},"Point T4-527-30072019090307-GenNb1": {"Lambda": 0.7427, "Kappa": 0.1164, "tanBeta": 6.636099999999999, "mBottom": 6.503377999999999, "ChiSquared": null, "LogL": null, "testCalc": 4.5757343299999995, "extTest": {"res1": -26.25987001306535, "res2": 689.5807731030887}},"Point T4-498-30072019090308-GenNb2": {"Lambda": 1.129, "Kappa": 0.3812, "tanBeta": 9.918099999999999, "mBottom": 9.719738, "ChiSquared": null, "LogL": null, "testCalc": 9.915289719999999, "extTest": {"res1": -20702.898515459576, "res2": 428610006.9414183}},"Point T4-792-30072019090310-GenNb2": {"Lambda": 0.8115, "Kappa": 0.1775, "tanBeta": 3.5779500000000013, "mBottom": 3.506391000000001, "ChiSquared": null, "LogL": null, "testCalc": 3.0468138750000007, "extTest": {"res1": 9.870902436928036, "res2": 97.43471491935185}},"Point T4-652-30072019090311-GenNb2": {"Lambda": 0.139, "Kappa": 0.0797, "tanBeta": 12.190900000000001, "mBottom": 11.947082, "ChiSquared": null, "LogL": null, "testCalc": 6.9644767299999994, "extTest": {"res1": -248.39639104659463, "res2": 61700.76708497276}},"Point T4-73-30072019090316-GenNb4": {"Lambda": 0.612, "Kappa": 0.436, "tanBeta": 14.1511, "mBottom": 13.868077999999999, "ChiSquared": null, "LogL": null, "testCalc": 13.4784626, "extTest": {"res1": -596.8037268406891, "res2": 356174.6883709359}},"Point T4-209-30072019090316-GenNb4": {"Lambda": 0.0736, "Kappa": 0.2314, "tanBeta": 10.75625, "mBottom": 10.541125, "ChiSquared": null, "LogL": null, "testCalc": 7.76497571, "extTest": {"res1": 78.90417438422317, "res2": 6225.8687352559}}}