{"Point T0-241-30072019090303-GenNb0": {"Lambda": 0.0879, "Kappa": 0.1397, "tanBeta": 11.9376, "mBottom": 11.698848, "ChiSquared": null, "LogL": null, "testCalc": 7.52483313, "extTest": {"res1": -153.9240046464344, "res2": 23692.599206395564}},"Point T0-273-30072019090306-GenNb1": {"Lambda": 0.4253, "Kappa": 0.0842, "tanBeta": 8.444149999999997, "mBottom": 8.275266999999998, "ChiSquared": null, "LogL": null, "testCalc": 5.029511019999998, "extTest": {"res1": -67.47297223069921, "res2": 4552.601981644707}},"Point T0-777-30072019090309-GenNb2": {"Lambda": 0.8674, "Kappa": 0.2266, "tanBeta": 18.3908, "mBottom": 18.022983999999997, "ChiSquared": null, "LogL": null, "testCalc": 13.931230039999999, "extTest": {"res1": -4250.999501070098, "res2": 18070996.75809822}},"Point T0-496-30072019090312-GenNb3": {"Lambda": 0.2892, "Kappa": 0.7246, "tanBeta": 16.78165, "mBottom": 16.446016999999998, "ChiSquared": null, "LogL": null, "testCalc": 20.466628729999996, "extTest": {"res1": 723.1320380731102, "res2": 522919.94448777003}},"Point T0-773-30072019090314-GenNb3": {"Lambda": 0.5428, "Kappa": 0.8576, "tanBeta": 25.944924999999998, "mBottom": 25.4260265, "ChiSquared": null, "LogL": null, "testCalc": 35.25801277, "extTest": {"res1": -508.8807813219912, "res2": 258959.64959888023}},"Point T0-205-30072019090316-GenNb4": {"Lambda": 0.6779, "Kappa": 0.6078, "tanBeta": 9.048074999999997, "mBottom": 8.867113499999997, "ChiSquared": null, "LogL": null, "testCalc": 10.392525144999997, "extTest": {"res1": 54.07583353423664, "res2": 2924.1957724224717}},"Point T0-268-30072019090317-GenNb4": {"Lambda": 0.2892, "Kappa": 0.7246, "tanBeta": 16.164749999999998, "mBottom": 15.841454999999998, "ChiSquared": null, "LogL": null, "testCalc": 19.71734199, "extTest": {"res1": 596.6469434744947, "res2": 355987.5751574569}}}