{"Point T2-468-30072019090302-GenNb0": {"Lambda": 0.996, "Kappa": 0.2138, "tanBeta": 23.5958, "mBottom": 23.123884, "ChiSquared": null, "LogL": null, "testCalc": 17.59874004, "extTest": {"res1": -804.2550564614887, "res2": 646826.1958438724}},"Point T2-902-30072019090302-GenNb0": {"Lambda": 0.2405, "Kappa": 0.6357, "tanBeta": 23.93235, "mBottom": 23.453703, "ChiSquared": null, "LogL": null, "testCalc": 26.998486645, "extTest": {"res1": 1159.5958756200246, "res2": 1344662.5947549716}},"Point T2-105-30072019090304-GenNb0": {"Lambda": 0.9096, "Kappa": 0.98725, "tanBeta": 29.3643, "mBottom": 28.777014, "ChiSquared": null, "LogL": null, "testCalc": 44.205784335000004, "extTest": {"res1": 1511.5770222013684, "res2": 2284865.094047156}},"Point T2-127-30072019090304-GenNb1": {"Lambda": 0.8977, "Kappa": 0.2304, "tanBeta": 22.043, "mBottom": 21.60214, "ChiSquared": null, "LogL": null, "testCalc": 16.68564249, "extTest": {"res1": 1299.423720802062, "res2": 1688502.0061830753}},"Point T2-755-30072019090310-GenNb2": {"Lambda": 0.77885, "Kappa": 0.6565, "tanBeta": 5.070150000000002, "mBottom": 4.968747000000001, "ChiSquared": null, "LogL": null, "testCalc": 6.419534297500002, "extTest": {"res1": -317.43480471301876, "res2": 100764.85524319236}},"Point T2-59-30072019090312-GenNb2": {"Lambda": 0.2748, "Kappa": 0.3339, "tanBeta": 10.0277, "mBottom": 9.827145999999999, "ChiSquared": null, "LogL": null, "testCalc": 8.337337069999998, "extTest": {"res1": 163.51938032378027, "res2": 26738.587741473097}},"Point T2-37-30072019090314-GenNb3": {"Lambda": 0.7777, "Kappa": 0.6044, "tanBeta": 10.724749999999998, "mBottom": 10.510254999999999, "ChiSquared": null, "LogL": null, "testCalc": 12.34198369, "extTest": {"res1": 190.35945991003427, "res2": 36236.72397723995}},"Point T2-953-30072019090314-GenNb3": {"Lambda": 0.5439750000000001, "Kappa": 0.6357, "tanBeta": 0.5966000000000005, "mBottom": 0.5846680000000004, "ChiSquared": null, "LogL": null, "testCalc": 0.9675014206250006, "extTest": {"res1": -0.9989701412483267, "res2": 0.9979413431057018}},"Point T2-919-30072019090316-GenNb4": {"Lambda": 0.8977, "Kappa": 0.2304, "tanBeta": 2.2383249999999997, "mBottom": 2.1935584999999995, "ChiSquared": null, "LogL": null, "testCalc": 2.4183546199999997, "extTest": {"res1": 2.3824858046464565, "res2": 5.6762386093418735}}}