{"Point T3-386-30072019090301-GenNb0": {"Lambda": 0.7052, "Kappa": 0.11665, "tanBeta": 21.48115, "mBottom": 21.051527, "ChiSquared": null, "LogL": null, "testCalc": 13.528846687500002, "extTest": {"res1": 286.8443332844002, "res2": 82279.67153737205}},"Point T3-682-30072019090301-GenNb0": {"Lambda": 0.6517499999999999, "Kappa": 0.0041, "tanBeta": 17.698999999999998, "mBottom": 17.345019999999998, "ChiSquared": null, "LogL": null, "testCalc": 9.1698539625, "extTest": {"res1": 634.0636413514819, "res2": 402036.7012839007}},"Point T3-356-30072019090303-GenNb0": {"Lambda": 0.8603, "Kappa": 0.5245, "tanBeta": 20.52315, "mBottom": 20.112687, "ChiSquared": null, "LogL": null, "testCalc": 21.560851765000002, "extTest": {"res1": 2553.1326932555608, "res2": 6518486.549370393}},"Point T3-886-30072019090304-GenNb1": {"Lambda": 0.7424, "Kappa": 0.5327, "tanBeta": 13.031175, "mBottom": 12.7705515, "ChiSquared": null, "LogL": null, "testCalc": 13.878140432499999, "extTest": {"res1": 453.6053512861067, "res2": 205757.81471539228}},"Point T3-193-30072019090304-GenNb1": {"Lambda": 0.2141, "Kappa": 0.67295, "tanBeta": 17.788899999999998, "mBottom": 17.433121999999997, "ChiSquared": null, "LogL": null, "testCalc": 20.733440064999996, "extTest": {"res1": 510.1516907862057, "res2": 260254.74761202442}},"Point T3-478-30072019090305-GenNb1": {"Lambda": 0.5588, "Kappa": 0.1112, "tanBeta": 25.92255, "mBottom": 25.404099000000002, "ChiSquared": null, "LogL": null, "testCalc": 15.896894500000002, "extTest": {"res1": -1550.8153955153402, "res2": 2405028.390967401}},"Point T3-582-30072019090306-GenNb1": {"Lambda": 0.5072749999999999, "Kappa": 0.0519, "tanBeta": 19.040399999999998, "mBottom": 18.659591999999996, "ChiSquared": null, "LogL": null, "testCalc": 10.575320685624998, "extTest": {"res1": -344.1173572790994, "res2": 118416.75558075134}},"Point T3-72-30072019090308-GenNb2": {"Lambda": 0.7052, "Kappa": 0.11665, "tanBeta": 9.096274999999999, "mBottom": 8.914349499999998, "ChiSquared": null, "LogL": null, "testCalc": 6.015562268749999, "extTest": {"res1": -134.45495547749618, "res2": 18078.13505245548}},"Point T3-353-30072019090310-GenNb2": {"Lambda": 0.8603, "Kappa": 0.5245, "tanBeta": 20.0096, "mBottom": 19.609408, "ChiSquared": null, "LogL": null, "testCalc": 21.03985529, "extTest": {"res1": 651.5057677477881, "res2": 424459.76540863485}},"Point T3-472-30072019090311-GenNb3": {"Lambda": 0.2141, "Kappa": 0.67295, "tanBeta": 11.024312499999999, "mBottom": 10.803826249999998, "ChiSquared": null, "LogL": null, "testCalc": 12.866563031875, "extTest": {"res1": 404.89008672899047, "res2": 163935.9823314094}},"Point T3-949-30072019090315-GenNb3": {"Lambda": 0.175, "Kappa": 0.1499, "tanBeta": 9.668924999999998, "mBottom": 9.475546499999998, "ChiSquared": null, "LogL": null, "testCalc": 6.217770107499999, "extTest": {"res1": 64.99952900509842, "res2": 4224.938770884632}},"Point T3-721-30072019090317-GenNb4": {"Lambda": 0.5072749999999999, "Kappa": 1.002825, "tanBeta": 9.10195625, "mBottom": 8.919917125000001, "ChiSquared": null, "LogL": null, "testCalc": 13.844955764531253, "extTest": {"res1": -82.35063515510754, "res2": 6781.627110449634}}}