{"Point T5-279-23082019093602-GenNb0": {"x": 1.1590779999999987, "y": -18.262172, "fAckley": 19.953351510894937, "ChiSquared": null},"Point T5-611-23082019093602-GenNb0": {"x": -1.2691, "y": 21.765104, "fAckley": 20.81450896626381, "ChiSquared": null},"Point T5-41-23082019093603-GenNb0": {"x": 1.7684, "y": -2.2585419999999994, "fAckley": 8.356293604465906, "ChiSquared": null},"Point T5-558-23082019093603-GenNb0": {"x": 10.221, "y": -0.6919800000000009, "fAckley": 17.105062267663158, "ChiSquared": null},"Point T5-760-23082019093604-GenNb0": {"x": 5.8264439999999995, "y": -27.7459, "fAckley": 21.11164046805619, "ChiSquared": null},"Point T5-767-23082019093604-GenNb0": {"x": 37.133904, "y": 32.536738, "fAckley": 21.84202249693683, "ChiSquared": null},"Point T5-134-23082019093604-GenNb0": {"x": -24.260323999999997, "y": -28.1449, "fAckley": 21.29824735162816, "ChiSquared": null},"Point T5-298-23082019093604-GenNb0": {"x": -13.7234, "y": 12.174918, "fAckley": 20.069615049615226, "ChiSquared": null},"Point T5-65-23082019093604-GenNb0": {"x": -13.1639, "y": -7.511234000000002, "fAckley": 19.587525168596684, "ChiSquared": null},"Point T5-344-23082019093605-GenNb0": {"x": 9.431588000000001, "y": -7.9811, "fAckley": 18.190548974652366, "ChiSquared": null},"Point T5-830-23082019093605-GenNb0": {"x": -18.744976, "y": -12.0868, "fAckley": 20.355516771152526, "ChiSquared": null},"Point T5-262-23082019093605-GenNb0": {"x": -24.6369, "y": 15.842516000000003, "fAckley": 21.450872048904472, "ChiSquared": null},"Point T5-590-23082019093605-GenNb0": {"x": -20.115228000000002, "y": 26.5472, "fAckley": 21.636658049118715, "ChiSquared": null},"Point T5-513-23082019093605-GenNb0": {"x": 1.6418579999999992, "y": 3.2011, "fAckley": 9.844069161280014, "ChiSquared": null},"Point T5-499-23082019093606-GenNb0": {"x": 5.031098000000003, "y": -9.742590000000002, "fAckley": 16.880652495005368, "ChiSquared": null},"Point T5-3-23082019093606-GenNb0": {"x": -15.0572, "y": 3.777796, "fAckley": 18.75019372862774, "ChiSquared": null},"Point T5-28-23082019093606-GenNb0": {"x": 14.216642, "y": 18.183, "fAckley": 20.59250926565618, "ChiSquared": null},"Point T5-225-23082019093607-GenNb0": {"x": -0.6500379999999986, "y": 6.843108, "fAckley": 14.170197129939954, "ChiSquared": null},"Point T5-425-23082019093607-GenNb0": {"x": 1.6461, "y": -1.085005999999999, "fAckley": 6.449665629676193, "ChiSquared": null},"Point T5-500-23082019093607-GenNb0": {"x": 5.578184, "y": 2.6824, "fAckley": 13.860255879083816, "ChiSquared": null},"Point T5-898-23082019093608-GenNb0": {"x": -1.3335, "y": -1.0695460000000008, "fAckley": 5.788690579583005, "ChiSquared": null},"Point T5-193-23082019093608-GenNb0": {"x": 16.170786, "y": -29.7801, "fAckley": 21.15768728347012, "ChiSquared": null},"Point T5-944-23082019093608-GenNb0": {"x": 7.120486, "y": 14.5591, "fAckley": 19.794455425904665, "ChiSquared": null},"Point T5-814-23082019093608-GenNb0": {"x": -22.3471, "y": 24.098940000000002, "fAckley": 21.399171038311593, "ChiSquared": null},"Point T5-633-23082019093609-GenNb0": {"x": 18.2405, "y": 12.793752, "fAckley": 20.68192970388335, "ChiSquared": null}}