{"Point T6-408-23082019093602-GenNb0": {"x": 19.0518, "y": -11.127863999999999, "fAckley": 19.562856640235264, "ChiSquared": null},"Point T6-208-23082019093602-GenNb0": {"x": -9.841581999999999, "y": 3.5013, "fAckley": 17.356852482142944, "ChiSquared": null},"Point T6-31-23082019093602-GenNb0": {"x": -2.894499999999997, "y": 16.713046, "fAckley": 19.579798408965864, "ChiSquared": null},"Point T6-547-23082019093602-GenNb0": {"x": -4.615895999999999, "y": -0.1528640000000001, "fAckley": 11.393118583659554, "ChiSquared": null},"Point T6-521-23082019093602-GenNb0": {"x": -6.782908, "y": 7.0509, "fAckley": 15.923779765327073, "ChiSquared": null},"Point T6-97-23082019093603-GenNb0": {"x": -1.8274239999999988, "y": -9.2325, "fAckley": 16.099456887087857, "ChiSquared": null},"Point T6-578-23082019093603-GenNb0": {"x": 2.5099219999999995, "y": -12.595, "fAckley": 19.064020541542337, "ChiSquared": null},"Point T6-925-23082019093603-GenNb0": {"x": -20.3972, "y": 5.003006, "fAckley": 20.58644913128973, "ChiSquared": null},"Point T6-427-23082019093603-GenNb0": {"x": 22.025962000000003, "y": 5.6292, "fAckley": 20.75424819473096, "ChiSquared": null},"Point T6-720-23082019093604-GenNb0": {"x": 46.639818000000005, "y": 23.089086, "fAckley": 21.595352715937224, "ChiSquared": null},"Point T6-547-23082019093604-GenNb0": {"x": 19.8184, "y": -14.004000000000005, "fAckley": 20.04146426992516, "ChiSquared": null},"Point T6-891-23082019093604-GenNb0": {"x": 0.7279559999999989, "y": 25.2256, "fAckley": 21.14720858407863, "ChiSquared": null},"Point T6-642-23082019093604-GenNb0": {"x": 29.723732, "y": 10.1368, "fAckley": 21.206012657914382, "ChiSquared": null},"Point T6-205-23082019093605-GenNb0": {"x": 21.6113, "y": -19.068104, "fAckley": 21.30378423947063, "ChiSquared": null},"Point T6-707-23082019093605-GenNb0": {"x": -6.980314000000002, "y": -21.4794, "fAckley": 20.89778860729395, "ChiSquared": null},"Point T6-42-23082019093605-GenNb0": {"x": -23.723962, "y": -4.6441, "fAckley": 21.386241360554518, "ChiSquared": null},"Point T6-569-23082019093605-GenNb0": {"x": 15.152007999999999, "y": -1.3475, "fAckley": 19.390301999076886, "ChiSquared": null},"Point T6-616-23082019093605-GenNb0": {"x": 4.331848000000001, "y": 14.8875, "fAckley": 19.342357889749895, "ChiSquared": null},"Point T6-927-23082019093605-GenNb0": {"x": 4.5817499999999995, "y": 9.9031, "fAckley": 17.469100032225946, "ChiSquared": null},"Point T6-349-23082019093606-GenNb0": {"x": 0.722, "y": -4.368892000000001, "fAckley": 11.37395652665698, "ChiSquared": null},"Point T6-619-23082019093606-GenNb0": {"x": 3.1296279999999967, "y": -8.7052, "fAckley": 16.08581139005401, "ChiSquared": null},"Point T6-165-23082019093606-GenNb0": {"x": -0.4130980000000015, "y": 8.380713999999998, "fAckley": 16.161102123541422, "ChiSquared": null},"Point T6-668-23082019093607-GenNb0": {"x": 8.634826, "y": -1.8773, "fAckley": 15.958384545188995, "ChiSquared": null},"Point T6-761-23082019093607-GenNb0": {"x": -3.5977219999999988, "y": -10.8187, "fAckley": 17.910866787280334, "ChiSquared": null},"Point T6-678-23082019093607-GenNb0": {"x": 14.3578, "y": 20.243990000000004, "fAckley": 21.375357359682372, "ChiSquared": null},"Point T6-469-23082019093608-GenNb0": {"x": -2.3915, "y": 20.953481999999997, "fAckley": 20.610192023281208, "ChiSquared": null},"Point T6-749-23082019093608-GenNb0": {"x": 4.6968179999999995, "y": -10.504794, "fAckley": 18.274316484659405, "ChiSquared": null},"Point T6-63-23082019093608-GenNb0": {"x": 21.016884000000005, "y": -12.0253, "fAckley": 19.37327210974171, "ChiSquared": null},"Point T6-306-23082019093608-GenNb0": {"x": -4.9278, "y": 5.25709, "fAckley": 13.966420819352614, "ChiSquared": null},"Point T6-156-23082019093608-GenNb0": {"x": 11.076532, "y": 17.9135, "fAckley": 19.31103594452072, "ChiSquared": null},"Point T6-262-23082019093609-GenNb0": {"x": -1.0263199999999992, "y": 5.123, "fAckley": 10.823144239635054, "ChiSquared": null},"Point T6-865-23082019093609-GenNb0": {"x": -12.4185, "y": 22.399160000000002, "fAckley": 21.751472354888612, "ChiSquared": null}}