{"Point T1-340-23082019093602-GenNb0": {"x": 26.6341, "y": -27.829186000000004, "fAckley": 21.721996224898326, "ChiSquared": null},"Point T1-565-23082019093603-GenNb0": {"x": -15.918414000000002, "y": 3.7565, "fAckley": 19.161097786695418, "ChiSquared": null},"Point T1-797-23082019093603-GenNb0": {"x": 14.8597, "y": 3.466383999999998, "fAckley": 19.56402620000193, "ChiSquared": null},"Point T1-79-23082019093603-GenNb0": {"x": 10.920352, "y": 13.1402, "fAckley": 18.80152550590097, "ChiSquared": null},"Point T1-506-23082019093604-GenNb0": {"x": 15.8201, "y": -21.270578, "fAckley": 21.087077888057387, "ChiSquared": null},"Point T1-581-23082019093604-GenNb0": {"x": -2.604344000000001, "y": 16.345982, "fAckley": 20.28666827079076, "ChiSquared": null},"Point T1-320-23082019093605-GenNb0": {"x": 6.131131999999999, "y": -27.171, "fAckley": 20.546897057102637, "ChiSquared": null},"Point T1-259-23082019093605-GenNb0": {"x": 0.3586419999999997, "y": -0.0645, "fAckley": 2.567859370206943, "ChiSquared": null},"Point T1-962-23082019093605-GenNb0": {"x": -2.1777940000000005, "y": 15.2549, "fAckley": 19.22974695848691, "ChiSquared": null},"Point T1-81-23082019093605-GenNb0": {"x": -22.8854, "y": -25.810192, "fAckley": 20.814525654880878, "ChiSquared": null},"Point T1-735-23082019093606-GenNb0": {"x": 47.166566, "y": 7.933038, "fAckley": 20.667964845614733, "ChiSquared": null},"Point T1-788-23082019093606-GenNb0": {"x": -11.054613999999999, "y": -3.5571, "fAckley": 17.844904841808177, "ChiSquared": null},"Point T1-494-23082019093606-GenNb0": {"x": 20.4291, "y": 15.569863999999997, "fAckley": 21.78427701113966, "ChiSquared": null},"Point T1-730-23082019093606-GenNb0": {"x": -28.927444, "y": -11.9879, "fAckley": 19.900361579808884, "ChiSquared": null},"Point T1-17-23082019093606-GenNb0": {"x": 23.3985, "y": -11.950766, "fAckley": 21.154105263969296, "ChiSquared": null},"Point T1-195-23082019093606-GenNb0": {"x": 8.031892, "y": 27.743276, "fAckley": 20.783487704586374, "ChiSquared": null},"Point T1-877-23082019093607-GenNb0": {"x": 21.0929, "y": 17.131814, "fAckley": 20.161401602692838, "ChiSquared": null},"Point T1-401-23082019093607-GenNb0": {"x": -2.3887700000000045, "y": -16.450792, "fAckley": 20.389045764643217, "ChiSquared": null},"Point T1-28-23082019093607-GenNb0": {"x": -3.7903239999999983, "y": 22.7232, "fAckley": 20.906526906553744, "ChiSquared": null},"Point T1-772-23082019093608-GenNb0": {"x": 22.793002, "y": -45.049828, "fAckley": 20.86355601619397, "ChiSquared": null},"Point T1-126-23082019093608-GenNb0": {"x": -0.7238020000000001, "y": 5.823737999999999, "fAckley": 12.844723760084563, "ChiSquared": null},"Point T1-565-23082019093608-GenNb0": {"x": 9.548776, "y": -13.328, "fAckley": 20.259586087362877, "ChiSquared": null},"Point T1-85-23082019093608-GenNb0": {"x": -10.904398, "y": 13.6538, "fAckley": 19.89163000751122, "ChiSquared": null},"Point T1-297-23082019093609-GenNb0": {"x": 3.8430799999999987, "y": -3.0826, "fAckley": 10.719670420572795, "ChiSquared": null}}