{"Point T2-916-23082019093602-GenNb0": {"x": 12.727852, "y": 2.0468, "fAckley": 17.982261673955428, "ChiSquared": null},"Point T2-193-23082019093602-GenNb0": {"x": -46.054526, "y": 25.8741, "fAckley": 20.430726940925155, "ChiSquared": null},"Point T2-396-23082019093602-GenNb0": {"x": -12.9445, "y": -10.963132, "fAckley": 18.299330793064595, "ChiSquared": null},"Point T2-518-23082019093602-GenNb0": {"x": 9.893426000000002, "y": 28.1339, "fAckley": 20.35831076423379, "ChiSquared": null},"Point T2-593-23082019093603-GenNb0": {"x": 12.226914, "y": -23.5018, "fAckley": 21.59429155222266, "ChiSquared": null},"Point T2-156-23082019093603-GenNb0": {"x": -0.1673999999999971, "y": -16.054426, "fAckley": 18.600716263243076, "ChiSquared": null},"Point T2-663-23082019093603-GenNb0": {"x": 4.976918000000001, "y": -1.728142, "fAckley": 11.69264850201722, "ChiSquared": null},"Point T2-780-23082019093603-GenNb0": {"x": -6.343969999999999, "y": 10.9716, "fAckley": 18.14859011897143, "ChiSquared": null},"Point T2-626-23082019093603-GenNb0": {"x": 0.6994, "y": 21.504423999999997, "fAckley": 21.24538482135534, "ChiSquared": null},"Point T2-449-23082019093604-GenNb0": {"x": 12.034572, "y": -28.7605, "fAckley": 20.790884644397913, "ChiSquared": null},"Point T2-5-23082019093604-GenNb0": {"x": -25.884536, "y": 15.031391999999997, "fAckley": 20.054561054585157, "ChiSquared": null},"Point T2-421-23082019093605-GenNb0": {"x": 38.271926, "y": 22.999002000000004, "fAckley": 21.14279103236929, "ChiSquared": null},"Point T2-534-23082019093605-GenNb0": {"x": -27.285317999999997, "y": -27.8799, "fAckley": 21.3484523934549, "ChiSquared": null},"Point T2-535-23082019093606-GenNb0": {"x": -9.4926, "y": 4.0793040000000005, "fAckley": 17.137442435764708, "ChiSquared": null},"Point T2-150-23082019093606-GenNb0": {"x": -23.0449, "y": -19.213566, "fAckley": 20.620372606951175, "ChiSquared": null},"Point T2-560-23082019093606-GenNb0": {"x": -7.646651999999999, "y": -11.3102, "fAckley": 19.20304857317298, "ChiSquared": null},"Point T2-604-23082019093606-GenNb0": {"x": 26.8342, "y": 24.243374000000003, "fAckley": 21.283964768099835, "ChiSquared": null},"Point T2-466-23082019093607-GenNb0": {"x": -24.6593, "y": -29.8458, "fAckley": 21.62104948236024, "ChiSquared": null},"Point T2-907-23082019093607-GenNb0": {"x": 1.2457019999999979, "y": 8.311, "fAckley": 15.783879389161674, "ChiSquared": null},"Point T2-237-23082019093608-GenNb0": {"x": 15.141341999999998, "y": -22.7747, "fAckley": 20.81911429843511, "ChiSquared": null},"Point T2-808-23082019093608-GenNb0": {"x": 19.7892, "y": -4.920146000000003, "fAckley": 19.848696351603806, "ChiSquared": null},"Point T2-756-23082019093609-GenNb0": {"x": -12.270768000000004, "y": 4.8461, "fAckley": 18.378143712025295, "ChiSquared": null}}