{"Point T7-971-23082019093602-GenNb0": {"x": 5.6537, "y": -2.47558, "fAckley": 13.903968187997041, "ChiSquared": null},"Point T7-348-23082019093602-GenNb0": {"x": -23.2666, "y": 29.980718000000003, "fAckley": 21.06554412954428, "ChiSquared": null},"Point T7-769-23082019093602-GenNb0": {"x": -27.7751, "y": -18.002955999999998, "fAckley": 20.74962031064826, "ChiSquared": null},"Point T7-475-23082019093602-GenNb0": {"x": 21.2606, "y": 13.012004, "fAckley": 20.53682396061332, "ChiSquared": null},"Point T7-668-23082019093602-GenNb0": {"x": 2.4020279999999996, "y": 3.4740579999999994, "fAckley": 11.30653419290007, "ChiSquared": null},"Point T7-770-23082019093603-GenNb0": {"x": -28.5081, "y": -26.204308, "fAckley": 21.93533508215041, "ChiSquared": null},"Point T7-814-23082019093603-GenNb0": {"x": -20.7272, "y": 0.8122399999999983, "fAckley": 20.527493178760928, "ChiSquared": null},"Point T7-461-23082019093603-GenNb0": {"x": 1.0592520000000007, "y": 13.902712000000001, "fAckley": 17.534900087760516, "ChiSquared": null},"Point T7-92-23082019093603-GenNb0": {"x": -18.197252, "y": -13.9114, "fAckley": 20.135544694200544, "ChiSquared": null},"Point T7-509-23082019093604-GenNb0": {"x": 2.991506000000001, "y": 1.8875, "fAckley": 8.18084875298151, "ChiSquared": null},"Point T7-571-23082019093604-GenNb0": {"x": 25.713634000000003, "y": -7.698239999999999, "fAckley": 21.507958494763013, "ChiSquared": null},"Point T7-309-23082019093604-GenNb0": {"x": -6.553570000000002, "y": 1.9847, "fAckley": 14.098271515605976, "ChiSquared": null},"Point T7-997-23082019093605-GenNb0": {"x": 5.692375999999999, "y": 4.934296, "fAckley": 14.501948224599339, "ChiSquared": null},"Point T7-247-23082019093605-GenNb0": {"x": -7.425692, "y": 0.287, "fAckley": 15.155821258584963, "ChiSquared": null},"Point T7-929-23082019093605-GenNb0": {"x": 18.124787999999995, "y": -9.4054, "fAckley": 20.662753562115917, "ChiSquared": null},"Point T7-839-23082019093605-GenNb0": {"x": 10.8129, "y": 8.435646, "fAckley": 19.077167679405687, "ChiSquared": null},"Point T7-677-23082019093605-GenNb0": {"x": 16.920022, "y": -18.154, "fAckley": 20.061909740817242, "ChiSquared": null},"Point T7-805-23082019093606-GenNb0": {"x": -15.136684, "y": 18.8849, "fAckley": 20.049016146747526, "ChiSquared": null},"Point T7-714-23082019093606-GenNb0": {"x": -9.383655999999998, "y": 7.1276, "fAckley": 17.964238068147107, "ChiSquared": null},"Point T7-166-23082019093606-GenNb0": {"x": 1.0128880000000002, "y": 16.383830000000003, "fAckley": 19.621657154499037, "ChiSquared": null},"Point T7-114-23082019093606-GenNb0": {"x": -11.043655999999999, "y": 6.654188000000001, "fAckley": 18.269629499341537, "ChiSquared": null},"Point T7-797-23082019093606-GenNb0": {"x": -13.436, "y": 2.0267000000000017, "fAckley": 18.75751531431926, "ChiSquared": null},"Point T7-28-23082019093607-GenNb0": {"x": -5.929536, "y": -18.6816, "fAckley": 20.19172046392025, "ChiSquared": null},"Point T7-27-23082019093607-GenNb0": {"x": -20.1591, "y": -19.008342, "fAckley": 20.161914640338164, "ChiSquared": null},"Point T7-394-23082019093608-GenNb0": {"x": 10.4805, "y": 2.4201239999999995, "fAckley": 17.95641233328142, "ChiSquared": null},"Point T7-787-23082019093609-GenNb0": {"x": 13.284, "y": -3.492667999999999, "fAckley": 19.305534466888552, "ChiSquared": null},"Point T7-104-23082019093609-GenNb0": {"x": -37.049504, "y": 0.6088, "fAckley": 21.51992833817978, "ChiSquared": null}}