{"Point T0-771-23082019093602-GenNb0": {"x": 22.9444, "y": -15.905316000000001, "fAckley": 19.912193242942678, "ChiSquared": null},"Point T0-931-23082019093602-GenNb0": {"x": -11.233054, "y": -6.472489999999997, "fAckley": 18.876604557553513, "ChiSquared": null},"Point T0-468-23082019093603-GenNb0": {"x": 2.516650000000002, "y": 16.867438, "fAckley": 20.07387018894503, "ChiSquared": null},"Point T0-555-23082019093603-GenNb0": {"x": -8.672139999999999, "y": 16.028952, "fAckley": 19.905992176722542, "ChiSquared": null},"Point T0-432-23082019093604-GenNb0": {"x": -16.2536, "y": 2.2000059999999992, "fAckley": 19.598019194159807, "ChiSquared": null},"Point T0-104-23082019093605-GenNb0": {"x": 31.100312000000002, "y": -2.5615340000000013, "fAckley": 21.533385771902523, "ChiSquared": null},"Point T0-507-23082019093605-GenNb0": {"x": -7.9384060000000005, "y": -25.0458, "fAckley": 19.665209987000708, "ChiSquared": null},"Point T0-193-23082019093605-GenNb0": {"x": 13.851018, "y": -15.809408000000001, "fAckley": 20.080632975200057, "ChiSquared": null},"Point T0-837-23082019093606-GenNb0": {"x": -22.0122, "y": -23.090012, "fAckley": 19.98765831452898, "ChiSquared": null},"Point T0-994-23082019093606-GenNb0": {"x": -0.6433819999999999, "y": -0.7235, "fAckley": 4.602719574952065, "ChiSquared": null},"Point T0-237-23082019093606-GenNb0": {"x": 39.144052, "y": 5.859598, "fAckley": 20.773014470871463, "ChiSquared": null},"Point T0-749-23082019093606-GenNb0": {"x": -18.040906, "y": 5.149940000000001, "fAckley": 19.133603597627687, "ChiSquared": null},"Point T0-155-23082019093606-GenNb0": {"x": -19.679184, "y": 25.7417, "fAckley": 21.728039621819295, "ChiSquared": null},"Point T0-370-23082019093606-GenNb0": {"x": 17.870320000000003, "y": -34.040558000000004, "fAckley": 20.345115685617156, "ChiSquared": null},"Point T0-180-23082019093607-GenNb0": {"x": -11.363745999999999, "y": -18.9377, "fAckley": 20.694155013526316, "ChiSquared": null},"Point T0-564-23082019093607-GenNb0": {"x": 23.04812, "y": -2.3771900000000006, "fAckley": 20.836998116081435, "ChiSquared": null},"Point T0-95-23082019093607-GenNb0": {"x": -10.8665, "y": -2.8770599999999993, "fAckley": 16.64031326212332, "ChiSquared": null},"Point T0-542-23082019093607-GenNb0": {"x": 0.2678, "y": 14.150338000000001, "fAckley": 18.747951262707353, "ChiSquared": null},"Point T0-320-23082019093607-GenNb0": {"x": 7.611512, "y": 7.1827, "fAckley": 17.32796459142013, "ChiSquared": null},"Point T0-275-23082019093608-GenNb0": {"x": -2.029271999999999, "y": -28.2978, "fAckley": 20.946327456903425, "ChiSquared": null},"Point T0-652-23082019093608-GenNb0": {"x": -11.8837, "y": 7.86472, "fAckley": 18.034266352411482, "ChiSquared": null},"Point T0-132-23082019093608-GenNb0": {"x": -29.709766000000002, "y": 10.063022, "fAckley": 21.081740488326833, "ChiSquared": null},"Point T0-107-23082019093608-GenNb0": {"x": -12.089288, "y": 23.8296, "fAckley": 20.320457494384915, "ChiSquared": null},"Point T0-566-23082019093608-GenNb0": {"x": -7.155704, "y": 17.233045999999998, "fAckley": 19.89517315588155, "ChiSquared": null},"Point T0-349-23082019093609-GenNb0": {"x": -3.7462220000000013, "y": -20.5816, "fAckley": 21.041174216866395, "ChiSquared": null}}