{"Point T3-442-23082019093602-GenNb0": {"x": 2.5790259999999976, "y": -15.7732, "fAckley": 19.939059138098905, "ChiSquared": null},"Point T3-744-23082019093602-GenNb0": {"x": 15.745764000000001, "y": 16.65316, "fAckley": 21.19443635319699, "ChiSquared": null},"Point T3-518-23082019093602-GenNb0": {"x": -6.239634000000002, "y": -21.416776000000002, "fAckley": 21.19538060869954, "ChiSquared": null},"Point T3-172-23082019093602-GenNb0": {"x": 16.51951, "y": 6.7741, "fAckley": 20.460619128327135, "ChiSquared": null},"Point T3-174-23082019093603-GenNb0": {"x": -1.2567, "y": -2.286751999999999, "fAckley": 8.016655734711295, "ChiSquared": null},"Point T3-996-23082019093603-GenNb0": {"x": 5.1253, "y": -9.873864000000001, "fAckley": 16.549404102960754, "ChiSquared": null},"Point T3-931-23082019093603-GenNb0": {"x": 9.496128000000002, "y": 14.564715999999999, "fAckley": 20.624443690980346, "ChiSquared": null},"Point T3-624-23082019093603-GenNb0": {"x": 17.411, "y": 18.521783999999997, "fAckley": 21.770212494052146, "ChiSquared": null},"Point T3-33-23082019093603-GenNb0": {"x": 27.1669, "y": -5.166985999999998, "fAckley": 20.67157040283981, "ChiSquared": null},"Point T3-236-23082019093603-GenNb0": {"x": -4.1507, "y": 38.981924, "fAckley": 20.439117358919635, "ChiSquared": null},"Point T3-448-23082019093604-GenNb0": {"x": 12.432572, "y": -10.0637, "fAckley": 19.63087706609284, "ChiSquared": null},"Point T3-703-23082019093604-GenNb0": {"x": -4.209800000000001, "y": -23.0409, "fAckley": 20.151986279996773, "ChiSquared": null},"Point T3-202-23082019093604-GenNb0": {"x": -9.4853, "y": 13.505029999999998, "fAckley": 20.411203834109823, "ChiSquared": null},"Point T3-764-23082019093605-GenNb0": {"x": 30.908172, "y": 29.6693, "fAckley": 21.478802690353405, "ChiSquared": null},"Point T3-294-23082019093605-GenNb0": {"x": -18.933088, "y": -13.9569, "fAckley": 19.444388535383695, "ChiSquared": null},"Point T3-553-23082019093605-GenNb0": {"x": 8.555476, "y": -4.5324, "fAckley": 17.249157638911164, "ChiSquared": null},"Point T3-13-23082019093605-GenNb0": {"x": -9.165772, "y": 5.7133, "fAckley": 17.228303226492226, "ChiSquared": null},"Point T3-859-23082019093606-GenNb0": {"x": 1.6923, "y": -12.2488, "fAckley": 18.397599108007324, "ChiSquared": null},"Point T3-512-23082019093606-GenNb0": {"x": 12.7019, "y": -15.663462, "fAckley": 20.898335504670406, "ChiSquared": null},"Point T3-272-23082019093606-GenNb0": {"x": -19.3095, "y": 18.573094, "fAckley": 21.73373546794793, "ChiSquared": null},"Point T3-538-23082019093607-GenNb0": {"x": -15.1102, "y": 5.963761999999998, "fAckley": 18.316157190102874, "ChiSquared": null},"Point T3-654-23082019093607-GenNb0": {"x": 25.3716, "y": 2.8593720000000005, "fAckley": 21.206000164311565, "ChiSquared": null},"Point T3-463-23082019093608-GenNb0": {"x": -12.345474, "y": 10.805054000000002, "fAckley": 19.859768483287247, "ChiSquared": null},"Point T3-222-23082019093608-GenNb0": {"x": -15.908336000000002, "y": -13.402744, "fAckley": 20.652993216533506, "ChiSquared": null},"Point T3-593-23082019093608-GenNb0": {"x": -26.4449, "y": 6.949553999999999, "fAckley": 21.295030211602317, "ChiSquared": null},"Point T3-697-23082019093608-GenNb0": {"x": 5.750973999999999, "y": -9.3732, "fAckley": 17.788112384159863, "ChiSquared": null},"Point T3-245-23082019093609-GenNb0": {"x": -2.8332640000000007, "y": -1.4365, "fAckley": 9.146207021876045, "ChiSquared": null}}