{"Point T4-470-23082019093602-GenNb0": {"x": -10.507396000000004, "y": -1.6934, "fAckley": 17.76868155599756, "ChiSquared": null},"Point T4-939-23082019093602-GenNb0": {"x": 11.718367999999998, "y": -22.1281, "fAckley": 20.857354857654272, "ChiSquared": null},"Point T4-822-23082019093603-GenNb0": {"x": 2.705572, "y": 0.3299, "fAckley": 8.430545243753244, "ChiSquared": null},"Point T4-882-23082019093603-GenNb0": {"x": -12.9197, "y": -3.7527660000000003, "fAckley": 18.17213826890463, "ChiSquared": null},"Point T4-615-23082019093603-GenNb0": {"x": 6.6206819999999995, "y": -23.4853, "fAckley": 21.661073032478534, "ChiSquared": null},"Point T4-701-23082019093603-GenNb0": {"x": -9.2308, "y": 14.031907999999998, "fAckley": 19.12502085959483, "ChiSquared": null},"Point T4-691-23082019093604-GenNb0": {"x": -0.9594960000000001, "y": 25.338504, "fAckley": 20.918059104270842, "ChiSquared": null},"Point T4-318-23082019093604-GenNb0": {"x": 4.980119999999999, "y": 9.5026, "fAckley": 17.335780099534578, "ChiSquared": null},"Point T4-620-23082019093604-GenNb0": {"x": 24.0361, "y": 0.37404999999999866, "fAckley": 20.905166496718252, "ChiSquared": null},"Point T4-170-23082019093605-GenNb0": {"x": -0.8561139999999998, "y": 17.5408, "fAckley": 20.209510665404494, "ChiSquared": null},"Point T4-872-23082019093605-GenNb0": {"x": -4.365423999999999, "y": -12.1401, "fAckley": 18.505395198368948, "ChiSquared": null},"Point T4-758-23082019093606-GenNb0": {"x": -17.4354, "y": -2.6812159999999956, "fAckley": 20.5555733023165, "ChiSquared": null},"Point T4-80-23082019093606-GenNb0": {"x": 6.250717999999999, "y": -8.996608, "fAckley": 16.825363030415986, "ChiSquared": null},"Point T4-732-23082019093606-GenNb0": {"x": 27.978716, "y": 26.3505, "fAckley": 21.40922935760038, "ChiSquared": null},"Point T4-195-23082019093607-GenNb0": {"x": -21.2865, "y": 20.963856, "fAckley": 20.97301657675487, "ChiSquared": null},"Point T4-485-23082019093607-GenNb0": {"x": -25.7422, "y": 30.277626, "fAckley": 21.75073781990401, "ChiSquared": null},"Point T4-124-23082019093607-GenNb0": {"x": -25.7779, "y": 22.980362, "fAckley": 20.77480191705753, "ChiSquared": null},"Point T4-34-23082019093608-GenNb0": {"x": 19.338196, "y": 5.667216000000002, "fAckley": 20.96169903723557, "ChiSquared": null},"Point T4-207-23082019093608-GenNb0": {"x": -11.784502, "y": 23.9326, "fAckley": 20.501868859268097, "ChiSquared": null},"Point T4-200-23082019093608-GenNb0": {"x": 13.086968, "y": 15.9236, "fAckley": 19.24554898843779, "ChiSquared": null},"Point T4-631-23082019093609-GenNb0": {"x": 29.483312000000005, "y": -22.823210000000003, "fAckley": 21.85634890243501, "ChiSquared": null}}