{"Point T1-661-21082019131841-GenNb7": {"x": -1.8617077200000018, "y": -9.442148125600001, "fAckley": 16.724897665936094, "ChiSquared": null}, "Point T5-87-21082019131633": {"x": -6.4289, "y": -0.3566, "fAckley": 14.20543637699315, "ChiSquared": null}, "Point T1-964-21082019131859-GenNb8": {"x": -0.3532071481280037, "y": 5.482753762633915, "fAckley": 13.072729494633133, "ChiSquared": null}, "Point T1-313-21082019131842-GenNb7": {"x": -3.9465866224000066, "y": -1.3675999999999995, "fAckley": 10.494453068174796, "ChiSquared": null}, "Point T1-587-21082019131859-GenNb8": {"x": -4.868513140799999, "y": 4.88378600042656, "fAckley": 13.139385949825982, "ChiSquared": null}, "Point T1-150-21082019131842-GenNb7": {"x": 7.803526538024002, "y": -2.3384434530995213, "fAckley": 15.492690852706234, "ChiSquared": null}, "Point T1-61-21082019131721-GenNb2": {"x": -0.6045619999999943, "y": -3.9009069600000004, "fAckley": 10.26386615315709, "ChiSquared": null}, "Point T1-351-21082019131738-GenNb3": {"x": 7.980279000000003, "y": 0.7319, "fAckley": 14.727203889686155, "ChiSquared": null}, "Point T1-721-21082019131721-GenNb2": {"x": -1.0141, "y": 1.7409080000000001, "fAckley": 6.077712876903455, "ChiSquared": null}, "Point T1-639-21082019131900-GenNb8": {"x": 1.7048469522780865, "y": -0.6723262305439999, "fAckley": 6.5967890456748925, "ChiSquared": null}, "Point T1-571-21082019131843-GenNb7": {"x": 2.4284458722780826, "y": 1.2494560000000003, "fAckley": 8.487411862715678, "ChiSquared": null}, "Point T1-131-21082019131755-GenNb4": {"x": -12.915216000000001, "y": 1.9104500000000004, "fAckley": 17.213908066096888, "ChiSquared": null}, "Point T1-473-21082019131843-GenNb7": {"x": -2.2908311200000036, "y": -1.7830910218009617, "fAckley": 8.475879428748826, "ChiSquared": null}, "Point T1-823-21082019131826-GenNb6": {"x": -2.1622757750720023, "y": -4.611187842400001, "fAckley": 12.099717556749317, "ChiSquared": null}, "Point T1-179-21082019131826-GenNb6": {"x": 2.468029284799999, "y": -4.473136006773763, "fAckley": 12.633270612230953, "ChiSquared": null}, "Point T1-671-21082019131826-GenNb6": {"x": -5.801954262176003, "y": 1.0942753127999985, "fAckley": 12.263274326931105, "ChiSquared": null}, "Point T1-441-21082019131901-GenNb8": {"x": 3.71529325497346, "y": -5.914824873221686, "fAckley": 13.890692605139781, "ChiSquared": null}, "Point T1-456-21082019131901-GenNb8": {"x": 0.38694257196800175, "y": -1.0792195655999972, "fAckley": 4.649688877402156, "ChiSquared": null}, "Point T1-761-21082019131827-GenNb6": {"x": 7.130045200000001, "y": -4.812593843696001, "fAckley": 15.08784589639389, "ChiSquared": null}, "Point T1-882-21082019131901-GenNb8": {"x": -4.256381454060161, "y": 3.6965169774456843, "fAckley": 12.875857240768278, "ChiSquared": null}, "Point T1-719-21082019131901-GenNb8": {"x": 3.4219778009160495, "y": -0.6408137816000007, "fAckley": 10.025877744316437, "ChiSquared": null}, "Point T1-388-21082019131844-GenNb7": {"x": 10.13811063359999, "y": -4.846628901810881, "fAckley": 16.798618814609323, "ChiSquared": null}, "Point T1-859-21082019131901-GenNb8": {"x": -6.721000628388284, "y": -3.011400621237679, "fAckley": 14.156090463659083, "ChiSquared": null}, "Point T1-587-21082019131901-GenNb8": {"x": 1.1924480766019179, "y": 3.0490200800000014, "fAckley": 8.208441835231582, "ChiSquared": null}, "Point T1-244-21082019131811-GenNb5": {"x": -0.19151509199999772, "y": 2.4927, "fAckley": 7.948342587417589, "ChiSquared": null}, "Point T1-534-21082019131811-GenNb5": {"x": 3.1970259999999997, "y": 1.514894, "fAckley": 9.875784330338858, "ChiSquared": null}, "Point T1-791-21082019131902-GenNb8": {"x": 1.800597959999998, "y": -8.30395123344, "fAckley": 15.714231673386472, "ChiSquared": null}, "Point T1-329-21082019131811-GenNb5": {"x": 1.338153339200002, "y": -2.478714420128002, "fAckley": 8.82157186059156, "ChiSquared": null}, "Point T1-744-21082019131811-GenNb5": {"x": -0.7008075214240015, "y": -0.10296653598400085, "fAckley": 3.3446585474427732, "ChiSquared": null}, "Point T1-818-21082019131902-GenNb8": {"x": 0.36660014160000376, "y": -0.8756, "fAckley": 4.21006118744285, "ChiSquared": null}, "Point T1-879-21082019131829-GenNb6": {"x": -0.7629571479999999, "y": -0.4932116773244788, "fAckley": 4.497678351289725, "ChiSquared": null}, "Point T1-287-21082019131812-GenNb5": {"x": 0.10320599999999658, "y": 0.29782782160000076, "fAckley": 2.305560989115222, "ChiSquared": null}, "Point T1-832-21082019131846-GenNb7": {"x": 4.162529614592002, "y": -7.908464, "fAckley": 15.091890438929674, "ChiSquared": null}, "Point T1-331-21082019131846-GenNb7": {"x": -4.221790510560004, "y": 0.2957414395274358, "fAckley": 10.777893143218613, "ChiSquared": null}, "Point T1-118-21082019131903-GenNb8": {"x": 5.052840455115836, "y": -0.7751006159999996, "fAckley": 11.27642084719102, "ChiSquared": null}, "Point T1-620-21082019131903-GenNb8": {"x": 2.630744451549458, "y": -3.569327969010879, "fAckley": 11.583113369606538, "ChiSquared": null}, "Point T1-32-21082019131904-GenNb8": {"x": -0.49869864347456616, "y": -0.10323739040000035, "fAckley": 3.2046245035890135, "ChiSquared": null}, "Point T1-546-21082019131830-GenNb6": {"x": -2.1162279999999996, "y": -4.069181466293844, "fAckley": 9.978997891225168, "ChiSquared": null}, "Point T1-64-21082019131830-GenNb6": {"x": -8.028144030400005, "y": 0.19373114172800188, "fAckley": 14.349112376628977, "ChiSquared": null}, "Point T1-337-21082019131904-GenNb8": {"x": -2.0235640000000026, "y": 4.211436635960004, "fAckley": 10.540507959126614, "ChiSquared": null}, "Point T1-87-21082019131904-GenNb8": {"x": 2.1667, "y": -0.9835280742035231, "fAckley": 6.321941025632302, "ChiSquared": null}, "Point T1-148-21082019131638": {"x": 2.1833, "y": -0.542, "fAckley": 7.411853690662712, "ChiSquared": null}, "Point T1-982-21082019131904-GenNb8": {"x": 2.9800015767454067, "y": -2.1410189789760006, "fAckley": 8.562053789784699, "ChiSquared": null}, "Point T1-275-21082019131830-GenNb6": {"x": 3.0302266720320015, "y": -6.934, "fAckley": 13.277071226484512, "ChiSquared": null}, "Point T1-941-21082019131904-GenNb8": {"x": 1.333494771967993, "y": 0.009011913749440548, "fAckley": 4.873311342188117, "ChiSquared": null}, "Point T1-762-21082019131905-GenNb8": {"x": -6.177380988000001, "y": 1.4234475175742927, "fAckley": 13.758291104844968, "ChiSquared": null}, "Point T1-345-21082019131759-GenNb4": {"x": 2.7164384264, "y": -2.1598839999999995, "fAckley": 9.297827631459786, "ChiSquared": null}, "Point T1-781-21082019131727-GenNb2": {"x": 1.2713, "y": 4.31214308, "fAckley": 11.354479558814344, "ChiSquared": null}, "Point T1-244-21082019131905-GenNb8": {"x": -2.006760626598081, "y": -6.7560643999411365, "fAckley": 13.656775078553688, "ChiSquared": null}, "Point T1-502-21082019131905-GenNb8": {"x": -2.32598410646401, "y": 1.495980755700482, "fAckley": 8.709992097955924, "ChiSquared": null}, "Point T1-462-21082019131848-GenNb7": {"x": -5.120031874860161, "y": -5.505116884848002, "fAckley": 14.937958261906697, "ChiSquared": null}, "Point T1-366-21082019131759-GenNb4": {"x": 0.22978799999999922, "y": 2.927305359999997, "fAckley": 7.846125188605148, "ChiSquared": null}, "Point T1-913-21082019131906-GenNb8": {"x": -2.5633522341163397, "y": 2.7876545157836787, "fAckley": 10.302445791791246, "ChiSquared": null}, "Point T1-396-21082019131814-GenNb5": {"x": 0.8082120735999969, "y": 2.331793444751999, "fAckley": 7.6753651805657235, "ChiSquared": null}, "Point T1-937-21082019131655-GenNb0": {"x": 3.1458, "y": 1.6643900000000018, "fAckley": 9.578322886987856, "ChiSquared": null}, "Point T1-600-21082019131906-GenNb8": {"x": 6.228931936414719, "y": 5.536512445599998, "fAckley": 15.907523314809321, "ChiSquared": null}, "Point T1-93-21082019131711-GenNb1": {"x": -0.4509760000000007, "y": 2.0310239999999986, "fAckley": 6.801952449336806, "ChiSquared": null}, "Point T1-903-21082019131906-GenNb8": {"x": -0.004670869539836364, "y": -0.11902828000000065, "fAckley": 0.6741625780678864, "ChiSquared": null},