{"Point T3-642-21082019131633": {"x": 2.4502, "y": -18.2183, "fAckley": 20.546235931188928, "ChiSquared": null}, "Point T3-220-21082019131649-GenNb0": {"x": 2.314852000000001, "y": -25.02852, "fAckley": 20.804890014578522, "ChiSquared": null}, "Point T3-303-21082019131649-GenNb0": {"x": 12.227434000000002, "y": -7.049034, "fAckley": 18.272446818421972, "ChiSquared": null}, "Point T4-764-21082019131634": {"x": -4.1507, "y": -27.8685, "fAckley": 20.466947066835527, "ChiSquared": null}, "Point T3-217-21082019131649-GenNb0": {"x": 6.792218000000002, "y": -10.0637, "fAckley": 17.3195474028843, "ChiSquared": null}, "Point T3-698-21082019131650-GenNb0": {"x": -4.194306, "y": -27.1494, "fAckley": 20.71241037799032, "ChiSquared": null}, "Point T3-450-21082019131650-GenNb0": {"x": -2.6918879999999996, "y": -23.0409, "fAckley": 20.609509325198083, "ChiSquared": null}, "Point T7-478-21082019131634": {"x": 5.4394, "y": -14.0616, "fAckley": 19.347955306274432, "ChiSquared": null}, "Point T5-139-21082019131634": {"x": -10.5386, "y": 14.4343, "fAckley": 20.73178756562253, "ChiSquared": null}, "Point T3-508-21082019131650-GenNb0": {"x": 5.198887999999998, "y": 4.126928000000003, "fAckley": 13.235314088287526, "ChiSquared": null}, "Point T0-580-21082019131634": {"x": -9.4853, "y": -22.3221, "fAckley": 21.582190207819266, "ChiSquared": null}, "Point T2-870-21082019131634": {"x": 24.7564, "y": 29.6693, "fAckley": 21.833255257378426, "ChiSquared": null}, "Point T3-582-21082019131635": {"x": 5.3775, "y": -6.0836, "fAckley": 15.298363052476558, "ChiSquared": null}, "Point T3-221-21082019131650-GenNb0": {"x": -45.931308, "y": -13.9569, "fAckley": 20.1461858214882, "ChiSquared": null}, "Point T0-975-21082019131635": {"x": -13.5834, "y": 25.7535, "fAckley": 21.73683578529234, "ChiSquared": null}, "Point T3-818-21082019131651-GenNb0": {"x": 4.801002000000002, "y": 10.4659, "fAckley": 18.0752679043009, "ChiSquared": null}, "Point T3-800-21082019131651-GenNb0": {"x": 23.8255, "y": 3.1754239999999987, "fAckley": 20.47538636251721, "ChiSquared": null}, "Point T3-712-21082019131651-GenNb0": {"x": -34.035628, "y": -4.5324, "fAckley": 21.564776877711754, "ChiSquared": null}, "Point T3-33-21082019131651-GenNb0": {"x": 10.90663, "y": 5.7133, "fAckley": 17.859512019285578, "ChiSquared": null}, "Point T3-500-21082019131651-GenNb0": {"x": -3.337, "y": -4.68636, "fAckley": 13.218393575774275, "ChiSquared": null}, "Point T4-109-21082019131636": {"x": 5.0633, "y": 22.0366, "fAckley": 19.32106932103391, "ChiSquared": null}, "Point T6-298-21082019131636": {"x": -2.8713, "y": -21.9691, "fAckley": 19.54006376738456, "ChiSquared": null}, "Point T3-528-21082019131651-GenNb0": {"x": -16.329, "y": -17.523173999999997, "fAckley": 21.561753127859383, "ChiSquared": null}, "Point T3-789-21082019131652-GenNb0": {"x": -41.0279, "y": -26.1455, "fAckley": 20.47763323876516, "ChiSquared": null}, "Point T3-473-21082019131636": {"x": 12.7019, "y": -29.2201, "fAckley": 21.551336805931616, "ChiSquared": null}, "Point T7-971-21082019131636": {"x": -11.7749, "y": 21.7879, "fAckley": 20.89947143457647, "ChiSquared": null}, "Point T0-729-21082019131636": {"x": -19.3095, "y": 24.5506, "fAckley": 21.958802921665022, "ChiSquared": null}, "Point T4-114-21082019131636": {"x": 23.8742, "y": 24.3251, "fAckley": 21.424390584092254, "ChiSquared": null}, "Point T1-337-21082019131637": {"x": -7.7681, "y": -5.2173, "fAckley": 16.221433618021827, "ChiSquared": null}, "Point T7-106-21082019131637": {"x": -15.1102, "y": -28.0455, "fAckley": 20.123301238092896, "ChiSquared": null}, "Point T6-473-21082019131637": {"x": 25.3716, "y": 28.1278, "fAckley": 21.622625038133705, "ChiSquared": null}, "Point T7-816-21082019131637": {"x": 21.0556, "y": -12.2126, "fAckley": 20.28131370108777, "ChiSquared": null}, "Point T7-409-21082019131637": {"x": 29.7999, "y": 13.1806, "fAckley": 21.07780202591744, "ChiSquared": null}, "Point T1-829-21082019131637": {"x": 14.4688, "y": -15.8328, "fAckley": 20.969929923936363, "ChiSquared": null}, "Point T1-287-21082019131637": {"x": 6.3313, "y": 11.0582, "fAckley": 18.16988676605989, "ChiSquared": null}, "Point T3-778-21082019131653-GenNb0": {"x": -16.433494000000003, "y": -1.5364, "fAckley": 20.391402619809394, "ChiSquared": null}, "Point T3-215-21082019131653-GenNb0": {"x": 3.128254, "y": 26.8109, "fAckley": 20.574630832755044, "ChiSquared": null}, "Point T3-810-21082019131654-GenNb0": {"x": 16.119774000000003, "y": 22.4917, "fAckley": 21.444536935568784, "ChiSquared": null}, "Point T3-284-21082019131654-GenNb0": {"x": -0.6671180000000003, "y": -10.7696, "fAckley": 17.54093123313555, "ChiSquared": null}, "Point T3-34-21082019131654-GenNb0": {"x": -20.7029, "y": -2.9362479999999995, "fAckley": 20.309213756951742, "ChiSquared": null}, "Point T6-171-21082019131638": {"x": -20.4302, "y": -1.4365, "fAckley": 21.21269413990339, "ChiSquared": null}, "Point T3-56-21082019131654-GenNb0": {"x": -38.876626, "y": 13.981614, "fAckley": 20.311675910093477, "ChiSquared": null}, "Point T3-863-21082019131654-GenNb0": {"x": 4.451969999999999, "y": 3.9134, "fAckley": 13.117514656993976, "ChiSquared": null}, "Point T6-485-21082019131638": {"x": 4.776, "y": -4.4005, "fAckley": 14.012111644731034, "ChiSquared": null}, "Point T3-705-21082019131655-GenNb0": {"x": 5.9979960000000005, "y": 4.647746, "fAckley": 14.65751228199627, "ChiSquared": null}, "Point T5-616-21082019131639": {"x": -2.2557, "y": 20.0839, "fAckley": 20.05760148879752, "ChiSquared": null}, "Point T3-172-21082019131655-GenNb0": {"x": 6.2980160000000005, "y": 26.055024, "fAckley": 20.887083886887893, "ChiSquared": null}, "Point T7-986-21082019131639": {"x": -24.8738, "y": 12.754, "fAckley": 20.896127187855978, "ChiSquared": null}, "Point T3-318-21082019131655-GenNb0": {"x": -12.139658, "y": 36.166118, "fAckley": 20.85741721627905, "ChiSquared": null}, "Point T3-575-21082019131639": {"x": -5.871, "y": -4.5735, "fAckley": 14.834783849997116, "ChiSquared": null}, "Point T3-898-21082019131655-GenNb0": {"x": -8.5701, "y": -25.348972, "fAckley": 21.788329774234704, "ChiSquared": null}, "Point T3-703-21082019131655-GenNb0": {"x": -18.280873999999997, "y": -15.848998, "fAckley": 20.84985054325674, "ChiSquared": null}, "Point T3-353-21082019131655-GenNb0": {"x": 1.113714, "y": -27.295, "fAckley": 21.029325674426794, "ChiSquared": null}, "Point T1-721-21082019131640": {"x": -17.058, "y": -24.1528, "fAckley": 20.287570242113507, "ChiSquared": null}, "Point T3-401-21082019131655-GenNb0": {"x": -7.7298, "y": 13.890578, "fAckley": 19.224857700934106, "ChiSquared": null}, "Point T3-545-21082019131656-GenNb0": {"x": -10.684231999999998, "y": -2.1021, "fAckley": 17.20925669261853, "ChiSquared": null}, "Point T3-948-21082019131640": {"x": -18.6515, "y": 16.1552, "fAckley": 21.117526521810284, "ChiSquared": null}, "Point T6-573-21082019131640": {"x": 2.6008, "y": -17.5579, "fAckley": 20.6743448021527, "ChiSquared": null}, "Point T3-442-21082019131656-GenNb0": {"x": 1.1354, "y": -21.134594, "fAckley": 19.778383789026496, "ChiSquared": null}, "Point T0-188-21082019131640": {"x": 5.2149, "y": -24.6012, "fAckley": 21.401383844888077, "ChiSquared": null}, "Point T3-794-21082019131656-GenNb0": {"x": -25.208788, "y": 10.683741999999999, "fAckley": 21.37343652150196, "ChiSquared": null}, "Point T7-782-21082019131640": {"x": -15.0441, "y": -6.2571, "fAckley": 19.13968475691342, "ChiSquared": null}, "Point T3-932-21082019131656-GenNb0": {"x": -10.367132, "y": -13.6531, "fAckley": 20.410568854825097, "ChiSquared": null}, "Point T6-328-21082019131641": {"x": -29.1123, "y": -0.8191, "fAckley": 20.5872961998901, "ChiSquared": null}, "Point T7-861-21082019131641": {"x": 11.4913, "y": 3.6778, "fAckley": 18.600081897855926, "ChiSquared": null}, "Point T3-356-21082019131657-GenNb0": {"x": 8.6768, "y": -12.052848, "fAckley": 18.984847085701613, "ChiSquared": null}, "Point T3-714-21082019131657-GenNb0": {"x": 1.0676760000000005, "y": -2.277954000000001, "fAckley": 7.26076805129939,