{"Point T0-726-21082019131929-GenNb10": {"x": 2.1756833766719987, "y": -0.46177050079999393, "fAckley": 7.345200006763717, "ChiSquared": null}, "Point T0-776-21082019131929-GenNb10": {"x": 1.835442373578749, "y": 0.6361423184852693, "fAckley": 6.592261590736726, "ChiSquared": null}, "Point T0-584-21082019131929-GenNb10": {"x": -0.31555472151902597, "y": 0.5365227856292945, "fAckley": 3.9004954272228543, "ChiSquared": null}, "Point T0-23-21082019131929-GenNb10": {"x": -3.3787725666904107, "y": 1.9207461599999989, "fAckley": 10.094643434322647, "ChiSquared": null}, "Point T0-469-21082019131929-GenNb10": {"x": 0.020010752800000198, "y": -0.28432239964014094, "fAckley": 2.032831467102238, "ChiSquared": null}, "Point T0-400-21082019131858-GenNb8": {"x": -8.055834945378873, "y": -1.2308366665804806, "fAckley": 14.70302437346224, "ChiSquared": null}, "Point T0-923-21082019131930-GenNb10": {"x": -4.9768149152, "y": 4.683343807733755, "fAckley": 13.771492251140762, "ChiSquared": null}, "Point T0-619-21082019131736-GenNb3": {"x": -0.8473993600000025, "y": 2.8642606000000015, "fAckley": 7.757359972714944, "ChiSquared": null}, "Point T0-145-21082019131914-GenNb9": {"x": -5.478147017684619, "y": 1.3180151297599965, "fAckley": 13.207877273978673, "ChiSquared": null}, "Point T0-211-21082019131808-GenNb5": {"x": -3.450161999999999, "y": -2.9064954400000023, "fAckley": 11.20896278579333, "ChiSquared": null}, "Point T0-676-21082019131930-GenNb10": {"x": 0.48115622440000294, "y": 1.3226161140515829, "fAckley": 5.839607975460719, "ChiSquared": null}, "Point T0-167-21082019131719-GenNb2": {"x": -3.9185, "y": -2.9431053135999967, "fAckley": 10.247306149397371, "ChiSquared": null}, "Point T0-963-21082019131826-GenNb6": {"x": 0.38671968000000145, "y": -2.7375727584479987, "fAckley": 8.531991481388832, "ChiSquared": null}, "Point T0-234-21082019131930-GenNb10": {"x": -0.01754800000000012, "y": 2.276225594172642, "fAckley": 6.708818237367254, "ChiSquared": null}, "Point T0-169-21082019131915-GenNb9": {"x": 0.5715291841876509, "y": 2.037236925040059, "fAckley": 6.853842341938206, "ChiSquared": null}, "Point T0-255-21082019131809-GenNb5": {"x": 0.22737368724799545, "y": 2.5730201439839973, "fAckley": 8.152877470872593, "ChiSquared": null}, "Point T0-55-21082019131915-GenNb9": {"x": -1.176962741175294, "y": 4.170716532000003, "fAckley": 10.297658363976156, "ChiSquared": null}, "Point T0-999-21082019131915-GenNb9": {"x": -2.839228764682555, "y": 0.26970294399999883, "fAckley": 8.130067863996015, "ChiSquared": null}, "Point T0-525-21082019131843-GenNb7": {"x": -1.7748360357471966, "y": 2.686865680000005, "fAckley": 9.14340552463774, "ChiSquared": null}, "Point T0-960-21082019131916-GenNb9": {"x": 4.829984680000002, "y": 1.2022966217955529, "fAckley": 11.350589524961283, "ChiSquared": null}, "Point T0-606-21082019131916-GenNb9": {"x": -12.039694386330558, "y": -1.7591581540515828, "fAckley": 17.468870448188508, "ChiSquared": null}, "Point T0-607-21082019131932-GenNb10": {"x": 0.44438097474016125, "y": 1.538583594229439, "fAckley": 6.386862655177879, "ChiSquared": null}, "Point T0-247-21082019131900-GenNb8": {"x": 1.0324723717250912, "y": -2.9023427200000036, "fAckley": 7.325695070336042, "ChiSquared": null}, "Point T0-345-21082019131810-GenNb5": {"x": -2.7464766791999953, "y": 0.85396052, "fAckley": 8.061930605876768, "ChiSquared": null}, "Point T0-756-21082019131916-GenNb9": {"x": 4.006196, "y": -1.6990967897280014, "fAckley": 10.50156054165674, "ChiSquared": null}, "Point T0-194-21082019131811-GenNb5": {"x": -4.000344739199993, "y": -7.925128903199997, "fAckley": 14.444873725755764, "ChiSquared": null}, "Point T0-755-21082019131916-GenNb9": {"x": -0.35005385848185533, "y": 4.054325936, "fAckley": 10.276047411871401, "ChiSquared": null}, "Point T0-824-21082019131932-GenNb10": {"x": -1.033125319999998, "y": -3.6667087944873797, "fAckley": 9.778245763670261, "ChiSquared": null}, "Point T0-433-21082019131916-GenNb9": {"x": 0.8755318457267878, "y": -2.999873280000001, "fAckley": 7.51184381137627, "ChiSquared": null}, "Point T0-549-21082019131932-GenNb10": {"x": -3.157808735659799, "y": 3.3935000035760634, "fAckley": 11.44692457032311, "ChiSquared": null}, "Point T0-390-21082019131933-GenNb10": {"x": -1.7259718998880007, "y": -1.0299763816740448, "fAckley": 6.1508523854971955, "ChiSquared": null}, "Point T0-44-21082019131933-GenNb10": {"x": 1.9623292324147874, "y": -0.07407810640000179, "fAckley": 5.026202974573376, "ChiSquared": null}, "Point T0-108-21082019131828-GenNb6": {"x": 0.6417382136479974, "y": 6.824775625583998, "fAckley": 14.216619653238787, "ChiSquared": null}, "Point T0-199-21082019131917-GenNb9": {"x": -0.6533739302509503, "y": 0.8675647832000029, "fAckley": 4.513141583275544, "ChiSquared": null}, "Point T0-663-21082019131828-GenNb6": {"x": -0.0931478311999987, "y": -0.8539723200000005, "fAckley": 2.9503884061265606, "ChiSquared": null}, "Point T0-867-21082019131933-GenNb10": {"x": -3.059601006399999, "y": -2.468847516959996, "fAckley": 10.273014468214118, "ChiSquared": null}, "Point T0-825-21082019131722-GenNb2": {"x": -3.0048834687999992, "y": 2.5820390799999995, "fAckley": 10.230539936640298, "ChiSquared": null}, "Point T0-800-21082019131933-GenNb10": {"x": -6.379662710396811, "y": -1.072275476834602, "fAckley": 13.617620068792242, "ChiSquared": null}, "Point T0-56-21082019131918-GenNb9": {"x": 7.004610400000001, "y": -0.9893749030399981, "fAckley": 12.649200597472316, "ChiSquared": null}, "Point T0-632-21082019131918-GenNb9": {"x": 3.411358474907053, "y": 6.073600616000004, "fAckley": 14.227300696861894, "ChiSquared": null}, "Point T0-466-21082019131918-GenNb9": {"x": -0.3037703199999999, "y": -4.169883271199995, "fAckley": 10.567453367184907, "ChiSquared": null}, "Point T0-26-21082019131755-GenNb4": {"x": 0.005189739199997656, "y": 3.1933586800000024, "fAckley": 8.02426706676399, "ChiSquared": null}, "Point T0-105-21082019131934-GenNb10": {"x": 0.9319833890019771, "y": 3.044030556843197, "fAckley": 7.418660647119021, "ChiSquared": null}, "Point T0-419-21082019131755-GenNb4": {"x": -0.2874697199999954, "y": -4.2350400000000015, "fAckley": 10.812705176228935, "ChiSquared": null}, "Point T0-696-21082019131934-GenNb10": {"x": -2.230946692900428, "y": 0.14712998160000113, "fAckley": 6.705293018002376, "ChiSquared": null}, "Point T0-4-21082019131755-GenNb4": {"x": 3.3274849600000014, "y": -0.3285897599999972, "fAckley": 9.629579272835283, "ChiSquared": null}, "Point T0-401-21082019131813-GenNb5": {"x": 0.9865562000000008, "y": 1.6883323687200007, "fAckley": 6.187775555711131, "ChiSquared": null}, "Point T0-541-21082019131903-GenNb8": {"x": 3.5539031299680053, "y": -2.514471166234156, "fAckley": 11.533500563438297, "ChiSquared": null}, "Point T0-174-21082019131847-GenNb7": {"x": 0.053606549299206385, "y": -0.790508, "fAckley": 3.0202109078755233, "ChiSquared": null}, "Point T0-419-21082019131919-GenNb9": {"x": -2.203012556800001, "y": -0.28314523343999864, "fAckley": 7.066590997841644, "ChiSquared": null}, "Point T0-696-21082019131756-GenNb4": {"x": 3.999941760000003, "y": 1.1123842360000036, "fAckley": 9.188074754949783, "ChiSquared": null}, "Point T0-642-21082019131934-GenNb10": {"x": -1.4742124489373414, "y": 3.4108, "fAckley": 10.49320772705524, "ChiSquared": null}, "Point T0-287-21082019131831-GenNb6": {"x": 1.8754465845020594, "y": -0.13400931999999793, "fAckley": 5.3992408357776895, "ChiSquared": null}, "Point T0-128-21082019131920-GenNb9": {"x": -0.39023231999999797, "y": 0.5889888021919978, "fAckley": 4.1750199370863115, "ChiSquared": null}, "Point T0-691-21082019131920-GenNb9": {"x": -3.209711966500623, "y": 3.083094599999998, "fAckley": 10.311900364117394, "ChiSquared": null}, "Point T0-640-21082019131920-GenNb9": {"x": -1.8615578585713557, "y": 1.163526259368961, "fAckley": 6.268292857401541, "ChiSquared": null}, "Point T0-787-21082019131757-GenNb4": {"x": 1.0027361716319998, "y": 1.323, "fAckley": 5.581992948511935, "ChiSquared": null},