{"Point T6-646-21082019131956-GenNb12": {"x": -2.0570555029289284, "y": 7.1557207179511515, "fAckley": 13.628723994934251, "ChiSquared": null}, "Point T6-199-21082019131925-GenNb10": {"x": -0.12722157680032142, "y": 2.9160115190422395, "fAckley": 7.2994031408572635, "ChiSquared": null}, "Point T6-199-21082019131957-GenNb12": {"x": 0.26419504368677155, "y": 4.127515120000001, "fAckley": 10.220761206699928, "ChiSquared": null}, "Point T6-868-21082019131839-GenNb7": {"x": 0.4136038814243197, "y": -0.2931743123199997, "fAckley": 3.5320040718005328, "ChiSquared": null}, "Point T6-186-21082019131957-GenNb12": {"x": -0.4931702947276796, "y": 1.3561073051981856, "fAckley": 5.964767184834972, "ChiSquared": null}, "Point T6-76-21082019131810-GenNb5": {"x": -3.8804677183999994, "y": -0.21095643999999947, "fAckley": 9.54727119283716, "ChiSquared": null}, "Point T6-266-21082019131909-GenNb9": {"x": 0.7124915359839954, "y": 0.8053399999999993, "fAckley": 4.4845761500335115, "ChiSquared": null}, "Point T6-253-21082019131925-GenNb10": {"x": 1.1992141626920236, "y": 5.917406245055999, "fAckley": 12.39707546562662, "ChiSquared": null}, "Point T6-679-21082019131909-GenNb9": {"x": -2.7352122288295733, "y": -6.05172415805624, "fAckley": 13.366144457038699, "ChiSquared": null}, "Point T6-493-21082019131926-GenNb10": {"x": -0.7221334535225612, "y": 3.0075915882559974, "fAckley": 8.29402157619718, "ChiSquared": null}, "Point T6-572-21082019131958-GenNb12": {"x": 0.5782946808794417, "y": -1.2457543111669138, "fAckley": 5.59674572718313, "ChiSquared": null}, "Point T6-402-21082019131840-GenNb7": {"x": 0.7460353022595205, "y": 1.646156235259838, "fAckley": 6.500107711432207, "ChiSquared": null}, "Point T6-881-21082019131926-GenNb10": {"x": -0.8451407764060801, "y": -6.724777970613089, "fAckley": 13.824530207087784, "ChiSquared": null}, "Point T6-566-21082019131910-GenNb9": {"x": 1.2695691280050825, "y": -1.3475, "fAckley": 6.61981994868631, "ChiSquared": null}, "Point T6-234-21082019131840-GenNb7": {"x": -0.7953290927040024, "y": 2.90828677248, "fAckley": 7.910903704299546, "ChiSquared": null}, "Point T6-226-21082019131959-GenNb12": {"x": 2.2710875079753343, "y": -4.030209802281922, "fAckley": 10.791835234118858, "ChiSquared": null}, "Point T6-157-21082019131841-GenNb7": {"x": 0.2293818918684829, "y": -2.3547389464262416, "fAckley": 7.6199305650162295, "ChiSquared": null}, "Point T6-730-21082019131942-GenNb11": {"x": -3.0658274157971035, "y": -5.143880530399998, "fAckley": 11.989687157845196, "ChiSquared": null}, "Point T6-69-21082019131959-GenNb12": {"x": 1.95269846526089, "y": -0.9923199656000015, "fAckley": 5.388104367826752, "ChiSquared": null}, "Point T6-112-21082019131910-GenNb9": {"x": 9.830231077599999, "y": -1.3580373788980484, "fAckley": 16.872986153211077, "ChiSquared": null}, "Point T6-981-21082019131927-GenNb10": {"x": -6.083154456675519, "y": -1.0232127354085336, "fAckley": 11.829703978313656, "ChiSquared": null}, "Point T6-868-21082019131856-GenNb8": {"x": -1.8550039415520025, "y": -3.865569939032962, "fAckley": 9.918082137669591, "ChiSquared": null}, "Point T6-249-21082019132000-GenNb12": {"x": 0.6140118024082759, "y": 2.196912748929919, "fAckley": 7.425131737137908, "ChiSquared": null}, "Point T6-415-21082019131943-GenNb11": {"x": 0.09219717710192077, "y": -3.024896111146238, "fAckley": 7.191745603577566, "ChiSquared": null}, "Point T6-431-21082019131943-GenNb11": {"x": 0.48751106221695917, "y": -1.8773, "fAckley": 6.646643993030505, "ChiSquared": null}, "Point T6-39-21082019132000-GenNb12": {"x": 0.8015105363408135, "y": 1.8580267289297492, "fAckley": 6.090911348250479, "ChiSquared": null}, "Point T6-902-21082019132000-GenNb12": {"x": 1.4311513599999999, "y": 0.22818892064079388, "fAckley": 5.7445330391901095, "ChiSquared": null}, "Point T6-888-21082019132000-GenNb12": {"x": 1.0858027209436982, "y": 0.9752815537229167, "fAckley": 3.9312138510495847, "ChiSquared": null}, "Point T6-369-21082019131928-GenNb10": {"x": 0.5702091423999984, "y": 1.4282507575360006, "fAckley": 6.221842776640258, "ChiSquared": null}, "Point T6-690-21082019131928-GenNb10": {"x": -0.4269894727646446, "y": -1.003974448960118, "fAckley": 4.524939533753571, "ChiSquared": null}, "Point T6-99-21082019132001-GenNb12": {"x": 3.4775500636471692, "y": 0.2856335751320058, "fAckley": 9.962522672705722, "ChiSquared": null}, "Point T6-291-21082019132001-GenNb12": {"x": 1.0134734385875412, "y": 1.2712299417394828, "fAckley": 5.286443772095971, "ChiSquared": null}, "Point T6-981-21082019131944-GenNb11": {"x": 0.3476373892411275, "y": -2.5356270635679996, "fAckley": 8.331358190752228, "ChiSquared": null}, "Point T6-31-21082019131858-GenNb8": {"x": -1.0867340000000003, "y": -4.349177667200001, "fAckley": 10.963300437239246, "ChiSquared": null}, "Point T6-405-21082019132001-GenNb12": {"x": 0.8309071361249394, "y": 0.02068306080131846, "fAckley": 2.8420980910040226, "ChiSquared": null}, "Point T6-420-21082019132001-GenNb12": {"x": -2.9720794330040103, "y": 2.855657796000003, "fAckley": 9.3261772882103, "ChiSquared": null}, "Point T6-774-21082019131944-GenNb11": {"x": 0.674407043606875, "y": -2.491094753479899, "fAckley": 8.351080996710955, "ChiSquared": null}, "Point T6-34-21082019132001-GenNb12": {"x": -1.7491873237280005, "y": -3.3096661879520006, "fAckley": 10.108617532368305, "ChiSquared": null}, "Point T6-470-21082019132002-GenNb12": {"x": -3.9741589159225605, "y": -0.6553097409194106, "fAckley": 10.165861975936402, "ChiSquared": null}, "Point T6-667-21082019131843-GenNb7": {"x": 2.791998600800002, "y": -0.8636516672000004, "fAckley": 7.908379081721382, "ChiSquared": null}, "Point T6-197-21082019132002-GenNb12": {"x": -0.6304709199999987, "y": -0.2723665179921262, "fAckley": 3.9066211662354715, "ChiSquared": null}, "Point T6-488-21082019132002-GenNb12": {"x": 0.3982039012789632, "y": -1.1878525797600037, "fAckley": 5.155731627708207, "ChiSquared": null}, "Point T6-513-21082019132002-GenNb12": {"x": -7.253860833007998, "y": -1.2853619123402047, "fAckley": 14.777248983682426, "ChiSquared": null}, "Point T6-336-21082019131913-GenNb9": {"x": 2.1806192132480025, "y": -2.0531378675401686, "fAckley": 7.64331005215495, "ChiSquared": null}, "Point T6-652-21082019132002-GenNb12": {"x": -1.424912598197435, "y": -0.14704355956480053, "fAckley": 5.520043273503948, "ChiSquared": null}, "Point T6-905-21082019131844-GenNb7": {"x": 1.4697249087520012, "y": 0.8723303168000001, "fAckley": 6.14611587477345, "ChiSquared": null}, "Point T6-892-21082019132002-GenNb12": {"x": 0.9575025200739115, "y": -1.6883066546406278, "fAckley": 6.178241481494652, "ChiSquared": null}, "Point T6-664-21082019131900-GenNb8": {"x": -1.9777658240603695, "y": 2.386763357536, "fAckley": 8.692995085483254, "ChiSquared": null}, "Point T6-629-21082019131914-GenNb9": {"x": -2.8067242062332025, "y": 2.3079, "fAckley": 9.758438915955526, "ChiSquared": null}, "Point T6-141-21082019132002-GenNb12": {"x": -0.013435519999999146, "y": 0.22616628512537695, "fAckley": 1.5756938126075188, "ChiSquared": null}, "Point T6-854-21082019132003-GenNb12": {"x": -2.638660049660477, "y": 1.5932560213440021, "fAckley": 9.306986122318035, "ChiSquared": null}, "Point T6-601-21082019131947-GenNb11": {"x": 0.1296559162437354, "y": 0.47168399999999977, "fAckley": 3.1935866593422664, "ChiSquared": null}, "Point T6-52-21082019132003-GenNb12": {"x": -0.854190619006826, "y": 0.18035648015524486, "fAckley": 3.3653728771310125, "ChiSquared": null}, "Point T6-763-21082019131947-GenNb11": {"x": -0.3521010943463059, "y": -0.8832674743999993, "fAckley": 4.159836350082816, "ChiSquared": null}, "Point T6-228-21082019131947-GenNb11": {"x": -2.746420735413845, "y": -3.816237589965283, "fAckley": 11.221746614783523, "ChiSquared": null}, "Point T6-459-21082019131931-GenNb10": {"x": 0.29024697630400076, "y": -5.562287659682116, "fAckley": 13.06462200247344, "ChiSquared": null}, "Point T6-799-21082019131801-GenNb4": {"x": 0.5435123144000009, "y": 2.2278, "fAckley": 7.595221897936886,