{"Point T6-397-21082019131633": {"x": 21.9599, "y": -26.9739, "fAckley": 19.914336211067223, "ChiSquared": null}, "Point T2-906-21082019131842-GenNb7": {"x": -5.702945009199997, "y": 2.1627152800000013, "fAckley": 13.154859469698373, "ChiSquared": null}, "Point T2-41-21082019131842-GenNb7": {"x": -14.042974451073993, "y": 34.884714, "fAckley": 20.26571109491082, "ChiSquared": null}, "Point T2-959-21082019131842-GenNb7": {"x": 1.1765600000000003, "y": 3.0131187999999995, "fAckley": 8.004090461004523, "ChiSquared": null}, "Point T2-17-21082019131825-GenNb6": {"x": 6.068497887445442, "y": -3.2976152400000016, "fAckley": 13.828149979620674, "ChiSquared": null}, "Point T2-794-21082019131753-GenNb4": {"x": 2.0444966632000017, "y": -2.977, "fAckley": 8.065032399709446, "ChiSquared": null}, "Point T2-105-21082019131706-GenNb1": {"x": 8.8508, "y": -3.4145312799999994, "fAckley": 16.614931120788466, "ChiSquared": null}, "Point T2-739-21082019131650-GenNb0": {"x": 1.0050780000000001, "y": -2.1536, "fAckley": 6.236132416276831, "ChiSquared": null}, "Point T2-264-21082019131826-GenNb6": {"x": -0.5447838171887973, "y": 5.409299286848001, "fAckley": 13.041425661170111, "ChiSquared": null}, "Point T2-258-21082019131843-GenNb7": {"x": -3.105881548481783, "y": 3.106860216000003, "fAckley": 9.781030880668178, "ChiSquared": null}, "Point T2-130-21082019131843-GenNb7": {"x": -11.625741886911998, "y": -4.226983641346181, "fAckley": 18.48492064124293, "ChiSquared": null}, "Point T2-131-21082019131826-GenNb6": {"x": 1.6586043199999985, "y": -7.004153638403304, "fAckley": 14.235075884424543, "ChiSquared": null}, "Point T2-338-21082019131826-GenNb6": {"x": 10.689, "y": 9.324875007839998, "fAckley": 19.366602194422583, "ChiSquared": null}, "Point T2-189-21082019131826-GenNb6": {"x": 2.7415785293599986, "y": -1.3909345599999972, "fAckley": 9.108634682450806, "ChiSquared": null}, "Point T2-84-21082019131843-GenNb7": {"x": -6.450679110704002, "y": -2.5942453005919983, "fAckley": 14.826369478116721, "ChiSquared": null}, "Point T2-72-21082019131827-GenNb6": {"x": 4.6644000000000005, "y": 6.808663434771305, "fAckley": 15.566538027558767, "ChiSquared": null}, "Point T2-707-21082019131844-GenNb7": {"x": -2.4389, "y": -1.354857364868479, "fAckley": 8.775598640160153, "ChiSquared": null}, "Point T2-634-21082019131827-GenNb6": {"x": -8.1649053007696, "y": 6.694444920000005, "fAckley": 17.13782153013401, "ChiSquared": null}, "Point T2-134-21082019131723-GenNb2": {"x": -8.830968000000006, "y": 0.760358000000001, "fAckley": 15.690332741387685, "ChiSquared": null}, "Point T2-9-21082019131812-GenNb5": {"x": -4.0609, "y": 4.646605387200001, "fAckley": 13.18685580519363, "ChiSquared": null}, "Point T2-623-21082019131739-GenNb3": {"x": 4.752508000000001, "y": 3.4566742800000005, "fAckley": 13.38404542702871, "ChiSquared": null}, "Point T2-213-21082019131755-GenNb4": {"x": -3.009824, "y": -6.870897239999998, "fAckley": 13.470743182641685, "ChiSquared": null}, "Point T2-98-21082019131812-GenNb5": {"x": -0.7751422479999999, "y": -10.859984932000003, "fAckley": 16.94169624190966, "ChiSquared": null}, "Point T2-740-21082019131828-GenNb6": {"x": -2.3616507100160042, "y": -3.4037, "fAckley": 11.105904266172683, "ChiSquared": null}, "Point T2-94-21082019131739-GenNb3": {"x": -0.994538440800004, "y": 7.3150640000000005, "fAckley": 14.32643656109618, "ChiSquared": null}, "Point T2-91-21082019131845-GenNb7": {"x": 6.970496844, "y": 1.5652628335692982, "fAckley": 14.402840783992188, "ChiSquared": null}, "Point T2-70-21082019131756-GenNb4": {"x": -0.17229199999999878, "y": 8.718780888160001, "fAckley": 15.744537611879242, "ChiSquared": null}, "Point T2-204-21082019131845-GenNb7": {"x": -4.286418836900344, "y": -9.6015744696, "fAckley": 17.599941797447258, "ChiSquared": null}, "Point T2-647-21082019131813-GenNb5": {"x": 2.2091287906400012, "y": 2.698047936974704, "fAckley": 9.537041243040976, "ChiSquared": null}, "Point T2-864-21082019131813-GenNb5": {"x": -3.181586280000002, "y": 3.069179004800001, "fAckley": 10.076529459290391, "ChiSquared": null}, "Point T2-147-21082019131829-GenNb6": {"x": 2.2599045535999993, "y": 11.07178404, "fAckley": 17.152262848846462, "ChiSquared": null}, "Point T2-248-21082019131813-GenNb5": {"x": -1.8854940000000013, "y": 1.7545493861856003, "fAckley": 7.34626207362083, "ChiSquared": null}, "Point T2-728-21082019131829-GenNb6": {"x": -6.97522, "y": 7.928946757680003, "fAckley": 15.653744171785931, "ChiSquared": null}, "Point T7-184-21082019131637": {"x": 1.1335, "y": 6.4375, "fAckley": 13.902871909303379, "ChiSquared": null}, "Point T2-759-21082019131829-GenNb6": {"x": 1.145810017451843, "y": 6.2953779999999995, "fAckley": 13.448872773305611, "ChiSquared": null}, "Point T2-223-21082019131813-GenNb5": {"x": 2.9764177527075186, "y": 0.3622789599999976, "fAckley": 8.444578964318417, "ChiSquared": null}, "Point T2-90-21082019131846-GenNb7": {"x": 9.184253780880006, "y": 6.116389025098257, "fAckley": 16.744369666138518, "ChiSquared": null}, "Point T2-221-21082019131710-GenNb1": {"x": -0.4624659999999964, "y": -0.11303199999999869, "fAckley": 3.1220206690422683, "ChiSquared": null}, "Point T2-160-21082019131726-GenNb2": {"x": -2.317646199999997, "y": -5.834241999999999, "fAckley": 13.439736479318263, "ChiSquared": null}, "Point T2-261-21082019131757-GenNb4": {"x": 1.9922660000000016, "y": 0.6254043760000019, "fAckley": 6.674121041820722, "ChiSquared": null}, "Point T2-239-21082019131847-GenNb7": {"x": -3.9894127767999983, "y": 5.715376304415996, "fAckley": 13.776354004996055, "ChiSquared": null}, "Point T2-413-21082019131847-GenNb7": {"x": 7.390205836000003, "y": 0.6382966088000015, "fAckley": 15.220303159693206, "ChiSquared": null}, "Point T2-907-21082019131847-GenNb7": {"x": -2.9808612611375978, "y": 6.74237668, "fAckley": 14.063250507546902, "ChiSquared": null}, "Point T2-116-21082019131847-GenNb7": {"x": -1.0929883872159978, "y": 1.227004029584001, "fAckley": 5.234709773196009, "ChiSquared": null}, "Point T2-715-21082019131847-GenNb7": {"x": 5.687163283616005, "y": 0.6618235575839995, "fAckley": 13.184366857232252, "ChiSquared": null}, "Point T2-888-21082019131758-GenNb4": {"x": 5.8899, "y": -0.6885025820828847, "fAckley": 12.854937117687259, "ChiSquared": null}, "Point T2-504-21082019131815-GenNb5": {"x": 2.761852886815998, "y": 4.8461, "fAckley": 12.252108232587247, "ChiSquared": null}, "Point T2-877-21082019131831-GenNb6": {"x": -0.4772, "y": 0.6499514310252987, "fAckley": 4.419334064838424, "ChiSquared": null}, "Point T2-338-21082019131848-GenNb7": {"x": 0.2155915199999967, "y": -2.218321906434879, "fAckley": 6.896465447102141, "ChiSquared": null}, "Point T2-502-21082019131831-GenNb6": {"x": 1.151755849428162, "y": -6.07849819268608, "fAckley": 12.305710690146366, "ChiSquared": null}, "Point T2-414-21082019131758-GenNb4": {"x": -0.7138825200000042, "y": 12.50204828, "fAckley": 18.772792240936806, "ChiSquared": null}, "Point T2-904-21082019131848-GenNb7": {"x": -4.908293908152227, "y": 1.0591624774719985, "fAckley": 10.463258960462507, "ChiSquared": null}, "Point T2-617-21082019131816-GenNb5": {"x": 2.126502805983998, "y": 27.958, "fAckley": 20.039070573743107, "ChiSquared": null}, "Point T2-25-21082019131848-GenNb7": {"x": 10.152618796624001, "y": -0.6268410759555056, "fAckley": 17.03310673918209, "ChiSquared": null}, "Point T2-679-21082019131832-GenNb6": {"x": -14.442687999999999, "y": -5.059703015200001, "fAckley": 19.424182115011487, "ChiSquared": null}, "Point T2-167-21082019131849-GenNb7": {"x": 1.1761899999999994, "y": -6.016534984592, "fAckley": 12.257439382383822, "ChiSquared": null}, "Point T2-671-21082019131849-GenNb7": {"x": 2.536462143319037, "y": -2.0168645416000013, "fAckley": 9.060659381935569, "ChiSquared": null}, "Point T2-430-21082019131849-GenNb7": {"x": -5.6517382096, "y": 6.097110988799996, "fAckley": 15.418545173798838, "ChiSquared": null}, "Point T2-927-21082019131817-GenNb5": {"x": 0.4775970237599997, "y": -1.878421384000001,