{"Point T5-235-21082019131852-GenNb8": {"x": -1.8940938777920022, "y": 6.8168278372553575, "fAckley": 13.547918710068677, "ChiSquared": null}, "Point T5-665-21082019131852-GenNb8": {"x": -1.809058710592005, "y": 5.034429374400005, "fAckley": 11.37903599974589, "ChiSquared": null}, "Point T5-964-21082019131838-GenNb7": {"x": 4.379787720000004, "y": -2.4305539175999984, "fAckley": 12.427782916215522, "ChiSquared": null}, "Point T5-210-21082019131853-GenNb8": {"x": 6.416458480190722, "y": -1.6210506484086387, "fAckley": 14.422279427490613, "ChiSquared": null}, "Point T5-343-21082019131853-GenNb8": {"x": -0.0178723367966378, "y": 2.249796, "fAckley": 6.52424327616761, "ChiSquared": null}, "Point T5-496-21082019131736-GenNb3": {"x": -0.07589931679999706, "y": 1.3468560000000007, "fAckley": 5.020337388499424, "ChiSquared": null}, "Point T5-429-21082019131853-GenNb8": {"x": 7.167232347487994, "y": 1.2495735640159982, "fAckley": 14.286439809053473, "ChiSquared": null}, "Point T5-890-21082019131807-GenNb5": {"x": -1.4876879999999963, "y": -3.0557356800000006, "fAckley": 9.378970707195064, "ChiSquared": null}, "Point T1-315-21082019131634": {"x": 0.2511, "y": 1.5647, "fAckley": 6.104212015885047, "ChiSquared": null}, "Point T5-260-21082019131853-GenNb8": {"x": -0.12586294959999966, "y": -1.045793982400001, "fAckley": 3.190505997387725, "ChiSquared": null}, "Point T5-983-21082019131854-GenNb8": {"x": -3.3621912967999985, "y": 0.8373511610470368, "fAckley": 9.527059510956626, "ChiSquared": null}, "Point T5-41-21082019131752-GenNb4": {"x": -0.52008644, "y": 0.6413613455999996, "fAckley": 4.478372964043935, "ChiSquared": null}, "Point T5-230-21082019131737-GenNb3": {"x": -3.9698740000000003, "y": -1.7041692000000013, "fAckley": 10.444030789994992, "ChiSquared": null}, "Point T5-232-21082019131840-GenNb7": {"x": -1.9482007552319918, "y": -5.7438665129440025, "fAckley": 12.660684108556943, "ChiSquared": null}, "Point T7-555-21082019131635": {"x": 9.3239, "y": 3.2011, "fAckley": 16.827499576373956, "ChiSquared": null}, "Point T5-500-21082019131840-GenNb7": {"x": 3.96703946890976, "y": -5.8369285384000005, "fAckley": 13.23152201601406, "ChiSquared": null}, "Point T5-626-21082019131753-GenNb4": {"x": -0.9235411378399938, "y": -6.47108924, "fAckley": 13.830297023830452, "ChiSquared": null}, "Point T5-371-21082019131651-GenNb0": {"x": 4.4722, "y": -0.732088000000001, "fAckley": 11.603947316051661, "ChiSquared": null}, "Point T5-258-21082019131840-GenNb7": {"x": 12.224554070209662, "y": -9.962322170854078, "fAckley": 18.807523528508376, "ChiSquared": null}, "Point T5-609-21082019131753-GenNb4": {"x": 2.6635921799999993, "y": -1.194076919999997, "fAckley": 8.5651121604812, "ChiSquared": null}, "Point T5-668-21082019131825-GenNb6": {"x": 7.9885553599999986, "y": 0.943437532495999, "fAckley": 13.67529431273772, "ChiSquared": null}, "Point T5-860-21082019131855-GenNb8": {"x": 4.804264495784006, "y": 8.208019236896007, "fAckley": 16.160974404509187, "ChiSquared": null}, "Point T5-477-21082019131855-GenNb8": {"x": 5.345324760000008, "y": 0.1323417927446413, "fAckley": 12.272577025138178, "ChiSquared": null}, "Point T5-436-21082019131855-GenNb8": {"x": 2.7249544000000014, "y": 4.137552110896, "fAckley": 11.513707353550961, "ChiSquared": null}, "Point T5-856-21082019131841-GenNb7": {"x": -1.8496575384799998, "y": 11.354754598352, "fAckley": 17.80054239693012, "ChiSquared": null}, "Point T3-809-21082019131636": {"x": 2.048, "y": -3.404, "fAckley": 10.2468888843829, "ChiSquared": null}, "Point T5-13-21082019131856-GenNb8": {"x": 2.3911858487760087, "y": 3.7456739424000016, "fAckley": 11.380476273032764, "ChiSquared": null}, "Point T5-928-21082019131856-GenNb8": {"x": 0.46137272016000724, "y": -8.417093320000001, "fAckley": 16.247978645265864, "ChiSquared": null}, "Point T5-377-21082019131856-GenNb8": {"x": 4.453118450555205, "y": -4.046585001040002, "fAckley": 13.177762187394658, "ChiSquared": null}, "Point T5-26-21082019131842-GenNb7": {"x": -0.10563655012044215, "y": -9.5965206472, "fAckley": 16.58769836209164, "ChiSquared": null}, "Point T5-690-21082019131842-GenNb7": {"x": -1.2252169675839992, "y": 1.4291, "fAckley": 6.7045609131761985, "ChiSquared": null}, "Point T5-797-21082019131826-GenNb6": {"x": 6.219828153792005, "y": -2.8443, "fAckley": 13.662835273038066, "ChiSquared": null}, "Point T5-417-21082019131857-GenNb8": {"x": -3.063691668449674, "y": 2.12011422308288, "fAckley": 8.628341243583318, "ChiSquared": null}, "Point T5-424-21082019131755-GenNb4": {"x": -2.9260860000000015, "y": 4.1916598891040024, "fAckley": 11.141224987873251, "ChiSquared": null}, "Point T5-718-21082019131827-GenNb6": {"x": -0.7690498073040066, "y": 0.15182120000000232, "fAckley": 3.3994087793332786, "ChiSquared": null}, "Point T5-943-21082019131842-GenNb7": {"x": -1.3335, "y": -1.3194866608864024, "fAckley": 6.748705397994463, "ChiSquared": null}, "Point T5-544-21082019131857-GenNb8": {"x": -12.01497732, "y": 8.012008451504, "fAckley": 17.415294585943577, "ChiSquared": null}, "Point T5-4-21082019131842-GenNb7": {"x": -12.461958731232, "y": 1.9905174396700804, "fAckley": 18.3480084686634, "ChiSquared": null}, "Point T5-3-21082019131857-GenNb8": {"x": -0.9805838832640008, "y": -0.8791399189863043, "fAckley": 3.7563477977045463, "ChiSquared": null}, "Point T5-628-21082019131857-GenNb8": {"x": -3.6408492767072014, "y": 5.686171782912002, "fAckley": 14.421607204858349, "ChiSquared": null}, "Point T5-414-21082019131812-GenNb5": {"x": -0.7941580000000004, "y": -1.820769989184, "fAckley": 6.194604069974886, "ChiSquared": null}, "Point T5-242-21082019131812-GenNb5": {"x": -2.700476983056003, "y": 4.171606110400002, "fAckley": 11.727198202952259, "ChiSquared": null}, "Point T5-440-21082019131858-GenNb8": {"x": 0.8971032799999992, "y": 4.703066009105494, "fAckley": 11.267696818802712, "ChiSquared": null}, "Point T5-596-21082019131843-GenNb7": {"x": -0.052280248991998235, "y": 1.192184031583999, "fAckley": 3.9067628220706685, "ChiSquared": null}, "Point T5-841-21082019131858-GenNb8": {"x": 7.173985257364982, "y": 0.5834291983520004, "fAckley": 14.674999952253359, "ChiSquared": null}, "Point T5-205-21082019131742-GenNb3": {"x": 0.7389540000000037, "y": -4.586935680000001, "fAckley": 11.720688653996046, "ChiSquared": null}, "Point T5-676-21082019131858-GenNb8": {"x": 3.8688709060969604, "y": -3.3272542448121594, "fAckley": 11.887002415356498, "ChiSquared": null}, "Point T5-781-21082019131858-GenNb8": {"x": 1.2018854, "y": 4.5149616813085744, "fAckley": 11.683542060819246, "ChiSquared": null}, "Point T5-113-21082019131711-GenNb1": {"x": 9.272561999999997, "y": 0.9225, "fAckley": 15.914342696178903, "ChiSquared": null}, "Point T5-619-21082019131829-GenNb6": {"x": 1.1428579999999968, "y": -1.9165194679497013, "fAckley": 6.025359264918503, "ChiSquared": null}, "Point T5-796-21082019131757-GenNb4": {"x": 0.14980859999999935, "y": 1.7853, "fAckley": 5.69626214378345, "ChiSquared": null}, "Point T5-196-21082019131858-GenNb8": {"x": 0.3253830594768401, "y": -0.2805871659836825, "fAckley": 3.1737830252230776, "ChiSquared": null}, "Point T2-553-21082019131639": {"x": 0.0096, "y": 2.8156, "fAckley": 7.275039284251051, "ChiSquared": null}, "Point T5-382-21082019131845-GenNb7": {"x": 9.178882053616963, "y": 3.213, "fAckley": 16.270389836352834, "ChiSquared": null}, "Point T5-886-21082019131845-GenNb7": {"x": 5.7360024931314575, "y": -1.960320324207999, "fAckley": 12.678128796228105, "ChiSquared": null}, "Point T5-275-21082019131830-GenNb6": {"x": -0.7126980239999916, "y": 4.147528079999999, "fAckley": 10.486596886247128, "ChiSquared": null}, "Point T5-747-21082019131814-GenNb5": {"x": -0.8211830076000073, "y": 3.7758537175999995, "fAckley": 9.792502650270377, "ChiSquared": null}, "Point T5-740-21082019131859-GenNb8": {"x": -0.6725460909975034, "y": -3.1607723999999977, "fAckley": 9.022229318930934, "ChiSquared": null}, "Point T5-840-21082019131859-GenNb8": {"x": 0.9060951426508863, "y": 7.0735761824,