{"Point T7-619-21082019131751-GenNb4": {"x": 3.6704859999999995, "y": 2.8083159559999977, "fAckley": 11.373416309262439, "ChiSquared": null}, "Point T7-724-21082019131824-GenNb6": {"x": -3.9530306871999983, "y": 6.920572, "fAckley": 13.736253355837732, "ChiSquared": null}, "Point T7-85-21082019131807-GenNb5": {"x": 6.4458826998051215, "y": 8.946745424832002, "fAckley": 17.51233582777344, "ChiSquared": null}, "Point T7-576-21082019131824-GenNb6": {"x": -6.9961944399999965, "y": -4.891360000000001, "fAckley": 14.308054386086244, "ChiSquared": null}, "Point T7-954-21082019131649-GenNb0": {"x": -7.008592, "y": 2.0729, "fAckley": 13.02400830829917, "ChiSquared": null}, "Point T7-35-21082019131705-GenNb1": {"x": 3.9404816400000016, "y": 1.8875, "fAckley": 9.607298698582294, "ChiSquared": null}, "Point T7-503-21082019131649-GenNb0": {"x": 40.86692, "y": -50.951542, "fAckley": 20.463567594805006, "ChiSquared": null}, "Point T7-929-21082019131824-GenNb6": {"x": 6.238748160000004, "y": 9.17167572, "fAckley": 17.23996005819282, "ChiSquared": null}, "Point T7-7-21082019131736-GenNb3": {"x": 6.508671598399999, "y": 1.9847, "fAckley": 14.079643911575836, "ChiSquared": null}, "Point T7-352-21082019131705-GenNb1": {"x": 0.75528452, "y": -8.1401, "fAckley": 15.026203089020758, "ChiSquared": null}, "Point T7-645-21082019131825-GenNb6": {"x": -12.9782621192, "y": -1.912333746015999, "fAckley": 17.07713356101601, "ChiSquared": null}, "Point T7-562-21082019131825-GenNb6": {"x": 12.740574969794881, "y": -5.356438000000001, "fAckley": 19.173670595936997, "ChiSquared": null}, "Point T7-605-21082019131808-GenNb5": {"x": 31.932201999999997, "y": -36.998878000000005, "fAckley": 20.098902134935503, "ChiSquared": null}, "Point T6-676-21082019131635": {"x": -9.8246, "y": 0.287, "fAckley": 16.61974297976906, "ChiSquared": null}, "Point T7-56-21082019131825-GenNb6": {"x": 3.107136386016002, "y": 0.9221360000000018, "fAckley": 7.773326468296101, "ChiSquared": null}, "Point T7-163-21082019131721-GenNb2": {"x": -4.460107287999998, "y": -1.1120099999999997, "fAckley": 11.376058870018367, "ChiSquared": null}, "Point T7-888-21082019131809-GenNb5": {"x": 1.7947820000000014, "y": -0.5304199028160017, "fAckley": 6.665903187719916, "ChiSquared": null}, "Point T7-800-21082019131809-GenNb5": {"x": 3.917729999999999, "y": 1.2096674909599963, "fAckley": 9.768026465433845, "ChiSquared": null}, "Point T7-715-21082019131809-GenNb5": {"x": -1.629956530122541, "y": -3.105806879999999, "fAckley": 9.487062544945461, "ChiSquared": null}, "Point T7-571-21082019131706-GenNb1": {"x": 7.6823, "y": 7.732938000000001, "fAckley": 17.666040392853347, "ChiSquared": null}, "Point T7-687-21082019131636": {"x": 4.3103, "y": 9.7489, "fAckley": 17.46049735531238, "ChiSquared": null}, "Point T7-532-21082019131810-GenNb5": {"x": -0.43821692864000084, "y": -11.909222000000002, "fAckley": 18.05180133086081, "ChiSquared": null}, "Point T7-786-21082019131826-GenNb6": {"x": -3.3723428102720057, "y": -4.675112253599998, "fAckley": 13.304354399761438, "ChiSquared": null}, "Point T7-645-21082019131810-GenNb5": {"x": 4.191713406114564, "y": 1.7338483559999993, "fAckley": 11.051336609577495, "ChiSquared": null}, "Point T7-550-21082019131754-GenNb4": {"x": -7.394989879999998, "y": 7.1276, "fAckley": 17.084838741645182, "ChiSquared": null}, "Point T7-92-21082019131810-GenNb5": {"x": -1.1177683353119967, "y": 3.056626100000001, "fAckley": 7.7844182845552155, "ChiSquared": null}, "Point T7-932-21082019131754-GenNb4": {"x": 13.7857382, "y": -6.690662790399999, "fAckley": 19.49639262755649, "ChiSquared": null}, "Point T7-347-21082019131827-GenNb6": {"x": 1.9422390479359954, "y": -4.071534, "fAckley": 9.647196917247706, "ChiSquared": null}, "Point T7-494-21082019131755-GenNb4": {"x": -8.094176670399998, "y": 16.9281, "fAckley": 18.935718616773404, "ChiSquared": null}, "Point T7-432-21082019131811-GenNb5": {"x": 3.067040219104001, "y": -18.6816, "fAckley": 20.06196077569443, "ChiSquared": null}, "Point T7-899-21082019131827-GenNb6": {"x": -14.283916178128619, "y": 0.9081681600000007, "fAckley": 18.708165804353374, "ChiSquared": null}, "Point T7-578-21082019131811-GenNb5": {"x": 0.1516238552527993, "y": -9.606186, "fAckley": 16.67623511142734, "ChiSquared": null}, "Point T7-533-21082019131811-GenNb5": {"x": -0.9703346792000036, "y": -1.488, "fAckley": 6.168544739740437, "ChiSquared": null}, "Point T7-739-21082019131652-GenNb0": {"x": -5.3649, "y": -0.9891140000000016, "fAckley": 12.288464302738287, "ChiSquared": null}, "Point T7-468-21082019131828-GenNb6": {"x": -7.0509688399999995, "y": 1.0660305599999997, "fAckley": 12.882901325471765, "ChiSquared": null}, "Point T7-174-21082019131708-GenNb1": {"x": 6.308190559999998, "y": 2.1927, "fAckley": 13.943183373644498, "ChiSquared": null}, "Point T7-81-21082019131828-GenNb6": {"x": -9.162107035199996, "y": -0.9619742328320005, "fAckley": 15.170126747566044, "ChiSquared": null}, "Point T7-419-21082019131828-GenNb6": {"x": -3.1822955181523165, "y": 4.053598502816002, "fAckley": 11.098248896705314, "ChiSquared": null}, "Point T7-614-21082019131725-GenNb2": {"x": 3.9571, "y": 0.7553622800000008, "fAckley": 9.757914097730641, "ChiSquared": null}, "Point T1-654-21082019131638": {"x": -5.9867, "y": 4.5593, "fAckley": 14.785220012584752, "ChiSquared": null}, "Point T7-251-21082019131756-GenNb4": {"x": 2.9684853104799993, "y": 0.3605640000000001, "fAckley": 8.429815183742537, "ChiSquared": null}, "Point T7-500-21082019131756-GenNb4": {"x": 0.5177844383999961, "y": 4.0332740000000005, "fAckley": 10.472735605341002, "ChiSquared": null}, "Point T7-160-21082019131741-GenNb3": {"x": -0.2924320167999981, "y": 5.239, "fAckley": 12.288264427989471, "ChiSquared": null}, "Point T7-267-21082019131813-GenNb5": {"x": -13.587552536, "y": -2.1047, "fAckley": 18.887184444001893, "ChiSquared": null}, "Point T7-967-21082019131709-GenNb1": {"x": -1.9774, "y": -8.862400000000001, "fAckley": 14.91131584159101, "ChiSquared": null}, "Point T7-725-21082019131829-GenNb6": {"x": -3.465995051008001, "y": 5.231064731935998, "fAckley": 13.83310889371733, "ChiSquared": null}, "Point T7-512-21082019131757-GenNb4": {"x": -1.1933770639840011, "y": -16.1018, "fAckley": 18.901816110462093, "ChiSquared": null}, "Point T7-12-21082019131757-GenNb4": {"x": -0.09607411243199859, "y": -7.615699795200002, "fAckley": 14.867933896673442, "ChiSquared": null}, "Point T7-191-21082019131830-GenNb6": {"x": -1.5551953048000033, "y": -2.1672721157171235, "fAckley": 8.202314571249296, "ChiSquared": null}, "Point T7-514-21082019131742-GenNb3": {"x": -2.9752997599999986, "y": -1.45499584, "fAckley": 9.184141274492974, "ChiSquared": null}, "Point T7-880-21082019131830-GenNb6": {"x": 0.2541511367974377, "y": 0.10944099120000095, "fAckley": 2.0332590438966354, "ChiSquared": null}, "Point T7-947-21082019131814-GenNb5": {"x": 0.7453483049167997, "y": 1.8353564799999984, "fAckley": 6.332448848179428, "ChiSquared": null}, "Point T7-240-21082019131758-GenNb4": {"x": 0.9075740000000003, "y": -3.3584519999999998, "fAckley": 9.381575874563737, "ChiSquared": null}, "Point T7-497-21082019131758-GenNb4": {"x": 3.0493938967999994, "y": 4.024563042400001, "fAckley": 10.287095305437061, "ChiSquared": null}, "Point T7-561-21082019131726-GenNb2": {"x": 0.9129833999999988, "y": 1.1548020000000019, "fAckley": 4.4459072951401275, "ChiSquared": null}, "Point T7-256-21082019131814-GenNb5": {"x": -2.0765924231999997, "y": 3.9373119884000003, "fAckley": 9.589571008513362, "ChiSquared": null}, "Point T7-87-21082019131831-GenNb6": {"x": -1.0683, "y": -2.5019798228160024, "fAckley": 8.149992569587521, "ChiSquared": null}, "Point T7-877-21082019131814-GenNb5": {"x": 0.7969608692160022, "y": -0.05914552000000084, "fAckley": 3.0128059527147184, "ChiSquared": null}, "Point T7-66-21082019131727-GenNb2": {"x": -3.3181579999999986, "y": -9.060857039999998, "fAckley": 16.316647012002647, "ChiSquared": null}, "Point T7-659-21082019131831-GenNb6": {"x": 9.523569651236805, "y": 10.8958,