{"Point T4-89-21082019131911-GenNb9": {"x": -1.1856350332730552, "y": -1.579327229008002, "fAckley": 6.807073433717791, "ChiSquared": null}, "Point T4-23-21082019131752-GenNb4": {"x": 1.917579451199999, "y": -6.711573940000001, "fAckley": 13.895360171575849, "ChiSquared": null}, "Point T4-5-21082019131943-GenNb11": {"x": -0.3643677633002227, "y": -2.5066112947039985, "fAckley": 8.303209757224183, "ChiSquared": null}, "Point T4-15-21082019131911-GenNb9": {"x": -2.009831286039189, "y": 1.4485888000000031, "fAckley": 7.604463735101893, "ChiSquared": null}, "Point T4-438-21082019131943-GenNb11": {"x": -0.09460647826921598, "y": -2.400388981599993, "fAckley": 7.46997974119081, "ChiSquared": null}, "Point T4-503-21082019131911-GenNb9": {"x": -5.593200917332307, "y": -0.7758534236422401, "fAckley": 13.004111525721367, "ChiSquared": null}, "Point T4-852-21082019131927-GenNb10": {"x": 3.022024974178861, "y": 3.1370025306891005, "fAckley": 9.643311414374828, "ChiSquared": null}, "Point T4-202-21082019131824-GenNb6": {"x": 1.0039733032960025, "y": 4.312821040000003, "fAckley": 10.666127072127715, "ChiSquared": null}, "Point T4-121-21082019131944-GenNb11": {"x": 0.23024266373369007, "y": -0.9702765013621142, "fAckley": 3.610150161288001, "ChiSquared": null}, "Point T4-438-21082019131927-GenNb10": {"x": -2.0881002050485495, "y": 0.07687912205055714, "fAckley": 5.452686734792788, "ChiSquared": null}, "Point T4-18-21082019131912-GenNb9": {"x": -5.974377279999994, "y": -0.7290240533120023, "fAckley": 12.646072228056422, "ChiSquared": null}, "Point T4-399-21082019131912-GenNb9": {"x": -0.7538423768000024, "y": -0.5086348210053027, "fAckley": 4.517544338517119, "ChiSquared": null}, "Point T4-629-21082019131944-GenNb11": {"x": 3.844560638316798, "y": 0.8493753087003031, "fAckley": 9.485479254037319, "ChiSquared": null}, "Point T4-120-21082019131753-GenNb4": {"x": 6.0193750816, "y": 14.023, "fAckley": 17.713311360927964, "ChiSquared": null}, "Point T4-271-21082019131739-GenNb3": {"x": -2.1861589599999967, "y": 3.5747, "fAckley": 10.882089933606107, "ChiSquared": null}, "Point T4-225-21082019131912-GenNb9": {"x": 3.715892595338219, "y": -1.5131815707977534, "fAckley": 10.832132742639812, "ChiSquared": null}, "Point T4-449-21082019131841-GenNb7": {"x": -2.202875779058881, "y": -7.0938855903999976, "fAckley": 13.969809701844225, "ChiSquared": null}, "Point T4-395-21082019131928-GenNb10": {"x": -6.095834423199996, "y": -0.9199920280046097, "fAckley": 12.014565552847271, "ChiSquared": null}, "Point T4-552-21082019131928-GenNb10": {"x": -0.22899399798622921, "y": -4.80762568715316, "fAckley": 11.31779548814724, "ChiSquared": null}, "Point T4-253-21082019131945-GenNb11": {"x": -4.521785568034861, "y": -4.037344489663997, "fAckley": 13.240996826840828, "ChiSquared": null}, "Point T4-587-21082019131651-GenNb0": {"x": -2.023485999999995, "y": -1.148784, "fAckley": 6.1195687222060045, "ChiSquared": null}, "Point T4-815-21082019131945-GenNb11": {"x": -3.950213439999999, "y": -1.1301167200000004, "fAckley": 9.26676520229849, "ChiSquared": null}, "Point T4-516-21082019131946-GenNb11": {"x": -1.086671199207343, "y": 4.26791140230548, "fAckley": 10.539866915615276, "ChiSquared": null}, "Point T4-884-21082019131946-GenNb11": {"x": 1.155341301645871, "y": -5.767332788079995, "fAckley": 12.615988243911941, "ChiSquared": null}, "Point T4-440-21082019131842-GenNb7": {"x": 2.5100293316796845, "y": -0.9607180000000035, "fAckley": 8.056274883407369, "ChiSquared": null}, "Point T4-627-21082019131929-GenNb10": {"x": 0.014985189182135095, "y": -2.3015, "fAckley": 6.871521545858286, "ChiSquared": null}, "Point T4-129-21082019131913-GenNb9": {"x": 0.08244518752039065, "y": -2.8822613904287335, "fAckley": 7.1819617403638, "ChiSquared": null}, "Point T4-358-21082019131946-GenNb11": {"x": -3.1734397600000017, "y": -2.0764103583037823, "fAckley": 9.056709313291238, "ChiSquared": null}, "Point T4-640-21082019131946-GenNb11": {"x": -5.10399593366825, "y": -0.8568428372012833, "fAckley": 11.068589832944431, "ChiSquared": null}, "Point T4-153-21082019131930-GenNb10": {"x": 4.701268254724173, "y": -5.294130869649274, "fAckley": 14.620154485421677, "ChiSquared": null}, "Point T4-942-21082019131930-GenNb10": {"x": 0.7428685948300817, "y": -2.439672248936139, "fAckley": 8.159464083747471, "ChiSquared": null}, "Point T4-10-21082019131947-GenNb11": {"x": -1.7091319738758193, "y": -0.10785219990751393, "fAckley": 5.7198921955942374, "ChiSquared": null}, "Point T4-75-21082019131930-GenNb10": {"x": 3.889925956841216, "y": 4.038895622400002, "fAckley": 11.28126554923573, "ChiSquared": null}, "Point T4-764-21082019131930-GenNb10": {"x": -0.6796706998851159, "y": -5.201947316415996, "fAckley": 12.257369649645641, "ChiSquared": null}, "Point T4-557-21082019131725-GenNb2": {"x": -0.13106727999999457, "y": 1.3590250400000023, "fAckley": 5.206321963456183, "ChiSquared": null}, "Point T4-925-21082019131756-GenNb4": {"x": 1.994113039999995, "y": 5.005707351199998, "fAckley": 10.667332929627094, "ChiSquared": null}, "Point T4-433-21082019131843-GenNb7": {"x": 0.7250990159936025, "y": 3.1052581971680073, "fAckley": 8.605448687818804, "ChiSquared": null}, "Point T4-328-21082019131915-GenNb9": {"x": 4.1494, "y": -3.062837237825186, "fAckley": 10.942195157816599, "ChiSquared": null}, "Point T4-809-21082019131931-GenNb10": {"x": 2.0102685592141327, "y": 4.961741184341642, "fAckley": 10.661099159504296, "ChiSquared": null}, "Point T4-483-21082019131931-GenNb10": {"x": -1.234885909484493, "y": -2.2285785643001623, "fAckley": 7.647893480888735, "ChiSquared": null}, "Point T4-214-21082019131948-GenNb11": {"x": -5.864711665966173, "y": -9.091336145132939, "fAckley": 16.270894598721622, "ChiSquared": null}, "Point T4-460-21082019131948-GenNb11": {"x": 0.8356962553556104, "y": -0.39773383822495845, "fAckley": 4.305967299661976, "ChiSquared": null}, "Point T5-305-21082019131638": {"x": 1.2668, "y": -4.4885, "fAckley": 11.800619179656694, "ChiSquared": null}, "Point T4-743-21082019131948-GenNb11": {"x": 4.9616511946380015, "y": -3.9443114849727996, "fAckley": 11.958121963789667, "ChiSquared": null}, "Point T4-686-21082019131932-GenNb10": {"x": -1.972440804372388, "y": 0.1893389661806708, "fAckley": 5.635097959907629, "ChiSquared": null}, "Point T4-841-21082019131932-GenNb10": {"x": -2.7409841200000002, "y": 2.1193658942437037, "fAckley": 9.064190262067697, "ChiSquared": null}, "Point T4-97-21082019131757-GenNb4": {"x": -1.9876245087999997, "y": 0.8219497599999999, "fAckley": 5.915625546085078, "ChiSquared": null}, "Point T4-47-21082019131900-GenNb8": {"x": 2.0955572969600036, "y": 0.550057087521922, "fAckley": 7.0573599906984175, "ChiSquared": null}, "Point T4-608-21082019131901-GenNb8": {"x": -2.628973355983607, "y": -0.9318194703999954, "fAckley": 8.120851901145475, "ChiSquared": null}, "Point T4-453-21082019131901-GenNb8": {"x": -3.0014959402677155, "y": -2.960424576727272, "fAckley": 9.023588773063198, "ChiSquared": null}, "Point T4-505-21082019131933-GenNb10": {"x": 0.7031837538488728, "y": -5.190851536532012, "fAckley": 12.146371908795398, "ChiSquared": null}, "Point T4-921-21082019131949-GenNb11": {"x": 5.06071022746714, "y": 10.64736412, "fAckley": 17.765131231049807, "ChiSquared": null}, "Point T4-207-21082019131901-GenNb8": {"x": -6.866642200000005, "y": 1.2202731869993615, "fAckley": 13.726037124189164, "ChiSquared": null}, "Point T4-28-21082019131814-GenNb5": {"x": 0.004562619568004078, "y": 0.5193872800000019, "fAckley": 3.13122226224715, "ChiSquared": null}, "Point T4-540-21082019131950-GenNb11": {"x": -0.3130834873919972, "y": -2.466148039741938, "fAckley": 8.140840625744524, "ChiSquared": null}, "Point T4-290-21082019131916-GenNb9": {"x": -10.951395409259842, "y": -1.7341722177457806, "fAckley": 17.016299927450643, "ChiSquared": null}, "Point T4-342-21082019131902-GenNb8": {"x": 8.676926894400001, "y": 2.9823210918559977, "fAckley": 15.937368908121313, "ChiSquared": null},