{"Point T3-281-21082019102531": {"x": -9.1924, "y": -7.7651, "fAckley": 17.819416323223688, "ChiSquared": null}, "Point T7-48-21082019102531": {"x": 9.5252, "y": -15.7732, "fAckley": 20.58516569161176, "ChiSquared": null}, "Point T0-687-21082019102531": {"x": 23.5504, "y": 29.8906, "fAckley": 21.711135144584805, "ChiSquared": null}, "Point T3-840-23082019093530-GenNb0": {"x": -51.937524, "y": -19.7226, "fAckley": 21.25363593985785, "ChiSquared": null}, "Point T7-644-21082019102531": {"x": -25.8137, "y": 6.7741, "fAckley": 20.94889824901093, "ChiSquared": null}, "Point T3-877-23082019093530-GenNb0": {"x": -1.2567, "y": -29.014765999999998, "fAckley": 20.778268487855176, "ChiSquared": null}, "Point T6-494-21082019102532": {"x": 5.1253, "y": 13.8616, "fAckley": 18.279702548804615, "ChiSquared": null}, "Point T3-626-23082019093530-GenNb0": {"x": -20.493006, "y": -7.203037999999996, "fAckley": 21.08988171980223, "ChiSquared": null}, "Point T1-206-21082019102532": {"x": -7.8893, "y": 8.6658, "fAckley": 17.76480103120637, "ChiSquared": null}, "Point T1-73-21082019102532": {"x": 28.0694, "y": -11.1933, "fAckley": 20.56654575407601, "ChiSquared": null}, "Point T3-642-21082019131633": {"x": 2.4502, "y": -18.2183, "fAckley": 20.546235931188928, "ChiSquared": null}, "Point T1-454-21082019131633": {"x": 17.411, "y": 24.7184, "fAckley": 21.847217223241802, "ChiSquared": null}, "Point T7-975-21082019131633": {"x": 27.1669, "y": -20.1525, "fAckley": 20.840333132590036, "ChiSquared": null}, "Point T4-764-21082019131634": {"x": -4.1507, "y": -27.8685, "fAckley": 20.466947066835527, "ChiSquared": null}, "Point T4-130-21082019131634": {"x": 18.526, "y": -10.0637, "fAckley": 20.736353163894005, "ChiSquared": null}, "Point T2-15-21082019131634": {"x": 20.7895, "y": -27.1494, "fAckley": 21.040207184906198, "ChiSquared": null}, "Point T3-921-23082019093531-GenNb0": {"x": -4.938146000000001, "y": -23.0409, "fAckley": 19.428043964558217, "ChiSquared": null}, "Point T7-478-21082019131634": {"x": 5.4394, "y": -14.0616, "fAckley": 19.347955306274432, "ChiSquared": null}, "Point T5-139-21082019131634": {"x": -10.5386, "y": 14.4343, "fAckley": 20.73178756562253, "ChiSquared": null}, "Point T3-888-23082019093531-GenNb0": {"x": -12.8655, "y": -3.847572, "fAckley": 17.866114331671515, "ChiSquared": null}, "Point T3-690-23082019093532-GenNb0": {"x": -11.262051999999997, "y": -22.3221, "fAckley": 21.361973191469698, "ChiSquared": null}, "Point T3-391-23082019093532-GenNb0": {"x": 23.141417999999998, "y": 29.6693, "fAckley": 21.54539485168782, "ChiSquared": null}, "Point T3-582-21082019131635": {"x": 5.3775, "y": -6.0836, "fAckley": 15.298363052476558, "ChiSquared": null}, "Point T5-417-21082019131635": {"x": -24.8462, "y": -13.9569, "fAckley": 20.211876084663192, "ChiSquared": null}, "Point T3-900-23082019093532-GenNb0": {"x": -8.650736, "y": 25.7535, "fAckley": 21.534291879160836, "ChiSquared": null}, "Point T3-984-23082019093532-GenNb0": {"x": -8.6476, "y": -3.300273999999998, "fAckley": 16.682163084231533, "ChiSquared": null}, "Point T3-86-23082019093532-GenNb0": {"x": 23.8255, "y": 14.822358, "fAckley": 20.775037904690645, "ChiSquared": null}, "Point T3-946-23082019093532-GenNb0": {"x": -29.2735, "y": 7.6352959999999985, "fAckley": 21.773018925030925, "ChiSquared": null}, "Point T1-493-21082019131635": {"x": -13.2226, "y": 5.7133, "fAckley": 19.138245186474386, "ChiSquared": null}, "Point T3-251-21082019131636": {"x": -3.337, "y": -7.4704, "fAckley": 15.958504636057125, "ChiSquared": null}, "Point T4-109-21082019131636": {"x": 5.0633, "y": 22.0366, "fAckley": 19.32106932103391, "ChiSquared": null}, "Point T6-298-21082019131636": {"x": -2.8713, "y": -21.9691, "fAckley": 19.54006376738456, "ChiSquared": null}, "Point T3-952-23082019093533-GenNb0": {"x": 9.465948000000001, "y": -21.3168, "fAckley": 21.479123810577164, "ChiSquared": null}, "Point T3-497-23082019093533-GenNb0": {"x": -6.6106500000000015, "y": -6.38347, "fAckley": 16.795893522242096, "ChiSquared": null}, "Point T3-149-23082019093533-GenNb0": {"x": 12.7019, "y": -0.20532600000000056, "fAckley": 18.411150037073714, "ChiSquared": null}, "Point T3-572-23082019093533-GenNb0": {"x": -13.513086000000001, "y": -9.816626, "fAckley": 20.08930206037348, "ChiSquared": null}, "Point T3-278-23082019093534-GenNb0": {"x": 1.9441619999999995, "y": -1.4504619999999986, "fAckley": 7.5324078891851745, "ChiSquared": null}, "Point T3-944-23082019093534-GenNb0": {"x": -13.719837999999998, "y": 0.6169939999999994, "fAckley": 19.222542400669877, "ChiSquared": null}, "Point T1-337-21082019131637": {"x": -7.7681, "y": -5.2173, "fAckley": 16.221433618021827, "ChiSquared": null}, "Point T7-106-21082019131637": {"x": -15.1102, "y": -28.0455, "fAckley": 20.123301238092896, "ChiSquared": null}, "Point T3-212-23082019093534-GenNb0": {"x": -19.67514, "y": 1.7230340000000002, "fAckley": 20.760925490476236, "ChiSquared": null}, "Point T7-816-21082019131637": {"x": 21.0556, "y": -12.2126, "fAckley": 20.28131370108777, "ChiSquared": null}, "Point T3-498-23082019093534-GenNb0": {"x": 3.355132000000001, "y": -12.249575999999998, "fAckley": 18.662782762049652, "ChiSquared": null}, "Point T1-829-21082019131637": {"x": 14.4688, "y": -15.8328, "fAckley": 20.969929923936363, "ChiSquared": null}, "Point T1-287-21082019131637": {"x": 6.3313, "y": 11.0582, "fAckley": 18.16988676605989, "ChiSquared": null}, "Point T3-819-23082019093535-GenNb0": {"x": 29.8019, "y": -36.204394, "fAckley": 21.340039958717906, "ChiSquared": null}, "Point T4-233-21082019131638": {"x": -6.2907, "y": 26.8109, "fAckley": 21.24918917666866, "ChiSquared": null}, "Point T3-858-23082019093535-GenNb0": {"x": 21.025375999999998, "y": 21.877952, "fAckley": 20.096168388179155, "ChiSquared": null}, "Point T3-425-23082019093535-GenNb0": {"x": 0.1442740000000029, "y": -10.7696, "fAckley": 16.910707248295605, "ChiSquared": null}, "Point T3-291-23082019093535-GenNb0": {"x": 14.804146000000001, "y": -9.3732, "fAckley": 20.20700687987033, "ChiSquared": null}, "Point T6-171-21082019131638": {"x": -20.4302, "y": -1.4365, "fAckley": 21.21269413990339, "ChiSquared": null}, "Point T3-148-23082019093536-GenNb0": {"x": 17.7341, "y": 13.091928, "fAckley": 20.386488977654192, "ChiSquared": null}, "Point T2-808-21082019131638": {"x": -8.7624, "y": 3.9134, "fAckley": 15.97574046704353, "ChiSquared": null}, "Point T3-367-23082019093536-GenNb0": {"x": -2.307127999999995, "y": -4.4005, "fAckley": 12.253758063550961, "ChiSquared": null}, "Point T2-291-21082019131639": {"x": 2.0637, "y": -26.1799, "fAckley": 20.269229495405032, "ChiSquared": null}, "Point T3-416-23082019093536-GenNb0": {"x": -7.914604000000001, "y": -7.761452, "fAckley": 16.95461367991184, "ChiSquared": null}, "Point T3-767-23082019093536-GenNb0": {"x": 7.460834000000001, "y": 0.4398, "fAckley": 15.381121050388279, "ChiSquared": null}, "Point T3-585-23082019093536-GenNb0": {"x": -24.8738, "y": 12.909476000000002, "fAckley": 20.173819479740704, "ChiSquared": null}, "Point T5-191-21082019131639": {"x": -14.6862, "y": -29.5633, "fAckley": 22.011645288246516, "ChiSquared": null}, "Point T3-575-21082019131639": {"x": -5.871, "y": -4.5735, "fAckley": 14.834783849997116, "ChiSquared": null}, "Point T6-429-21082019131639": {"x": -8.5701, "y": -25.4672, "fAckley": 21.880931007647984, "ChiSquared": null}, "Point T3-208-23082019093537-GenNb0": {"x": -27.165474, "y": -17.7364, "fAckley": 21.28046858145474, "ChiSquared": null}, "Point T4-763-21082019131639": {"x": -22.9356, "y": -27.295, "fAckley": 21.21175519825523, "ChiSquared": null}, "Point T1-721-21082019131640": {"x": -17.058, "y": -24.1528, "fAckley": 20.287570242113507, "ChiSquared": null}, "Point T0-173-21082019131640": {"x": -7.7298, "y": 26.6391, "fAckley": 21.64153074071176, "ChiSquared": null}, "Point T2-498-21082019131640": {"x": -11.6451, "y": -2.1021, "fAckley": 17.867440351453617, "ChiSquared": null}, "Point T3-145-23082019093538-GenNb0": {"x": -2.22941, "y": 16.1552, "fAckley": 19.313754372599096,