{"Point T3-445-21082019102531": {"x": 8.4476, "y": 0.9643, "fAckley": 15.694581356207365, "ChiSquared": null}, "Point T6-131-21082019102531": {"x": -0.2598, "y": -5.1314, "fAckley": 11.686370410773343, "ChiSquared": null}, "Point T5-676-21082019102531": {"x": 6.4579, "y": -5.6425, "fAckley": 16.319440768772893, "ChiSquared": null}, "Point T1-141-23082019093530-GenNb0": {"x": -10.201778, "y": -6.5079, "fAckley": 18.401151428564418, "ChiSquared": null}, "Point T1-82-23082019093530-GenNb0": {"x": -19.846168, "y": -6.7938, "fAckley": 20.1668166811701, "ChiSquared": null}, "Point T6-1-21082019102532": {"x": 24.392, "y": 3.7565, "fAckley": 21.41684481436816, "ChiSquared": null}, "Point T1-829-23082019093530-GenNb0": {"x": 2.4976999999999983, "y": -0.21305399999999963, "fAckley": 8.007445446977062, "ChiSquared": null}, "Point T7-803-21082019102532": {"x": 1.8005, "y": -20.1435, "fAckley": 19.97912628632208, "ChiSquared": null}, "Point T7-770-21082019102532": {"x": -20.1766, "y": 0.2775, "fAckley": 20.41933426985987, "ChiSquared": null}, "Point T1-695-23082019093530-GenNb0": {"x": 11.195815999999997, "y": 8.4349, "fAckley": 19.216573847527247, "ChiSquared": null}, "Point T4-775-21082019131633": {"x": 14.8982, "y": 12.0913, "fAckley": 19.119158727597313, "ChiSquared": null}, "Point T5-87-21082019131633": {"x": -6.4289, "y": -0.3566, "fAckley": 14.20543637699315, "ChiSquared": null}, "Point T0-592-21082019131633": {"x": -4.5551, "y": 13.1402, "fAckley": 19.06128938040622, "ChiSquared": null}, "Point T1-516-23082019093530-GenNb0": {"x": -0.3967099999999997, "y": -17.051555999999998, "fAckley": 19.84717370658062, "ChiSquared": null}, "Point T1-723-23082019093531-GenNb0": {"x": -26.5843, "y": 6.245276, "fAckley": 21.638484674798168, "ChiSquared": null}, "Point T0-804-21082019131634": {"x": -12.2852, "y": -3.2966, "fAckley": 18.632820141014328, "ChiSquared": null}, "Point T1-477-23082019093531-GenNb0": {"x": -4.7658, "y": -0.705136, "fAckley": 11.68497916059688, "ChiSquared": null}, "Point T1-806-21082019131634": {"x": -15.2329, "y": 0.7319, "fAckley": 19.407371355164596, "ChiSquared": null}, "Point T2-833-21082019131634": {"x": -1.0141, "y": 3.7153, "fAckley": 9.64050206424405, "ChiSquared": null}, "Point T0-274-21082019131634": {"x": 12.0313, "y": -10.0099, "fAckley": 17.842042974061794, "ChiSquared": null}, "Point T1-174-23082019093531-GenNb0": {"x": -9.0052, "y": 1.0702440000000024, "fAckley": 14.580946361353567, "ChiSquared": null}, "Point T0-194-21082019131635": {"x": 11.2859, "y": -27.171, "fAckley": 21.27178569859664, "ChiSquared": null}, "Point T3-590-21082019131635": {"x": -9.0098, "y": -3.1609, "fAckley": 15.387039681496741, "ChiSquared": null}, "Point T2-469-21082019131635": {"x": 6.6767, "y": -8.8397, "fAckley": 17.497473007110628, "ChiSquared": null}, "Point T5-911-21082019131635": {"x": -13.3347, "y": -0.0645, "fAckley": 18.455735311368716, "ChiSquared": null}, "Point T3-461-21082019131635": {"x": 12.9146, "y": 15.2549, "fAckley": 20.020700474139606, "ChiSquared": null}, "Point T1-444-21082019131635": {"x": -22.8854, "y": -19.7672, "fAckley": 20.90352344602813, "ChiSquared": null}, "Point T1-51-23082019093532-GenNb0": {"x": 19.7075, "y": -14.883436000000001, "fAckley": 20.838769504171974, "ChiSquared": null}, "Point T1-654-23082019093532-GenNb0": {"x": 17.799764, "y": -17.267813999999998, "fAckley": 21.01572985809433, "ChiSquared": null}, "Point T1-949-23082019093532-GenNb0": {"x": -24.64551, "y": 26.5785, "fAckley": 22.125027633221514, "ChiSquared": null}, "Point T5-53-21082019131636": {"x": 12.4519, "y": -11.9879, "fAckley": 19.9613100436771, "ChiSquared": null}, "Point T1-988-23082019093533-GenNb0": {"x": 21.0929, "y": -0.9542680000000001, "fAckley": 19.257009362712992, "ChiSquared": null}, "Point T1-980-23082019093533-GenNb0": {"x": -17.677732, "y": -25.326016, "fAckley": 21.826543775316427, "ChiSquared": null}, "Point T1-340-23082019093533-GenNb0": {"x": 14.331566, "y": 2.4927, "fAckley": 19.68720126901672, "ChiSquared": null}, "Point T1-551-23082019093533-GenNb0": {"x": -26.0298, "y": -0.8833959999999994, "fAckley": 19.845300673813984, "ChiSquared": null}, "Point T3-751-21082019131636": {"x": -15.9193, "y": -22.2459, "fAckley": 20.732267726067604, "ChiSquared": null}, "Point T1-372-23082019093533-GenNb0": {"x": -5.915789999999999, "y": 12.9601, "fAckley": 17.55193555858384, "ChiSquared": null}, "Point T6-593-21082019131637": {"x": -21.9099, "y": -0.8756, "fAckley": 19.64352418846883, "ChiSquared": null}, "Point T1-360-23082019093533-GenNb0": {"x": -6.0519099999999995, "y": -16.81135, "fAckley": 19.18210029149594, "ChiSquared": null}, "Point T1-981-23082019093534-GenNb0": {"x": 1.7566440000000014, "y": 1.6434, "fAckley": 7.737016070870535, "ChiSquared": null}, "Point T1-867-23082019093534-GenNb0": {"x": 2.6640620000000013, "y": -18.398408000000003, "fAckley": 20.757786591531023, "ChiSquared": null}, "Point T1-65-23082019093534-GenNb0": {"x": -5.191492000000004, "y": 13.067879999999999, "fAckley": 18.09362522728824, "ChiSquared": null}, "Point T1-172-23082019093534-GenNb0": {"x": -16.839254, "y": 20.7926, "fAckley": 20.77450304111437, "ChiSquared": null}, "Point T1-389-23082019093534-GenNb0": {"x": -6.662459999999999, "y": -7.9302, "fAckley": 16.88477177706904, "ChiSquared": null}, "Point T1-839-23082019093534-GenNb0": {"x": 4.5271360000000005, "y": 19.3753, "fAckley": 21.090137540353183, "ChiSquared": null}, "Point T0-378-21082019131638": {"x": 23.1953, "y": 29.0449, "fAckley": 20.700945568502096, "ChiSquared": null}, "Point T5-272-21082019131638": {"x": 20.6802, "y": -13.328, "fAckley": 21.462641327326125, "ChiSquared": null}, "Point T1-20-23082019093534-GenNb0": {"x": 24.204164000000002, "y": -2.9556340000000008, "fAckley": 20.218379358445556, "ChiSquared": null}, "Point T1-986-23082019093534-GenNb0": {"x": 2.1667, "y": 7.88687, "fAckley": 14.552406508484815, "ChiSquared": null}, "Point T1-148-21082019131638": {"x": 2.1833, "y": -0.542, "fAckley": 7.411853690662712, "ChiSquared": null}, "Point T5-287-21082019131638": {"x": 29.3057, "y": -3.0826, "fAckley": 21.10793907153392, "ChiSquared": null}, "Point T2-745-21082019131638": {"x": 17.5853, "y": -6.934, "fAckley": 20.309664142628986, "ChiSquared": null}, "Point T3-295-21082019131639": {"x": 5.3361, "y": 2.4451, "fAckley": 13.515225197610272, "ChiSquared": null}, "Point T1-772-23082019093535-GenNb0": {"x": 1.0622520000000009, "y": -21.044806, "fAckley": 19.13587102873227, "ChiSquared": null}, "Point T2-67-21082019131639": {"x": -17.3119, "y": 4.4626, "fAckley": 20.613680824658477, "ChiSquared": null}, "Point T3-181-21082019131639": {"x": 1.2713, "y": 7.3773, "fAckley": 15.126505676220429, "ChiSquared": null}, "Point T0-164-21082019131639": {"x": 26.6372, "y": 16.7346, "fAckley": 21.796275787074936, "ChiSquared": null}, "Point T2-484-21082019131639": {"x": -2.8193, "y": 16.9103, "fAckley": 19.06349217014299, "ChiSquared": null}, "Point T0-611-21082019131639": {"x": 17.1386, "y": 23.6686, "fAckley": 21.317032834953572, "ChiSquared": null}, "Point T2-30-21082019131639": {"x": -11.5011, "y": -5.2651, "fAckley": 18.79670898281281, "ChiSquared": null}, "Point T7-426-21082019131640": {"x": -11.4903, "y": 18.0967, "fAckley": 20.838223422272115, "ChiSquared": null}, "Point T7-549-21082019131640": {"x": 13.7455, "y": -16.8822, "fAckley": 20.371738696036576, "ChiSquared": null}, "Point T7-489-21082019131640": {"x": 3.1458, "y": -15.5845, "fAckley": 19.725999155084434, "ChiSquared": null}, "Point T1-252-23082019093536-GenNb0": {"x": -21.6634, "y": -15.474499999999999, "fAckley": 21.78371186432219, "ChiSquared": null}, "Point T4-745-21082019131640": {"x": -16.9356, "y": 24.9422, "fAckley": 19.909915682106853, "ChiSquared": null}, "Point T2-953-21082019131640": {"x": 6.0926, "y": -24.6576, "fAckley": 21.013122135649812, "ChiSquared": null}, "Point T2-665-21082019131640": {"x": 9.7319, "y": 14.9844, "fAckley": 19.565991663818135, "ChiSquared": null}, "Point T1-473-23082019093537-GenNb0": {"x": -9.929516,