{"Point T6-609-23082019093529-GenNb0": {"x": 2.812, "y": 4.3971, "fAckley": 12.346912229255286, "ChiSquared": null}, "Point T1-248-21082019102531": {"x": 19.0518, "y": -24.1908, "fAckley": 20.53529868559806, "ChiSquared": null}, "Point T6-700-23082019093530-GenNb0": {"x": -28.1663, "y": -29.93087, "fAckley": 20.635505300100903, "ChiSquared": null}, "Point T3-909-21082019102531": {"x": -22.8762, "y": -23.3857, "fAckley": 21.542589409576216, "ChiSquared": null}, "Point T5-641-21082019102532": {"x": 14.5786, "y": -19.3631, "fAckley": 21.60439012359786, "ChiSquared": null}, "Point T1-629-21082019102531": {"x": 27.0434, "y": 7.0509, "fAckley": 19.732381020787752, "ChiSquared": null}, "Point T6-856-23082019093530-GenNb0": {"x": 27.199730000000002, "y": -2.2817, "fAckley": 21.238974487629704, "ChiSquared": null}, "Point T4-481-21082019102532": {"x": -5.3796, "y": -9.2325, "fAckley": 17.570812926407505, "ChiSquared": null}, "Point T1-134-21082019102532": {"x": -0.6617, "y": -12.106, "fAckley": 17.97902656507785, "ChiSquared": null}, "Point T1-426-21082019102532": {"x": -14.8705, "y": -12.595, "fAckley": 20.515043427338767, "ChiSquared": null}, "Point T2-639-21082019131633": {"x": -20.3972, "y": 27.9198, "fAckley": 21.528511621938325, "ChiSquared": null}, "Point T6-36-23082019093531-GenNb0": {"x": -13.481282, "y": -3.8315, "fAckley": 19.18494742597435, "ChiSquared": null}, "Point T1-240-21082019131634": {"x": 19.4768, "y": 5.6292, "fAckley": 21.14886180530862, "ChiSquared": null}, "Point T6-9-23082019093531-GenNb0": {"x": -0.7378160000000022, "y": -4.592848, "fAckley": 11.724948891545946, "ChiSquared": null}, "Point T7-61-21082019131634": {"x": 2.3584, "y": -25.9162, "fAckley": 21.08931682989903, "ChiSquared": null}, "Point T4-935-21082019131634": {"x": 19.8184, "y": -3.3325, "fAckley": 20.590843752644812, "ChiSquared": null}, "Point T1-125-21082019131634": {"x": -20.1194, "y": 17.3972, "fAckley": 21.286264421056238, "ChiSquared": null}, "Point T6-889-23082019093532-GenNb0": {"x": 19.76457, "y": 25.2256, "fAckley": 21.37328117108697, "ChiSquared": null}, "Point T6-472-23082019093532-GenNb0": {"x": -31.857893999999998, "y": 10.1368, "fAckley": 20.64494990575124, "ChiSquared": null}, "Point T6-263-23082019093532-GenNb0": {"x": 21.6113, "y": 16.302196000000002, "fAckley": 21.70277000059186, "ChiSquared": null}, "Point T1-646-21082019131634": {"x": -14.696, "y": -21.4794, "fAckley": 21.698418335794532, "ChiSquared": null}, "Point T6-893-23082019093532-GenNb0": {"x": 27.461, "y": -22.981376, "fAckley": 21.580304711698982, "ChiSquared": null}, "Point T0-362-21082019131635": {"x": -21.7859, "y": -27.226, "fAckley": 21.368380572614466, "ChiSquared": null}, "Point T6-722-23082019093532-GenNb0": {"x": 25.277922, "y": 29.14441, "fAckley": 21.385983910796586, "ChiSquared": null}, "Point T2-750-21082019131635": {"x": -11.5768, "y": 14.8875, "fAckley": 20.38993581609896, "ChiSquared": null}, "Point T2-691-21082019131635": {"x": 19.2799, "y": -9.9617, "fAckley": 20.30871743668282, "ChiSquared": null}, "Point T4-905-21082019131635": {"x": -25.6838, "y": 9.9031, "fAckley": 21.07918386668693, "ChiSquared": null}, "Point T2-644-21082019131635": {"x": 0.722, "y": -19.4304, "fAckley": 20.85694936764557, "ChiSquared": null}, "Point T6-447-23082019093533-GenNb0": {"x": -4.0557, "y": 6.454512000000001, "fAckley": 14.92307977276015, "ChiSquared": null}, "Point T6-258-23082019093533-GenNb0": {"x": 17.8532, "y": -18.773944, "fAckley": 20.74785487978003, "ChiSquared": null}, "Point T7-912-21082019131636": {"x": 10.8273, "y": -19.9651, "fAckley": 19.855347215630285, "ChiSquared": null}, "Point T6-859-21082019131636": {"x": -3.0413, "y": 11.2237, "fAckley": 17.09580335590071, "ChiSquared": null}, "Point T6-467-23082019093533-GenNb0": {"x": -1.6344639999999977, "y": 11.800088000000002, "fAckley": 18.170685325107353, "ChiSquared": null}, "Point T6-833-23082019093533-GenNb0": {"x": -3.0808099999999996, "y": 30.126061999999997, "fAckley": 20.242940070247773, "ChiSquared": null}, "Point T3-582-21082019131636": {"x": 14.1018, "y": -1.8773, "fAckley": 17.905752269272554, "ChiSquared": null}, "Point T5-651-21082019131636": {"x": -13.3053, "y": -1.8282, "fAckley": 18.65706034864714, "ChiSquared": null}, "Point T6-769-23082019093534-GenNb0": {"x": -5.045114000000003, "y": -31.438394, "fAckley": 21.479569777826438, "ChiSquared": null}, "Point T3-865-21082019131636": {"x": 14.3578, "y": -25.8334, "fAckley": 21.4734526430981, "ChiSquared": null}, "Point T0-850-21082019131637": {"x": 24.7154, "y": -6.3208, "fAckley": 21.452072417481464, "ChiSquared": null}, "Point T3-453-21082019131637": {"x": 4.552, "y": 2.8191, "fAckley": 12.57020953362137, "ChiSquared": null}, "Point T0-863-21082019131637": {"x": -2.9705, "y": 23.9948, "fAckley": 19.369181353879156, "ChiSquared": null}, "Point T6-128-21082019131637": {"x": -2.3915, "y": -22.4677, "fAckley": 21.483626691001803, "ChiSquared": null}, "Point T6-106-23082019093534-GenNb0": {"x": 7.2267, "y": -15.053096, "fAckley": 19.107354330524313, "ChiSquared": null}, "Point T0-412-21082019131637": {"x": 21.2452, "y": 8.0942, "fAckley": 20.378037284856536, "ChiSquared": null}, "Point T7-393-21082019131637": {"x": 26.4822, "y": -12.0253, "fAckley": 21.39434528509872, "ChiSquared": null}, "Point T6-214-21082019131638": {"x": -4.9278, "y": 17.4732, "fAckley": 20.22626602269739, "ChiSquared": null}, "Point T6-775-23082019093535-GenNb0": {"x": 15.3046, "y": -10.804190000000002, "fAckley": 20.305597152218898, "ChiSquared": null}, "Point T2-207-21082019131638": {"x": -12.6958, "y": 5.123, "fAckley": 18.622617789926892, "ChiSquared": null}, "Point T6-586-23082019093535-GenNb0": {"x": -10.350272, "y": 29.4457, "fAckley": 22.011174464234003, "ChiSquared": null}, "Point T1-434-21082019131638": {"x": 9.0363, "y": 5.0894, "fAckley": 15.619579962767974, "ChiSquared": null}, "Point T2-789-21082019131638": {"x": 9.5078, "y": -2.6954, "fAckley": 17.261516283157253, "ChiSquared": null}, "Point T3-695-21082019131638": {"x": 21.3416, "y": -7.3439, "fAckley": 21.319605222902027, "ChiSquared": null}, "Point T0-281-21082019131638": {"x": -2.3382, "y": -10.1717, "fAckley": 17.173917285460696, "ChiSquared": null}, "Point T2-718-21082019131639": {"x": 17.76, "y": 13.4638, "fAckley": 21.228791842610732, "ChiSquared": null}, "Point T0-628-21082019131639": {"x": -18.6503, "y": 14.1515, "fAckley": 20.991663588705777, "ChiSquared": null}, "Point T3-144-21082019131639": {"x": 25.9095, "y": 11.648, "fAckley": 21.22812080467305, "ChiSquared": null}, "Point T2-466-21082019131639": {"x": -8.6188, "y": 17.4373, "fAckley": 21.00414514398147, "ChiSquared": null}, "Point T6-488-21082019131639": {"x": 11.0956, "y": -21.1507, "fAckley": 20.012794285835547, "ChiSquared": null}, "Point T7-917-21082019131639": {"x": -9.7393, "y": 2.3079, "fAckley": 17.05277417214396, "ChiSquared": null}, "Point T5-336-21082019131639": {"x": 26.0226, "y": 27.9739, "fAckley": 19.94168275072735, "ChiSquared": null}, "Point T6-506-23082019093536-GenNb0": {"x": -16.0376, "y": -4.049913999999999, "fAckley": 18.17409833958999, "ChiSquared": null}, "Point T7-854-21082019131639": {"x": 11.1687, "y": -10.1306, "fAckley": 18.551761640848312, "ChiSquared": null}, "Point T0-323-21082019131639": {"x": 2.0708, "y": -3.9911, "fAckley": 9.541733927242571, "ChiSquared": null}, "Point T0-203-21082019131640": {"x": -15.1042, "y": 13.4316, "fAckley": 20.627434274822644, "ChiSquared": null}, "Point T6-952-23082019093537-GenNb0": {"x": 13.107484, "y": -20.794384, "fAckley": 20.404474021686738, "ChiSquared": null}, "Point T6-311-23082019093537-GenNb0": {"x": 16.759, "y": -6.207587999999999, "fAckley": 19.947593650385926, "ChiSquared": null}, "Point T4-320-21082019131640": {"x": 9.1144, "y": 2.2278, "fAckley": 15.850636163509819, "ChiSquared": null}, "Point T3-518-21082019131640": {"x": 11.4844, "y": -29.5466, "fAckley": 22.115612273978495, "ChiSquared": null}, "Point T6-648-23082019093537-GenNb0": {"x": 16.655094000000002, "y": -15.2257,