{"Point T7-463-21082019102531": {"x": 28.6414, "y": 2.3982, "fAckley": 21.886438475571417, "ChiSquared": null}, "Point T4-667-21082019102531": {"x": 22.5029, "y": 3.892, "fAckley": 21.031625689889612, "ChiSquared": null}, "Point T7-488-21082019102531": {"x": -15.9566, "y": -1.6934, "fAckley": 19.29060910461158, "ChiSquared": null}, "Point T4-237-23082019093530-GenNb0": {"x": 9.6163, "y": 9.283268000000001, "fAckley": 19.076398464306596, "ChiSquared": null}, "Point T4-873-21082019102531": {"x": 11.1079, "y": -5.7963, "fAckley": 17.614342924122337, "ChiSquared": null}, "Point T3-878-21082019102531": {"x": -26.8617, "y": 12.0996, "fAckley": 20.337079298635143, "ChiSquared": null}, "Point T4-578-23082019093530-GenNb0": {"x": 19.3025, "y": 8.81644, "fAckley": 20.681988051932738, "ChiSquared": null}, "Point T5-500-21082019102532": {"x": 24.2789, "y": 0.3299, "fAckley": 21.35476585808716, "ChiSquared": null}, "Point T6-854-21082019102532": {"x": -8.417, "y": -0.4539, "fAckley": 16.24502090370425, "ChiSquared": null}, "Point T0-649-21082019102532": {"x": -12.9197, "y": -26.3515, "fAckley": 21.25286036464505, "ChiSquared": null}, "Point T2-331-21082019131633": {"x": -16.4742, "y": 11.9673, "fAckley": 20.599132573238386, "ChiSquared": null}, "Point T4-340-23082019093531-GenNb0": {"x": 10.859084, "y": -23.4853, "fAckley": 21.369089272335028, "ChiSquared": null}, "Point T2-361-21082019131633": {"x": -9.2308, "y": 18.9827, "fAckley": 19.961810029438336, "ChiSquared": null}, "Point T7-334-21082019131634": {"x": 7.3768, "y": -4.8733, "fAckley": 15.997817715173872, "ChiSquared": null}, "Point T3-541-21082019131634": {"x": 24.0976, "y": -24.5305, "fAckley": 21.642421389181216, "ChiSquared": null}, "Point T4-920-23082019093531-GenNb0": {"x": 7.153590000000001, "y": -27.914, "fAckley": 20.337471388760765, "ChiSquared": null}, "Point T3-212-21082019131634": {"x": 13.0599, "y": -14.877, "fAckley": 19.2243278829761, "ChiSquared": null}, "Point T4-357-23082019093532-GenNb0": {"x": -10.3822, "y": -17.395344, "fAckley": 21.11315562280297, "ChiSquared": null}, "Point T4-748-23082019093532-GenNb0": {"x": 23.314466, "y": 10.912616, "fAckley": 20.93553722160322, "ChiSquared": null}, "Point T4-616-23082019093532-GenNb0": {"x": -27.6941, "y": -28.141158, "fAckley": 21.488370965214212, "ChiSquared": null}, "Point T3-76-21082019131634": {"x": 3.1374, "y": -15.5501, "fAckley": 19.736097042574457, "ChiSquared": null}, "Point T4-697-23082019093532-GenNb0": {"x": 24.0361, "y": -37.138628, "fAckley": 20.43376991163434, "ChiSquared": null}, "Point T1-55-21082019131635": {"x": -17.7208, "y": 12.1469, "fAckley": 20.525701252358637, "ChiSquared": null}, "Point T1-916-21082019131635": {"x": -0.1672, "y": 14.023, "fAckley": 17.863035946881443, "ChiSquared": null}, "Point T4-305-23082019093532-GenNb0": {"x": 2.777485999999996, "y": 3.5747, "fAckley": 11.476889897318896, "ChiSquared": null}, "Point T4-764-23082019093532-GenNb0": {"x": -12.668993999999998, "y": 17.5408, "fAckley": 21.29732638907296, "ChiSquared": null}, "Point T4-304-23082019093533-GenNb0": {"x": 18.9307, "y": -0.3834400000000002, "fAckley": 20.258969662186615, "ChiSquared": null}, "Point T7-433-21082019131635": {"x": -16.7719, "y": 16.2392, "fAckley": 20.87383039634975, "ChiSquared": null}, "Point T3-550-21082019131635": {"x": -29.1625, "y": 7.6438, "fAckley": 21.483859894711163, "ChiSquared": null}, "Point T2-551-21082019131636": {"x": -20.8176, "y": 19.5639, "fAckley": 21.590825744016367, "ChiSquared": null}, "Point T7-47-21082019131636": {"x": -5.498, "y": -16.5233, "fAckley": 20.64434308457142, "ChiSquared": null}, "Point T4-253-23082019093534-GenNb0": {"x": 27.2091, "y": 7.006224000000001, "fAckley": 20.470696566921525, "ChiSquared": null}, "Point T0-375-21082019131636": {"x": 3.893, "y": -26.969, "fAckley": 19.879084382688045, "ChiSquared": null}, "Point T4-402-23082019093534-GenNb0": {"x": 12.2528, "y": -19.331612, "fAckley": 21.15687447070685, "ChiSquared": null}, "Point T4-122-23082019093534-GenNb0": {"x": -12.116678, "y": 18.735, "fAckley": 20.482487689453976, "ChiSquared": null}, "Point T6-46-21082019131636": {"x": -1.8289, "y": -2.3015, "fAckley": 8.439126723885682, "ChiSquared": null}, "Point T4-766-23082019093535-GenNb0": {"x": -2.1794, "y": 11.887516000000002, "fAckley": 17.28523484263313, "ChiSquared": null}, "Point T2-311-21082019131637": {"x": 20.8985, "y": -21.6805, "fAckley": 21.22588912042599, "ChiSquared": null}, "Point T4-467-23082019093535-GenNb0": {"x": -27.1986, "y": -35.827928, "fAckley": 21.20108466986968, "ChiSquared": null}, "Point T2-769-21082019131637": {"x": 17.3429, "y": -4.0645, "fAckley": 19.905719243447333, "ChiSquared": null}, "Point T4-682-23082019093535-GenNb0": {"x": -9.713325999999997, "y": 20.1127, "fAckley": 20.56445449911841, "ChiSquared": null}, "Point T0-649-21082019131637": {"x": 10.2587, "y": 1.7573, "fAckley": 17.133025855064844, "ChiSquared": null}, "Point T2-288-21082019131637": {"x": 9.0197, "y": 11.8409, "fAckley": 18.12933382335202, "ChiSquared": null}, "Point T3-544-21082019131637": {"x": 5.4902, "y": -6.154, "fAckley": 15.681794463917967, "ChiSquared": null}, "Point T4-662-23082019093536-GenNb0": {"x": 13.243412000000001, "y": 25.3158, "fAckley": 21.531390596098596, "ChiSquared": null}, "Point T3-636-21082019131637": {"x": 27.1238, "y": -2.9482, "fAckley": 20.003053991147894, "ChiSquared": null}, "Point T7-778-21082019131638": {"x": -25.7422, "y": -19.425, "fAckley": 21.884179923748864, "ChiSquared": null}, "Point T4-636-23082019093536-GenNb0": {"x": 4.1494, "y": 11.936925999999998, "fAckley": 17.238630787112108, "ChiSquared": null}, "Point T4-440-23082019093536-GenNb0": {"x": -2.8649259999999988, "y": 23.437652, "fAckley": 21.132358903791708, "ChiSquared": null}, "Point T4-561-23082019093536-GenNb0": {"x": 24.883036, "y": 31.256918, "fAckley": 21.229974744125236, "ChiSquared": null}, "Point T2-154-21082019131638": {"x": 10.9294, "y": -19.5636, "fAckley": 20.886481922519216, "ChiSquared": null}, "Point T0-655-21082019131638": {"x": -18.0843, "y": -19.9068, "fAckley": 19.9370309886172, "ChiSquared": null}, "Point T5-305-21082019131638": {"x": 1.2668, "y": -4.4885, "fAckley": 11.800619179656694, "ChiSquared": null}, "Point T3-187-21082019131638": {"x": 3.8866, "y": -27.2367, "fAckley": 20.787624051865475, "ChiSquared": null}, "Point T4-332-23082019093537-GenNb0": {"x": -12.282542, "y": 25.7217, "fAckley": 21.536176526263315, "ChiSquared": null}, "Point T4-296-21082019131639": {"x": -10.713, "y": 23.9326, "fAckley": 20.82200825660748, "ChiSquared": null}, "Point T7-82-21082019131639": {"x": 22.628, "y": 15.9236, "fAckley": 21.217192879080333, "ChiSquared": null}, "Point T4-702-23082019093537-GenNb0": {"x": -32.676812, "y": 26.1274, "fAckley": 21.529812367053026, "ChiSquared": null}, "Point T4-860-23082019093537-GenNb0": {"x": -3.170819999999999, "y": 26.1437, "fAckley": 20.50543097205994, "ChiSquared": null}, "Point T7-266-21082019131639": {"x": 4.521, "y": 28.5813, "fAckley": 21.990419080839633, "ChiSquared": null}, "Point T4-235-21082019131639": {"x": -23.8973, "y": -19.9337, "fAckley": 20.1175902896337, "ChiSquared": null}, "Point T4-325-23082019093538-GenNb0": {"x": 28.917332000000002, "y": -2.392564, "fAckley": 21.343304428305636, "ChiSquared": null}, "Point T5-849-21082019131640": {"x": 17.037, "y": 25.8325, "fAckley": 20.382854996734213, "ChiSquared": null}, "Point T6-548-21082019131640": {"x": -9.9277, "y": 6.6055, "fAckley": 17.95773592029719, "ChiSquared": null}, "Point T0-979-21082019131640": {"x": 4.8334, "y": 7.6027, "fAckley": 16.26314136467708, "ChiSquared": null}, "Point T4-2-23082019093538-GenNb0": {"x": -4.209629999999999, "y": -26.4819, "fAckley": 21.577493545451812, "ChiSquared": null}, "Point T4-190-23082019093539-GenNb0": {"x": -0.9293940000000003, "y": 18.5963, "fAckley": 20.240118354339412, "ChiSquared": null}, "Point T6-963-21082019131640": {"x": -21.8665, "y": 14.135, "fAckley": 20.270783843725116, "ChiSquared": null},