{"Point T2-368-23082019093529-GenNb0": {"x": -8.2055, "y": 1.7637579999999993, "fAckley": 15.416596001256623, "ChiSquared": null}, "Point T5-438-21082019102531": {"x": -20.4826, "y": 2.0468, "fAckley": 20.64827597306721, "ChiSquared": null}, "Point T2-323-23082019093530-GenNb0": {"x": -7.2245, "y": -17.380750000000003, "fAckley": 20.57094535307612, "ChiSquared": null}, "Point T0-94-21082019102531": {"x": -12.9445, "y": 5.4151, "fAckley": 18.92873823953752, "ChiSquared": null}, "Point T2-72-23082019093530-GenNb0": {"x": 25.2254, "y": 29.872238000000003, "fAckley": 21.11032620661682, "ChiSquared": null}, "Point T0-795-21082019102531": {"x": -12.7602, "y": -23.5018, "fAckley": 21.63642971401062, "ChiSquared": null}, "Point T7-758-21082019102532": {"x": 4.315, "y": 10.6192, "fAckley": 18.195887093327, "ChiSquared": null}, "Point T2-125-23082019093530-GenNb0": {"x": 12.746, "y": 8.055338, "fAckley": 18.767008095684222, "ChiSquared": null}, "Point T2-115-23082019093530-GenNb0": {"x": -27.0532, "y": -4.045076, "fAckley": 19.708521529668275, "ChiSquared": null}, "Point T2-332-23082019093531-GenNb0": {"x": -0.6777839999999973, "y": -12.205294000000002, "fAckley": 18.245554038962066, "ChiSquared": null}, "Point T6-397-21082019131633": {"x": 21.9599, "y": -26.9739, "fAckley": 19.914336211067223, "ChiSquared": null}, "Point T5-130-21082019131633": {"x": 6.9214, "y": -9.8001, "fAckley": 17.23956711665695, "ChiSquared": null}, "Point T3-345-21082019131633": {"x": -17.5648, "y": 10.9716, "fAckley": 20.615593528447267, "ChiSquared": null}, "Point T2-642-23082019093531-GenNb0": {"x": -14.943018, "y": 6.57029, "fAckley": 19.713707211661177, "ChiSquared": null}, "Point T6-42-21082019131634": {"x": 22.9381, "y": -28.7605, "fAckley": 20.96671409432547, "ChiSquared": null}, "Point T5-242-21082019131634": {"x": 22.9719, "y": -2.977, "fAckley": 19.279399062658396, "ChiSquared": null}, "Point T2-841-23082019093531-GenNb0": {"x": 8.8508, "y": -22.710516000000005, "fAckley": 20.89244479834106, "ChiSquared": null}, "Point T2-738-21082019131634": {"x": 13.3654, "y": -2.1536, "fAckley": 18.815914813372938, "ChiSquared": null}, "Point T2-966-23082019093532-GenNb0": {"x": 25.912818, "y": -23.3864, "fAckley": 21.52456597273947, "ChiSquared": null}, "Point T4-259-21082019131634": {"x": -14.4372, "y": -0.1344, "fAckley": 19.24390310790837, "ChiSquared": null}, "Point T2-123-23082019093532-GenNb0": {"x": 38.030472, "y": -29.0346, "fAckley": 20.03320423839769, "ChiSquared": null}, "Point T4-566-21082019131634": {"x": 28.7429, "y": -17.7332, "fAckley": 21.621965072879416, "ChiSquared": null}, "Point T2-200-23082019093532-GenNb0": {"x": 8.077546000000002, "y": 12.4154, "fAckley": 19.245279889641353, "ChiSquared": null}, "Point T0-190-21082019131635": {"x": -7.9165, "y": -24.3139, "fAckley": 20.912687863108918, "ChiSquared": null}, "Point T1-435-21082019131635": {"x": -7.9886, "y": -21.5921, "fAckley": 20.863918108763915, "ChiSquared": null}, "Point T2-122-23082019093532-GenNb0": {"x": -24.016328, "y": -1.5728540000000013, "fAckley": 21.00321958190416, "ChiSquared": null}, "Point T2-18-23082019093533-GenNb0": {"x": 0.7005439999999972, "y": -15.2167, "fAckley": 19.44631507410671, "ChiSquared": null}, "Point T0-11-21082019131635": {"x": 16.4356, "y": -11.7979, "fAckley": 20.841845258422005, "ChiSquared": null}, "Point T5-724-21082019131635": {"x": -24.5041, "y": -27.8799, "fAckley": 21.74003193657207, "ChiSquared": null}, "Point T5-889-21082019131636": {"x": -4.0609, "y": -28.6813, "fAckley": 21.0956869172656, "ChiSquared": null}, "Point T2-131-21082019131636": {"x": -14.0272, "y": 9.0636, "fAckley": 18.239009139300602, "ChiSquared": null}, "Point T2-174-23082019093533-GenNb0": {"x": -20.000802, "y": -3.108, "fAckley": 19.14250956760159, "ChiSquared": null}, "Point T7-334-21082019131636": {"x": -9.4926, "y": 15.2683, "fAckley": 20.571959834745517, "ChiSquared": null}, "Point T3-235-21082019131636": {"x": -23.0449, "y": -3.4037, "fAckley": 20.905033851387987, "ChiSquared": null}, "Point T5-717-21082019131636": {"x": -20.5405, "y": -11.3102, "fAckley": 21.479960940742075, "ChiSquared": null}, "Point T2-536-23082019093534-GenNb0": {"x": 26.8342, "y": -0.7225880000000015, "fAckley": 21.087855012216146, "ChiSquared": null}, "Point T2-744-23082019093534-GenNb0": {"x": 3.5311360000000036, "y": -16.4459, "fAckley": 20.482879864334507, "ChiSquared": null}, "Point T2-492-23082019093534-GenNb0": {"x": -24.6593, "y": 5.011046000000002, "fAckley": 20.891346333910626, "ChiSquared": null}, "Point T2-711-21082019131637": {"x": -6.5872, "y": -12.7717, "fAckley": 19.399067112544547, "ChiSquared": null}, "Point T3-478-21082019131637": {"x": 8.976, "y": 14.979, "fAckley": 18.33467874622899, "ChiSquared": null}, "Point T2-230-23082019093535-GenNb0": {"x": -5.2523, "y": -3.698506, "fAckley": 13.808560789026286, "ChiSquared": null}, "Point T2-570-23082019093535-GenNb0": {"x": 2.3008, "y": -4.412496, "fAckley": 12.265730249597297, "ChiSquared": null}, "Point T2-655-23082019093535-GenNb0": {"x": -3.1004100000000037, "y": 8.311, "fAckley": 15.771706677833386, "ChiSquared": null}, "Point T7-184-21082019131637": {"x": 1.1335, "y": 6.4375, "fAckley": 13.902871909303379, "ChiSquared": null}, "Point T5-596-21082019131637": {"x": -22.7924, "y": -4.5951, "fAckley": 21.217374978589937, "ChiSquared": null}, "Point T0-592-21082019131637": {"x": 1.5086, "y": 18.2195, "fAckley": 20.543410342185112, "ChiSquared": null}, "Point T6-348-21082019131638": {"x": 6.0677, "y": 29.9418, "fAckley": 19.937135566324862, "ChiSquared": null}, "Point T2-68-23082019093535-GenNb0": {"x": -9.49527, "y": -22.7747, "fAckley": 21.452577480769023, "ChiSquared": null}, "Point T2-631-23082019093535-GenNb0": {"x": -6.513826000000002, "y": 13.746505999999998, "fAckley": 19.79049424811564, "ChiSquared": null}, "Point T2-897-21082019131638": {"x": -18.1334, "y": -8.361, "fAckley": 20.517456310639904, "ChiSquared": null}, "Point T4-920-21082019131638": {"x": -17.5538, "y": -7.8925, "fAckley": 20.481498537497732, "ChiSquared": null}, "Point T2-471-23082019093536-GenNb0": {"x": 19.947754, "y": 1.385, "fAckley": 20.43222770867559, "ChiSquared": null}, "Point T2-835-23082019093536-GenNb0": {"x": 19.7892, "y": 6.477817999999998, "fAckley": 20.977468408065867, "ChiSquared": null}, "Point T0-263-21082019131639": {"x": -7.7017, "y": 13.2696, "fAckley": 19.62433622029313, "ChiSquared": null}, "Point T2-820-23082019093536-GenNb0": {"x": -40.80697, "y": -9.819136, "fAckley": 21.19490398624491, "ChiSquared": null}, "Point T6-920-21082019131639": {"x": 5.8899, "y": 12.185, "fAckley": 17.975891196324056, "ChiSquared": null}, "Point T2-195-23082019093536-GenNb0": {"x": -9.528468000000002, "y": 4.8461, "fAckley": 17.49590931395858, "ChiSquared": null}, "Point T5-71-21082019131639": {"x": -0.4772, "y": 4.8623, "fAckley": 11.853021641263322, "ChiSquared": null}, "Point T7-265-21082019131639": {"x": -7.3152, "y": -9.0892, "fAckley": 17.625785060551035, "ChiSquared": null}, "Point T2-350-23082019093537-GenNb0": {"x": -0.2167, "y": 13.136054000000003, "fAckley": 18.058143322642124, "ChiSquared": null}, "Point T2-374-23082019093537-GenNb0": {"x": -11.91129, "y": 7.6976, "fAckley": 18.726444983684704, "ChiSquared": null}, "Point T2-314-23082019093537-GenNb0": {"x": -4.506112000000002, "y": -7.6269, "fAckley": 16.576305130092457, "ChiSquared": null}, "Point T3-925-21082019131639": {"x": 21.1981, "y": 27.958, "fAckley": 20.676363548491675, "ChiSquared": null}, "Point T2-650-23082019093537-GenNb0": {"x": -9.319642, "y": 14.234, "fAckley": 20.064226980162356, "ChiSquared": null}, "Point T2-404-21082019131640": {"x": 29.8727, "y": 6.5025, "fAckley": 21.593839491312902, "ChiSquared": null}, "Point T0-767-21082019131640": {"x": -18.5324, "y": -6.3171, "fAckley": 20.964300677469204, "ChiSquared": null}, "Point T4-211-21082019131640": {"x": 21.6127, "y": 8.665, "fAckley": 21.44513506703977, "ChiSquared": null}, "Point T0-900-21082019131640": {"x": 20.1759, "y": -7.1473,