{"Point T0-195-23082019093529-GenNb0": {"x": 8.141022000000001, "y": 20.316322000000003, "fAckley": 20.692422271452603, "ChiSquared": null}, "Point T0-137-21082019102531": {"x": 1.0852, "y": -10.3061, "fAckley": 16.805703872343116, "ChiSquared": null}, "Point T7-312-21082019102531": {"x": 22.9444, "y": -11.4901, "fAckley": 21.216218098664648, "ChiSquared": null}, "Point T0-127-23082019093530-GenNb0": {"x": 6.083296, "y": -16.2212, "fAckley": 19.30529605499179, "ChiSquared": null}, "Point T7-948-21082019102531": {"x": 7.3664, "y": -25.1454, "fAckley": 21.254628772684043, "ChiSquared": null}, "Point T2-615-21082019102532": {"x": -5.6376, "y": 1.6173, "fAckley": 13.493162322458478, "ChiSquared": null}, "Point T2-362-21082019102532": {"x": 15.3044, "y": 8.6665, "fAckley": 20.397267165852654, "ChiSquared": null}, "Point T0-677-23082019093530-GenNb0": {"x": 11.9369, "y": -45.86148, "fAckley": 20.504598301506054, "ChiSquared": null}, "Point T4-146-21082019102532": {"x": -10.7479, "y": -13.1707, "fAckley": 19.64978376900202, "ChiSquared": null}, "Point T0-509-23082019093531-GenNb0": {"x": -1.8105, "y": 5.1381879999999995, "fAckley": 11.799133410339737, "ChiSquared": null}, "Point T0-336-23082019093531-GenNb0": {"x": 3.310934000000003, "y": 23.3884, "fAckley": 21.443773027781255, "ChiSquared": null}, "Point T7-754-21082019131633": {"x": -27.7803, "y": -29.9865, "fAckley": 20.84748221877363, "ChiSquared": null}, "Point T1-883-21082019131633": {"x": 10.5245, "y": 0.0084, "fAckley": 17.19833385499467, "ChiSquared": null}, "Point T6-466-21082019131633": {"x": -15.8722, "y": -1.3493, "fAckley": 19.559397894471573, "ChiSquared": null}, "Point T2-572-21082019131634": {"x": -16.2536, "y": -5.4905, "fAckley": 20.35061746635523, "ChiSquared": null}, "Point T1-150-21082019131634": {"x": 14.1117, "y": 18.692, "fAckley": 20.763720062633237, "ChiSquared": null}, "Point T0-736-23082019093532-GenNb0": {"x": 23.5196, "y": -5.9701260000000005, "fAckley": 21.076599550473123, "ChiSquared": null}, "Point T0-297-23082019093532-GenNb0": {"x": -23.8608, "y": 24.972248, "fAckley": 20.31223171029732, "ChiSquared": null}, "Point T3-533-21082019131634": {"x": -8.4065, "y": 14.6618, "fAckley": 20.37896267920783, "ChiSquared": null}, "Point T7-683-21082019131634": {"x": 27.9226, "y": 13.2512, "fAckley": 20.915492936118486, "ChiSquared": null}, "Point T0-536-23082019093532-GenNb0": {"x": -28.7612, "y": 15.557132000000001, "fAckley": 21.873503128424527, "ChiSquared": null}, "Point T1-817-21082019131635": {"x": -3.9185, "y": -7.5045, "fAckley": 15.739834524383667, "ChiSquared": null}, "Point T4-166-21082019131635": {"x": 2.5913, "y": -9.428, "fAckley": 17.281514024947366, "ChiSquared": null}, "Point T7-961-21082019131635": {"x": -22.3636, "y": -25.0458, "fAckley": 21.38072035219953, "ChiSquared": null}, "Point T3-50-21082019131635": {"x": -5.6291, "y": -7.2816, "fAckley": 16.634236431036022, "ChiSquared": null}, "Point T0-905-23082019093533-GenNb0": {"x": 9.70226, "y": 22.6131, "fAckley": 21.51153297149847, "ChiSquared": null}, "Point T6-389-21082019131635": {"x": 18.9918, "y": 6.1068, "fAckley": 19.090311612876484, "ChiSquared": null}, "Point T4-111-21082019131635": {"x": 26.1659, "y": 20.3453, "fAckley": 21.563369543377704, "ChiSquared": null}, "Point T6-469-21082019131635": {"x": -22.0122, "y": 5.6247, "fAckley": 20.758336625714414, "ChiSquared": null}, "Point T2-279-21082019131635": {"x": 8.2522, "y": -0.7235, "fAckley": 15.606201169658515, "ChiSquared": null}, "Point T0-516-23082019093534-GenNb0": {"x": -28.991889999999998, "y": 0.8687959999999997, "fAckley": 20.073739790137434, "ChiSquared": null}, "Point T1-499-21082019131636": {"x": -29.5957, "y": -10.4937, "fAckley": 22.08078860327813, "ChiSquared": null}, "Point T0-18-23082019093534-GenNb0": {"x": -4.751734, "y": -1.9523899999999976, "fAckley": 11.425078650868585, "ChiSquared": null}, "Point T5-59-21082019131636": {"x": -8.9406, "y": 24.4632, "fAckley": 21.236442628513807, "ChiSquared": null}, "Point T0-257-23082019093534-GenNb0": {"x": -17.7557, "y": 42.02525800000001, "fAckley": 21.018742058981328, "ChiSquared": null}, "Point T4-383-21082019131636": {"x": 8.2296, "y": -18.3213, "fAckley": 20.691829624954998, "ChiSquared": null}, "Point T2-406-21082019131636": {"x": -25.4382, "y": -18.9377, "fAckley": 21.493329471299717, "ChiSquared": null}, "Point T0-110-21082019131636": {"x": -21.1328, "y": 5.0803, "fAckley": 19.626003007960303, "ChiSquared": null}, "Point T6-737-21082019131637": {"x": 11.9721, "y": 29.5419, "fAckley": 21.48823842478132, "ChiSquared": null}, "Point T0-307-23082019093535-GenNb0": {"x": -10.8665, "y": 5.737552000000003, "fAckley": 17.85692758410302, "ChiSquared": null}, "Point T0-658-23082019093535-GenNb0": {"x": -8.175642000000003, "y": -8.1051, "fAckley": 16.93311763535515, "ChiSquared": null}, "Point T0-788-23082019093535-GenNb0": {"x": 0.2678, "y": 16.528054, "fAckley": 20.209271957953273, "ChiSquared": null}, "Point T0-929-23082019093535-GenNb0": {"x": -13.499262, "y": -3.152460000000001, "fAckley": 19.093729048345896, "ChiSquared": null}, "Point T0-522-23082019093535-GenNb0": {"x": -11.876352, "y": 7.1827, "fAckley": 18.155428726338886, "ChiSquared": null}, "Point T3-807-21082019131637": {"x": 4.8445, "y": 11.7658, "fAckley": 18.020535643442738, "ChiSquared": null}, "Point T0-609-23082019093536-GenNb0": {"x": -4.7966239999999996, "y": 10.588123999999999, "fAckley": 18.09857868177702, "ChiSquared": null}, "Point T7-428-21082019131638": {"x": -11.8837, "y": 20.1458, "fAckley": 20.018763427464556, "ChiSquared": null}, "Point T5-770-21082019131638": {"x": -0.8311, "y": 24.7496, "fAckley": 20.840984881346085, "ChiSquared": null}, "Point T0-568-23082019093536-GenNb0": {"x": 11.699392, "y": 30.218542, "fAckley": 21.570207848412313, "ChiSquared": null}, "Point T5-185-21082019131638": {"x": 17.8354, "y": 23.8296, "fAckley": 20.78005960975755, "ChiSquared": null}, "Point T0-354-21082019131638": {"x": 6.813, "y": 17.5764, "fAckley": 20.5492664565186, "ChiSquared": null}, "Point T5-258-21082019131638": {"x": 7.12, "y": 16.6763, "fAckley": 20.027310224905296, "ChiSquared": null}, "Point T4-285-21082019131638": {"x": 3.1236, "y": 29.8583, "fAckley": 20.475112378022857, "ChiSquared": null}, "Point T5-55-21082019131639": {"x": -9.4482, "y": -5.1487, "fAckley": 17.51330122623029, "ChiSquared": null}, "Point T2-487-21082019131639": {"x": -2.5639, "y": 22.1716, "fAckley": 21.067242930789316, "ChiSquared": null}, "Point T0-578-23082019093537-GenNb0": {"x": -26.4706, "y": 51.121781999999996, "fAckley": 21.835120321050802, "ChiSquared": null}, "Point T6-528-21082019131639": {"x": -16.1722, "y": -14.8757, "fAckley": 20.02021377006072, "ChiSquared": null}, "Point T0-724-23082019093538-GenNb0": {"x": 4.0704, "y": 24.236768, "fAckley": 20.461541896397776, "ChiSquared": null}, "Point T0-691-23082019093538-GenNb0": {"x": -0.8686, "y": 3.099708, "fAckley": 7.927952968188288, "ChiSquared": null}, "Point T6-326-21082019131639": {"x": 14.5205, "y": -12.7219, "fAckley": 20.856276581103483, "ChiSquared": null}, "Point T0-596-23082019093538-GenNb0": {"x": -8.59812, "y": -20.5816, "fAckley": 21.43491784338804, "ChiSquared": null}, "Point T7-605-21082019131639": {"x": 6.4771, "y": 3.4108, "fAckley": 15.216297135514152, "ChiSquared": null}, "Point T0-599-23082019093538-GenNb0": {"x": 7.126385999999998, "y": 18.842774000000002, "fAckley": 19.690681067701465, "ChiSquared": null}, "Point T0-868-23082019093538-GenNb0": {"x": -11.081178000000001, "y": 5.4, "fAckley": 18.18703151504047, "ChiSquared": null}, "Point T0-438-23082019093538-GenNb0": {"x": 1.9829, "y": -0.8181420000000017, "fAckley": 5.928299620665431, "ChiSquared": null}, "Point T0-156-23082019093538-GenNb0": {"x": 10.552748, "y": 12.600022000000003, "fAckley": 20.345342748584514, "ChiSquared": null}, "Point T7-245-21082019131640": {"x": -5.4666, "y": 1.323, "fAckley": 13.198938038330686, "ChiSquared": null}, "Point T5-688-21082019131640": {"x": 6.1508, "y": 6.6724,