{"Point T7-561-24092019112018-GenNb112": {"k": 105870.29905977625, "zL": 50.08329342211269, "c0": 0.5413, "c1": 0.30375496343332936, "c2": -0.5230054984, "c0Prime": 0.7351, "Mu1": 13.330300728003214, "Mu11": 0.12549089867970098, "Mu11Prime": 0.33509696619227014, "Mu2Tilde": 2.024723531594043, "mWpm": 98.0956027131257, "mTop": 190.2903747052929, "mZ0": 111.87752561779462, "mZprime": 7722.645662575143, "mPsiDark": 1014.515901851457, "mTau": 1.498650627604007, "mBottom": 3.9649447179514437, "mTauTow": 1417.2880991739128, "mBottomTow": 1138.3404575907214, "Higgs": 98.59350097189247, "ThetaHiggs": 0.2685967954830816, "mNeutrino": 0.919236356003685, "Triviality": 0, "ChiSquared": null, "LogL": null, "sin2ThW": null},"Point T7-701-24092019185106-GenNb418": {"k": 193132.63528789772, "zL": 33.31981993344637, "c0": 0.17243322092874452, "c1": 0.21979319120163743, "c2": -1.1315645447815745, "c0Prime": 0.60807403125664, "Mu1": 16.35177316332754, "Mu11": 0.3876915268089979, "Mu11Prime": 1.1900862175419151, "Mu2Tilde": 2.6744271899978305, "mWpm": 82.01773807511202, "mTop": 189.37773489035476, "mZ0": 93.54080446853838, "mZprime": 21409.180497484827, "mPsiDark": 4052.957266330002, "mTau": 1.7970090109385852, "mBottom": 3.9281472545090277, "mTauTow": 715.8354677112916, "mBottomTow": 6776.760660851707, "Higgs": 124.10559261855913, "ThetaHiggs": 0.06572632052224016, "mNeutrino": 0.04541814474946188, "Triviality": 0, "ChiSquared": null, "LogL": null, "sin2ThW": null},"Point T7-636-24092019212321-GenNb520": {"k": 193070.89121383757, "zL": 33.31981993344637, "c0": 0.17243322092874452, "c1": 0.21979319120163743, "c2": -1.1315645447815745, "c0Prime": 0.60807403125664, "Mu1": 16.35177316332754, "Mu11": 0.3876915268089979, "Mu11Prime": 1.1900862175419151, "Mu2Tilde": 2.6744271899978305, "mWpm": 81.99151793158443, "mTop": 189.3171929720608, "mZ0": 93.51090053097056, "mZprime": 21402.33603005756, "mPsiDark": 4051.6615448571415, "mTau": 1.7964345266804695, "mBottom": 3.9268914702810664, "mTauTow": 715.6066170293582, "mBottomTow": 6774.594145544603, "Higgs": 124.06591781262121, "ThetaHiggs": 0.06572632112025138, "mNeutrino": 0.045389110057650436, "Triviality": 0, "ChiSquared": null, "LogL": null, "sin2ThW": null},"Point T7-174-24092019233455-GenNb609": {"k": 190862.69085392467, "zL": 33.31981993344637, "c0": 0.17243322092874452, "c1": 0.21979319120163743, "c2": -1.1315645447815745, "c0Prime": 0.60807403125664, "Mu1": 16.35177316332754, "Mu11": 0.3876915268089979, "Mu11Prime": 1.1900862175419151, "Mu2Tilde": 2.6744271899978305, "mWpm": 81.0537607040197, "mTop": 187.15192551038768, "mZ0": 92.44139328142586, "mZprime": 21157.55212798852, "mPsiDark": 4005.321672336186, "mTau": 1.7758882611873634, "mBottom": 3.881978643326792, "mTauTow": 707.4220442733937, "mBottomTow": 6697.111407801874, "Higgs": 122.64694547257695, "ThetaHiggs": 0.06572632143879434, "mNeutrino": 0.04435679452647121, "Triviality": 0, "ChiSquared": null, "LogL": null, "sin2ThW": null},"Point T7-456-24092019234446-GenNb615": {"k": 59519.306969683115, "zL": 42.563084635251435, "c0": 0.31898155665208133, "c1": 0.2314294923130052, "c2": -0.5345140662986535, "c0Prime": 0.5831173036550913, "Mu1": 24.197966878557942, "Mu11": 0.4109208059206946, "Mu11Prime": 0.246225529026315, "Mu2Tilde": 2.1695924804460525, "mWpm": 77.92241702205199, "mTop": 185.9303939045231, "mZ0": 88.87011206893389, "mZprime": 5125.4756444783125, "mPsiDark": 958.8232461086963, "mTau": 1.7487722024874939, "mBottom": 4.1338377021147314, "mTauTow": 840.210303894769, "mBottomTow": 1417.4590944060349, "Higgs": 119.60824846811431, "ThetaHiggs": 0.2975755484047435, "mNeutrino": 0.1500070958525655, "Triviality": 0, "ChiSquared": null, "LogL": null, "sin2ThW": null},"Point T7-752-25092019053344-GenNb850": {"k": 33110.42135028129, "zL": 32.34802011410415, "c0": 0.44286150256648876, "c1": 0.2820817408341639, "c2": -0.4489951136, "c0Prime": 0.5125337096000001, "Mu1": 19.45538674920547, "Mu11": 0.3258577304206261, "Mu11Prime": 0.19872820640000005, "Mu2Tilde": 1.854793932463564, "mWpm": 82.46209441239998, "mTop": 156.09711798395637, "mZ0": 94.04759056427956, "mZprime": 3776.015178748909, "mPsiDark": 831.2409748427846, "mTau": 1.7427987534262361, "mBottom": 4.147575931532896, "mTauTow": 800.4200086542131, "mBottomTow": 859.8647784110577, "Higgs": 131.37548722514072, "ThetaHiggs": 0.37684040074362546, "mNeutrino": 0.13863900828450273, "Triviality": 0, "ChiSquared": null, "LogL": null, "sin2ThW": null},"Point T7-637-25092019084104-GenNb977": {"k": 223662.54599329905, "zL": 37.35169287438559, "c0": 0.23, "c1": 0.22454786357357695, "c2": -0.7533824181902671, "c0Prime": 0.6080470264070913, "Mu1": 15.448481323186192, "Mu11": 0.35753820958153015, "Mu11Prime": 0.3816, "Mu2Tilde": 1.9853, "mWpm": 74.464099864709, "mTop": 176.19972091596262, "mZ0": 84.92591930530322, "mZprime": 22043.919179034594, "mPsiDark": 4078.8952662786874, "mTau": 1.916132008868999, "mBottom": 4.1423034493577084, "mTauTow": 1806.0976627983207, "mBottomTow": 6511.4277942408935, "Higgs": 120.93930399129103, "ThetaHiggs": 0.06125470728286107, "mNeutrino": 0.06406924735760264, "Triviality": 0, "ChiSquared": null, "LogL": null, "sin2ThW": null},"Point T7-829-25092019105416-GenNb1068": {"k": 59519.306969683115, "zL": 42.563084635251435, "c0": 0.31898155665208133, "c1": 0.2314294923130052, "c2": -0.5345140662986535, "c0Prime": 0.5831173036550913, "Mu1": 24.197966878557942, "Mu11": 0.41694649138127265, "Mu11Prime": 0.246225529026315, "Mu2Tilde": 2.1695924804460525, "mWpm": 77.943394584145, "mTop": 185.98184520874594, "mZ0": 88.89403686959314, "mZprime": 5125.472734425161, "mPsiDark": 958.8162998479892, "mTau": 1.7492446161445243, "mBottom": 4.195578558011438, "mTauTow": 840.2151651136911, "mBottomTow": 1417.4626242719312, "Higgs": 119.63485303570079, "ThetaHiggs": 0.2976580451739187, "mNeutrino": 0.15009012830838375, "Triviality": 0, "ChiSquared": null, "LogL": null, "sin2ThW": null},"Point T7-414-25092019143541-GenNb1218": {"k": 59519.306969683115, "zL": 42.563084635251435, "c0": 0.31898155665208133, "c1": 0.23586756044684282, "c2": -0.5345140662986535, "c0Prime": 0.5831173036550913, "Mu1": 24.197966878557942, "Mu11": 0.41694649138127265, "Mu11Prime": 0.246225529026315, "Mu2Tilde": 2.1695924804460525, "mWpm": 78.34844644701755, "mTop": 186.97554269036632, "mZ0": 89.35599641631802, "mZprime": 5125.4163931055355, "mPsiDark": 958.6817722001211, "mTau": 1.7583666758452394, "mBottom": 4.1604842331996466, "mTauTow": 840.3093070667821, "mBottomTow": 1413.6074935056488, "Higgs": 120.14846239866894, "ThetaHiggs": 0.2992513597189812, "mNeutrino": 0.15169827043238027, "Triviality": 0, "ChiSquared": null, "LogL": null, "sin2ThW": null},"Point T7-846-25092019202837-GenNb1455": {"k": 105870.29905977625, "zL": 50.08329342211269, "c0": 0.5349484963537432, "c1": 0.26348833003139693, "c2": -0.5230054984, "c0Prime": 0.7351, "Mu1": 13.330300728003214, "Mu11": 0.12549089867970098, "Mu11Prime": 0.33509696619227014, "Mu2Tilde": 2.024723531594043, "mWpm": 94.30108329773316, "mTop": 184.62780254417638, "mZ0": 107.54989592429772, "mZprime": 7723.073323629611, "mPsiDark": 1015.2819189227014, "mTau": 1.471536996712141, "mBottom": 4.302839967042989, "mTauTow": 1413.4243133193565, "mBottomTow": 1221.2150116172568, "Higgs": 96.62730764758852, "ThetaHiggs": 0.25797064976533224, "mNeutrino": 0.8284259047045439, "Triviality": 0, "ChiSquared": null, "LogL": null, "sin2ThW": null},"Point T7-866-26092019001449-GenNb1610": {"k": 33110.42135028129, "zL": 32.34802011410415, "c0": 0.44286150256648876, "c1": 0.2820817408341639, "c2": -0.4489951136, "c0Prime": 0.5125337096000001, "Mu1": 19.45538674920547, "Mu11": 0.3289529353113525, "Mu11Prime": 0.19872820640000005, "Mu2Tilde": 1.854793932463564, "mWpm": 82.46678519048584, "mTop": 156.10638295838342, "mZ0": 94.0529403723337, "mZprime": 3776.0142304785445, "mPsiDark": 831.2387275053246, "mTau": 1.7429003860421748, "mBottom": 4.1871903896282054, "mTauTow": 800.4206215494443, "mBottomTow": 859.8674173615095,