{"Point T2-814-24092019170022-GenNb347": {"k": 125980.33374859304, "zL": 41.161373312015996, "c0": 0.08993720214181598, "c1": 0.12716021924293808, "c2": -0.8205721615202305, "c0Prime": 0.5272582016000001, "Mu1": 10.781942380446607, "Mu11": 0.27391093025302615, "Mu11Prime": 0.3317564295376001, "Mu2Tilde": 1.9790445057280004, "mWpm": 70.94198649508465, "mTop": 186.58038970017537, "mZ0": 80.9089672927723, "mZprime": 11237.189647330442, "mPsiDark": 2368.530514659136, "mTau": 1.7725571234879411, "mBottom": 4.245377683618677, "mTauTow": 572.0035360082809, "mBottomTow": 3919.2033378785495, "Higgs": 131.46411983133348, "ThetaHiggs": 0.12021603631421034, "mNeutrino": 0.036158507120661744, "Triviality": 0, "ChiSquared": null, "LogL": null, "sin2ThW": null},"Point T2-905-25092019144615-GenNb1244": {"k": 105031.05822459926, "zL": 38.00428334437342, "c0": 0.12542384178016003, "c1": 0.038815005554297954, "c2": -0.8030117884675625, "c0Prime": 0.5491136506560002, "Mu1": 10.830022446740507, "Mu11": 0.18701108701792096, "Mu11Prime": 0.29723768165813325, "Mu2Tilde": 1.8911442664, "mWpm": 75.72115810749742, "mTop": 189.87565807770613, "mZ0": 86.35958770501635, "mZprime": 10167.106950243076, "mPsiDark": 2085.5298672694244, "mTau": 1.7602351263337042, "mBottom": 4.18564615778591, "mTauTow": 594.8677551730477, "mBottomTow": 3676.343348533203, "Higgs": 122.14945725348629, "ThetaHiggs": 0.13649471732485097, "mNeutrino": 0.04161817768890267, "Triviality": 0, "ChiSquared": null, "LogL": null, "sin2ThW": null},"Point T2-805-26092019003615-GenNb1646": {"k": 97232.43884312849, "zL": 51.143878100838826, "c0": 0.15002428867991593, "c1": 0.08085040692209884, "c2": -0.6324618487815744, "c0Prime": 0.556074, "Mu1": 15.650089675337107, "Mu11": 0.27288785495046164, "Mu11Prime": 0.37906318568483754, "Mu2Tilde": 3.2241449999999996, "mWpm": 67.22381614819115, "mTop": 193.47104154868487, "mZ0": 76.66841331552209, "mZprime": 6944.676691737279, "mPsiDark": 1334.870673727903, "mTau": 1.7955800018188535, "mBottom": 4.187426304695318, "mTauTow": 832.4814108056922, "mBottomTow": 2442.5835984531996, "Higgs": 128.08073305447985, "ThetaHiggs": 0.2058583512513472, "mNeutrino": 0.07314862099640097, "Triviality": 0, "ChiSquared": null, "LogL": null, "sin2ThW": null},"Point T2-418-26092019035856-GenNb1785": {"k": 220745.5324854828, "zL": 39.6215152605744, "c0": 0.2887, "c1": 0.27582956595466157, "c2": -1.0535912251087554, "c0Prime": 0.6537, "Mu1": 11.757775879443201, "Mu11": 0.23950413134818127, "Mu11Prime": 1.8064709967376003, "Mu2Tilde": 3.6822482553846636, "mWpm": 82.81147137519523, "mTop": 193.60491731672033, "mZ0": 94.44605317651002, "mZprime": 20477.314244851714, "mPsiDark": 3424.4590898015144, "mTau": 1.6260784308830236, "mBottom": 4.099529012166736, "mTauTow": 1043.6982056620884, "mBottomTow": 5052.050992480529, "Higgs": 119.35092322832743, "ThetaHiggs": 0.07549103689068587, "mNeutrino": 0.12019501038739865, "Triviality": 0, "ChiSquared": null, "LogL": null, "sin2ThW": null},"Point T2-375-26092019123501-GenNb2135": {"k": 48705.914987629214, "zL": 29.738159335630986, "c0": 0.6282999195538048, "c1": 0.08063182441670608, "c2": -0.47471599999999997, "c0Prime": 0.4714152027744, "Mu1": 11.893151353049007, "Mu11": 0.08627613786599939, "Mu11Prime": 0.12000208640000004, "Mu2Tilde": 0.6857176742712044, "mWpm": 84.22977351973518, "mTop": 119.90974587287394, "mZ0": 96.06361940905134, "mZprime": 6066.953851438359, "mPsiDark": 1462.1373906161668, "mTau": 1.6064097403164166, "mBottom": 4.029757769905227, "mTauTow": 902.1308833325245, "mBottomTow": 1045.4253290716497, "Higgs": 142.41348311200105, "ThetaHiggs": 0.22696673110882926, "mNeutrino": 0.20528336576195402, "Triviality": 0, "ChiSquared": null, "LogL": null, "sin2ThW": null},"Point T2-356-26092019152738-GenNb2252": {"k": 48705.914987629214, "zL": 29.69748907041177, "c0": 0.6282999195538048, "c1": 0.08063182441670608, "c2": -0.47471599999999997, "c0Prime": 0.4714152027744, "Mu1": 11.893151353049007, "Mu11": 0.08627613786599939, "Mu11Prime": 0.12000208640000004, "Mu2Tilde": 0.6857176742712044, "mWpm": 85.25005205204728, "mTop": 121.33019998367232, "mZ0": 97.22724177823997, "mZprime": 6075.432714952806, "mPsiDark": 1464.2146347239309, "mTau": 1.6271928362275434, "mBottom": 4.074371075125158, "mTauTow": 903.6092135918399, "mBottomTow": 1047.33393336693, "Higgs": 144.04422526768343, "ThetaHiggs": 0.2292781981359043, "mNeutrino": 0.20952768022031062, "Triviality": 0, "ChiSquared": null, "LogL": null, "sin2ThW": null},"Point T2-297-27092019024550-GenNb2718": {"k": 125980.33374859304, "zL": 41.161373312015996, "c0": 0.08993720214181598, "c1": 0.12716021924293808, "c2": -0.8205721615202305, "c0Prime": 0.5272582016000001, "Mu1": 10.781942380446607, "Mu11": 0.2696137387656841, "Mu11Prime": 0.3317564295376001, "Mu2Tilde": 1.9790445057280004, "mWpm": 70.80933913085028, "mTop": 186.22989347537268, "mZ0": 80.75768366251965, "mZprime": 11237.197345952134, "mPsiDark": 2368.5503743520044, "mTau": 1.7695198384109057, "mBottom": 4.170968735470501, "mTauTow": 571.909069016835, "mBottomTow": 3919.197804495873, "Higgs": 131.27183408077815, "ThetaHiggs": 0.11999020152228468, "mNeutrino": 0.036022785284276555, "Triviality": 0, "ChiSquared": null, "LogL": null, "sin2ThW": null},"Point T2-516-28092019032138-GenNb3731": {"k": 145544.75076651885, "zL": 37.23823857464973, "c0": 0.19492106109895477, "c1": 0.47631101280963895, "c2": -0.8421786969163263, "c0Prime": 0.5924423015040001, "Mu1": 13.60662045537399, "Mu11": 0.6896009510798472, "Mu11Prime": 0.5079926120293632, "Mu2Tilde": 2.499062485780595, "mWpm": 78.50445590257937, "mTop": 189.2374300760807, "mZ0": 89.53392439044218, "mZprime": 14388.405193284865, "mPsiDark": 2740.477898364045, "mTau": 1.767296506336055, "mBottom": 4.09248646372932, "mTauTow": 1015.3255022090475, "mBottomTow": 2982.6104746266187, "Higgs": 118.24847248104489, "ThetaHiggs": 0.0988794319968927, "mNeutrino": 0.05996453937644241, "Triviality": 0, "ChiSquared": null, "LogL": null, "sin2ThW": null},"Point T2-896-28092019091013-GenNb3968": {"k": 152348.09890586376, "zL": 51.20359494476422, "c0": 0.1608, "c1": 0.355951693024, "c2": -0.6820604897404986, "c0Prime": 0.565165916400832, "Mu1": 11.846471906689866, "Mu11": 0.48871765308074244, "Mu11Prime": 0.6393095822182401, "Mu2Tilde": 4.22325067983072, "mWpm": 65.78831274100648, "mTop": 187.78346065414212, "mZ0": 75.03122913223713, "mZprime": 10871.094017822687, "mPsiDark": 2059.350083793919, "mTau": 1.8473779071152998, "mBottom": 4.07628050367511, "mTauTow": 1281.5971628400025, "mBottomTow": 2624.5969807569136, "Higgs": 134.56073837034944, "ThetaHiggs": 0.12826144659797997, "mNeutrino": 0.07390012079461374, "Triviality": 0, "ChiSquared": null, "LogL": null, "sin2ThW": null},"Point T2-798-28092019180618-GenNb4336": {"k": 91701.43065274243, "zL": 36.167191626336, "c0": 0.10290394145484988, "c1": 0.17184771348353883, "c2": -0.6973337717315162, "c0Prime": 0.5857986693440002, "Mu1": 10.845563479780674, "Mu11": 0.2837915689903352, "Mu11Prime": 0.3491902039999999, "Mu2Tilde": 3.607814393769067, "mWpm": 77.67416175277413, "mTop": 191.53141460258104, "mZ0": 88.58697822317315, "mZprime": 9339.89516760091, "mPsiDark": 1807.7358501281692, "mTau": 1.754113909812887, "mBottom": 4.115235521171327, "mTauTow": 1060.2131344876032, "mBottomTow": 3102.1973718121917, "Higgs": 114.08809416488756, "ThetaHiggs": 0.14886296041790936, "mNeutrino": 0.03512765757435873, "Triviality": 0, "ChiSquared": null, "LogL": null, "sin2ThW": null},"Point T2-348-29092019032437-GenNb4720": {"k": 220745.5324854828, "zL": 39.6215152605744, "c0": 0.2887, "c1": 0.27582956595466157, "c2": -1.0535912251087554, "c0Prime": 0.6537, "Mu1": 11.757775879443201, "Mu11": 0.24038402992186253, "Mu11Prime": 1.8064709967376003, "Mu2Tilde": 3.6822482553846636, "mWpm": 82.90534571032465, "mTop": 193.82477111911467, "mZ0": 94.55311636836389, "mZprime": 20477.310736743348, "mPsiDark": 3424.4528288105594, "mTau": 1.6278971586343087, "mBottom": 4.119252821065411,