{"Point T6-949-05092019140537-GenNb0": {"k": 173556.2089, "zL": 36.1411, "c0": 0.1167, "c1": 0.0715, "c2": -0.6017499999999999, "c0Prime": 0.6089880000000001, "Mu1": 12.4399, "Mu11": 0.2792, "Mu11Prime": 1.2059, "Mu2Tilde": 1.3588, "mWpm": 0.004003803891657111, "mTop": 0.00979708047400392, "mZ0": 0.004566317552148117, "mZprime": 17695.709842309345, "mPsiDark": 3291.8300628004604, "mTau": 0.0010771451438303223, "mBottom": 0.0002494353073344881, "mTauTow": 1392.879558656547, "mBottomTow": 6422.610062081776, "Higgs": 74.52889183060569, "ThetaHiggs": 4.035445213101951e-06, "mNeutrino": 9.911680967537272e-11, "Triviality": 0, "ChiSquared": null, "LogL": null, "sin2ThW": null},"Point T6-438-05092019140555-GenNb0": {"k": 103617.2108, "zL": 37.564, "c0": 0.1678, "c1": 0.1008, "c2": -0.739, "c0Prime": 0.6112, "Mu1": 10.907708000000001, "Mu11": 0.6982, "Mu11Prime": 1.2978, "Mu2Tilde": 2.5947020000000003, "mWpm": 181.2017893311048, "mTop": 451.19967789937823, "mZ0": 206.6596999986458, "mZprime": 10138.69347673832, "mPsiDark": 1837.05173487736, "mTau": 14.48569522820954, "mBottom": 34.74734417677943, "mTauTow": 988.5177440724603, "mBottomTow": 3393.1887322723633, "Higgs": 185.4423509213219, "ThetaHiggs": 0.3301068704514776, "mNeutrino": 0.29494798427201385, "Triviality": 0, "ChiSquared": null, "LogL": null, "sin2ThW": null},"Point T6-433-05092019140717-GenNb2": {"k": 93139.026656, "zL": 32.290938000000004, "c0": 0.248264, "c1": 0.041, "c2": -0.574768, "c0Prime": 0.599, "Mu1": 10.5663, "Mu11": 0.8147, "Mu11Prime": 0.884818, "Mu2Tilde": 2.4499, "mWpm": 8.225333002870311e-05, "mTop": 0.00017578279868670592, "mZ0": 9.380949586850169e-05, "mZprime": 10664.88798498197, "mPsiDark": 2066.2315521496434, "mTau": 6.825996267131536e-06, "mBottom": 2.3677756968846922e-05, "mTauTow": 1644.5778310749379, "mBottomTow": 3354.1318689138006, "Higgs": 507.51591427506287, "ThetaHiggs": 1.2727668015676567e-07, "mNeutrino": 5.71042442139806e-14, "Triviality": 0, "ChiSquared": null, "LogL": null, "sin2ThW": null},"Point T6-372-05092019140843-GenNb4": {"k": 102701.8201, "zL": 30.6029, "c0": 0.2264, "c1": 0.135, "c2": -0.5902, "c0Prime": 0.5583, "Mu1": 12.5959, "Mu11": 0.905804, "Mu11Prime": 0.2958, "Mu2Tilde": 1.362, "mWpm": 80.9090960989239, "mTop": 175.11084412315012, "mZ0": 92.27640405035987, "mZprime": 12427.968061283003, "mPsiDark": 2605.9965263464874, "mTau": 4.245223037656637, "mBottom": 16.069279128172987, "mTauTow": 1319.6113174139437, "mBottomTow": 3917.1673654281863, "Higgs": 111.54761637811059, "ThetaHiggs": 0.10729936300300896, "mNeutrino": 0.04638260699297895, "Triviality": 0, "ChiSquared": null, "LogL": null, "sin2ThW": null},"Point T6-321-05092019140908-GenNb4": {"k": 318727.295706, "zL": 34.5519, "c0": 0.09407999999999998, "c1": 0.1044, "c2": -0.42970800000000003, "c0Prime": 0.5946, "Mu1": 11.940388, "Mu11": 0.7043, "Mu11Prime": 1.3387, "Mu2Tilde": 0.5719619999999999, "mWpm": 4.5368460206801564e-05, "mTop": 0.0001092832375356756, "mZ0": 5.1742493329389384e-05, "mZprime": 34036.533674924416, "mPsiDark": 6559.191969568148, "mTau": 5.180958392417723e-05, "mBottom": 6.254782340978223e-06, "mTauTow": 2207.260115962668, "mBottomTow": 12274.739998891293, "Higgs": 1023.5246987022348, "ThetaHiggs": 2.3260250170409336e-08, "mNeutrino": 1.031815418199967e-14, "Triviality": 0, "ChiSquared": null, "LogL": null, "sin2ThW": null},"Point T6-21-05092019140923-GenNb4": {"k": 101161.61298295998, "zL": 38.6857, "c0": 0.0591, "c1": 0.073316, "c2": -0.8154, "c0Prime": 0.5467, "Mu1": 11.9962, "Mu11": 0.22137199999999996, "Mu11Prime": 0.9384, "Mu2Tilde": 2.0312, "mWpm": 142.31927208792803, "mTop": 369.0394194411825, "mZ0": 162.31439094662457, "mZprime": 9608.227706787902, "mPsiDark": 1957.8586959236693, "mTau": 9.60240941170286, "mBottom": 6.518897340246747, "mTauTow": 580.3621139061609, "mBottomTow": 3641.3735043165284, "Higgs": 194.32455897068488, "ThetaHiggs": 0.2761893735088917, "mNeutrino": 0.11072456304962193, "Triviality": 0, "ChiSquared": null, "LogL": null, "sin2ThW": null},"Point T6-547-05092019140953-GenNb5": {"k": 169033.4907, "zL": 35.884564000000005, "c0": 0.5333, "c1": 0.1875, "c2": -0.6278, "c0Prime": 0.6912, "Mu1": 13.1731, "Mu11": 0.52, "Mu11Prime": 0.1498, "Mu2Tilde": 1.6926, "mWpm": 332.4195397709959, "mTop": 582.9322105624341, "mZ0": 379.12275930803617, "mZprime": 17331.822381430386, "mPsiDark": 2715.500292240915, "mTau": 2.410959603055909, "mBottom": 64.24452463910734, "mTauTow": 2535.659227163578, "mBottomTow": 3287.6132632006365, "Higgs": 368.5124084131793, "ThetaHiggs": 0.347025768405046, "mNeutrino": 4.099877710288895, "Triviality": 0, "ChiSquared": null, "LogL": null, "sin2ThW": null},"Point T6-495-05092019141212-GenNb8": {"k": 278045.228412, "zL": 39.6319, "c0": 0.0317, "c1": 0.031931999999999974, "c2": -0.5404, "c0Prime": 0.591828, "Mu1": 11.6964, "Mu11": 0.7472, "Mu11Prime": 1.4913, "Mu2Tilde": 1.5009, "mWpm": 0.0002693640071892559, "mTop": 0.0007002823814314767, "mZ0": 0.0003072082517598464, "mZprime": 25787.697292201436, "mPsiDark": 4865.910485915136, "mTau": 0.0001224370708525216, "mBottom": 4.461604325103889e-05, "mTauTow": 2114.1311483441823, "mBottomTow": 10238.987200731879, "Higgs": 451.5904898685809, "ThetaHiggs": 1.9484664282032327e-07, "mNeutrino": 3.5207055584970214e-13, "Triviality": 0, "ChiSquared": null, "LogL": null, "sin2ThW": null},"Point T6-330-05092019141358-GenNb10": {"k": 95908.17283099997, "zL": 41.953756, "c0": 0.0921, "c1": 0.2654, "c2": -0.4529, "c0Prime": 0.4763, "Mu1": 11.2981, "Mu11": 1.1508, "Mu11Prime": 0.4133, "Mu2Tilde": 1.8610110800000002, "mWpm": 5.22217223362485, "mTop": 13.823050934242142, "mZ0": 5.955860320839082, "mZprime": 8390.817789044522, "mPsiDark": 1933.5673521322963, "mTau": 0.5972411158280876, "mBottom": 0.8325757806878804, "mTauTow": 1134.6338852178349, "mBottomTow": 2480.608723584298, "Higgs": 14.640859301437139, "ThetaHiggs": 0.011936437851565625, "mNeutrino": 0.00020553558355533848, "Triviality": 0, "ChiSquared": null, "LogL": null, "sin2ThW": null},"Point T6-752-05092019141513-GenNb11": {"k": 315260.0252057064, "zL": 36.1411, "c0": 0.11585999999999999, "c1": 0.0715, "c2": -0.6017499999999999, "c0Prime": 0.6089880000000001, "Mu1": 12.4399, "Mu11": 0.2792, "Mu11Prime": 1.2059, "Mu2Tilde": 1.3588, "mWpm": 0.0024174261807783097, "mTop": 0.005916751304986545, "mZ0": 0.0027570620087842574, "mZprime": 32143.76464131497, "mPsiDark": 5979.517731755676, "mTau": 0.0006490324802669354, "mBottom": 0.00015028532444483447, "mTauTow": 2525.7615987019126, "mBottomTow": 11675.718699629097, "Higgs": 158.4029299593844, "ThetaHiggs": 1.3413531343431373e-06, "mNeutrino": 3.5982812259476324e-11, "Triviality": 0, "ChiSquared": null, "LogL": null, "sin2ThW": null},"Point T6-920-05092019141518-GenNb11": {"k": 101161.61298295998, "zL": 38.6857, "c0": 0.0591, "c1": 0.073316, "c2": -0.5439999999999999, "c0Prime": 0.5467, "Mu1": 11.9962, "Mu11": 0.22137199999999996, "Mu11Prime": 0.9384, "Mu2Tilde": 1.5964733128000002, "mWpm": 30.90860716397886, "mTop": 79.20953336688312, "mZ0": 35.251106004323475, "mZprime": 9617.48649715208, "mPsiDark": 1979.7218429828058, "mTau": 7.682497170219192, "mBottom": 1.4035911775632732, "mTauTow": 876.706659882096, "mBottomTow": 3638.6818886420456, "Higgs": 59.8458093572515, "ThetaHiggs": 0.059278829566184736, "mNeutrino": 0.005100977031051084, "Triviality": 0, "ChiSquared": null, "LogL": null, "sin2ThW": null},"Point T6-235-05092019141544-GenNb12": {"k": 265977.5685, "zL": 34.0286, "c0": 0.021, "c1": 0.1984, "c2": -0.8404, "c0Prime": 0.5443, "Mu1": 12.203266000000001, "Mu11": 1.3905, "Mu11Prime": 0.9835, "Mu2Tilde": 1.5989, "mWpm": 288.38464866525004, "mTop": 700.1194096741724, "mZ0": 328.90119461499734, "mZprime": 28839.999518753048, "mPsiDark": 6066.554549420165, "mTau": 28.810768159375208, "mBottom": 48.7658906829039, "mTauTow": 1262.5189279735528, "mBottomTow": 9777.117494582128, "Higgs": 405.93870163733635, "ThetaHiggs": 0.17397317438784815, "mNeutrino": 0.28318945156453473, "Triviality": 0,