{"Point T0-835-24092019144308-GenNb247": {"k": 161429.47351417982, "zL": 40.511057, "c0": 0.270806532, "c1": 0.32459826674375314, "c2": -0.9599836247999999, "c0Prime": 0.609036227776, "Mu1": 26.18309096240478, "Mu11": 0.5434391973920951, "Mu11Prime": 0.5716009630854109, "Mu2Tilde": 1.5577003688078206, "mWpm": 90.91923635168682, "mTop": 217.84591158313003, "mZ0": 103.6929170396455, "mZprime": 14636.260591160199, "mPsiDark": 2656.285298442575, "mTau": 1.8063377145547608, "mBottom": 3.827489697715076, "mTauTow": 585.8518008490703, "mBottomTow": 3960.1719180253026, "Higgs": 134.36349891552885, "ThetaHiggs": 0.11736137526533684, "mNeutrino": 0.14125339410176294, "Triviality": 0, "ChiSquared": null, "LogL": null, "sin2ThW": null},"Point T0-249-24092019200550-GenNb466": {"k": 272803.1791465748, "zL": 32.8727, "c0": 0.1192, "c1": 0.241, "c2": -0.8176, "c0Prime": 0.33461084, "Mu1": 14.412139999999999, "Mu11": 0.4137815299502905, "Mu11Prime": 0.021171892592000002, "Mu2Tilde": 0.5105, "mWpm": 73.2037001887991, "mTop": 171.0832486979252, "mZ0": 83.48844001846257, "mZprime": 30666.353739147875, "mPsiDark": 9024.334670386303, "mTau": 0.46049942207668376, "mBottom": 3.4971077315215395, "mTauTow": 563.4390646756848, "mBottomTow": 9652.214519516761, "Higgs": 165.13040999598627, "ThetaHiggs": 0.04067167691213959, "mNeutrino": 0.027253481299762634, "Triviality": 0, "ChiSquared": null, "LogL": null, "sin2ThW": null},"Point T0-298-24092019231830-GenNb596": {"k": 32754.49974063758, "zL": 24.93966940343256, "c0": 0.39522547360000004, "c1": 0.33488583177047904, "c2": -0.5017, "c0Prime": 0.4095556115999999, "Mu1": 11.301267213435656, "Mu11": 0.25978197804526193, "Mu11Prime": 0.14438925259199992, "Mu2Tilde": 1.571480234959123, "mWpm": 87.72118073729256, "mTop": 155.15660548677363, "mZ0": 100.04555121456502, "mZprime": 4894.699084721318, "mPsiDark": 1314.5280623665997, "mTau": 1.7107142021755124, "mBottom": 4.166671254288198, "mTauTow": 883.9361118433229, "mBottomTow": 1073.9088035652223, "Higgs": 125.86191116226259, "ThetaHiggs": 0.2699391531665344, "mNeutrino": 0.06502216072521873, "Triviality": 0, "ChiSquared": null, "LogL": null, "sin2ThW": null},"Point T0-401-25092019005013-GenNb658": {"k": 271119.58016644383, "zL": 46.449742016176266, "c0": 0.41193019999999997, "c1": 0.2543726169931534, "c2": -0.585333737192912, "c0Prime": 0.6649, "Mu1": 12.696670716848418, "Mu11": 0.16393722071717456, "Mu11Prime": 0.3557106353723336, "Mu2Tilde": 1.545210692, "mWpm": 77.60589249758706, "mTop": 172.91371514260973, "mZ0": 88.50911749206132, "mZprime": 21372.065463872972, "mPsiDark": 3368.3359980422465, "mTau": 2.128986130450127, "mBottom": 3.7197185662856453, "mTauTow": 2837.7783605057975, "mBottomTow": 4401.845758901742, "Higgs": 114.17561802673505, "ThetaHiggs": 0.07325099572982122, "mNeutrino": 0.2744297259770631, "Triviality": 0, "ChiSquared": null, "LogL": null, "sin2ThW": null},"Point T0-320-25092019041359-GenNb796": {"k": 54731.934437343916, "zL": 30.21390896794654, "c0": 0.0045, "c1": 0.037967967437777195, "c2": -0.578, "c0Prime": 0.47751923765626597, "Mu1": 10.48654675438778, "Mu11": 0.26432041139270557, "Mu11Prime": 0.19057341589727997, "Mu2Tilde": 4.104425655432378, "mWpm": 80.23847650735406, "mTop": 184.24512701028084, "mZ0": 91.51156588778636, "mZprime": 6708.124045161211, "mPsiDark": 1601.0740170733336, "mTau": 1.6891964293506885, "mBottom": 4.255969911546665, "mTauTow": 1016.1708076145238, "mBottomTow": 2683.4919216942535, "Higgs": 123.06008678146547, "ThetaHiggs": 0.19669135397178028, "mNeutrino": 0.01599000705187538, "Triviality": 0, "ChiSquared": null, "LogL": null, "sin2ThW": null},"Point T0-91-25092019053040-GenNb848": {"k": 181812.99647609008, "zL": 39.8952, "c0": 0.1244, "c1": 0.24799674132480004, "c2": -0.9513, "c0Prime": 0.5477, "Mu1": 13.041240919999998, "Mu11": 0.4191282801159727, "Mu11Prime": 0.6565100017138984, "Mu2Tilde": 2.2247, "mWpm": 69.69777644978836, "mTop": 178.60169879505108, "mZ0": 79.4899521955958, "mZprime": 16747.013771583654, "mPsiDark": 3422.5615222628417, "mTau": 1.847474484672629, "mBottom": 3.969396679599657, "mTauTow": 672.0024599542143, "mBottomTow": 5085.42303866613, "Higgs": 131.70223060988528, "ThetaHiggs": 0.07795436519093528, "mNeutrino": 0.03889797622778219, "Triviality": 0, "ChiSquared": null, "LogL": null, "sin2ThW": null},"Point T0-188-25092019082856-GenNb970": {"k": 161429.47351417982, "zL": 40.511057, "c0": 0.270806532, "c1": 0.3194450936319242, "c2": -0.9599836247999999, "c0Prime": 0.609036227776, "Mu1": 26.18309096240478, "Mu11": 0.5434391973920951, "Mu11Prime": 0.5716009630854109, "Mu2Tilde": 1.5577003688078206, "mWpm": 87.33577484699279, "mTop": 209.22525985559426, "mZ0": 99.6059977975647, "mZprime": 14636.461645511066, "mPsiDark": 2656.696872312871, "mTau": 1.7423535067954021, "mBottom": 3.735402254749674, "mTauTow": 583.3339305236849, "mBottomTow": 3985.0862766723385, "Higgs": 130.2496367728784, "ThetaHiggs": 0.11271622037372579, "mNeutrino": 0.13029516386556156, "Triviality": 0, "ChiSquared": null, "LogL": null, "sin2ThW": null},"Point T0-132-25092019113122-GenNb1093": {"k": 325784.9510421733, "zL": 38.2683041543328, "c0": 0.3282, "c1": 0.22600757627361, "c2": -0.975404759728, "c0Prime": 0.6301, "Mu1": 14.90652414575052, "Mu11": 0.2778857343191121, "Mu11Prime": 0.41501929328928, "Mu2Tilde": 0.8978619563164799, "mWpm": 79.02861721567426, "mTop": 176.0956872872119, "mZ0": 90.1317276467729, "mZprime": 31320.000801013237, "mPsiDark": 5530.3017066137045, "mTau": 1.706505574049935, "mBottom": 4.464709723510752, "mTauTow": 833.6972111554383, "mBottomTow": 8140.817949902352, "Higgs": 122.26680561676585, "ThetaHiggs": 0.04628743995205106, "mNeutrino": 0.11955455283556528, "Triviality": 0, "ChiSquared": null, "LogL": null, "sin2ThW": null},"Point T0-828-25092019155001-GenNb1267": {"k": 265467.4672378052, "zL": 46.449742016176266, "c0": 0.41193019999999997, "c1": 0.2543726169931534, "c2": -0.585333737192912, "c0Prime": 0.6649, "Mu1": 12.696670716848418, "Mu11": 0.16393722071717456, "Mu11Prime": 0.3557106353723336, "Mu2Tilde": 1.545210692, "mWpm": 75.98810089638613, "mTop": 169.30911342088328, "mZ0": 86.66403456987452, "mZprime": 20926.515466395856, "mPsiDark": 3298.115260472234, "mTau": 2.084604758682881, "mBottom": 3.642176398225555, "mTauTow": 2778.618331680171, "mBottomTow": 4310.079134558678, "Higgs": 111.79552423475224, "ThetaHiggs": 0.07325107511662889, "mNeutrino": 0.2631073250186881, "Triviality": 0, "ChiSquared": null, "LogL": null, "sin2ThW": null},"Point T0-751-25092019201014-GenNb1441": {"k": 167352.82263425476, "zL": 39.3433, "c0": 0.282194, "c1": 0.2326, "c2": -0.808782, "c0Prime": 0.59409892, "Mu1": 11.5277966685639, "Mu11": 0.21282456493748345, "Mu11Prime": 0.27238168250207095, "Mu2Tilde": 1.2227, "mWpm": 81.3146197464762, "mTop": 190.5301945014074, "mZ0": 92.73890166506267, "mZprime": 15636.245313949694, "mPsiDark": 2938.1860664661044, "mTau": 1.6542243226718423, "mBottom": 4.084312995909179, "mTauTow": 828.4503218061197, "mBottomTow": 4078.0496024101335, "Higgs": 123.11917302656852, "ThetaHiggs": 0.09679654547684191, "mNeutrino": 0.11066209421753538, "Triviality": 0, "ChiSquared": null, "LogL": null, "sin2ThW": null},"Point T0-345-26092019002649-GenNb1616": {"k": 181812.99647609008, "zL": 39.8952, "c0": 0.1244, "c1": 0.24885423276413343, "c2": -0.9513, "c0Prime": 0.5477, "Mu1": 13.041240919999998, "Mu11": 0.4191282801159727, "Mu11Prime": 0.6565100017138984, "Mu2Tilde": 2.2247, "mWpm": 70.6877637293263, "mTop": 181.14360998743047, "mZ0": 80.61902754825662, "mZprime": 16746.97547149823, "mPsiDark": 3422.4708515902407, "mTau": 1.872256248870888, "mBottom": 4.015405414677332, "mTauTow": 672.5447264570605, "mBottomTow": 5079.764566851577, "Higgs": 133.125366525385, "ThetaHiggs": 0.07906385732072078, "mNeutrino": 0.040013069892400284, "Triviality": 0, "ChiSquared": null, "LogL": null, "sin2ThW": null},"Point T0-972-26092019033729-GenNb1746": {"k": 95043.90702446245, "zL": 35.733208, "c0": 0.099236,