{"Point T1-25-24092019141234-GenNb227": {"k": 213067.85410644297, "zL": 37.286522298549045, "c0": 0.23902904, "c1": 0.008609240631797358, "c2": -1.2083085984, "c0Prime": 0.62658216, "Mu1": 28.02692085376687, "Mu11": 0.3303607705162259, "Mu11Prime": 2.1703750519820946, "Mu2Tilde": 2.8166507334403197, "mWpm": 78.23430369840698, "mTop": 183.9936846418568, "mZ0": 89.2258172041151, "mZprime": 21037.197901060237, "mPsiDark": 3759.2607410626133, "mTau": 1.71708529471886, "mBottom": 4.1832810225306964, "mTauTow": 587.3668090201381, "mBottomTow": 6949.54685207702, "Higgs": 122.33943024168681, "ThetaHiggs": 0.06738640315719928, "mNeutrino": 0.0734815499294163, "Triviality": 0, "ChiSquared": null, "LogL": null, "sin2ThW": null},"Point T1-323-24092019182358-GenNb395": {"k": 159080.6114636691, "zL": 41.80038098291505, "c0": 0.29945813868800003, "c1": 0.30891670179194075, "c2": -0.8732706741990399, "c0Prime": 0.656416777872, "Mu1": 12.603496280711493, "Mu11": 0.28438147529257574, "Mu11Prime": 1.1593968321658061, "Mu2Tilde": 3.428179285712578, "mWpm": 79.49230057751338, "mTop": 188.99780182897962, "mZ0": 90.66055611367584, "mZprime": 13967.913471163027, "mPsiDark": 2293.2729207374305, "mTau": 1.8394979346866995, "mBottom": 4.136706004889049, "mTauTow": 1126.332505849602, "mBottomTow": 3278.7351022863654, "Higgs": 108.06618333989772, "ThetaHiggs": 0.10914647157442668, "mNeutrino": 0.1332411213815441, "Triviality": 0, "ChiSquared": null, "LogL": null, "sin2ThW": null},"Point T1-538-24092019190010-GenNb420": {"k": 133466.6413096524, "zL": 36.35274569982816, "c0": 0.09741996522290566, "c1": 0.1716389706648147, "c2": -0.786, "c0Prime": 0.5691383706560001, "Mu1": 11.919595019828403, "Mu11": 0.3363978273204638, "Mu11Prime": 0.35538105968927997, "Mu2Tilde": 2.69691368, "mWpm": 75.59290699404028, "mTop": 186.75352062680966, "mZ0": 86.2133179759514, "mZprime": 13524.7637180781, "mPsiDark": 2699.8772208840833, "mTau": 1.7669433853661405, "mBottom": 4.265015098045353, "mTauTow": 1017.3163041129928, "mBottomTow": 4553.16236682722, "Higgs": 122.57288340857811, "ThetaHiggs": 0.10011728002521066, "mNeutrino": 0.03260161177479108, "Triviality": 0, "ChiSquared": null, "LogL": null, "sin2ThW": null},"Point T1-273-25092019035758-GenNb783": {"k": 287866.9826371767, "zL": 36.3733, "c0": 0.23214399999999996, "c1": 0.29251334903808, "c2": -1.102436, "c0Prime": 0.5967, "Mu1": 16.874997172346866, "Mu11": 0.46039816746064255, "Mu11Prime": 0.9420521007614561, "Mu2Tilde": 1.6657057563913524, "mWpm": 76.57587248461864, "mTop": 178.70478036776305, "mZ0": 87.3343850147584, "mZprime": 29157.180752910044, "mPsiDark": 5540.336400300542, "mTau": 1.8436545380430773, "mBottom": 4.078070223040323, "mTauTow": 763.1924443671212, "mBottomTow": 8103.887633641052, "Higgs": 129.78332453477867, "ThetaHiggs": 0.04700295303966662, "mNeutrino": 0.06419485823338963, "Triviality": 0, "ChiSquared": null, "LogL": null, "sin2ThW": null},"Point T1-130-25092019075918-GenNb945": {"k": 122905.27650697934, "zL": 38.90146178462129, "c0": 0.280086, "c1": 0.2318288564675619, "c2": -0.5715, "c0Prime": 0.58952756211264, "Mu1": 10.31710275053354, "Mu11": 0.21859221088791825, "Mu11Prime": 0.29872485294048345, "Mu2Tilde": 2.3721876103688766, "mWpm": 75.16653768620827, "mTop": 175.62732104353782, "mZ0": 85.72704599392264, "mZprime": 11616.457090914837, "mPsiDark": 2204.904999036858, "mTau": 1.9283007212060939, "mBottom": 4.299107225481566, "mTauTow": 1760.045714665343, "mBottomTow": 2972.439862414573, "Higgs": 117.5088350313779, "ThetaHiggs": 0.11986915299039573, "mNeutrino": 0.09121179600179327, "Triviality": 0, "ChiSquared": null, "LogL": null, "sin2ThW": null},"Point T1-478-25092019110059-GenNb1066": {"k": 59638.00645366509, "zL": 31.980652412920875, "c0": 0.1921, "c1": 0.24400012485350933, "c2": -0.653106, "c0Prime": 0.5118, "Mu1": 8.166003826122557, "Mu11": 0.2141897536853018, "Mu11Prime": 0.17856954208928, "Mu2Tilde": 1.8623627273450212, "mWpm": 82.20056282939113, "mTop": 185.6058679783307, "mZ0": 93.7493151516344, "mZprime": 6892.644656396664, "mPsiDark": 1544.186376092202, "mTau": 1.690366976649963, "mBottom": 4.200834308164013, "mTauTow": 729.2044169281494, "mBottomTow": 1882.8122149243816, "Higgs": 115.80619576836051, "ThetaHiggs": 0.20163731604871854, "mNeutrino": 0.04596937610177972, "Triviality": 0, "ChiSquared": null, "LogL": null, "sin2ThW": null},"Point T1-662-25092019122143-GenNb1120": {"k": 51691.61421599354, "zL": 43.954095926119884, "c0": 0.4290059290239999, "c1": 0.10711452938746066, "c2": -0.42918799999999996, "c0Prime": 0.6243987343999999, "Mu1": 19.174374125337657, "Mu11": 0.1697726556460677, "Mu11Prime": 0.32187992442322066, "Mu2Tilde": 2.736664278887117, "mWpm": 79.62299227469664, "mTop": 173.25192617726853, "mZ0": 90.8096093158098, "mZprime": 4305.0905695567535, "mPsiDark": 733.6102431652431, "mTau": 1.839197660292282, "mBottom": 4.191946913765504, "mTauTow": 987.3486669232327, "mBottomTow": 1029.4324403066128, "Higgs": 121.22723041345655, "ThetaHiggs": 0.37050689481375954, "mNeutrino": 0.2782524279011809, "Triviality": 0, "ChiSquared": null, "LogL": null, "sin2ThW": null},"Point T1-709-25092019171734-GenNb1320": {"k": 218465.64628416742, "zL": 38.90146178462129, "c0": 0.280086, "c1": 0.21589531285592004, "c2": -0.5715, "c0Prime": 0.58952756211264, "Mu1": 10.31710275053354, "Mu11": 0.21859221088791825, "Mu11Prime": 0.29872485294048345, "Mu2Tilde": 2.3721876103688766, "mWpm": 72.82943042353968, "mTop": 169.90215201791565, "mZ0": 83.06158729425604, "mZprime": 20651.204812610726, "mPsiDark": 3925.090130690916, "mTau": 1.8686550938462654, "mBottom": 4.364012543965226, "mTauTow": 3123.636145009997, "mBottomTow": 5375.424263229917, "Higgs": 125.89886136801503, "ThetaHiggs": 0.06523294410303386, "mNeutrino": 0.08536200615332465, "Triviality": 0, "ChiSquared": null, "LogL": null, "sin2ThW": null},"Point T1-961-25092019222945-GenNb1529": {"k": 284097.76559077005, "zL": 36.3733, "c0": 0.23214399999999996, "c1": 0.29251334903808, "c2": -1.102436, "c0Prime": 0.5967, "Mu1": 16.874997172346866, "Mu11": 0.46039816746064255, "Mu11Prime": 0.9460708643909908, "Mu2Tilde": 1.6657057563913524, "mWpm": 75.32292671624415, "mTop": 175.78038593912086, "mZ0": 85.90540687076388, "mZprime": 28775.4142012199, "mPsiDark": 5467.805182066727, "mTau": 1.8214944837192557, "mBottom": 4.01133766092533, "mTauTow": 753.0861461598338, "mBottomTow": 7997.775988865501, "Higgs": 127.80124209964586, "ThetaHiggs": 0.04684717322919837, "mNeutrino": 0.06211102999797043, "Triviality": 0, "ChiSquared": null, "LogL": null, "sin2ThW": null},"Point T1-175-26092019091423-GenNb1962": {"k": 218465.64628416742, "zL": 38.90146178462129, "c0": 0.280086, "c1": 0.21589531285592004, "c2": -0.5715, "c0Prime": 0.58952756211264, "Mu1": 10.31710275053354, "Mu11": 0.21795979557077208, "Mu11Prime": 0.29872485294048345, "Mu2Tilde": 2.3721876103688766, "mWpm": 72.75581424886595, "mTop": 169.7301898050666, "mZ0": 82.97762842922894, "mZprime": 20651.20721286397, "mPsiDark": 3925.095109271602, "mTau": 1.8667665220422698, "mBottom": 4.346992927538488, "mTauTow": 3123.6319964170234, "mBottomTow": 5375.419533976448, "Higgs": 125.7913883235092, "ThetaHiggs": 0.06516691578971388, "mNeutrino": 0.08518929955972578, "Triviality": 0, "ChiSquared": null, "LogL": null, "sin2ThW": null},"Point T1-338-26092019130209-GenNb2116": {"k": 63843.58290790335, "zL": 35.23231662335637, "c0": 0.3392878205016256, "c1": 0.4984577328125456, "c2": -0.28740431999999966, "c0Prime": 0.42597079175389135, "Mu1": 13.366620465433588, "Mu11": 0.5938522190171309, "Mu11Prime": 0.401, "Mu2Tilde": 6.709671974969865, "mWpm": 71.73813972075543, "mTop": 153.4620425404932, "mZ0": 81.81697591331319, "mZprime": 6678.684914390539, "mPsiDark": 1696.2293154669128, "mTau": 1.7993866921044215, "mBottom": 4.198677433459372, "mTauTow": 2058.469395563501, "mBottomTow": 1170.0657964118677, "Higgs": 138.83459355295778, "ThetaHiggs": 0.1902289588431186, "mNeutrino": 0.08455472298545619, "Triviality": 0, "ChiSquared": null,