{"Point T2-330-07082019113656-GenNb19": {"Lambda": -0.36621307324701324, "Kappa": 1.4538306386307203, "tanBeta": 4.56304127894295, "mBottom": 4.471780453364091, "ChiSquared": null, "LogL": null, "testCalc": 9.003891458363036, "extTest": {"res1": 48.14358950280757, "res2": 2317.8052102148436}}, "Point T2-400-07082019113646-GenNb16": {"Lambda": 1.4751139061722545, "Kappa": 0.348751340990079, "tanBeta": 5.084593516809783, "mBottom": 4.982901646473588, "ChiSquared": null, "LogL": null, "testCalc": 6.440670666796434, "extTest": {"res1": 108.22723900841088, "res2": 11713.135263383692}}, "Point T2-660-07082019113646-GenNb16": {"Lambda": 0.9778, "Kappa": 0.70273, "tanBeta": 5.854055289896703, "mBottom": 5.736974184098769, "ChiSquared": null, "LogL": null, "testCalc": 7.938400205918494, "extTest": {"res1": -92.27575919163596, "res2": 8514.815734392787}}, "Point T2-455-07082019113653-GenNb18": {"Lambda": 0.09547824000000005, "Kappa": 0.5889511617186438, "tanBeta": 3.1239401077148767, "mBottom": 3.061461305560579, "ChiSquared": null, "LogL": null, "testCalc": 3.379694902671929, "extTest": {"res1": 9.382408077040415, "res2": 88.02958132411321}}, "Point T2-686-07082019113646-GenNb16": {"Lambda": 0.6797, "Kappa": 0.204, "tanBeta": 4.625736906888152, "mBottom": 4.533222168750389, "ChiSquared": null, "LogL": null, "testCalc": 3.6722535033803774, "extTest": {"res1": -12.153156675609573, "res2": 147.69921718191353}}, "Point T2-98-07082019113654-GenNb18": {"Lambda": 0.1101, "Kappa": 0.3218463395795516, "tanBeta": 2.2720956608571767, "mBottom": 2.226653747640033, "ChiSquared": null, "LogL": null, "testCalc": 1.856714555441481, "extTest": {"res1": -11.629715385162012, "res2": 135.250279939874}}, "Point T2-64-07082019113628-GenNb10": {"Lambda": 1.2497633944979065, "Kappa": 0.44403251688625706, "tanBeta": 4.492823957556713, "mBottom": 4.402967478405579, "ChiSquared": null, "LogL": null, "testCalc": 5.7583522112305, "extTest": {"res1": -20.44885328397713, "res2": 418.15560062962226}}, "Point T2-318-07082019113658-GenNb19": {"Lambda": 1.0543346615479607, "Kappa": 1.3738022755323474, "tanBeta": 4.397118776424984, "mBottom": 4.309176400896484, "ChiSquared": null, "LogL": null, "testCalc": 9.306981559828348, "extTest": {"res1": 12.301018023477393, "res2": 151.31504441391567}}, "Point T2-742-07082019113637-GenNb13": {"Lambda": 1.0807701389303093, "Kappa": 0.7018993557537386, "tanBeta": 2.36359762017917, "mBottom": 2.316325667775587, "ChiSquared": null, "LogL": null, "testCalc": 3.9852345739560624, "extTest": {"res1": 0.29141986702134615, "res2": 0.08492553889473907}}, "Point T2-746-07082019113651-GenNb17": {"Lambda": 0.7855219894703812, "Kappa": 0.35873363715506384, "tanBeta": 2.157636847185746, "mBottom": 2.114484110242031, "ChiSquared": null, "LogL": null, "testCalc": 2.4483037649132484, "extTest": {"res1": 23.041381570430488, "res2": 530.9052646741737}}, "Point T2-528-07082019113655-GenNb18": {"Lambda": 1.3340839878557451, "Kappa": 0.4854856045714002, "tanBeta": 5.930636161904826, "mBottom": 5.8120234386667295, "ChiSquared": null, "LogL": null, "testCalc": 7.565030288541825, "extTest": {"res1": -22.689403383944253, "res2": 514.8090259193409}}, "Point T2-833-07082019113655-GenNb18": {"Lambda": 1.4288279780634903, "Kappa": 0.74896435571096, "tanBeta": 4.398531695449828, "mBottom": 4.310561061540831, "ChiSquared": null, "LogL": null, "testCalc": 7.491173379024234, "extTest": {"res1": 30.61447751491059, "res2": 937.246233510966}}, "Point T2-53-07082019113659-GenNb19": {"Lambda": 0.5628837101493269, "Kappa": 0.13313900144602148, "tanBeta": 4.218818540261118, "mBottom": 4.1344421694558955, "ChiSquared": null, "LogL": null, "testCalc": 2.9457484436117465, "extTest": {"res1": 15.034785237615868, "res2": 226.04476714123203}}}