{"Point T6-717-07082019113628-GenNb10": {"Lambda": 0.11556395548846482, "Kappa": 0.8662759774133373, "tanBeta": 5.807201988898552, "mBottom": 5.691057949120581, "ChiSquared": null, "LogL": null, "testCalc": 7.8895235813382, "extTest": {"res1": 214.79577908076212, "res2": 46137.226710911564}}, "Point T6-225-07082019113620-GenNb8": {"Lambda": 0.6142, "Kappa": 0.6242, "tanBeta": 5.235061169218254, "mBottom": 5.130359945833888, "ChiSquared": null, "LogL": null, "testCalc": 6.210146794742977, "extTest": {"res1": -10.948578205175615, "res2": 119.87136471484648}}, "Point T6-529-07082019113616-GenNb7": {"Lambda": 0.0852, "Kappa": 0.4245, "tanBeta": 4.564662413266383, "mBottom": 4.473369165001055, "ChiSquared": null, "LogL": null, "testCalc": 4.181642816932108, "extTest": {"res1": -26.15718545680646, "res2": 684.1983510217674}}, "Point T6-679-07082019113625-GenNb9": {"Lambda": 0.9232, "Kappa": 0.502129323545314, "tanBeta": 3.4154528985552637, "mBottom": 3.3471438405841583, "ChiSquared": null, "LogL": null, "testCalc": 4.240869213844515, "extTest": {"res1": -16.923165153186932, "res2": 286.3935188020405}}, "Point T6-147-07082019113614-GenNb6": {"Lambda": 0.4346122762432098, "Kappa": 0.6405393844580526, "tanBeta": 6.168338327367063, "mBottom": 6.044971560819722, "ChiSquared": null, "LogL": null, "testCalc": 7.162437246411876, "extTest": {"res1": -39.7555121939239, "res2": 1580.500749801232}}, "Point T6-296-07082019113629-GenNb10": {"Lambda": 0.725542, "Kappa": 0.3429788335399072, "tanBeta": 4.213754002264728, "mBottom": 4.129478922219433, "ChiSquared": null, "LogL": null, "testCalc": 4.036379087394589, "extTest": {"res1": 176.58800235850921, "res2": 31183.322576968854}}, "Point T6-808-07082019113626-GenNb9": {"Lambda": 1.0832687785279023, "Kappa": 0.4724732991567737, "tanBeta": 5.4400343048162565, "mBottom": 5.331233618719931, "ChiSquared": null, "LogL": null, "testCalc": 6.409359011415862, "extTest": {"res1": -21.645889620619258, "res2": 468.5445374680325}}, "Point T6-292-07082019113629-GenNb10": {"Lambda": 0.7051345077570399, "Kappa": 0.7694967679228212, "tanBeta": 6.289069889731327, "mBottom": 6.163288491936701, "ChiSquared": null, "LogL": null, "testCalc": 8.418277873387103, "extTest": {"res1": 94.81451432730992, "res2": 8989.79212712366}}, "Point T6-404-07082019113614-GenNb6": {"Lambda": 0.5286, "Kappa": 0.5566240800000002, "tanBeta": 4.552300029830013, "mBottom": 4.461254029233412, "ChiSquared": null, "LogL": null, "testCalc": 5.043964790604811, "extTest": {"res1": 94.42511807179265, "res2": 8916.102922871984}}, "Point T6-573-07082019113611-GenNb5": {"Lambda": 0.8234, "Kappa": 0.1836, "tanBeta": 4.737955032657321, "mBottom": 4.643195932004175, "ChiSquared": null, "LogL": null, "testCalc": 3.8694740699979713, "extTest": {"res1": 11.36241378350325, "res2": 129.10444698754463}}, "Point T6-718-07082019113555-GenNb0": {"Lambda": 0.7545, "Kappa": 0.928222, "tanBeta": 4.9628879999999995, "mBottom": 4.863630239999999, "ChiSquared": null, "LogL": null, "testCalc": 7.607747195135999, "extTest": {"res1": 30.903531600383726, "res2": 955.0282653759156}}, "Point T6-419-07082019113630-GenNb10": {"Lambda": -0.2044542112194951, "Kappa": 0.09228690159389333, "tanBeta": 4.9227762372754444, "mBottom": 4.824320712529936, "ChiSquared": null, "LogL": null, "testCalc": 2.908269646928549, "extTest": {"res1": 21.892567942107586, "res2": 479.2845310997968}}}