{"Point T3-351-07082019113606-GenNb4": {"Lambda": 0.811, "Kappa": 0.6802600717493753, "tanBeta": 10.816707161901743, "mBottom": 10.600373018663708, "ChiSquared": null, "LogL": null, "testCalc": 13.316081499379116, "extTest": {"res1": 439.52400161411896, "res2": 193181.34799488806}}, "Point T3-202-07082019113603-GenNb3": {"Lambda": 0.7271, "Kappa": 0.6961, "tanBeta": 8.660610599999998, "mBottom": 8.487398387999999, "ChiSquared": null, "LogL": null, "testCalc": 10.80102464266, "extTest": {"res1": 3321.3654536452627, "res2": 11031468.476668201}}, "Point T3-816-07082019113603-GenNb3": {"Lambda": 0.7474291488447288, "Kappa": 0.6627, "tanBeta": 14.060714435226918, "mBottom": 13.77950014652238, "ChiSquared": null, "LogL": null, "testCalc": 16.766435862028825, "extTest": {"res1": -1861.6589433458673, "res2": 3465774.021339651}}, "Point T3-319-07082019113607-GenNb4": {"Lambda": 0.1257, "Kappa": 0.1991, "tanBeta": 10.676281724, "mBottom": 10.462756089520001, "ChiSquared": null, "LogL": null, "testCalc": 7.372826226008401, "extTest": {"res1": -283.28202937296345, "res2": 80248.70816566453}}, "Point T3-33-07082019113607-GenNb4": {"Lambda": 0.4385, "Kappa": 0.584012, "tanBeta": 6.365683660606586, "mBottom": 6.238369987394454, "ChiSquared": null, "LogL": null, "testCalc": 7.0291028896954, "extTest": {"res1": 625.5640693285771, "res2": 391330.40483492886}}, "Point T3-811-07082019113600-GenNb2": {"Lambda": 0.015, "Kappa": 0.5918, "tanBeta": 6.907152940606586, "mBottom": 6.769009881794455, "ChiSquared": null, "LogL": null, "testCalc": 7.472383051148205, "extTest": {"res1": -353.177183435888, "res2": 124734.1228997069}}, "Point T3-476-07082019113612-GenNb5": {"Lambda": -0.03739800000000004, "Kappa": 0.55312796, "tanBeta": 3.2495922735499696, "mBottom": 3.18460042807897, "ChiSquared": null, "LogL": null, "testCalc": 3.3911391695439415, "extTest": {"res1": -10.36877931550789, "res2": 107.51158449370426}}, "Point T3-94-07082019113616-GenNb6": {"Lambda": 0.8814, "Kappa": 0.1892, "tanBeta": 16.21317079967836, "mBottom": 15.888907383684792, "ChiSquared": null, "LogL": null, "testCalc": 11.788851567141542, "extTest": {"res1": 424.39897144390613, "res2": 180114.48696264546}}, "Point T3-231-07082019113608-GenNb4": {"Lambda": 0.24369676176247895, "Kappa": 0.649306, "tanBeta": 3.9392600135505793, "mBottom": 3.8604748132795677, "ChiSquared": null, "LogL": null, "testCalc": 4.547410680691775, "extTest": {"res1": 6.439919500162972, "res2": 41.472563168579306}}, "Point T3-918-07082019112345": {"Lambda": 0.1092, "Kappa": 0.0254, "tanBeta": 11.6129, "mBottom": 11.380642, "ChiSquared": null, "LogL": null, "testCalc": 5.9972133, "extTest": {"res1": -986.8968114691936, "res2": 973965.3164880611}}, "Point T3-68-07082019113613-GenNb5": {"Lambda": 0.62140668, "Kappa": 0.1774, "tanBeta": 16.035091065406586, "mBottom": 15.714389244098454, "ChiSquared": null, "LogL": null, "testCalc": 11.087966039000978, "extTest": {"res1": -234.7449861222946, "res2": 55105.20850955628}}, "Point T3-234-07082019113617-GenNb6": {"Lambda": 0.42579000000000006, "Kappa": 0.2449556473545877, "tanBeta": 4.17681144685515, "mBottom": 4.093275217918047, "ChiSquared": null, "LogL": null, "testCalc": 3.251068284901479, "extTest": {"res1": 22.754473030317417, "res2": 517.7660428874427}}, "Point T3-670-07082019113609-GenNb4": {"Lambda": -0.08686000000000005, "Kappa": 0.334534, "tanBeta": 4.432480940800346, "mBottom": 4.343831321984339, "ChiSquared": null, "LogL": null, "testCalc": 3.6622758996418727, "extTest": {"res1": 9.279891089351807, "res2": 86.11637863023107}}}