{"Point T1-406-07082019113642-GenNb14": {"Lambda": 0.2647373807126593, "Kappa": 1.0108816715137934, "tanBeta": 4.110346377177421, "mBottom": 4.028139449633872, "ChiSquared": null, "LogL": null, "testCalc": 6.2392294218253115, "extTest": {"res1": -46.35365194755793, "res2": 2148.661048875341}}, "Point T1-799-07082019113602-GenNb3": {"Lambda": 0.11876809290839335, "Kappa": -0.3985887921252075, "tanBeta": 4.590117484426658, "mBottom": 4.4983151347381245, "ChiSquared": null, "LogL": null, "testCalc": 0.43369404343174134, "extTest": {"res1": 937.4640611523587, "res2": 878838.8659522732}}, "Point T1-674-07082019113650-GenNb16": {"Lambda": 0.24677130066208158, "Kappa": -1.2585706585631093, "tanBeta": 4.2332866929721265, "mBottom": 4.148620959112684, "ChiSquared": null, "LogL": null, "testCalc": -3.1926838666735793, "extTest": {"res1": -50.140075351945136, "res2": 2514.027156298736}}, "Point T1-412-07082019113651-GenNb16": {"Lambda": 0.27088317134995543, "Kappa": -0.34922964807136264, "tanBeta": 4.563557322259085, "mBottom": 4.4722861758139025, "ChiSquared": null, "LogL": null, "testCalc": 0.7157912628215302, "extTest": {"res1": 21.556795835038677, "res2": 464.69544667354086}}, "Point T1-114-07082019113635-GenNb12": {"Lambda": 0.5328636366665003, "Kappa": 0.07692884000000004, "tanBeta": 4.66743860453406, "mBottom": 4.574089832443379, "ChiSquared": null, "LogL": null, "testCalc": 2.9300492091211616, "extTest": {"res1": -25.71229109681097, "res2": 661.1219134471446}}, "Point T1-978-07082019113652-GenNb16": {"Lambda": 0.4446856441941238, "Kappa": 0.6940549835861103, "tanBeta": 4.532084770939346, "mBottom": 4.441443075520559, "ChiSquared": null, "LogL": null, "testCalc": 5.563982881217791, "extTest": {"res1": -25.146426628050552, "res2": 632.3427721599298}}, "Point T1-148-07082019113640-GenNb13": {"Lambda": 0.41170184883217775, "Kappa": -0.061306188720631746, "tanBeta": 4.707592790599063, "mBottom": 4.613440934787081, "ChiSquared": null, "LogL": null, "testCalc": 2.1876143076850227, "extTest": {"res1": -29.750465183644266, "res2": 885.0901786432297}}, "Point T1-284-07082019113652-GenNb16": {"Lambda": 0.7931562800128891, "Kappa": -0.04455999999999993, "tanBeta": 4.392439395599239, "mBottom": 4.304590607687254, "ChiSquared": null, "LogL": null, "testCalc": 2.58566508889961, "extTest": {"res1": 24.292416356639922, "res2": 590.1214924443468}}, "Point T1-970-07082019113648-GenNb15": {"Lambda": 0.3602734112924938, "Kappa": -0.1626012604745828, "tanBeta": 3.8602285373051717, "mBottom": 3.7830239665590684, "ChiSquared": null, "LogL": null, "testCalc": 1.3936308882780886, "extTest": {"res1": 12.028063283795802, "res2": 144.67430635899666}}, "Point T1-496-07082019113649-GenNb15": {"Lambda": 0.303382, "Kappa": 0.20538200000000006, "tanBeta": 4.602831158341112, "mBottom": 4.510774535174289, "ChiSquared": null, "LogL": null, "testCalc": 3.2927665744735597, "extTest": {"res1": 22.707079019206475, "res2": 515.6114375844869}}, "Point T1-781-07082019113653-GenNb16": {"Lambda": -0.6929936398497524, "Kappa": -0.16400260187889, "tanBeta": 4.7385906873245744, "mBottom": 4.643818873578083, "ChiSquared": null, "LogL": null, "testCalc": 2.025008419700942, "extTest": {"res1": -138.34881300063128, "res2": 19140.394058683643}}, "Point T1-205-07082019113649-GenNb15": {"Lambda": -0.4960934351221564, "Kappa": -0.002842636203208293, "tanBeta": 4.111248594849836, "mBottom": 4.029023622952839, "ChiSquared": null, "LogL": null, "testCalc": 2.248933723751611, "extTest": {"res1": -73.9546327284796, "res2": 5469.287702004305}}, "Point T1-679-07082019113646-GenNb14": {"Lambda": 0.5292663811076284, "Kappa": 0.3902650942372097, "tanBeta": 4.068505557630126, "mBottom": 3.9871354464775237, "ChiSquared": null, "LogL": null, "testCalc": 3.861486330262659, "extTest": {"res1": -188.95771847886706, "res2": 35705.01937273878}}}