{"Point T4-38-07082019113626-GenNb10": {"Lambda": 0.2381762984310113, "Kappa": -0.33637400000000006, "tanBeta": 6.691755315097802, "mBottom": 6.557920208795846, "ChiSquared": null, "LogL": null, "testCalc": 1.0847555511715128, "extTest": {"res1": 285.8929425443484, "res2": 81734.77459666609}}, "Point T4-716-07082019113626-GenNb10": {"Lambda": 0.314, "Kappa": 0.9218860213338896, "tanBeta": 3.368149059766857, "mBottom": 3.30078607857152, "ChiSquared": null, "LogL": null, "testCalc": 4.854038575253709, "extTest": {"res1": -6.661125050675755, "res2": 44.37058694074008}}, "Point T4-305-07082019113617-GenNb7": {"Lambda": 0.5857, "Kappa": 0.6001, "tanBeta": 5.419992686159317, "mBottom": 5.31159283243613, "ChiSquared": null, "LogL": null, "testCalc": 6.251378517182271, "extTest": {"res1": -35.46917203444059, "res2": 1258.0621648087424}}, "Point T4-714-07082019113627-GenNb10": {"Lambda": 0.9541699820667737, "Kappa": 0.6708, "tanBeta": 4.676629205809876, "mBottom": 4.583096621693678, "ChiSquared": null, "LogL": null, "testCalc": 6.339071536781411, "extTest": {"res1": -122.07723629714107, "res2": 14902.851621948017}}, "Point T4-470-07082019113627-GenNb10": {"Lambda": 0.627529212304, "Kappa": 1.1167042955968576, "tanBeta": 4.372536876925877, "mBottom": 4.285086139387359, "ChiSquared": null, "LogL": null, "testCalc": 7.419166695107354, "extTest": {"res1": 60.89974319229371, "res2": 3708.778720887324}}, "Point T4-476-07082019113624-GenNb9": {"Lambda": 0.6885224055999999, "Kappa": 0.13106621879264005, "tanBeta": 3.3124777170435613, "mBottom": 3.24622816270269, "ChiSquared": null, "LogL": null, "testCalc": 2.531331113572332, "extTest": {"res1": 8.953161281466869, "res2": 80.15909693195746}}, "Point T4-3-07082019113608-GenNb4": {"Lambda": 0.3025, "Kappa": 0.1172, "tanBeta": 5.154138688800001, "mBottom": 5.051055915024, "ChiSquared": null, "LogL": null, "testCalc": 3.2210992618393606, "extTest": {"res1": -12.408670943572764, "res2": 153.97511458586698}}, "Point T4-109-07082019113628-GenNb10": {"Lambda": 1.0112727943511313, "Kappa": 0.1341, "tanBeta": 4.283775113468822, "mBottom": 4.198099611199446, "ChiSquared": null, "LogL": null, "testCalc": 3.6961767129106375, "extTest": {"res1": 42.88456150686537, "res2": 1839.0856156361187}}, "Point T4-371-07082019113629-GenNb10": {"Lambda": 0.664848856942016, "Kappa": 0.7159999540283148, "tanBeta": 5.944151560921858, "mBottom": 5.825268529703421, "ChiSquared": null, "LogL": null, "testCalc": 7.610670511786202, "extTest": {"res1": -77.41579963759557, "res2": 5993.206033528342}}, "Point T4-908-07082019113602-GenNb2": {"Lambda": 0.6814, "Kappa": 0.22827315999999992, "tanBeta": 3.4106805199999997, "mBottom": 3.3424669095999997, "ChiSquared": null, "LogL": null, "testCalc": 2.9141062348508426, "extTest": {"res1": -39.807221657806735, "res2": 1584.6148961137576}}, "Point T4-105-07082019113625-GenNb9": {"Lambda": 0.7533, "Kappa": 0.227, "tanBeta": 4.0972803354417096, "mBottom": 4.015334728732875, "ChiSquared": null, "LogL": null, "testCalc": 3.5052108905117056, "extTest": {"res1": -108.75525762509602, "res2": 11827.706061101006}}, "Point T4-602-07082019113616-GenNb6": {"Lambda": 0.7519, "Kappa": 0.9138, "tanBeta": 1.725423460629259, "mBottom": 1.690914991416674, "ChiSquared": null, "LogL": null, "testCalc": 2.987503064031354, "extTest": {"res1": 7.758474946480421, "res2": 60.193933495164366}}}