{"Point T5-313-07082019113638-GenNb13": {"Lambda": 0.3601822964474193, "Kappa": 0.040900839037212255, "tanBeta": 4.591644576663614, "mBottom": 4.499811685130342, "ChiSquared": null, "LogL": null, "testCalc": 2.567439244985515, "extTest": {"res1": -41.44210073893854, "res2": 1717.4477136563305}}, "Point T4-449-07082019112343": {"Lambda": 0.0713, "Kappa": 0.5364, "tanBeta": 16.5043, "mBottom": 16.174214, "ChiSquared": null, "LogL": null, "testCalc": 16.94509721, "extTest": {"res1": -347.95227007440315, "res2": 121070.78224993039}}, "Point T5-97-07082019113635-GenNb12": {"Lambda": 0.5772, "Kappa": 0.6505, "tanBeta": 3.7069063176831363, "mBottom": 3.6327681913294736, "ChiSquared": null, "LogL": null, "testCalc": 4.560886495317616, "extTest": {"res1": -7.105953153260717, "res2": 50.49457021633593}}, "Point T5-433-07082019113620-GenNb8": {"Lambda": 0.4166, "Kappa": 0.400194, "tanBeta": 3.8865656601744485, "mBottom": 3.8088343469709596, "ChiSquared": null, "LogL": null, "testCalc": 3.633352991293333, "extTest": {"res1": -29.330612828279023, "res2": 860.284848882406}}, "Point T5-332-07082019113628-GenNb10": {"Lambda": 0.23820464690993665, "Kappa": 0.21731599999999995, "tanBeta": 4.741873300555978, "mBottom": 4.647035834544859, "ChiSquared": null, "LogL": null, "testCalc": 3.4107443092655396, "extTest": {"res1": 70.3310034997282, "res2": 4946.45005327878}}, "Point T5-622-07082019113609-GenNb5": {"Lambda": 0.9979, "Kappa": 0.201012, "tanBeta": 5.416033789599998, "mBottom": 5.307713113807998, "ChiSquared": null, "LogL": null, "testCalc": 4.738348751019074, "extTest": {"res1": -27.951776191120327, "res2": 781.3017922384812}}, "Point T5-310-07082019113637-GenNb12": {"Lambda": -0.017353380809295604, "Kappa": 0.4755, "tanBeta": 4.758387624702441, "mBottom": 4.6632198722083915, "ChiSquared": null, "LogL": null, "testCalc": 4.594524391475719, "extTest": {"res1": -20.45103977888055, "res2": 418.2450280373546}}, "Point T5-162-07082019113644-GenNb14": {"Lambda": 0.43393957841807296, "Kappa": 0.7929, "tanBeta": 4.151192728759582, "mBottom": 4.06816887418439, "ChiSquared": null, "LogL": null, "testCalc": 5.513868709443322, "extTest": {"res1": -24.899591232319782, "res2": 619.9896435366162}}, "Point T5-501-07082019113644-GenNb14": {"Lambda": 0.5360579999999999, "Kappa": 0.4268, "tanBeta": 4.638557688056083, "mBottom": 4.545786534294961, "ChiSquared": null, "LogL": null, "testCalc": 4.539987867773816, "extTest": {"res1": 19.305002266860985, "res2": 372.68311252350776}}, "Point T5-990-07082019113640-GenNb13": {"Lambda": 0.4954, "Kappa": 0.9956, "tanBeta": 3.8781954711379107, "mBottom": 3.8006315617151523, "ChiSquared": null, "LogL": null, "testCalc": 6.00686835192248, "extTest": {"res1": 8.61002061002324, "res2": 74.13245490502496}}, "Point T5-975-07082019113640-GenNb13": {"Lambda": 0.7191369330394419, "Kappa": 1.28150144, "tanBeta": 2.7120594611770548, "mBottom": 2.6578182719535137, "ChiSquared": null, "LogL": null, "testCalc": 5.321575169302151, "extTest": {"res1": 23.449625413531162, "res2": 549.8849320349266}}, "Point T5-44-07082019113645-GenNb14": {"Lambda": 0.11516431565529661, "Kappa": 0.3211266337645601, "tanBeta": 2.837790528322211, "mBottom": 2.781034717755767, "ChiSquared": null, "LogL": null, "testCalc": 2.3150702981673, "extTest": {"res1": -7.766874588414722, "res2": 60.32434087216235}}}