{"Point T7-484-07082019113622-GenNb9": {"Lambda": 0.7259, "Kappa": 0.6069818398813823, "tanBeta": 2.374754475967795, "mBottom": 2.327259386448439, "ChiSquared": null, "LogL": null, "testCalc": 3.1319933443137, "extTest": {"res1": 5.214953484566552, "res2": 27.19573984619282}}, "Point T7-982-07082019113629-GenNb11": {"Lambda": 0.3182452890525495, "Kappa": 0.19137308896438804, "tanBeta": 7.0934938338583695, "mBottom": 6.951623957181202, "ChiSquared": null, "LogL": null, "testCalc": 4.9345958691300575, "extTest": {"res1": 36.09831983454043, "res2": 1303.0886948767752}}, "Point T7-622-07082019113613-GenNb6": {"Lambda": 0.5362173482698209, "Kappa": 0.058559112043762095, "tanBeta": 8.857273910323928, "mBottom": 8.68012843211745, "ChiSquared": null, "LogL": null, "testCalc": 5.146267355961193, "extTest": {"res1": 43.553191081705414, "res2": 1896.880453399544}}, "Point T7-309-07082019113630-GenNb11": {"Lambda": -0.042399694134813704, "Kappa": -0.022863907955406992, "tanBeta": 5.935209247420586, "mBottom": 5.816505062472174, "ChiSquared": null, "LogL": null, "testCalc": 2.774348187369708, "extTest": {"res1": 56.195964897551235, "res2": 3157.9864707668107}}, "Point T7-226-07082019113613-GenNb6": {"Lambda": 0.28731952459096666, "Kappa": 0.6005180429908179, "tanBeta": 5.47078108301652, "mBottom": 5.36136546135619, "ChiSquared": null, "LogL": null, "testCalc": 6.048537989493543, "extTest": {"res1": -31.272616118359572, "res2": 977.9765188862829}}, "Point T7-240-07082019113627-GenNb10": {"Lambda": 1.2113839753268174, "Kappa": 0.9515801422657746, "tanBeta": 4.554208599688149, "mBottom": 4.463124427694386, "ChiSquared": null, "LogL": null, "testCalc": 8.03270781672506, "extTest": {"res1": 205.9467278879712, "res2": 42414.05472776206}}, "Point T7-532-07082019113624-GenNb9": {"Lambda": 0.1747899490736142, "Kappa": 0.2585550400236481, "tanBeta": 7.762577987513767, "mBottom": 7.607326427763492, "ChiSquared": null, "LogL": null, "testCalc": 5.841268402427215, "extTest": {"res1": -39.68735286163685, "res2": 1575.0859771640748}}, "Point T7-935-07082019113634-GenNb12": {"Lambda": 0.39872894296272454, "Kappa": 0.5214965267431745, "tanBeta": 4.140548491876207, "mBottom": 4.057737522038683, "ChiSquared": null, "LogL": null, "testCalc": 4.347135188300644, "extTest": {"res1": 10.34992409949025, "res2": 107.12092886520907}}, "Point T7-689-07082019113628-GenNb10": {"Lambda": 0.6417523631923004, "Kappa": 0.43453265952439657, "tanBeta": 3.8176854514556773, "mBottom": 3.7413317424265635, "ChiSquared": null, "LogL": null, "testCalc": 3.941420979324816, "extTest": {"res1": -31.452520069749635, "res2": 989.2610187380036}}, "Point T7-499-07082019113615-GenNb6": {"Lambda": 0.7303, "Kappa": 0.0744, "tanBeta": 15.433788332804916, "mBottom": 15.125112566148818, "ChiSquared": null, "LogL": null, "testCalc": 9.244168225035093, "extTest": {"res1": 634.7698479286123, "res2": 402932.75983931357}}, "Point T7-519-07082019113635-GenNb12": {"Lambda": 0.9103717298718224, "Kappa": 0.78067368, "tanBeta": 10.900651470976086, "mBottom": 10.682638441556565, "ChiSquared": null, "LogL": null, "testCalc": 14.679947605572412, "extTest": {"res1": -228.66784528475318, "res2": 52288.98346717182}}, "Point T7-348-07082019113629-GenNb10": {"Lambda": 0.46681600339758617, "Kappa": 0.6097189144938514, "tanBeta": 4.71341266719096, "mBottom": 4.619144413847141, "ChiSquared": null, "LogL": null, "testCalc": 5.401346242952907, "extTest": {"res1": 18.310000709858127, "res2": 335.2561259950051}}}