{"Point T0-572-07082019113610-GenNb5": {"Lambda": 0.9438, "Kappa": 0.31429460906732243, "tanBeta": 9.145616704511315, "mBottom": 8.96270437042109, "ChiSquared": null, "LogL": null, "testCalc": 8.246528652034502, "extTest": {"res1": -87.51744569429853, "res2": 7659.303300854493}}, "Point T0-374-07082019113620-GenNb8": {"Lambda": 0.52674, "Kappa": 0.392762, "tanBeta": 4.899153054892331, "mBottom": 4.801169993794484, "ChiSquared": null, "LogL": null, "testCalc": 4.602241176642863, "extTest": {"res1": 19.619336456502506, "res2": 384.9183629934483}}, "Point T0-646-07082019113617-GenNb7": {"Lambda": 0.28603199999999995, "Kappa": 1.1457950400960002, "tanBeta": 3.0600971176319964, "mBottom": 2.9988951752793565, "ChiSquared": null, "LogL": null, "testCalc": 5.087505992258486, "extTest": {"res1": 6.678846043117993, "res2": 44.606984467672866}}, "Point T0-670-07082019113635-GenNb12": {"Lambda": 0.9168180000000001, "Kappa": 0.48280100072296556, "tanBeta": 3.290909085299331, "mBottom": 3.225090903593344, "ChiSquared": null, "LogL": null, "testCalc": 4.041954896591489, "extTest": {"res1": 26.742271836776787, "res2": 715.149102992065}}, "Point T0-726-07082019113635-GenNb12": {"Lambda": 0.6383224375487443, "Kappa": -0.10911404164452121, "tanBeta": 4.571492140329088, "mBottom": 4.480062297522506, "ChiSquared": null, "LogL": null, "testCalc": 2.1486726992619545, "extTest": {"res1": -24.44692890045252, "res2": 597.6523326637806}}, "Point T0-224-07082019113621-GenNb8": {"Lambda": 0.7699, "Kappa": 0.5158, "tanBeta": 7.587185774798185, "mBottom": 7.435442059302221, "ChiSquared": null, "LogL": null, "testCalc": 8.223937462292014, "extTest": {"res1": 75.11747442081004, "res2": 5642.634963361051}}, "Point T0-876-07082019113636-GenNb12": {"Lambda": 0.1016721071296851, "Kappa": 1.1524766835477334, "tanBeta": 4.166671201832653, "mBottom": 4.083337777795999, "ChiSquared": null, "LogL": null, "testCalc": 6.853997514388134, "extTest": {"res1": -370.3407298309638, "res2": 137152.25617173093}}, "Point T0-818-07082019113555-GenNb0": {"Lambda": 0.2949, "Kappa": 0.4751, "tanBeta": 3.854563999999998, "mBottom": 3.7774727199999982, "ChiSquared": null, "LogL": null, "testCalc": 3.807005726399998, "extTest": {"res1": 44.742259634333124, "res2": 2001.8697971860752}}, "Point T0-689-07082019113621-GenNb8": {"Lambda": 0.0015, "Kappa": 0.3026264261537383, "tanBeta": 9.99963930254263, "mBottom": 9.799646516491777, "ChiSquared": null, "LogL": null, "testCalc": 7.925980613200824, "extTest": {"res1": -172.4435962000452, "res2": 29736.79387040424}}, "Point T0-925-07082019113619-GenNb7": {"Lambda": 0.7882, "Kappa": 0.0059, "tanBeta": 8.561391401656506, "mBottom": 8.390163573623376, "ChiSquared": null, "LogL": null, "testCalc": 4.866853236081461, "extTest": {"res1": -46.429819644417684, "res2": 2155.7281522131543}}, "Point T0-505-07082019113633-GenNb11": {"Lambda": 0.9139806107092244, "Kappa": 0.289851234132019, "tanBeta": 5.924528089624728, "mBottom": 5.806037527832233, "ChiSquared": null, "LogL": null, "testCalc": 5.455611099096064, "extTest": {"res1": -141.56615988331683, "res2": 20040.977624108822}}, "Point T0-991-07082019113613-GenNb5": {"Lambda": 0.43846912, "Kappa": 0.6332708656, "tanBeta": 6.7652133152000005, "mBottom": 6.629909048896001, "ChiSquared": null, "LogL": null, "testCalc": 7.791422185726925, "extTest": {"res1": -48.493120834041605, "res2": 2351.58276822496}}, "Point T0-25-07082019113627-GenNb9": {"Lambda": 0.4842, "Kappa": 0.49014599999999997, "tanBeta": 6.7867071456667, "mBottom": 6.650973002753366, "ChiSquared": null, "LogL": null, "testCalc": 6.886413501996634, "extTest": {"res1": -2603.2668500310742, "res2": 6776998.292470711}}}