{"Point T0-439-23072019105027": {"Lambda": 0.3213841997125742, "Kappa": 0.7544504208385131, "tanBeta": 5.483598828141559, "mBottom": 5.3739268515787275, "ChiSquared": null, "testCalc": 6.927354673215232, "extTest": {"res1": 57.80902996682157, "res2": 3341.8839457048743}}}