{"Point T6-218-23072019105024": {"Lambda": 0.4915865683259508, "Kappa": 0.10325075504232856, "tanBeta": 5.495596839128109, "mBottom": 5.385684902345547, "ChiSquared": null, "testCalc": 3.5019243283794697, "extTest": {"res1": -88.42193094748481, "res2": 7818.437872481772}}}