{"Point T4-998-23072019105023": {"Lambda": 0.5905223268348728, "Kappa": 0.4903215693737433, "tanBeta": 5.4859677228861505, "mBottom": 5.376248368428428, "ChiSquared": null, "testCalc": 5.7267291061239245, "extTest": {"res1": 205.72584938853188, "res2": 42323.125106632906}}}