{"Point T5-162-23072019105021": {"Lambda": 0.44915593772950385, "Kappa": 0.19917943958826098, "tanBeta": 5.546704733386765, "mBottom": 5.435770638719029, "ChiSquared": null, "testCalc": 4.024415916114715, "extTest": {"res1": 209.8493340355307, "res2": 44036.742995155735}}}