{"Point T3-203-23072019105015": {"Lambda": 0.20583872795789251, "Kappa": 0.0548264709003642, "tanBeta": 5.509407756196208, "mBottom": 5.399219601072284, "ChiSquared": null, "testCalc": 3.0440407664867974, "extTest": {"res1": -54.77761891618598, "res2": 3000.587534126896}}}