{"Point T2-487-23072019105040": {"Lambda": 0.0049890529845412045, "Kappa": 0.2760962987629558, "tanBeta": 5.4179823162600815, "mBottom": 5.30962266993488, "ChiSquared": null, "testCalc": 4.150721089899678, "extTest": {"res1": -30.624215501605157, "res2": 937.8425750887536}}}