{"Point T7-451-23072019105032": {"Lambda": 0.8310461856295431, "Kappa": 0.29313292806588886, "tanBeta": 5.514576570171532, "mBottom": 5.404285038768101, "ChiSquared": null, "testCalc": 5.009284259091392, "extTest": {"res1": 23.733408024695468, "res2": 563.2746564666792}}}