{"Point T1-785-23072019105026": {"Lambda": 0.2006215528448566, "Kappa": 0.5038922853225386, "tanBeta": 5.552293551593007, "mBottom": 5.441247680561148, "ChiSquared": null, "testCalc": 5.55863073424025, "extTest": {"res1": 77.20416227791677, "res2": 5960.482673034906}}}