{"Point T3-547-26072019155125-GenNb0": {"Lambda": 0.0233, "Kappa": 0.0866, "tanBeta": 2.8080875000000027, "mBottom": 2.7519257500000025, "ChiSquared": null, "LogL": null, "testCalc": 1.6196861425000015, "extTest": {"res1": -7.789358501822233, "res2": 60.6741058699103}},"Point T3-214-26072019155126-GenNb0": {"Lambda": 0.9472, "Kappa": 0.2664, "tanBeta": 4.0727, "mBottom": 3.9912460000000003, "ChiSquared": null, "LogL": null, "testCalc": 3.97777812, "extTest": {"res1": 11.590184277349902, "res2": 134.33237158292886}},"Point T3-714-26072019155128-GenNb1": {"Lambda": 0.9824, "Kappa": 0.1492, "tanBeta": 12.014668750000002, "mBottom": 11.774375375000002, "ChiSquared": null, "LogL": null, "testCalc": 8.644886025000002, "extTest": {"res1": 157.2954587544088, "res2": 24741.86134475992}},"Point T3-38-26072019155128-GenNb1": {"Lambda": 0.4199, "Kappa": 0.7711, "tanBeta": 23.226275, "mBottom": 22.7617495, "ChiSquared": null, "LogL": null, "testCalc": 29.4669714125, "extTest": {"res1": 785.713278916514, "res2": 617345.3566657398}},"Point T3-106-26072019155131-GenNb2": {"Lambda": 0.4426, "Kappa": 0.443, "tanBeta": 3.6852375000000004, "mBottom": 3.6115327500000003, "ChiSquared": null, "LogL": null, "testCalc": 3.6342213475000005, "extTest": {"res1": 38.24247940431499, "res2": 1462.4872309894563}},"Point T3-634-26072019155131-GenNb2": {"Lambda": 0.5334000000000001, "Kappa": 0.6355, "tanBeta": 7.143550000000001, "mBottom": 7.000679000000001, "ChiSquared": null, "LogL": null, "testCalc": 8.324581085, "extTest": {"res1": 127.40783216954965, "res2": 16232.75569814413}}}