{"Point T2-440-26072019155123-GenNb0": {"Lambda": 0.49134999999999995, "Kappa": 0.1805, "tanBeta": 22.9100125, "mBottom": 22.45181225, "ChiSquared": null, "LogL": null, "testCalc": 15.602588203749999, "extTest": {"res1": -11480.165237665467, "res2": 131794193.88410261}},"Point T2-346-26072019155124-GenNb0": {"Lambda": 0.8392, "Kappa": 0.4856, "tanBeta": 26.962649999999996, "mBottom": 26.423396999999998, "ChiSquared": null, "LogL": null, "testCalc": 27.009017979999996, "extTest": {"res1": 5036.9897160546925, "res2": 25371265.39964073}},"Point T2-293-26072019155124-GenNb0": {"Lambda": 0.814125, "Kappa": 0.746975, "tanBeta": 4.917425, "mBottom": 4.8190764999999995, "ChiSquared": null, "LogL": null, "testCalc": 6.745531305, "extTest": {"res1": -23.71051224291774, "res2": 562.188390821552}},"Point T2-735-26072019155125-GenNb0": {"Lambda": 0.8283, "Kappa": 0.4536, "tanBeta": 2.903862499999997, "mBottom": 2.845785249999997, "ChiSquared": null, "LogL": null, "testCalc": 3.4261655449999973, "extTest": {"res1": 7.740424054111229, "res2": 59.91416453746372}},"Point T2-754-26072019155127-GenNb1": {"Lambda": 0.11917500000000003, "Kappa": 0.4856, "tanBeta": 19.6588, "mBottom": 19.265624, "ChiSquared": null, "LogL": null, "testCalc": 19.193327960625, "extTest": {"res1": 563.2732313006907, "res2": 317276.7330999214}},"Point T2-79-26072019155132-GenNb2": {"Lambda": 0.11675000000000002, "Kappa": 0.457, "tanBeta": 21.774724999999997, "mBottom": 21.339230499999996, "ChiSquared": null, "LogL": null, "testCalc": 20.634295137499997, "extTest": {"res1": -5772.397446072909, "res2": 33320572.27542904}},"Point T2-262-26072019155133-GenNb2": {"Lambda": 0.2599, "Kappa": 0.4797125, "tanBeta": 5.899887499999999, "mBottom": 5.7818897499999995, "ChiSquared": null, "LogL": null, "testCalc": 5.788742667343749, "extTest": {"res1": 84.0141272929371, "res2": 7058.37358479384}}}