{"Point T0-474-26072019155124-GenNb0": {"Lambda": 0.5154, "Kappa": 0.5268, "tanBeta": 12.434134375000001, "mBottom": 12.1854516875, "ChiSquared": null, "LogL": null, "testCalc": 12.9086649925, "extTest": {"res1": -152.51274584751715, "res2": 23260.13764594936}},"Point T0-728-26072019155128-GenNb1": {"Lambda": 0.35855000000000004, "Kappa": 0.3132, "tanBeta": 22.1756875, "mBottom": 21.732173749999998, "ChiSquared": null, "LogL": null, "testCalc": 17.940070302499997, "extTest": {"res1": 1062.127903205965, "res2": 1128115.6827686995}},"Point T0-695-26072019155129-GenNb1": {"Lambda": 0.17097500000000002, "Kappa": 0.9173, "tanBeta": 7.387609374999999, "mBottom": 7.239857187499999, "ChiSquared": null, "LogL": null, "testCalc": 10.425815124062499, "extTest": {"res1": -160.79669953065104, "res2": 25855.578579950474}},"Point T0-299-26072019155129-GenNb1": {"Lambda": 0.2993, "Kappa": 0.25120000000000003, "tanBeta": 0.5264250000000006, "mBottom": 0.5158965000000005, "ChiSquared": null, "LogL": null, "testCalc": 0.47976670000000043, "extTest": {"res1": -0.8409798560355705, "res2": 0.7072471182576088}},"Point T0-673-26072019155130-GenNb1": {"Lambda": 0.7796, "Kappa": 0.0141, "tanBeta": 5.368971875000002, "mBottom": 5.261592437500002, "ChiSquared": null, "LogL": null, "testCalc": 3.3142748821875005, "extTest": {"res1": 18.23282353958089, "res2": 332.43585422549506}},"Point T0-10-26072019155130-GenNb2": {"Lambda": 0.0493, "Kappa": 0.6147, "tanBeta": 24.171692187499996, "mBottom": 23.688258343749997, "ChiSquared": null, "LogL": null, "testCalc": 26.704898849531247, "extTest": {"res1": 1541.2212614952316, "res2": 2375362.976884953}},"Point T0-368-26072019155131-GenNb2": {"Lambda": 0.44615, "Kappa": 0.6656, "tanBeta": 14.042096875000002, "mBottom": 13.761254937500002, "ChiSquared": null, "LogL": null, "testCalc": 16.42609697125, "extTest": {"res1": 268.73145028088163, "res2": 72216.59237006596}}}