{"Point T4-570-26072019155124-GenNb0": {"Lambda": 0.1648, "Kappa": 0.7345, "tanBeta": 5.921499999999999, "mBottom": 5.803069999999999, "ChiSquared": null, "LogL": null, "testCalc": 7.278035789999999, "extTest": {"res1": -41.39224668893011, "res2": 1713.3180859572456}},"Point T4-874-26072019155125-GenNb0": {"Lambda": 0.0383, "Kappa": 1.1646, "tanBeta": 24.1816640625, "mBottom": 23.69803078125, "ChiSquared": null, "LogL": null, "testCalc": 40.0124482478125, "extTest": {"res1": 2791.201071431431, "res2": 7790803.421159969}},"Point T4-837-26072019155126-GenNb1": {"Lambda": 0.7511, "Kappa": 0.0969, "tanBeta": 11.134225, "mBottom": 10.911540500000001, "ChiSquared": null, "LogL": null, "testCalc": 7.098827862500001, "extTest": {"res1": 1634.5016485565156, "res2": 2671595.6391339675}},"Point T4-392-26072019155127-GenNb1": {"Lambda": 0.4064, "Kappa": 0.8189, "tanBeta": 3.4788250000000005, "mBottom": 3.4092485000000003, "ChiSquared": null, "LogL": null, "testCalc": 4.718595002500001, "extTest": {"res1": 12.018714825797145, "res2": 144.4495060638361}},"Point T4-377-26072019155128-GenNb1": {"Lambda": 0.9269, "Kappa": 0.95505, "tanBeta": 24.2642640625, "mBottom": 23.77897878125, "ChiSquared": null, "LogL": null, "testCalc": 35.92221839351563, "extTest": {"res1": -485.0640482576605, "res2": 235287.13091210998}},"Point T4-800-26072019155129-GenNb2": {"Lambda": 0.09785000000000005, "Kappa": 0.0969, "tanBeta": 2.9645593749999977, "mBottom": 2.9052681874999977, "ChiSquared": null, "LogL": null, "testCalc": 1.7494745196874986, "extTest": {"res1": -12.434218252597434, "res2": 154.60978355322717}},"Point T4-878-26072019155132-GenNb2": {"Lambda": 0.0383, "Kappa": 0.9963500000000001, "tanBeta": 8.1626125, "mBottom": 7.99936025, "ChiSquared": null, "LogL": null, "testCalc": 12.133965979374999, "extTest": {"res1": -810.4190327960812, "res2": 656779.0087181357}},"Point T4-642-26072019155134-GenNb3": {"Lambda": 0.9269, "Kappa": 0.95145, "tanBeta": 14.3239375, "mBottom": 14.037458749999999, "ChiSquared": null, "LogL": null, "testCalc": 21.506383319374997, "extTest": {"res1": 163.3550998845581, "res2": 26684.88865829395}}}