{"Point T7-569-26072019155125-GenNb0": {"Lambda": 0.8454, "Kappa": 0.4513, "tanBeta": 9.5736, "mBottom": 9.382128, "ChiSquared": null, "LogL": null, "testCalc": 9.72633084, "extTest": {"res1": -120.31917435286917, "res2": 14476.70371695613}},"Point T7-416-26072019155126-GenNb0": {"Lambda": 0.3868, "Kappa": 0.3705, "tanBeta": 4.5453875, "mBottom": 4.45447975, "ChiSquared": null, "LogL": null, "testCalc": 4.06092018375, "extTest": {"res1": 99.06568730201285, "res2": 9814.01040062019}},"Point T7-587-26072019155127-GenNb0": {"Lambda": 0.5519000000000001, "Kappa": 0.3631, "tanBeta": 12.832075, "mBottom": 12.575433499999999, "ChiSquared": null, "LogL": null, "testCalc": 11.2516367925, "extTest": {"res1": 100.81318707204204, "res2": 10163.298687622544}},"Point T7-446-26072019155127-GenNb1": {"Lambda": 0.9146, "Kappa": 0.279, "tanBeta": 2.941412500000002, "mBottom": 2.882584250000002, "ChiSquared": null, "LogL": null, "testCalc": 3.098439372500002, "extTest": {"res1": 5.525430202015527, "res2": 30.53037891734535}},"Point T7-42-26072019155129-GenNb1": {"Lambda": 0.2739, "Kappa": 0.2328, "tanBeta": 15.6842, "mBottom": 15.370516, "ChiSquared": null, "LogL": null, "testCalc": 11.41156097, "extTest": {"res1": 263.2074376483962, "res2": 69278.15523343437}},"Point T7-612-26072019155129-GenNb2": {"Lambda": 0.0802, "Kappa": 0.40354999999999996, "tanBeta": 4.910450000000002, "mBottom": 4.812241000000002, "ChiSquared": null, "LogL": null, "testCalc": 4.394164637500001, "extTest": {"res1": -33.48160903245362, "res2": 1121.0181434020797}},"Point T7-14-26072019155131-GenNb2": {"Lambda": 0.2739, "Kappa": 0.2328, "tanBeta": 11.552387500000002, "mBottom": 11.321339750000002, "ChiSquared": null, "LogL": null, "testCalc": 8.425086895000002, "extTest": {"res1": 97.6267608896674, "res2": 9530.984441808292}},"Point T7-305-26072019155134-GenNb3": {"Lambda": 0.2739, "Kappa": 0.2328, "tanBeta": 9.366550000000002, "mBottom": 9.179219000000002, "ChiSquared": null, "LogL": null, "testCalc": 6.845163550000001, "extTest": {"res1": -140.68266835902102, "res2": 19791.613176614293}}}