{"Point T6-803-26072019155129-GenNb1": {"Lambda": 0.002, "Kappa": 0.1584, "tanBeta": 23.97694375, "mBottom": 23.497404875, "ChiSquared": null, "LogL": null, "testCalc": 15.5466543275, "extTest": {"res1": 482.6394172506692, "res2": 232940.8070840656}},"Point T6-134-26072019155132-GenNb2": {"Lambda": 0.6374, "Kappa": 0.0916, "tanBeta": 13.6939375, "mBottom": 13.42005875, "ChiSquared": null, "LogL": null, "testCalc": 8.37067281, "extTest": {"res1": 256.25753035392, "res2": 65667.92186309023}},"Point T6-567-26072019155132-GenNb2": {"Lambda": 0.002, "Kappa": 0.1584, "tanBeta": 4.043390625, "mBottom": 3.9625228124999996, "ChiSquared": null, "LogL": null, "testCalc": 2.6217384812499995, "extTest": {"res1": -199.0274218675599, "res2": 39611.91465524766}},"Point T6-338-26072019155133-GenNb3": {"Lambda": 0.15019999999999997, "Kappa": 0.8723, "tanBeta": 6.432987499999999, "mBottom": 6.30432775, "ChiSquared": null, "LogL": null, "testCalc": 8.78621891125, "extTest": {"res1": 99.49534730730896, "res2": 9899.324135802033}}}