{"Point T1-465-23072019104821": {"Lambda": 0.20154874056736471, "Kappa": 0.539315343268859, "tanBeta": 7.486889087438852, "mBottom": 7.3371513056900755, "ChiSquared": null, "testCalc": 7.746991705877289, "extTest": {"res1": -118.54567110856836, "res2": 14053.076138580858}}, "Point T1-745-23072019104821": {"Lambda": 0.19963329633891916, "Kappa": 0.063468035351915, "tanBeta": 8.617074087751787, "mBottom": 8.444732605996752, "ChiSquared": null, "testCalc": 4.80912851883702, "extTest": {"res1": -458.9474626464408, "res2": 210632.77346960615}}, "Point T1-15-23072019104822": {"Lambda": 0.5245292354227106, "Kappa": 0.2010401651851493, "tanBeta": 9.333887643967174, "mBottom": 9.14720989108783, "ChiSquared": null, "testCalc": 6.725222178119832, "extTest": {"res1": 153.48682636274077, "res2": 23558.205866906137}}, "Point T1-241-23072019104822": {"Lambda": 0.802656501162223, "Kappa": 0.3373350888534097, "tanBeta": 10.685475179746032, "mBottom": 10.471765676151112, "ChiSquared": null, "testCalc": 9.484726016134069, "extTest": {"res1": 90.45932808153475, "res2": 8182.890036962742}}}