{"Point T0-117-23072019104821": {"Lambda": 0.32255772723837384, "Kappa": 0.7895347940504895, "tanBeta": 6.492680514499199, "mBottom": 6.362826904209215, "ChiSquared": null, "testCalc": 8.411654112356544, "extTest": {"res1": -91.45369530794471, "res2": 8363.778385478388}}, "Point T0-768-23072019104821": {"Lambda": 0.0049269643520574195, "Kappa": 0.3188441586399521, "tanBeta": 8.238492436979945, "mBottom": 8.073722588240345, "ChiSquared": null, "testCalc": 6.663680758628378, "extTest": {"res1": -419.5167148747262, "res2": 175994.2740592823}}, "Point T0-403-23072019104822": {"Lambda": 0.6896184567001653, "Kappa": 0.49490213198967437, "tanBeta": 9.231680575249284, "mBottom": 9.047046963744299, "ChiSquared": null, "testCalc": 9.567875496232201, "extTest": {"res1": 150.17806658489874, "res2": 22553.451683178282}}, "Point T0-706-23072019104822": {"Lambda": 0.460040120789662, "Kappa": 0.11737654267975156, "tanBeta": 9.735383527502707, "mBottom": 9.540675856952653, "ChiSquared": null, "testCalc": 6.124680501332166, "extTest": {"res1": 74.62018322237199, "res2": 5568.171744140366}}}