{"Point T3-421-07082019113720-GenNb0": {"Lambda": 0.6106, "Kappa": 0.471086, "tanBeta": 2.8046099999999985, "mBottom": 2.7485177999999983, "ChiSquared": null, "LogL": null, "testCalc": 3.068303766459999, "extTest": {"res1": -6.371858603866197, "res2": 40.60058206766367}},"Point T3-947-07082019113722-GenNb1": {"Lambda": 0.664814, "Kappa": 0.4158, "tanBeta": 19.368114, "mBottom": 18.980751719999997, "ChiSquared": null, "LogL": null, "testCalc": 17.985615315795997, "extTest": {"res1": -1564.2410019286858, "res2": 2446849.912114859}},"Point T3-134-07082019113723-GenNb1": {"Lambda": 0.4149, "Kappa": 0.1622, "tanBeta": 2.221779999999999, "mBottom": 2.177344399999999, "ChiSquared": null, "LogL": null, "testCalc": 1.6211869259999994, "extTest": {"res1": 39.38986613410898, "res2": 1551.5615540630254}},"Point T3-981-07082019113725-GenNb2": {"Lambda": 0.7271, "Kappa": 0.6961, "tanBeta": 10.385504318861114, "mBottom": 10.177794232483892, "ChiSquared": null, "LogL": null, "testCalc": 12.846921082601169, "extTest": {"res1": -119.47365961224229, "res2": 14273.955341141933}},"Point T3-723-07082019113725-GenNb2": {"Lambda": 0.7422235658326389, "Kappa": 0.8996273096799213, "tanBeta": 18.990713325086546, "mBottom": 18.610899058584813, "ChiSquared": null, "LogL": null, "testCalc": 26.940909688519966, "extTest": {"res1": -255.80453012580227, "res2": 65435.957632882484}},"Point T3-461-07082019113727-GenNb2": {"Lambda": 0.03827129820366358, "Kappa": 0.1774, "tanBeta": 1.6277619468785698, "mBottom": 1.5952067079409984, "ChiSquared": null, "LogL": null, "testCalc": 1.0878330156129512, "extTest": {"res1": 4.142619827582054, "res2": 17.16129903587597}},"Point T3-777-07082019113728-GenNb3": {"Lambda": 0.9544619999999999, "Kappa": 0.8119, "tanBeta": 22.562216000000003, "mBottom": 22.110971680000002, "ChiSquared": null, "LogL": null, "testCalc": 30.284746719844, "extTest": {"res1": -822.8395622912427, "res2": 677064.9452716439}},"Point T3-612-07082019113729-GenNb3": {"Lambda": 0.7271, "Kappa": 0.6961, "tanBeta": 8.438971317700092, "mBottom": 8.27019189134609, "ChiSquared": null, "LogL": null, "testCalc": 10.538138289924081, "extTest": {"res1": -62.17285094725733, "res2": 3865.4633949098766}},"Point T3-984-07082019113729-GenNb3": {"Lambda": 0.6000263204983668, "Kappa": 0.35977399215553424, "tanBeta": 0.05250551589612584, "mBottom": 0.05145540557820333, "ChiSquared": null, "LogL": null, "testCalc": 0.4046494071440455, "extTest": {"res1": -2.289012613463447, "res2": 5.239578744594761}},"Point T3-553-07082019113730-GenNb3": {"Lambda": 0.8814, "Kappa": -0.1522203013441098, "tanBeta": 10.535553778249627, "mBottom": 10.324842702684634, "ChiSquared": null, "LogL": null, "testCalc": 4.335562140390085, "extTest": {"res1": -139.45647039619467, "res2": 19448.10713536472}},"Point T3-441-07082019113733-GenNb4": {"Lambda": 0.7271, "Kappa": 0.4778861903356912, "tanBeta": 6.8651478959028855, "mBottom": 6.727844937984828, "ChiSquared": null, "LogL": null, "testCalc": 7.1733562530565305, "extTest": {"res1": -372.7863701834379, "res2": 138969.67779454318}},"Point T3-342-07082019113735-GenNb4": {"Lambda": 0.1092, "Kappa": 0.0254, "tanBeta": 11.498510654534279, "mBottom": 11.268540441443593, "ChiSquared": null, "LogL": null, "testCalc": 5.938257031346967, "extTest": {"res1": -1092.0182392984375, "res2": 1192503.8349604595}},"Point T3-875-07082019113736-GenNb4": {"Lambda": 0.77071524, "Kappa": 0.493, "tanBeta": 4.505785239999998, "mBottom": 4.415669535199998, "ChiSquared": null, "LogL": null, "testCalc": 5.023188872088256, "extTest": {"res1": 19.434746891975724, "res2": 377.70938675516004}},"Point T3-740-07082019113736-GenNb5": {"Lambda": 0.9544619999999999, "Kappa": 0.8119, "tanBeta": 10.163978528275607, "mBottom": 9.960698957710095, "ChiSquared": null, "LogL": null, "testCalc": 14.143481355406012, "extTest": {"res1": -1639.0910603505363, "res2": 2686619.5041210456}},"Point T3-241-07082019113737-GenNb5": {"Lambda": 0.6000263204983668, "Kappa": 0.35977399215553424, "tanBeta": 3.200621056431058, "mBottom": 3.1366086353024367, "ChiSquared": null, "LogL": null, "testCalc": 3.0798361177912925, "extTest": {"res1": 119.56509333164976, "res2": 14295.811543406118}},"Point T3-581-07082019113738-GenNb5": {"Lambda": 0.6868892719254731, "Kappa": 0.022698050729465513, "tanBeta": 5.506965467924259, "mBottom": 5.396826158565773, "ChiSquared": null, "LogL": null, "testCalc": 3.2952273327255526, "extTest": {"res1": -93.48134093382727, "res2": 8738.76110278645}},"Point T3-134-07082019113740-GenNb6": {"Lambda": 0.015, "Kappa": 0.5918, "tanBeta": 9.944594528275609, "mBottom": 9.745702637710096, "ChiSquared": null, "LogL": null, "testCalc": 10.758287360688552, "extTest": {"res1": -175.28600594867075, "res2": 30725.18388143744}},"Point T3-816-07082019113744-GenNb7": {"Lambda": 0.664814, "Kappa": 0.4842881256215562, "tanBeta": 17.538355011295906, "mBottom": 17.187587911069986, "ChiSquared": null, "LogL": null, "testCalc": 17.529388685036913, "extTest": {"res1": 183.94635220861497, "res2": 33836.26049085583}},"Point T3-33-07082019113744-GenNb7": {"Lambda": 0.4091527061460477, "Kappa": 0.10169667015566639, "tanBeta": 2.4370306996615327, "mBottom": 2.3882900856683023, "ChiSquared": null, "LogL": null, "testCalc": 1.609388887003497, "extTest": {"res1": 11.452553530824726, "res2": 131.1609823764059}},"Point T3-678-07082019113745-GenNb7": {"Lambda": 0.1092, "Kappa": 0.0254, "tanBeta": 4.0193374599369145, "mBottom": 3.938950710738176, "ChiSquared": null, "LogL": null, "testCalc": 2.0834911668514855, "extTest": {"res1": 119.82128499899545, "res2": 14357.140338810492}},"Point T3-2-07082019113747-GenNb8": {"Lambda": 0.4267484858690816, "Kappa": 0.1991, "tanBeta": 10.46195759480955, "mBottom": 10.252718442913357, "ChiSquared": null, "LogL": null, "testCalc": 7.391449248774814, "extTest": {"res1": 1169.2181064630483, "res2": 1367070.9804810362}},"Point T3-545-07082019113747-GenNb8": {"Lambda": 0.664814, "Kappa": 0.2871668124483445, "tanBeta": 1.2378218515385093, "mBottom": 1.213065414507739, "ChiSquared": null, "LogL": null, "testCalc": 1.4039717173350912, "extTest": {"res1": 2.915568575251065, "res2": 8.500540116991525}},"Point T3-60-07082019113749-GenNb9": {"Lambda": 0.5902660832074339, "Kappa": 0.02343818500486089, "tanBeta": 7.304127946514106, "mBottom": 7.158045387583823, "ChiSquared": null, "LogL": null, "testCalc": 4.098632244886529, "extTest": {"res1": 34.423293516079724, "res2": 1184.9631364941763}},"Point T3-581-07082019113749-GenNb9": {"Lambda": 0.24704435451113094, "Kappa": 0.43196995972258717, "tanBeta": 6.418471945254261, "mBottom": 6.290102506349176, "ChiSquared": null, "LogL": null, "testCalc": 5.978669233942448, "extTest": {"res1": 148.56614463984508, "res2": 22071.89933314737}},"Point T3-142-07082019113749-GenNb9": {"Lambda": 0.18608999999999998, "Kappa": 0.5918, "tanBeta": 6.69929247123282, "mBottom": 6.565306621808163, "ChiSquared": null, "LogL": null, "testCalc": 7.281924083479664, "extTest": {"res1": 46.82626833316628, "res2": 2192.6994060096913}},"Point T3-856-07082019113757-GenNb12": {"Lambda": 0.4750267468391163, "Kappa": 0.3038369896151827, "tanBeta": 3.9356355023588296, "mBottom": 3.856922792311653, "ChiSquared": null, "LogL": null, "testCalc": 3.3499034496277247, "extTest": {"res1": 29.070141844116062, "res2": 845.0731468370276}},"Point T3-11-07082019113800-GenNb12": {"Lambda": 0.18608999999999998, "Kappa": 0.866824, "tanBeta": 6.274555547455296, "mBottom": 6.1490644365061895, "ChiSquared": null, "LogL": null, "testCalc": 8.548097044220484, "extTest": {"res1": 50.77889176148475, "res2": 2578.495848524584}},"Point T3-747-07082019113800-GenNb12": {"Lambda": 0.2590773535111996, "Kappa": 0.2871668124483445, "tanBeta": 6.0488419957022375, "mBottom": 5.927865155788193, "ChiSquared": null, "LogL": null, "testCalc": 4.768080327905958, "extTest": {"res1": -45.679681064249124, "res2": 2086.63326213152}},"Point T3-86-07082019113803-GenNb13": {"Lambda": 0.9589176067332851, "Kappa": 0.09189181264112241,