{"Point T4-572-07082019113716-GenNb0": {"Lambda": 0.8983, "Kappa": 0.6448, "tanBeta": 14.451608, "mBottom": 14.16257584, "ChiSquared": null, "LogL": null, "testCalc": 17.2066276484, "extTest": {"res1": 195.36979525336642, "res2": 38169.35689734232}},"Point T4-813-07082019113718-GenNb0": {"Lambda": 0.6067, "Kappa": -0.09053600000000003, "tanBeta": 7.837719999999999, "mBottom": 7.680965599999999, "ChiSquared": null, "LogL": null, "testCalc": 3.4989718720799985, "extTest": {"res1": -60.18703352247586, "res2": 3622.4790042356326}},"Point T4-473-07082019113718-GenNb0": {"Lambda": 0.7932, "Kappa": 0.1341, "tanBeta": 11.848797999999999, "mBottom": 11.611822039999998, "ChiSquared": null, "LogL": null, "testCalc": 8.024001071799999, "extTest": {"res1": -344.9820295722269, "res2": 119012.60072777283}},"Point T4-376-07082019113721-GenNb1": {"Lambda": 0.9808, "Kappa": 0.4837, "tanBeta": 17.81426936886433, "mBottom": 17.457983981487043, "ChiSquared": null, "LogL": null, "testCalc": 18.307722724463197, "extTest": {"res1": 230.0599936445203, "res2": 52927.60067571672}},"Point T4-67-07082019113722-GenNb1": {"Lambda": 0.3741, "Kappa": 0.48158600000000007, "tanBeta": 12.11538, "mBottom": 11.8730724, "ChiSquared": null, "LogL": null, "testCalc": 11.91108440268, "extTest": {"res1": 1174.9554384038295, "res2": 1380520.282234735}},"Point T4-409-07082019113724-GenNb2": {"Lambda": 0.1762972438114172, "Kappa": 0.10666015388308253, "tanBeta": 11.736987117016817, "mBottom": 11.50224737467648, "ChiSquared": null, "LogL": null, "testCalc": 7.034073257538513, "extTest": {"res1": -143.6127339903129, "res2": 20624.617364172376}},"Point T4-262-07082019113725-GenNb2": {"Lambda": 0.9019097545826382, "Kappa": 0.8860360886949624, "tanBeta": 20.4985456752689, "mBottom": 20.08857476176352, "ChiSquared": null, "LogL": null, "testCalc": 29.02017982034337, "extTest": {"res1": -298.07176340843836, "res2": 88846.77614141605}},"Point T4-531-07082019113725-GenNb2": {"Lambda": 0.3247, "Kappa": 0.129046, "tanBeta": 15.25077532, "mBottom": 14.9457598136, "ChiSquared": null, "LogL": null, "testCalc": 9.54636154874472, "extTest": {"res1": 94.7033485893206, "res2": 8968.724234030371}},"Point T4-533-07082019113727-GenNb3": {"Lambda": 0.6061666784619477, "Kappa": 0.21668297531188158, "tanBeta": 16.50520175130446, "mBottom": 16.175097716278373, "ChiSquared": null, "LogL": null, "testCalc": 12.031383123812306, "extTest": {"res1": -437.93891527576176, "res2": 191790.49351291085}},"Point T4-738-07082019113728-GenNb3": {"Lambda": 0.5564919700683982, "Kappa": 0.5611266891517213, "tanBeta": 20.421003776677058, "mBottom": 20.012583701143516, "ChiSquared": null, "LogL": null, "testCalc": 21.77474540168396, "extTest": {"res1": -365.31108786082643, "res2": 133452.19091406045}},"Point T4-818-07082019113731-GenNb4": {"Lambda": 0.6057456957990294, "Kappa": 0.49279989744378505, "tanBeta": 11.138658720132073, "mBottom": 10.91588554572943, "ChiSquared": null, "LogL": null, "testCalc": 11.314000495786173, "extTest": {"res1": 319.88540120657706, "res2": 102326.66990509277}},"Point T4-881-07082019113732-GenNb4": {"Lambda": 0.5597159672598924, "Kappa": 0.5516634697354976, "tanBeta": 13.295313979602097, "mBottom": 13.029407700010054, "ChiSquared": null, "LogL": null, "testCalc": 14.162524855220864, "extTest": {"res1": -112.11578003088817, "res2": 12569.948131934503}},"Point T4-535-07082019113733-GenNb4": {"Lambda": 0.7533, "Kappa": 0.83558076, "tanBeta": 18.2296168, "mBottom": 17.865024463999998, "ChiSquared": null, "LogL": null, "testCalc": 24.73229018225277, "extTest": {"res1": 232.96384408274207, "res2": 54272.15264980816}},"Point T4-944-07082019113733-GenNb4": {"Lambda": 0.7519, "Kappa": 0.9138, "tanBeta": 15.500514622768902, "mBottom": 15.190504330313523, "ChiSquared": null, "LogL": null, "testCalc": 22.324976037442983, "extTest": {"res1": 330.5188439440019, "res2": 109242.70620207948}},"Point T4-489-07082019113735-GenNb5": {"Lambda": 0.22916561508061636, "Kappa": 0.2690200292946163, "tanBeta": 8.421117957011877, "mBottom": 8.25269559787164, "ChiSquared": null, "LogL": null, "testCalc": 6.444314077559852, "extTest": {"res1": 63.549305515647774, "res2": 4038.5142315211406}},"Point T4-323-07082019113735-GenNb5": {"Lambda": 0.5597159672598924, "Kappa": 0.5689908843084754, "tanBeta": 12.524739842170646, "mBottom": 12.274245045327234, "ChiSquared": null, "LogL": null, "testCalc": 13.576867285199565, "extTest": {"res1": -173.71410629626493, "res2": 30176.59072631003}},"Point T4-411-07082019113736-GenNb5": {"Lambda": 0.399972, "Kappa": 0.48158600000000007, "tanBeta": 9.04451872, "mBottom": 8.863628345599999, "ChiSquared": null, "LogL": null, "testCalc": 8.94750536587392, "extTest": {"res1": 222.30954088857683, "res2": 49421.53197008982}},"Point T4-293-07082019113736-GenNb5": {"Lambda": 0.7533, "Kappa": 0.83558076, "tanBeta": 9.807672773462613, "mBottom": 9.611519317993361, "ChiSquared": null, "LogL": null, "testCalc": 13.568323218877879, "extTest": {"res1": 50.09219143706482, "res2": 2509.22764296755}},"Point T4-37-07082019113737-GenNb6": {"Lambda": 0.5857, "Kappa": 0.6001, "tanBeta": 12.231324773462614, "mBottom": 11.986698277993362, "ChiSquared": null, "LogL": null, "testCalc": 13.676411625551594, "extTest": {"res1": -204.00556911899355, "res2": 41618.27223156446}},"Point T4-573-07082019113738-GenNb6": {"Lambda": 0.7932, "Kappa": 0.13880476000000003, "tanBeta": 5.9868956751999995, "mBottom": 5.867157761695999, "ChiSquared": null, "LogL": null, "testCalc": 4.393754738189173, "extTest": {"res1": 44.521223184830895, "res2": 1982.139313873524}},"Point T4-268-07082019113739-GenNb7": {"Lambda": 0.8983, "Kappa": 0.6448, "tanBeta": 9.77802936850055, "mBottom": 9.582468781130538, "ChiSquared": null, "LogL": null, "testCalc": 11.903050617374424, "extTest": {"res1": -153.42674292994235, "res2": 23539.765446090616}},"Point T4-555-07082019113739-GenNb7": {"Lambda": 0.3487763878943956, "Kappa": 0.4096553219135267, "tanBeta": 9.784854923287424, "mBottom": 9.589157824821676, "ChiSquared": null, "LogL": null, "testCalc": 8.924641774639966, "extTest": {"res1": -53.44402135278973, "res2": 2856.263418357445}},"Point T4-361-07082019113740-GenNb7": {"Lambda": 0.11247799018442853, "Kappa": 0.2387815450403291, "tanBeta": 10.186565218970804, "mBottom": 9.982833914591387, "ChiSquared": null, "LogL": null, "testCalc": 7.436432037211549, "extTest": {"res1": 494.68785007534035, "res2": 244716.06901216242}},"Point T4-300-07082019113742-GenNb7": {"Lambda": 0.5597159672598924, "Kappa": 0.5689908843084754, "tanBeta": 9.065707000535223, "mBottom": 8.88439286052452, "ChiSquared": null, "LogL": null, "testCalc": 9.913783037384011, "extTest": {"res1": 29.01636655729301, "res2": 841.9495281871923}},"Point T4-567-07082019113743-GenNb7": {"Lambda": 0.7519, "Kappa": 0.9138, "tanBeta": 1.5665265498243794, "mBottom": 1.535196018827892, "ChiSquared": null, "LogL": null, "testCalc": 2.764443580643464, "extTest": {"res1": -17.034600193881595, "res2": 290.17760376539087}},"Point T4-94-07082019113744-GenNb8": {"Lambda": 0.48313297176064135, "Kappa": 0.4096553219135267, "tanBeta": 7.830749989220448, "mBottom": 7.6741349894360384, "ChiSquared": null, "LogL": null, "testCalc": 7.278393370778737, "extTest": {"res1": 36.93435899659802, "res2": 1364.1468744895813}},"Point T4-57-07082019113744-GenNb8": {"Lambda": 0.7626569424885783, "Kappa": 0.022240692736310394, "tanBeta": 7.572591204848969, "mBottom": 7.421139380751989, "ChiSquared": null, "LogL": null, "testCalc": 4.4606349765067534, "extTest": {"res1": 111.68188149442872, "res2": 12472.84265413562}},"Point T4-160-07082019113744-GenNb8": {"Lambda": 0.9934596796505373, "Kappa": -0.326243720529376, "tanBeta": 4.532545697589067, "mBottom": 4.441894783637286, "ChiSquared": null, "LogL": null, "testCalc": 1.729194955059118, "extTest": {"res1": 18.824646320950567, "res2": 354.3673091088777}},"Point T4-905-07082019113744-GenNb8": {"Lambda": 0.8978703490997091, "Kappa": 0.3243419208652164, "tanBeta": 3.9754330808174427,