{"Point T1-664-07082019113718-GenNb0": {"Lambda": 0.7845, "Kappa": 0.1645, "tanBeta": 22.202824, "mBottom": 21.75876752, "ChiSquared": null, "LogL": null, "testCalc": 15.147188558, "extTest": {"res1": -1210.081556758411, "res2": 1464297.3740068593}},"Point T1-818-07082019113720-GenNb1": {"Lambda": 0.3071, "Kappa": 0.0209, "tanBeta": 19.077526, "mBottom": 18.695975479999998, "ChiSquared": null, "LogL": null, "testCalc": 9.8410184434, "extTest": {"res1": -1627.2753232588825, "res2": 2648024.9776873006}},"Point T1-452-07082019113721-GenNb1": {"Lambda": 0.528676, "Kappa": 0.0116, "tanBeta": 14.74023584, "mBottom": 14.4454311232, "ChiSquared": null, "LogL": null, "testCalc": 7.67320061032, "extTest": {"res1": -380.63463611535616, "res2": 144882.72621066959}},"Point T1-636-07082019113723-GenNb1": {"Lambda": 0.72, "Kappa": 0.0408, "tanBeta": 22.941708000000002, "mBottom": 22.48287384, "ChiSquared": null, "LogL": null, "testCalc": 12.6958586064, "extTest": {"res1": -549.3688626392213, "res2": 301806.14723751164}},"Point T1-462-07082019113725-GenNb2": {"Lambda": 1.08871416, "Kappa": 0.4749659999999999, "tanBeta": 4.556757654399999, "mBottom": 4.465622501311999, "ChiSquared": null, "LogL": null, "testCalc": 5.582414728920255, "extTest": {"res1": 540.4238050242403, "res2": 292057.8890368781}},"Point T1-78-07082019113729-GenNb3": {"Lambda": 0.4073, "Kappa": 0.5566079999999999, "tanBeta": 4.069094214399998, "mBottom": 3.987712330111998, "ChiSquared": null, "LogL": null, "testCalc": 4.424639847544753, "extTest": {"res1": 12.364339716790953, "res2": 152.8768966322142}},"Point T1-476-07082019113730-GenNb3": {"Lambda": 0.72, "Kappa": 0.224874, "tanBeta": 18.427506, "mBottom": 18.05895588, "ChiSquared": null, "LogL": null, "testCalc": 13.691744924243999, "extTest": {"res1": 1312.5260760055764, "res2": 1722724.7001945963}},"Point T1-857-07082019113731-GenNb4": {"Lambda": 0.5061, "Kappa": 0.5651, "tanBeta": 25.40844404, "mBottom": 24.9002751592, "ChiSquared": null, "LogL": null, "testCalc": 27.064586516604002, "extTest": {"res1": -5723.8709928322805, "res2": 32762699.142586797}},"Point T1-682-07082019113733-GenNb4": {"Lambda": 0.5787, "Kappa": 0.4856, "tanBeta": 27.10530404, "mBottom": 26.5631979592, "ChiSquared": null, "LogL": null, "testCalc": 26.778828311424, "extTest": {"res1": 514.6176674984615, "res2": 264831.3437015571}},"Point T1-665-07082019113733-GenNb4": {"Lambda": 0.03717400000000001, "Kappa": 0.4973, "tanBeta": 19.918712, "mBottom": 19.52033776, "ChiSquared": null, "LogL": null, "testCalc": 19.667126263876, "extTest": {"res1": 546.2082679569829, "res2": 298343.47198456724}},"Point T1-498-07082019113735-GenNb5": {"Lambda": 0.097, "Kappa": 0.1053, "tanBeta": 9.1067382544, "mBottom": 8.924603489312, "ChiSquared": null, "LogL": null, "testCalc": 5.4306502828443195, "extTest": {"res1": 224.95977961206367, "res2": 50606.90244310826}},"Point T1-390-07082019113739-GenNb6": {"Lambda": 0.357306, "Kappa": 0.1623712799999999, "tanBeta": 5.856604181503997, "mBottom": 5.739472097873916, "ChiSquared": null, "LogL": null, "testCalc": 3.948347943977114, "extTest": {"res1": 42.01024743498704, "res2": 1764.8608895488355}},"Point T1-162-07082019113740-GenNb6": {"Lambda": 0.99007716, "Kappa": 0.933072, "tanBeta": 16.08144808, "mBottom": 15.759819118400001, "ChiSquared": null, "LogL": null, "testCalc": 23.86531126485543, "extTest": {"res1": -141.95206400728435, "res2": 20150.388475928154}},"Point T1-600-07082019113742-GenNb7": {"Lambda": -0.05496200000000001, "Kappa": 0.69307316, "tanBeta": 12.181132040000001, "mBottom": 11.937509399200001, "ChiSquared": null, "LogL": null, "testCalc": 14.41419119638405, "extTest": {"res1": 100.11087140167852, "res2": 10022.186572803415}},"Point T1-115-07082019113742-GenNb7": {"Lambda": 0.16, "Kappa": 0.4709, "tanBeta": 8.338833776675667, "mBottom": 8.172057101142153, "ChiSquared": null, "LogL": null, "testCalc": 8.038385376007648, "extTest": {"res1": 61.446882845512114, "res2": 3775.719411430091}},"Point T1-344-07082019113743-GenNb7": {"Lambda": 0.3071, "Kappa": 0.0209, "tanBeta": 5.848075374399997, "mBottom": 5.731113866911997, "ChiSquared": null, "LogL": null, "testCalc": 3.0820921187809582, "extTest": {"res1": -23.313358030227764, "res2": 543.5126626455854}},"Point T1-761-07082019113743-GenNb7": {"Lambda": 0.5787, "Kappa": 0.4801139999999998, "tanBeta": 4.758796880799997, "mBottom": 4.663620943183997, "ChiSquared": null, "LogL": null, "testCalc": 4.951469167220407, "extTest": {"res1": 14.034652062444003, "res2": 196.97145851386372}},"Point T1-191-07082019113744-GenNb7": {"Lambda": 0.77511516, "Kappa": 0.933072, "tanBeta": 14.73148012, "mBottom": 14.4368505176, "ChiSquared": null, "LogL": null, "testCalc": 21.564760388590468, "extTest": {"res1": 422.23327160899134, "res2": 178280.93565363224}},"Point T1-915-07082019113744-GenNb7": {"Lambda": 0.5965111030485544, "Kappa": 0.6015, "tanBeta": 9.908127651600154, "mBottom": 9.709965098568151, "ChiSquared": null, "LogL": null, "testCalc": 11.170546827781772, "extTest": {"res1": -334.4384325162812, "res2": 111849.06514394717}},"Point T1-212-07082019113745-GenNb7": {"Lambda": 0.72, "Kappa": 0.224874, "tanBeta": 5.617492441599998, "mBottom": 5.5051425927679976, "ChiSquared": null, "LogL": null, "testCalc": 4.534199291696357, "extTest": {"res1": 1521.3899811415467, "res2": 2314627.474717876}},"Point T1-28-07082019113745-GenNb8": {"Lambda": 1.1123764486485546, "Kappa": 0.90118356, "tanBeta": 9.055857956400155, "mBottom": 8.874740797272151, "ChiSquared": null, "LogL": null, "testCalc": 13.835742074147063, "extTest": {"res1": 86.40579657134842, "res2": 7465.961681129246}},"Point T1-904-07082019113745-GenNb8": {"Lambda": 0.526858, "Kappa": 0.549018, "tanBeta": 3.6004902544000004, "mBottom": 3.528480449312, "ChiSquared": null, "LogL": null, "testCalc": 4.018553535310179, "extTest": {"res1": -51.25040803503757, "res2": 2626.6043237578438}},"Point T1-614-07082019113746-GenNb8": {"Lambda": 0.3071, "Kappa": 0.6939104399999998, "tanBeta": 3.5348148244479995, "mBottom": 3.4641185279590396, "ChiSquared": null, "LogL": null, "testCalc": 4.279214584130753, "extTest": {"res1": 132.92781025160355, "res2": 17669.80273828632}},"Point T1-155-07082019113746-GenNb8": {"Lambda": 0.504386, "Kappa": 0.1053, "tanBeta": 2.4251936688980553, "mBottom": 2.376689795520094, "ChiSquared": null, "LogL": null, "testCalc": 1.6981230280910122, "extTest": {"res1": -1.927542597604044, "res2": 3.715420465578145}},"Point T1-418-07082019113748-GenNb8": {"Lambda": 0.2259, "Kappa": 0.192, "tanBeta": 9.016050750328102, "mBottom": 8.83572973532154, "ChiSquared": null, "LogL": null, "testCalc": 6.199977421723766, "extTest": {"res1": -41.54930453773684, "res2": 1726.344707569599}},"Point T1-580-07082019113748-GenNb9": {"Lambda": 0.8663192086485545, "Kappa": 0.40024356000000005, "tanBeta": 2.718005777872871, "mBottom": 2.6636456623154134, "ChiSquared": null, "LogL": null, "testCalc": 3.170196111067572, "extTest": {"res1": 11.278534416410224, "res2": 127.20533858214992}},"Point T1-55-07082019113750-GenNb9": {"Lambda": 0.61751, "Kappa": 0.05481395999999996, "tanBeta": 2.8803974287220546, "mBottom": 2.8227894801476134, "ChiSquared": null, "LogL": null, "testCalc": 1.9505993296158801, "extTest": {"res1": -2.8411853759796477, "res2": 8.072334340680612}},"Point T1-546-07082019113750-GenNb9": {"Lambda": 1.6737886161080462, "Kappa": 0.8643, "tanBeta": 4.583030410407554, "mBottom": 4.491369802199403, "ChiSquared": null, "LogL": null, "testCalc": 9.008366416227839, "extTest": {"res1": -20.14656184612907, "res2": 405.8839542199036}},"Point T1-760-07082019113754-GenNb10": {"Lambda": 0.61751, "Kappa": 0.05481395999999996, "tanBeta": 5.111421278168316, "mBottom": 5.00919285260495, "ChiSquared": null, "LogL": null, "testCalc": 3.1660922678871417, "extTest": {"res1": 15.431750186190785, "res2": 238.13891380899932}},"Point T1-437-07082019113755-GenNb10": {"Lambda": 0.2259, "Kappa": 0.192, "tanBeta": 7.02432467203128, "mBottom": 6.883838178590655,