{"Point T0-734-07082019113718-GenNb0": {"Lambda": 0.766812, "Kappa": 0.43213199999999996, "tanBeta": 7.353817999999997, "mBottom": 7.206741639999997, "ChiSquared": null, "LogL": null, "testCalc": 7.369191543319998, "extTest": {"res1": -132.32540453124736, "res2": 17510.01268435826}},"Point T0-285-07082019113720-GenNb1": {"Lambda": 0.8020700000000001, "Kappa": 0.6852, "tanBeta": 11.873777999999996, "mBottom": 11.636302439999996, "ChiSquared": null, "LogL": null, "testCalc": 14.597380190499996, "extTest": {"res1": -135.99724529932192, "res2": 18495.250729003936}},"Point T0-18-07082019113720-GenNb1": {"Lambda": 0.6324, "Kappa": 0.41351999999999994, "tanBeta": 24.922358, "mBottom": 24.423910839999998, "ChiSquared": null, "LogL": null, "testCalc": 22.917778660159996, "extTest": {"res1": 453.09167011810905, "res2": 205292.06153041736}},"Point T0-313-07082019113722-GenNb1": {"Lambda": 1.16160592, "Kappa": 0.0059, "tanBeta": 8.35362588, "mBottom": 8.1865533624, "ChiSquared": null, "LogL": null, "testCalc": 5.491891387271046, "extTest": {"res1": -436.1398571890259, "res2": 190217.97502886393}},"Point T0-152-07082019113722-GenNb1": {"Lambda": 0.6565, "Kappa": 1.0785378474291698, "tanBeta": 15.555774810964866, "mBottom": 15.244659314745569, "ChiSquared": null, "LogL": null, "testCalc": 24.83081378708373, "extTest": {"res1": 166.49015004205847, "res2": 27718.970061027143}},"Point T0-955-07082019113724-GenNb2": {"Lambda": 0.3261, "Kappa": 0.23395861436467194, "tanBeta": 29.609482783583488, "mBottom": 29.017293127911817, "ChiSquared": null, "LogL": null, "testCalc": 21.54238133805771, "extTest": {"res1": -6656.908253894733, "res2": 44314427.50077183}},"Point T0-424-07082019113724-GenNb2": {"Lambda": 0.5879, "Kappa": 0.3872, "tanBeta": 25.801871628562477, "mBottom": 25.285834195991228, "ChiSquared": null, "LogL": null, "testCalc": 22.979028202575, "extTest": {"res1": 490.34804872152506, "res2": 240441.2088850071}},"Point T0-971-07082019113724-GenNb2": {"Lambda": 0.7237242730081448, "Kappa": 0.5158, "tanBeta": 12.357909990701446, "mBottom": 12.110751790887416, "ChiSquared": null, "LogL": null, "testCalc": 12.953362691988682, "extTest": {"res1": 3972.9662344626963, "res2": 15784460.700180696}},"Point T0-146-07082019113726-GenNb2": {"Lambda": 0.6565, "Kappa": 1.2154749787174746, "tanBeta": 11.404103339251934, "mBottom": 11.176021272466896, "ChiSquared": null, "LogL": null, "testCalc": 19.880405149802574, "extTest": {"res1": -239.0367480912459, "res2": 57138.56693803775}},"Point T0-794-07082019113726-GenNb2": {"Lambda": 0.5415060128000001, "Kappa": 0.96651312, "tanBeta": 11.213904799199994, "mBottom": 10.989626703215995, "ChiSquared": null, "LogL": null, "testCalc": 16.62642822836431, "extTest": {"res1": -110.62792503291125, "res2": 12238.537797087432}},"Point T0-763-07082019113727-GenNb3": {"Lambda": 0.7393707878856421, "Kappa": -0.12931769289878148, "tanBeta": 25.382291367198757, "mBottom": 24.874645539854782, "ChiSquared": null, "LogL": null, "testCalc": 9.701612571815225, "extTest": {"res1": 3628.995397653808, "res2": 13169607.596192522}},"Point T0-926-07082019113727-GenNb3": {"Lambda": 0.956067529125644, "Kappa": 0.5158, "tanBeta": 8.165262156045163, "mBottom": 8.001956912924259, "ChiSquared": null, "LogL": null, "testCalc": 9.12668579679864, "extTest": {"res1": 97.00921846271999, "res2": 9410.788466747732}},"Point T0-378-07082019113728-GenNb3": {"Lambda": 0.8822132095543018, "Kappa": 0.379, "tanBeta": 10.330772982819413, "mBottom": 10.124157523163024, "ChiSquared": null, "LogL": null, "testCalc": 9.755741869182172, "extTest": {"res1": -66.97552009614216, "res2": 4485.720292148742}},"Point T0-230-07082019113729-GenNb4": {"Lambda": 0.8020700000000001, "Kappa": 0.6852, "tanBeta": 9.674099822189802, "mBottom": 9.480617825746005, "ChiSquared": null, "LogL": null, "testCalc": 12.012318395937456, "extTest": {"res1": 240.38761014355944, "res2": 57786.203110531926}},"Point T0-445-07082019113730-GenNb4": {"Lambda": 0.999354389624806, "Kappa": 0.3553823807287101, "tanBeta": 7.95942085194004, "mBottom": 7.800232434901239, "ChiSquared": null, "LogL": null, "testCalc": 7.727463345097178, "extTest": {"res1": -476.21740829178185, "res2": 226783.01996014165}},"Point T0-479-07082019113730-GenNb4": {"Lambda": 0.6324, "Kappa": 0.1702148267535332, "tanBeta": 8.47915691643428, "mBottom": 8.309573778105593, "ChiSquared": null, "LogL": null, "testCalc": 5.99799487459968, "extTest": {"res1": 157.11452760048712, "res2": 24684.97478312423}},"Point T0-897-07082019113731-GenNb4": {"Lambda": 1.068592306955489, "Kappa": 0.5158, "tanBeta": 1.5926919337861998, "mBottom": 1.5608380951104757, "ChiSquared": null, "LogL": null, "testCalc": 2.7438190654866137, "extTest": {"res1": 2.2379334215395317, "res2": 5.008345999243635}},"Point T0-761-07082019113732-GenNb4": {"Lambda": 1.0275142076034565, "Kappa": 0.4789989903199116, "tanBeta": 6.113464998378664, "mBottom": 5.99119569841109, "ChiSquared": null, "LogL": null, "testCalc": 6.979726857612004, "extTest": {"res1": 35.43572225112972, "res2": 1255.6904114592098}},"Point T0-724-07082019113733-GenNb5": {"Lambda": 0.5879, "Kappa": 0.3872, "tanBeta": 10.654790512974351, "mBottom": 10.441694702714864, "ChiSquared": null, "LogL": null, "testCalc": 9.692008647981101, "extTest": {"res1": 308.64626101576835, "res2": 95262.5144390138}},"Point T0-455-07082019113736-GenNb6": {"Lambda": 0.9641384174771213, "Kappa": 0.24849428314211153, "tanBeta": 7.711403665123514, "mBottom": 7.557175591821044, "ChiSquared": null, "LogL": null, "testCalc": 6.624390409750129, "extTest": {"res1": -37.887132207986355, "res2": 1435.434786945437}},"Point T0-971-07082019113737-GenNb6": {"Lambda": 0.7393707878856421, "Kappa": 0.44594207369953337, "tanBeta": 16.496075840464542, "mBottom": 16.16615432365525, "ChiSquared": null, "LogL": null, "testCalc": 15.98604059200779, "extTest": {"res1": 347.9814682745893, "res2": 121091.102262539}},"Point T0-199-07082019113737-GenNb6": {"Lambda": 0.7586611515288915, "Kappa": 0.5465971452240976, "tanBeta": 13.126129142673527, "mBottom": 12.863606559820056, "ChiSquared": null, "LogL": null, "testCalc": 14.182074739977352, "extTest": {"res1": -276.68830146899666, "res2": 76556.41616979838}},"Point T0-413-07082019113738-GenNb6": {"Lambda": 0.8822132095543018, "Kappa": 0.379, "tanBeta": 8.043194997786607, "mBottom": 7.882331097830875, "ChiSquared": null, "LogL": null, "testCalc": 7.767836600188664, "extTest": {"res1": 2077.155974504952, "res2": 4314576.942421617}},"Point T0-46-07082019113739-GenNb7": {"Lambda": 0.8020700000000001, "Kappa": 0.6852, "tanBeta": 7.504938359609823, "mBottom": 7.354839592417626, "ChiSquared": null, "LogL": null, "testCalc": 9.463119845113464, "extTest": {"res1": 41.27310159297156, "res2": 1703.4689151037512}},"Point T0-671-07082019113741-GenNb7": {"Lambda": 0.7586611515288915, "Kappa": 0.37323419433447813, "tanBeta": 1.9597275623395087, "mBottom": 1.9205330110927186, "ChiSquared": null, "LogL": null, "testCalc": 2.26727058623036, "extTest": {"res1": 2.8353117508104244, "res2": 8.038992724283673}},"Point T0-690-07082019113743-GenNb7": {"Lambda": 0.8982283250289458, "Kappa": 0.31974032913257755, "tanBeta": 13.08604836858044, "mBottom": 12.824327401208832, "ChiSquared": null, "LogL": null, "testCalc": 11.40311523690346, "extTest": {"res1": -583.3432601905714, "res2": 340289.3592097647}},"Point T0-962-07082019113743-GenNb7": {"Lambda": 1.0275142076034565, "Kappa": 0.4789989903199116, "tanBeta": 4.120252714875043, "mBottom": 4.037847660577542, "ChiSquared": null, "LogL": null, "testCalc": 5.048306167403751, "extTest": {"res1": 816.5832399073406, "res2": 666808.1876975694}},"Point T0-792-07082019113745-GenNb8": {"Lambda": 0.7393707878856421, "Kappa": 0.44594207369953337, "tanBeta": 10.72479149137087, "mBottom": 10.510295661543454, "ChiSquared": null, "LogL": null, "testCalc": 10.5844527504074, "extTest": {"res1": 1227.9686559510276, "res2": 1507907.0199981732}},"Point T0-202-07082019113746-GenNb8": {"Lambda": 0.8822132095543018,