{"Point T5-248-07082019113716-GenNb0": {"Lambda": 0.41729600000000006, "Kappa": 0.5364, "tanBeta": 2.390597999999997, "mBottom": 2.3427860399999973, "ChiSquared": null, "LogL": null, "testCalc": 2.627845738815997, "extTest": {"res1": 7.59818495059465, "res2": 57.73241454344302}},"Point T5-691-07082019113717-GenNb0": {"Lambda": 0.4166, "Kappa": 0.6393840000000001, "tanBeta": 27.460306, "mBottom": 26.91109988, "ChiSquared": null, "LogL": null, "testCalc": 31.186785791504, "extTest": {"res1": 733.6765207782131, "res2": 538281.2371412237}},"Point T5-866-07082019113718-GenNb0": {"Lambda": 0.902088, "Kappa": 0.20213399999999995, "tanBeta": 24.349330000000002, "mBottom": 23.8623434, "ChiSquared": null, "LogL": null, "testCalc": 17.666761929964, "extTest": {"res1": -725.8438339751375, "res2": 526849.271319727}},"Point T5-237-07082019113719-GenNb0": {"Lambda": 0.7243, "Kappa": 0.548544, "tanBeta": 18.257854000000002, "mBottom": 17.892696920000002, "ChiSquared": null, "LogL": null, "testCalc": 19.486195214576004, "extTest": {"res1": 2239.274598362625, "res2": 5014350.726872096}},"Point T5-637-07082019113725-GenNb2": {"Lambda": 0.6898760000000002, "Kappa": 0.77330304, "tanBeta": 4.107557639999999, "mBottom": 4.025406487199999, "ChiSquared": null, "LogL": null, "testCalc": 5.665018948963224, "extTest": {"res1": 8.327902217146644, "res2": 69.35395533835599}},"Point T5-486-07082019113728-GenNb3": {"Lambda": 0.3113, "Kappa": 0.1896, "tanBeta": 10.308233771368124, "mBottom": 10.102069095940761, "ChiSquared": null, "LogL": null, "testCalc": 7.1023833610217775, "extTest": {"res1": -92.99452383538485, "res2": 8647.981463369963}},"Point T5-869-07082019113729-GenNb3": {"Lambda": 0.7530018128180693, "Kappa": 0.9956, "tanBeta": 4.505182090989871, "mBottom": 4.415078449170074, "ChiSquared": null, "LogL": null, "testCalc": 7.259910244481851, "extTest": {"res1": -35.46017929808132, "res2": 1257.424315852075}},"Point T5-605-07082019113730-GenNb4": {"Lambda": 0.465, "Kappa": 0.9702, "tanBeta": 32.850665320000004, "mBottom": 32.1936520136, "ChiSquared": null, "LogL": null, "testCalc": 48.184766500264004, "extTest": {"res1": 818.5706865098708, "res2": 670057.9688132412}},"Point T5-601-07082019113730-GenNb4": {"Lambda": 0.41729600000000006, "Kappa": 0.30804896000000004, "tanBeta": 4.954544359999998, "mBottom": 4.855453472799998, "ChiSquared": null, "LogL": null, "testCalc": 4.1281049253878646, "extTest": {"res1": 19.42802001120866, "res2": 377.4479615559241}},"Point T5-569-07082019113731-GenNb4": {"Lambda": -0.23079863999999992, "Kappa": 0.6505, "tanBeta": 5.479868679999998, "mBottom": 5.3702713063999985, "ChiSquared": null, "LogL": null, "testCalc": 6.303058241765848, "extTest": {"res1": -292.14961603046913, "res2": 85351.39814675055}},"Point T5-419-07082019113731-GenNb4": {"Lambda": 0.15194064, "Kappa": 0.6393840000000001, "tanBeta": 27.08180728, "mBottom": 26.540171134399998, "ChiSquared": null, "LogL": null, "testCalc": 30.60884579119913, "extTest": {"res1": 2825.7367729498565, "res2": 7984788.310001069}},"Point T5-399-07082019113731-GenNb4": {"Lambda": 0.9979, "Kappa": 0.3884, "tanBeta": 4.655375801886909, "mBottom": 4.5622682858491705, "ChiSquared": null, "LogL": null, "testCalc": 5.085086514377461, "extTest": {"res1": -105.39609321422633, "res2": 11108.336464821885}},"Point T5-90-07082019113732-GenNb4": {"Lambda": 0.0862, "Kappa": 0.3199075427672341, "tanBeta": 6.151365705335639, "mBottom": 6.028338391228926, "ChiSquared": null, "LogL": null, "testCalc": 4.989467923071021, "extTest": {"res1": 31.06044674882432, "res2": 964.7513522365512}},"Point T5-951-07082019113733-GenNb4": {"Lambda": 0.6453621600000001, "Kappa": 0.4299, "tanBeta": 19.4005860824, "mBottom": 19.012574360752, "ChiSquared": null, "LogL": null, "testCalc": 18.263091454759625, "extTest": {"res1": 517.6211558102385, "res2": 267931.66094232723}},"Point T5-842-07082019113733-GenNb5": {"Lambda": 0.491876, "Kappa": 0.9702, "tanBeta": 1.3305981606134818, "mBottom": 1.3039861974012121, "ChiSquared": null, "LogL": null, "testCalc": 2.184881433503806, "extTest": {"res1": 63.119535694471104, "res2": 3984.0757862856117}},"Point T5-484-07082019113735-GenNb5": {"Lambda": -0.3704727119281187, "Kappa": 0.3199075427672341, "tanBeta": 2.9060440455215177, "mBottom": 2.847923164611087, "ChiSquared": null, "LogL": null, "testCalc": 2.4908770223650594, "extTest": {"res1": 98.68242315647291, "res2": 9738.22064003318}},"Point T5-721-07082019113738-GenNb6": {"Lambda": 0.15194064, "Kappa": 1.0764036864, "tanBeta": 24.6900027884049, "mBottom": 24.196202732636802, "ChiSquared": null, "LogL": null, "testCalc": 38.69759734306732, "extTest": {"res1": -1896.2558228055982, "res2": 3595786.1455241363}},"Point T5-3-07082019113738-GenNb6": {"Lambda": -0.3704727119281187, "Kappa": 0.2967165359288136, "tanBeta": 3.538176984070903, "mBottom": 3.467413444389485, "ChiSquared": null, "LogL": null, "testCalc": 2.9207923706946923, "extTest": {"res1": 15.518313697090644, "res2": 240.8180600013111}},"Point T5-651-07082019113745-GenNb8": {"Lambda": -0.7507259898725583, "Kappa": 0.6430206001130169, "tanBeta": 4.5450662118867955, "mBottom": 4.45416488764906, "ChiSquared": null, "LogL": null, "testCalc": 5.713243158815507, "extTest": {"res1": 18.109707400543932, "res2": 327.96150213331566}},"Point T5-395-07082019113747-GenNb8": {"Lambda": 0.4340346348151519, "Kappa": 1.0193775541323926, "tanBeta": 0.8154165905294911, "mBottom": 0.7991082587189012, "ChiSquared": null, "LogL": null, "testCalc": 1.4191575632315003, "extTest": {"res1": -0.3013557926694519, "res2": 0.09081531377543367}},"Point T5-51-07082019113747-GenNb8": {"Lambda": 0.6265047608975325, "Kappa": 1.0351206113088478, "tanBeta": 13.197704751870335, "mBottom": 12.933750656832927, "ChiSquared": null, "LogL": null, "testCalc": 20.520599754473444, "extTest": {"res1": -74.6142321131006, "res2": 5567.283633827653}},"Point T5-671-07082019113748-GenNb9": {"Lambda": 0.491876, "Kappa": 0.7683666360745912, "tanBeta": 3.490588011045285, "mBottom": 3.420776250824379, "ChiSquared": null, "LogL": null, "testCalc": 4.634381492757353, "extTest": {"res1": 1.421816931392855, "res2": 2.021563386395395}},"Point T5-894-07082019113748-GenNb9": {"Lambda": 0.2621335376000002, "Kappa": 0.9993207264, "tanBeta": 4.454271691199999, "mBottom": 4.365186257375999, "ChiSquared": null, "LogL": null, "testCalc": 6.7025531422556295, "extTest": {"res1": 32.94356461682274, "res2": 1085.2784496627753}},"Point T5-448-07082019113750-GenNb9": {"Lambda": 0.940058634815152, "Kappa": 1.0193775541323926, "tanBeta": 4.140194231802918, "mBottom": 4.0573903471668595, "ChiSquared": null, "LogL": null, "testCalc": 7.132826480122255, "extTest": {"res1": -40.64965377451617, "res2": 1652.3943519880365}},"Point T5-721-07082019113751-GenNb9": {"Lambda": 1.0523758103081708, "Kappa": 1.264517268096635, "tanBeta": 3.4919860443385633, "mBottom": 3.422146323451792, "ChiSquared": null, "LogL": null, "testCalc": 7.23424466086625, "extTest": {"res1": 47.46635632449682, "res2": 2253.0549827240993}}}