{"Point T2-159-07082019113716-GenNb0": {"Lambda": 0.4097833179429281, "Kappa": 0.7131590531716553, "tanBeta": 22.660505586396063, "mBottom": 22.20729547466814, "ChiSquared": null, "LogL": null, "testCalc": 27.432114813383606, "extTest": {"res1": 431.4141588580311, "res2": 186118.1764631825}},"Point T2-395-07082019113717-GenNb0": {"Lambda": 0.3855726394014214, "Kappa": 0.0085, "tanBeta": 23.87958583992418, "mBottom": 23.401994123125696, "ChiSquared": null, "LogL": null, "testCalc": 12.052639801457183, "extTest": {"res1": 557.2764815497097, "res2": 310557.076888424}},"Point T2-290-07082019113718-GenNb0": {"Lambda": 0.1101, "Kappa": 0.5737, "tanBeta": 20.952372, "mBottom": 20.53332456, "ChiSquared": null, "LogL": null, "testCalc": 22.299160106400002, "extTest": {"res1": -442.9051952076865, "res2": 196165.0119419589}},"Point T2-650-07082019113718-GenNb0": {"Lambda": 0.6507, "Kappa": 0.557804, "tanBeta": 16.458442, "mBottom": 16.12927316, "ChiSquared": null, "LogL": null, "testCalc": 17.668631851368, "extTest": {"res1": -331.88520577839967, "res2": 110147.78981457069}},"Point T2-699-07082019113719-GenNb0": {"Lambda": 0.41514000000000006, "Kappa": 0.30324199999999996, "tanBeta": 17.281396, "mBottom": 16.93576808, "ChiSquared": null, "LogL": null, "testCalc": 13.880670345431998, "extTest": {"res1": 262.0128161651979, "res2": 68650.71583481778}},"Point T2-665-07082019113720-GenNb1": {"Lambda": 0.4097833179429281, "Kappa": 0.7131590531716553, "tanBeta": 16.388557082289203, "mBottom": 16.06078594064342, "ChiSquared": null, "LogL": null, "testCalc": 19.885963189641018, "extTest": {"res1": -261.7805533074043, "res2": 68529.05808993075}},"Point T2-778-07082019113720-GenNb1": {"Lambda": 0.0202, "Kappa": 0.7797683101367431, "tanBeta": 18.036402202539527, "mBottom": 17.675674158488736, "ChiSquared": null, "LogL": null, "testCalc": 22.902459985665246, "extTest": {"res1": 1758.3438514720165, "res2": 3091773.1000094446}},"Point T2-343-07082019113721-GenNb1": {"Lambda": 0.3855726394014214, "Kappa": 0.0085, "tanBeta": 18.39503808052819, "mBottom": 18.027137318917628, "ChiSquared": null, "LogL": null, "testCalc": 9.318592743398282, "extTest": {"res1": -1512.9697322485958, "res2": 2289077.410700388}},"Point T2-552-07082019113721-GenNb1": {"Lambda": 0.6797, "Kappa": 0.204, "tanBeta": 19.7065062, "mBottom": 19.312376076, "ChiSquared": null, "LogL": null, "testCalc": 14.1383073928, "extTest": {"res1": 1638.0610184213178, "res2": 2683243.900071485}},"Point T2-465-07082019113724-GenNb2": {"Lambda": 0.0202, "Kappa": 0.7797683101367431, "tanBeta": 12.129960377093841, "mBottom": 11.887361169551964, "ChiSquared": null, "LogL": null, "testCalc": 15.402647330048097, "extTest": {"res1": -164.55845055315555, "res2": 27079.48364845534}},"Point T2-894-07082019113724-GenNb2": {"Lambda": -0.20835800000000004, "Kappa": 0.254210310136743, "tanBeta": 13.278264202539528, "mBottom": 13.012698918488738, "ChiSquared": null, "LogL": null, "testCalc": 9.925234176413554, "extTest": {"res1": -125.46827842176685, "res2": 15742.288890122007}},"Point T2-396-07082019113725-GenNb2": {"Lambda": 0.1101, "Kappa": 0.2432966353097495, "tanBeta": 15.960137906323915, "mBottom": 15.640935148197437, "ChiSquared": null, "LogL": null, "testCalc": 11.715637435786917, "extTest": {"res1": 6626.71205388916, "res2": 43913312.64515989}},"Point T2-358-07082019113726-GenNb2": {"Lambda": 0.3772, "Kappa": 0.6588, "tanBeta": 15.144169800528193, "mBottom": 14.841286404517628, "ChiSquared": null, "LogL": null, "testCalc": 17.53990210684679, "extTest": {"res1": -430.2093972150381, "res2": 185080.12545212643}},"Point T2-314-07082019113726-GenNb2": {"Lambda": 0.48286199999999996, "Kappa": 0.945554, "tanBeta": 16.42003, "mBottom": 16.0916294, "ChiSquared": null, "LogL": null, "testCalc": 23.804995457664, "extTest": {"res1": -238.31913263100716, "res2": 56796.00897799558}},"Point T2-32-07082019113728-GenNb3": {"Lambda": 0.6507, "Kappa": 0.557804, "tanBeta": 13.386376912681516, "mBottom": 13.118649374427886, "ChiSquared": null, "LogL": null, "testCalc": 14.449709764615342, "extTest": {"res1": -304.6818775312127, "res2": 92831.0464959449}},"Point T2-898-07082019113729-GenNb3": {"Lambda": 0.034311074296240626, "Kappa": 0.4592, "tanBeta": 11.638855820179256, "mBottom": 11.40607870377567, "ChiSquared": null, "LogL": null, "testCalc": 11.04877919433351, "extTest": {"res1": -85.85821558711238, "res2": 7371.633183803067}},"Point T2-260-07082019113733-GenNb4": {"Lambda": 0.6315, "Kappa": 0.0713, "tanBeta": 19.548402001579685, "mBottom": 19.15743396154809, "ChiSquared": null, "LogL": null, "testCalc": 11.371310293486676, "extTest": {"res1": -3155.7760705592523, "res2": 9958922.607514394}},"Point T2-917-07082019113734-GenNb4": {"Lambda": -0.12642381472467912, "Kappa": 0.945554, "tanBeta": 8.983347648002045, "mBottom": 8.803680695042004, "ChiSquared": null, "LogL": null, "testCalc": 12.912063630409467, "extTest": {"res1": 73.28744408654097, "res2": 5371.04946073787}},"Point T2-702-07082019113735-GenNb5": {"Lambda": 0.6797, "Kappa": 1.3656951849584633, "tanBeta": 5.152418257146449, "mBottom": 5.0493698920035195, "ChiSquared": null, "LogL": null, "testCalc": 10.023309840678742, "extTest": {"res1": 73.97060277204629, "res2": 5471.6500744598625}},"Point T2-150-07082019113736-GenNb5": {"Lambda": -0.5314792057037595, "Kappa": 0.0244, "tanBeta": 5.438660193855345, "mBottom": 5.329886989978237, "ChiSquared": null, "LogL": null, "testCalc": 3.0801169498146885, "extTest": {"res1": -38.197942269861585, "res2": 1459.0827936516785}},"Point T2-315-07082019113738-GenNb6": {"Lambda": -0.20835800000000004, "Kappa": -0.134884230552838, "tanBeta": 6.1958888501000775, "mBottom": 6.071971073098076, "ChiSquared": null, "LogL": null, "testCalc": 2.2436708925763806, "extTest": {"res1": -23.742096433674725, "res2": 563.68714306591}},"Point T2-345-07082019113739-GenNb6": {"Lambda": -0.009166503973372667, "Kappa": 0.28733846286110143, "tanBeta": 16.72666738509076, "mBottom": 16.392134037388946, "ChiSquared": null, "LogL": null, "testCalc": 13.002365938710465, "extTest": {"res1": 358.5791383803524, "res2": 128578.9984815959}},"Point T2-567-07082019113739-GenNb6": {"Lambda": 0.1101, "Kappa": 0.2432966353097495, "tanBeta": 12.124900281488037, "mBottom": 11.882402275858276, "ChiSquared": null, "LogL": null, "testCalc": 8.903270589881412, "extTest": {"res1": -260.3785913567738, "res2": 67797.01083693781}},"Point T2-724-07082019113740-GenNb6": {"Lambda": 0.6315, "Kappa": 0.0713, "tanBeta": 14.06277920903769, "mBottom": 13.781523624856936, "ChiSquared": null, "LogL": null, "testCalc": 8.292230220032854, "extTest": {"res1": 942.2622543129437, "res2": 887858.1559029106}},"Point T2-142-07082019113741-GenNb6": {"Lambda": -0.17606708105068913, "Kappa": 0.2321720154582715, "tanBeta": 6.110156157903634, "mBottom": 5.987953034745561, "ChiSquared": null, "LogL": null, "testCalc": 4.443583404347746, "extTest": {"res1": -20.740787033232518, "res2": 430.18024675790616}},"Point T2-556-07082019113742-GenNb7": {"Lambda": -0.37605225629831285, "Kappa": 0.5031223499147773, "tanBeta": 7.897630577942638, "mBottom": 7.739677966383785, "ChiSquared": null, "LogL": null, "testCalc": 7.984728737792246, "extTest": {"res1": -42.55012840826904, "res2": 1810.5134275601838}},"Point T2-575-07082019113742-GenNb7": {"Lambda": 0.8031566909644812, "Kappa": 1.2570868220725857, "tanBeta": 10.86312100892654, "mBottom": 10.645858588748009, "ChiSquared": null, "LogL": null, "testCalc": 19.623876231516427, "extTest": {"res1": -199.60721604126945, "res2": 39843.040695746015}},"Point T2-62-07082019113744-GenNb7": {"Lambda": 0.8489104326350623, "Kappa": 0.9712, "tanBeta": 15.626926211112089, "mBottom": 15.314387686889846, "ChiSquared": null, "LogL": null, "testCalc": 23.554713502313632, "extTest": {"res1": -832.5013841924671, "res2": 693058.5546823737}},"Point T2-681-07082019113747-GenNb8": {"Lambda": 0.6315, "Kappa": 0.0713, "tanBeta": 6.708971477187851, "mBottom": 6.5747920476440935, "ChiSquared": null, "LogL": null,