{"Point T7-662-07082019113716-GenNb0": {"Lambda": 0.7259, "Kappa": 0.5208, "tanBeta": 31.34582, "mBottom": 30.7189036, "ChiSquared": null, "LogL": null, "testCalc": 32.211285666, "extTest": {"res1": 764.0988813066772, "res2": 583847.1004141156}},"Point T7-141-07082019113717-GenNb0": {"Lambda": 0.27920399999999995, "Kappa": 0.1771, "tanBeta": 23.707450000000005, "mBottom": 23.233301000000004, "ChiSquared": null, "LogL": null, "testCalc": 15.893194768616002, "extTest": {"res1": 733.3769744143402, "res2": 537841.7866011318}},"Point T7-970-07082019113718-GenNb0": {"Lambda": 0.332466, "Kappa": 0.2544, "tanBeta": 18.817172, "mBottom": 18.44082856, "ChiSquared": null, "LogL": null, "testCalc": 14.118036477956, "extTest": {"res1": 2378.461837500149, "res2": 5657080.712444586}},"Point T7-161-07082019113720-GenNb1": {"Lambda": 0.700044, "Kappa": 0.447534, "tanBeta": 25.70797, "mBottom": 25.1938106, "ChiSquared": null, "LogL": null, "testCalc": 24.592157547916, "extTest": {"res1": 3570.5143661790285, "res2": 12748572.83909083}},"Point T7-883-07082019113721-GenNb1": {"Lambda": 0.65374, "Kappa": 0.32526600000000006, "tanBeta": 30.338050000000003, "mBottom": 29.731289, "ChiSquared": null, "LogL": null, "testCalc": 25.1609566589, "extTest": {"res1": -1613.2530300557542, "res2": 2602585.338984072}},"Point T7-86-07082019113722-GenNb1": {"Lambda": 0.5699, "Kappa": 0.88, "tanBeta": 12.939022000000005, "mBottom": 12.680241560000004, "ChiSquared": null, "LogL": null, "testCalc": 18.051246150000004, "extTest": {"res1": 363.89749822578676, "res2": 132421.38921498647}},"Point T7-492-07082019113723-GenNb1": {"Lambda": 0.859172, "Kappa": 0.533234, "tanBeta": 17.14451, "mBottom": 16.8016198, "ChiSquared": null, "LogL": null, "testCalc": 18.281022070924003, "extTest": {"res1": -1835.5955483747844, "res2": 3369411.0172133255}},"Point T7-248-07082019113725-GenNb2": {"Lambda": 0.845376, "Kappa": 0.5173, "tanBeta": 22.110046, "mBottom": 21.66784508, "ChiSquared": null, "LogL": null, "testCalc": 22.986109917176, "extTest": {"res1": -3710.8859609148067, "res2": 13770674.614914607}},"Point T7-176-07082019113726-GenNb2": {"Lambda": 0.5491390399999999, "Kappa": 0.88668844, "tanBeta": 11.953556200000005, "mBottom": 11.714485076000004, "ChiSquared": null, "LogL": null, "testCalc": 16.757876322682456, "extTest": {"res1": 100.16473714909122, "res2": 10032.974568146536}},"Point T7-16-07082019113727-GenNb2": {"Lambda": 0.85537896, "Kappa": 0.49714356000000004, "tanBeta": 24.4114858, "mBottom": 23.923256084000002, "ChiSquared": null, "LogL": null, "testCalc": 24.82931416271213, "extTest": {"res1": 3054.005497693523, "res2": 9326949.579942264}},"Point T7-979-07082019113727-GenNb2": {"Lambda": 0.276482, "Kappa": 0.674268, "tanBeta": 22.13808, "mBottom": 21.695318399999998, "ChiSquared": null, "LogL": null, "testCalc": 25.851100421763995, "extTest": {"res1": 483.5242374704576, "res2": 233795.68822138748}},"Point T7-697-07082019113727-GenNb3": {"Lambda": 0.7259, "Kappa": 0.5208, "tanBeta": 22.633752171999998, "mBottom": 22.18107712856, "ChiSquared": null, "LogL": null, "testCalc": 23.4051275054576, "extTest": {"res1": 812.9301754788314, "res2": 660855.4702040437}},"Point T7-864-07082019113728-GenNb3": {"Lambda": 0.700044, "Kappa": 0.447534, "tanBeta": 19.193408908000002, "mBottom": 18.809540729840002, "ChiSquared": null, "LogL": null, "testCalc": 18.484535029088875, "extTest": {"res1": -327.19707460297576, "res2": 107057.92562874529}},"Point T7-210-07082019113731-GenNb3": {"Lambda": 0.276482, "Kappa": 0.73421556, "tanBeta": 12.262999120000003, "mBottom": 12.017739137600003, "ChiSquared": null, "LogL": null, "testCalc": 15.088996631294311, "extTest": {"res1": -96.12122957001701, "res2": 9239.290774051911}},"Point T7-122-07082019113731-GenNb4": {"Lambda": 0.6565471490884349, "Kappa": 0.8670644525338973, "tanBeta": 13.428259174494112, "mBottom": 13.15969399100423, "ChiSquared": null, "LogL": null, "testCalc": 18.654067344094287, "extTest": {"res1": 136.5063783599807, "res2": 18633.991332958205}},"Point T7-611-07082019113732-GenNb4": {"Lambda": 0.8001, "Kappa": 0.3948, "tanBeta": 14.580213508000003, "mBottom": 14.288609237840003, "ChiSquared": null, "LogL": null, "testCalc": 13.540732921878401, "extTest": {"res1": 547.7948716792006, "res2": 300079.2214380318}},"Point T7-446-07082019113732-GenNb4": {"Lambda": 0.845376, "Kappa": 0.5173, "tanBeta": 16.490423217344187, "mBottom": 16.160614752997304, "ChiSquared": null, "LogL": null, "testCalc": 17.325463888206798, "extTest": {"res1": -2357.585817838677, "res2": 5558210.888474064}},"Point T7-976-07082019113732-GenNb4": {"Lambda": 0.4532377663999999, "Kappa": 1.1214863704, "tanBeta": 5.890092658480009, "mBottom": 5.772290805310409, "ChiSquared": null, "LogL": null, "testCalc": 9.697228512424898, "extTest": {"res1": 79.48519051916313, "res2": 6317.8955118676595}},"Point T7-892-07082019113732-GenNb4": {"Lambda": 0.7838, "Kappa": 0.9131133622855299, "tanBeta": 13.194388282913579, "mBottom": 12.930500517255307, "ChiSquared": null, "LogL": null, "testCalc": 19.12756494693967, "extTest": {"res1": 146.64615572806375, "res2": 21505.094989819525}},"Point T7-751-07082019113734-GenNb5": {"Lambda": 1.1583976223629244, "Kappa": 1.0896538186042206, "tanBeta": 7.9634127321906405, "mBottom": 7.804144477546828, "ChiSquared": null, "LogL": null, "testCalc": 13.921320383022492, "extTest": {"res1": 2274.6154168299527, "res2": 5173875.294480499}},"Point T7-263-07082019113735-GenNb5": {"Lambda": -0.06638388000000006, "Kappa": 0.4011142696, "tanBeta": 22.178088503920005, "mBottom": 21.734526733841605, "ChiSquared": null, "LogL": null, "testCalc": 19.767617957818686, "extTest": {"res1": -4062.00661547124, "res2": 16499897.744132118}},"Point T7-496-07082019113735-GenNb5": {"Lambda": 0.700044, "Kappa": 1.3118730169978974, "tanBeta": 4.648070449810916, "mBottom": 4.555109040814698, "ChiSquared": null, "LogL": null, "testCalc": 8.86529432655557, "extTest": {"res1": -5.968641527920564, "res2": 35.62468168881792}},"Point T7-204-07082019113735-GenNb5": {"Lambda": 0.64165388, "Kappa": 0.86880112, "tanBeta": 13.461918766480007, "mBottom": 13.192680391150407, "ChiSquared": null, "LogL": null, "testCalc": 18.703789998961106, "extTest": {"res1": 130.9977960660368, "res2": 17160.42257415897}},"Point T7-255-07082019113738-GenNb6": {"Lambda": 0.5105223162117094, "Kappa": 1.2250640158167698, "tanBeta": 3.633979437325488, "mBottom": 3.561299848578978, "ChiSquared": null, "LogL": null, "testCalc": 6.493140402525185, "extTest": {"res1": -14.670008294227458, "res2": 215.2091433527024}},"Point T7-36-07082019113738-GenNb6": {"Lambda": -0.06638388000000006, "Kappa": 0.4011142696, "tanBeta": 5.176387074113579, "mBottom": 5.072859332631308, "ChiSquared": null, "LogL": null, "testCalc": 4.617159206239458, "extTest": {"res1": 21.48299920960365, "res2": 461.5192550398311}},"Point T7-217-07082019113739-GenNb6": {"Lambda": 0.5192747263999999, "Kappa": 0.5162181791813877, "tanBeta": 12.445307076884808, "mBottom": 12.19640093534711, "ChiSquared": null, "LogL": null, "testCalc": 12.792340467734064, "extTest": {"res1": -481.30990200423486, "res2": 231659.22176732615}},"Point T7-930-07082019113741-GenNb6": {"Lambda": 1.0733973480472143, "Kappa": 1.0474215172765509, "tanBeta": 7.767575632068302, "mBottom": 7.612224119426935, "ChiSquared": null, "LogL": null, "testCalc": 13.094219780609604, "extTest": {"res1": 74.90719552476064, "res2": 5611.087941384721}},"Point T7-395-07082019113743-GenNb7": {"Lambda": 0.949269980125184, "Kappa": 0.4534272137141275, "tanBeta": 13.738741155896015, "mBottom": 13.463966332778094, "ChiSquared": null, "LogL": null, "testCalc": 13.862615783813457, "extTest": {"res1": -221.9707341069728, "res2": 49271.00679998842}},"Point T7-10-07082019113743-GenNb7": {"Lambda": 0.7838, "Kappa": 0.9131133622855299, "tanBeta": 12.936975368306099, "mBottom": 12.678235860939976, "ChiSquared": null, "LogL": null, "testCalc": 18.76638544682905, "extTest": {"res1": 115.98057225094934,