{"Point T0-153-19082019081605-GenNb0": {"x": -3.308628000000001, "y": 12.7966, "fAckley": 18.668518512790516, "ChiSquared": null},"Point T0-147-19082019081605-GenNb0": {"x": 18.0241, "y": -31.934663999999998, "fAckley": 20.013593712571183, "ChiSquared": null},"Point T0-571-19082019081607-GenNb1": {"x": 3.7916599999999985, "y": 8.654916239999999, "fAckley": 16.60283148813548, "ChiSquared": null},"Point T0-317-19082019081608-GenNb2": {"x": -3.1299, "y": 8.654916239999999, "fAckley": 16.213023656512885, "ChiSquared": null},"Point T0-927-19082019081609-GenNb3": {"x": 17.87126048, "y": 1.1712, "fAckley": 19.33865960068857, "ChiSquared": null},"Point T0-132-19082019081610-GenNb4": {"x": -3.2077539168000007, "y": -9.053270239999998, "fAckley": 15.748063279528745, "ChiSquared": null},"Point T0-75-19082019081610-GenNb4": {"x": -3.0290259167999998, "y": -13.194954, "fAckley": 17.8330821329582, "ChiSquared": null},"Point T0-497-19082019081611-GenNb5": {"x": -3.1411770218880006, "y": -9.053270239999998, "fAckley": 15.361150255270065, "ChiSquared": null},"Point T0-890-19082019081612-GenNb6": {"x": -3.023216541888, "y": -11.786781521599998, "fAckley": 17.30104988493507, "ChiSquared": null},"Point T0-306-19082019081612-GenNb6": {"x": -3.01938235444608, "y": -9.053270239999998, "fAckley": 14.897562686825374, "ChiSquared": null},"Point T0-647-19082019081612-GenNb7": {"x": -3.127369436288333, "y": 10.459033685856, "fAckley": 17.573611117215577, "ChiSquared": null},"Point T0-258-19082019081613-GenNb7": {"x": -3.1299, "y": -9.982664075744, "fAckley": 15.848069432249664, "ChiSquared": null},"Point T0-316-19082019081613-GenNb8": {"x": -3.01938235444608, "y": -7.862552725735039, "fAckley": 14.367463347745144, "ChiSquared": null},"Point T0-759-19082019081614-GenNb8": {"x": -3.094488015903887, "y": -9.982664075744, "fAckley": 15.668575538913352, "ChiSquared": null},"Point T0-67-19082019081614-GenNb9": {"x": -2.9976806169923456, "y": 10.459033685856, "fAckley": 17.40846028113866, "ChiSquared": null},"Point T0-509-19082019081614-GenNb9": {"x": -3.1657594899197736, "y": 2.1095829559060864, "fAckley": 9.146279629602615, "ChiSquared": null},"Point T0-572-19082019081615-GenNb11": {"x": -3.023216541888, "y": 7.869042680585126, "fAckley": 14.342682423665192, "ChiSquared": null},"Point T0-166-19082019081616-GenNb11": {"x": -3.1800826366392383, "y": -9.982664075744, "fAckley": 16.13973667271781, "ChiSquared": null},"Point T0-617-19082019081616-GenNb12": {"x": -3.0622278673839562, "y": -9.982664075744, "fAckley": 15.540561386344526, "ChiSquared": null},"Point T0-254-19082019081617-GenNb13": {"x": -2.9681495216829856, "y": -6.181420657455833, "fAckley": 13.123190235976143, "ChiSquared": null},"Point T0-727-19082019081618-GenNb14": {"x": -3.057030211511642, "y": 6.75949551552085, "fAckley": 14.068086253883491, "ChiSquared": null},"Point T0-36-19082019081619-GenNb14": {"x": -2.9681495216829856, "y": -2.3801772391676663, "fAckley": 9.90729988349184, "ChiSquared": null},"Point T0-421-19082019081619-GenNb14": {"x": -2.874071175982015, "y": 2.1095829559060864, "fAckley": 8.547590914639008, "ChiSquared": null},"Point T0-797-19082019081619-GenNb15": {"x": -3.01938235444608, "y": 3.796253786772173, "fAckley": 10.750654453318498, "ChiSquared": null},"Point T0-557-19082019081621-GenNb17": {"x": -3.057030211511642, "y": -3.9226010621883356, "fAckley": 10.33439250369116, "ChiSquared": null},"Point T0-414-19082019081621-GenNb17": {"x": -2.9681495216829856, "y": 0.8330120580234954, "fAckley": 7.691489380865205, "ChiSquared": null},"Point T0-793-19082019081622-GenNb18": {"x": -2.9949385033490015, "y": -3.9226010621883356, "fAckley": 10.20162028783481, "ChiSquared": null},"Point T0-719-19082019081623-GenNb18": {"x": -2.9433019360197146, "y": 2.1095829559060864, "fAckley": 8.383147277006135, "ChiSquared": null},"Point T0-711-19082019081624-GenNb19": {"x": -3.053462488883409, "y": -0.18498766517014564, "fAckley": 7.786561561121298, "ChiSquared": null},"Point T0-947-19082019081624-GenNb19": {"x": -3.01938235444608, "y": 0.1538434149319592, "fAckley": 7.494098162631619, "ChiSquared": null},"Point T0-906-19082019081624-GenNb19": {"x": -2.9433019360197146, "y": 1.9462148063951126, "fAckley": 8.014892979775713, "ChiSquared": null},"Point T0-517-19082019081627-GenNb22": {"x": -2.9433019360197146, "y": 1.0566405708908846, "fAckley": 7.313560786961158, "ChiSquared": null},"Point T0-110-19082019081628-GenNb24": {"x": -2.9630757960938006, "y": -0.18498766517014564, "fAckley": 7.591284234283123, "ChiSquared": null},"Point T0-617-19082019081629-GenNb24": {"x": -2.9456566329543485, "y": 0.8330120580234954, "fAckley": 7.691010486808571, "ChiSquared": null},"Point T0-636-19082019081632-GenNb27": {"x": -2.954798583691753, "y": 1.0566405708908846, "fAckley": 7.304040216980576, "ChiSquared": null},"Point T0-593-19082019081633-GenNb28": {"x": -2.991960912204257, "y": 0.1538434149319592, "fAckley": 7.436790071426552, "ChiSquared": null},"Point T0-558-19082019081634-GenNb29": {"x": -2.924237759386813, "y": 0.1538434149319592, "fAckley": 7.428002348730191, "ChiSquared": null},"Point T0-455-19082019081634-GenNb29": {"x": -2.9701837697726012, "y": 1.0566405708908846, "fAckley": 7.301014410134929, "ChiSquared": null},"Point T0-862-19082019081635-GenNb30": {"x": -2.9456566329543485, "y": 1.0566405708908846, "fAckley": 7.311124716742494, "ChiSquared": null},"Point T0-612-19082019081636-GenNb31": {"x": -2.94042566968686, "y": -0.18498766517014564, "fAckley": 7.590871391517844, "ChiSquared": null},"Point T0-703-19082019081636-GenNb31": {"x": -2.924237759386813, "y": 0.9733180507322392, "fAckley": 7.230725790669737, "ChiSquared": null},"Point T0-74-19082019081636-GenNb31": {"x": -2.9712897371809603, "y": 1.0566405708908846, "fAckley": 7.30124190101083, "ChiSquared": null},"Point T0-979-19082019081636-GenNb32": {"x": -2.94042566968686, "y": 0.9733180507322392, "fAckley": 7.204694886401956, "ChiSquared": null},"Point T0-796-19082019081636-GenNb32": {"x": -2.94096537032634, "y": 0.9733180507322392, "fAckley": 7.204020040730141, "ChiSquared": null},"Point T0-912-19082019081637-GenNb33": {"x": -2.941695308815857, "y": 0.9733180507322392, "fAckley": 7.203127921061661, "ChiSquared": null},"Point T0-567-19082019081638-GenNb34": {"x": -2.950651447051633, "y": 0.9733180507322392, "fAckley": 7.194149863725853, "ChiSquared": null},"Point T0-391-19082019081639-GenNb35": {"x": -2.942425247305374, "y": 0.9733180507322392, "fAckley": 7.202259586925905, "ChiSquared": null},"Point T0-873-19082019081639-GenNb35": {"x": -2.9701837697726012, "y": 0.9733180507322392, "fAckley": 7.187839056398133, "ChiSquared": null},"Point T0-559-19082019081640-GenNb35": {"x": -2.955316580301213, "y": 1.028310914036945, "fAckley": 7.225370838555026, "ChiSquared": null},"Point T0-627-19082019081641-GenNb36": {"x": -2.9712897371809603, "y": 1.0203452811097786, "fAckley": 7.207350667217709, "ChiSquared": null},"Point T0-859-19082019081641-GenNb36": {"x": -2.9616754899953475, "y": 1.028310914036945, "fAckley": 7.222623981927114, "ChiSquared": null},"Point T0-847-19082019081644-GenNb39": {"x": -2.9609455515058305, "y": 0.9972729419877691, "fAckley": 7.183739675088681, "ChiSquared": null},"Point T0-450-19082019081644-GenNb39": {"x": -2.9609455515058305, "y": 0.9972729419877691, "fAckley": 7.183739675088681, "ChiSquared": null},"Point T0-693-19082019081645-GenNb40": {"x": -2.9701837697726012, "y": 0.989128278960889, "fAckley": 7.181168887236662, "ChiSquared": null},"Point T0-551-19082019081646-GenNb41": {"x": -2.942425247305374, "y": 0.989128278960889, "fAckley": 7.196065869126269, "ChiSquared": null},"Point T0-230-19082019081647-GenNb41": {"x": -2.9609455515058305, "y": 0.9918974643900282, "fAckley": 7.182164770834035, "ChiSquared": null},"Point T0-81-19082019081648-GenNb43": {"x": -2.9792661763342005, "y": 0.989128278960889, "fAckley": 7.184645644437481, "ChiSquared": null},"Point T0-83-19082019081649-GenNb43": {"x": -2.9609455515058305, "y": 0.987300616577657,