{"Point T7-849-07082019112343": {"Lambda": 0.5119, "Kappa": 0.4064, "tanBeta": 27.1876, "mBottom": 26.643848, "ChiSquared": null, "LogL": null, "testCalc": 24.63300625, "extTest": {"res1": 504.0898576720224, "res2": 254106.5846077998}}, "Point T2-413-07082019112343": {"Lambda": 0.6142, "Kappa": 0.6242, "tanBeta": 18.0829, "mBottom": 17.721241999999997, "ChiSquared": null, "LogL": null, "testCalc": 20.525208819999996, "extTest": {"res1": -750.2265244443931, "res2": 562839.8379799136}}, "Point T2-681-07082019112343": {"Lambda": 0.0852, "Kappa": 0.4245, "tanBeta": 18.1784, "mBottom": 17.814832, "ChiSquared": null, "LogL": null, "testCalc": 16.63140584, "extTest": {"res1": 550.460418680059, "res2": 303006.67253342585}}, "Point T6-321-07082019112509-GenNb0": {"Lambda": 0.9232, "Kappa": 0.3216, "tanBeta": 13.79975, "mBottom": 13.523755, "ChiSquared": null, "LogL": null, "testCalc": 12.052175339999998, "extTest": {"res1": 827.0070999625447, "res2": 683940.7433884584}}, "Point T5-707-07082019112344": {"Lambda": 0.8532, "Kappa": 0.8682, "tanBeta": 19.0171, "mBottom": 18.636758, "ChiSquared": null, "LogL": null, "testCalc": 26.556975459999997, "extTest": {"res1": 646.9393894151787, "res2": 418530.57357688417}}, "Point T1-897-07082019112344": {"Lambda": 0.568, "Kappa": 0.6196, "tanBeta": 17.5767, "mBottom": 17.225165999999998, "ChiSquared": null, "LogL": null, "testCalc": 19.825730319999998, "extTest": {"res1": 3183.0602246369403, "res2": 10131872.39366577}}, "Point T6-6-07082019112344": {"Lambda": 0.1044, "Kappa": 0.4684, "tanBeta": 22.3753, "mBottom": 21.927794, "ChiSquared": null, "LogL": null, "testCalc": 21.45538688, "extTest": {"res1": -492.3646796896177, "res2": 242422.97780585982}}, "Point T5-56-07082019112345": {"Lambda": 0.43, "Kappa": 0.4804, "tanBeta": 27.3478, "mBottom": 26.800843999999998, "ChiSquared": null, "LogL": null, "testCalc": 26.72320512, "extTest": {"res1": -984.0281972979645, "res2": 968311.4930774819}}, "Point T3-457-07082019112345": {"Lambda": 0.5286, "Kappa": 0.5014, "tanBeta": 10.6245, "mBottom": 10.412009999999999, "ChiSquared": null, "LogL": null, "testCalc": 10.812547259999999, "extTest": {"res1": 204.66478505092047, "res2": 41887.67423993948}}, "Point T1-417-07082019112345": {"Lambda": 0.8234, "Kappa": 0.1836, "tanBeta": 15.291, "mBottom": 14.98518, "ChiSquared": null, "LogL": null, "testCalc": 10.97800516, "extTest": {"res1": 35457.33258621646, "res2": 1257222434.1295674}}, "Point T6-460-07082019112511-GenNb0": {"Lambda": 0.7545, "Kappa": 0.4344, "tanBeta": 14.5125, "mBottom": 14.222249999999999, "ChiSquared": null, "LogL": null, "testCalc": 13.984625249999999, "extTest": {"res1": 285.4247439820637, "res2": 81467.28447722661}}, "Point T6-978-07082019112346": {"Lambda": 0.1456, "Kappa": 0.9683, "tanBeta": 22.6792, "mBottom": 22.225616000000002, "ChiSquared": null, "LogL": null, "testCalc": 33.09427672, "extTest": {"res1": 393.7350355179067, "res2": 155027.27819428724}}}