{"Point T3-476-07082019112511-GenNb1": {"Lambda": 0.811, "Kappa": 0.6234, "tanBeta": 15.549849999999996, "mBottom": 15.238852999999995, "ChiSquared": null, "LogL": null, "testCalc": 17.970923989999996, "extTest": {"res1": -472.5852617055822, "res2": 223336.82958133362}}, "Point T2-314-07082019112343": {"Lambda": 0.7271, "Kappa": 0.6961, "tanBeta": 10.8928, "mBottom": 10.674944, "ChiSquared": null, "LogL": null, "testCalc": 13.44862449, "extTest": {"res1": -154.44865103917203, "res2": 23854.385807819937}}, "Point T3-793-07082019112508-GenNb0": {"Lambda": -0.19505, "Kappa": 0.6627, "tanBeta": 19.993049999999997, "mBottom": 19.593188999999995, "ChiSquared": null, "LogL": null, "testCalc": 23.084033237499995, "extTest": {"res1": -536.1083254892204, "res2": 287412.1366588559}}, "Point T3-735-07082019112343": {"Lambda": 0.1257, "Kappa": 0.1991, "tanBeta": 15.9075, "mBottom": 15.58935, "ChiSquared": null, "LogL": null, "testCalc": 10.977658739999999, "extTest": {"res1": -578.7449266794715, "res2": 334945.69015722687}}, "Point T3-302-07082019112512-GenNb1": {"Lambda": 0.4385, "Kappa": 0.4798, "tanBeta": 6.969999999999999, "mBottom": 6.830599999999999, "ChiSquared": null, "LogL": null, "testCalc": 6.951788249999998, "extTest": {"res1": -19.89303719047566, "res2": 395.73292866164775}}, "Point T1-619-07082019112344": {"Lambda": 0.015, "Kappa": 0.5918, "tanBeta": 16.2399, "mBottom": 15.915102, "ChiSquared": null, "LogL": null, "testCalc": 17.56854882, "extTest": {"res1": -259.12309476489224, "res2": 67144.77824053532}}, "Point T3-527-07082019112344": {"Lambda": 0.2729, "Kappa": 0.4158, "tanBeta": 39.5419, "mBottom": 38.751062, "ChiSquared": null, "LogL": null, "testCalc": 35.89152743, "extTest": {"res1": -1042.0720648044182, "res2": 1085914.1882457437}}, "Point T3-464-07082019112512-GenNb1": {"Lambda": -0.335375, "Kappa": 0.1892, "tanBeta": 20.457625, "mBottom": 20.0484725, "ChiSquared": null, "LogL": null, "testCalc": 14.007295290624999, "extTest": {"res1": 5560.688037891629, "res2": 30921251.45475106}}, "Point T2-651-07082019112345": {"Lambda": 0.4149, "Kappa": 0.1622, "tanBeta": 17.7991, "mBottom": 17.443118, "ChiSquared": null, "LogL": null, "testCalc": 11.78071503, "extTest": {"res1": 48044.145645302066, "res2": 2308239930.7869973}}, "Point T3-918-07082019112345": {"Lambda": 0.1092, "Kappa": 0.0254, "tanBeta": 11.6129, "mBottom": 11.380642, "ChiSquared": null, "LogL": null, "testCalc": 5.9972133, "extTest": {"res1": -986.8968114691936, "res2": 973965.3164880611}}, "Point T6-463-07082019112345": {"Lambda": 0.9314, "Kappa": 0.1774, "tanBeta": 17.7121, "mBottom": 17.357858, "ChiSquared": null, "LogL": null, "testCalc": 12.6885615, "extTest": {"res1": 1555.5440790496345, "res2": 2419717.381866376}}, "Point T3-650-07082019112346": {"Lambda": 0.6106, "Kappa": 0.256, "tanBeta": 26.5985, "mBottom": 26.06653, "ChiSquared": null, "LogL": null, "testCalc": 20.21531336, "extTest": {"res1": 3505.016175902701, "res2": 12285138.393339593}}, "Point T1-514-07082019112346": {"Lambda": 0.4686, "Kappa": 0.493, "tanBeta": 22.7404, "mBottom": 22.285592, "ChiSquared": null, "LogL": null, "testCalc": 22.57339916, "extTest": {"res1": -302.8345925013408, "res2": 91708.79041545314}}}