{"Point T2-204-07082019112342": {"Lambda": 0.3943, "Kappa": 0.5615, "tanBeta": 16.3821, "mBottom": 16.054458, "ChiSquared": null, "LogL": null, "testCalc": 17.381250639999998, "extTest": {"res1": 182.32770052511512, "res2": 33243.390378776065}}, "Point T1-640-07082019112343": {"Lambda": 0.5061, "Kappa": 0.5651, "tanBeta": 36.5225, "mBottom": 35.79205, "ChiSquared": null, "LogL": null, "testCalc": 38.79102696, "extTest": {"res1": -1693.986002844216, "res2": 2869588.577832124}}, "Point T7-176-07082019112343": {"Lambda": 0.16, "Kappa": 0.4709, "tanBeta": 13.5311, "mBottom": 13.260478, "ChiSquared": null, "LogL": null, "testCalc": 13.02763399, "extTest": {"res1": -234.11917946842337, "res2": 54811.79019496783}}, "Point T0-476-07082019112343": {"Lambda": 0.3071, "Kappa": 0.0209, "tanBeta": 24.5003, "mBottom": 24.010294, "ChiSquared": null, "LogL": null, "testCalc": 12.61151368, "extTest": {"res1": -789.6430358766586, "res2": 623536.1241085059}}, "Point T4-672-07082019112344": {"Lambda": 0.097, "Kappa": 0.1053, "tanBeta": 13.2788, "mBottom": 13.013224000000001, "ChiSquared": null, "LogL": null, "testCalc": 7.914278640000001, "extTest": {"res1": -231.95587541283166, "res2": 53803.52813853308}}, "Point T1-960-07082019112344": {"Lambda": 0.1763, "Kappa": 0.0116, "tanBeta": 19.765, "mBottom": 19.3697, "ChiSquared": null, "LogL": null, "testCalc": 9.945205690000002, "extTest": {"res1": -513.8919118369399, "res2": 264084.89705142524}}, "Point T1-683-07082019112510-GenNb0": {"Lambda": 0.5787, "Kappa": 0.4856, "tanBeta": 15.63475, "mBottom": 15.322055, "ChiSquared": null, "LogL": null, "testCalc": 15.58815579, "extTest": {"res1": 131.6591477371619, "res2": 17334.131182875823}}, "Point T1-62-07082019112510-GenNb0": {"Lambda": 0.7845, "Kappa": 0.8651, "tanBeta": 28.0059, "mBottom": 27.445782, "ChiSquared": null, "LogL": null, "testCalc": 38.56623534, "extTest": {"res1": -1513.8909173559118, "res2": 2291865.709652724}}, "Point T1-829-07082019112345": {"Lambda": 0.8772, "Kappa": 0.8643, "tanBeta": 12.028, "mBottom": 11.78744, "ChiSquared": null, "LogL": null, "testCalc": 17.05900024, "extTest": {"res1": -1054.021048795953, "res2": 1110960.3713049206}}, "Point T1-539-07082019112511-GenNb0": {"Lambda": 0.4073, "Kappa": 0.8863, "tanBeta": 19.269199999999998, "mBottom": 18.883815999999996, "ChiSquared": null, "LogL": null, "testCalc": 26.686093249999995, "extTest": {"res1": -277.08752265745363, "res2": 76777.49521244488}}, "Point T1-125-07082019112511-GenNb0": {"Lambda": 0.2082, "Kappa": 0.6015, "tanBeta": 12.26435, "mBottom": 12.019063000000001, "ChiSquared": null, "LogL": null, "testCalc": 13.429885265000001, "extTest": {"res1": 200.69194161632396, "res2": 40277.25542972999}}, "Point T7-855-07082019112346": {"Lambda": 0.2259, "Kappa": 0.192, "tanBeta": 20.3708, "mBottom": 19.963383999999998, "ChiSquared": null, "LogL": null, "testCalc": 13.94391641, "extTest": {"res1": 744.9208183870621, "res2": 554907.0256664504}}, "Point T1-798-07082019112512-GenNb0": {"Lambda": 0.72, "Kappa": 0.0408, "tanBeta": 14.632, "mBottom": 14.33936, "ChiSquared": null, "LogL": null, "testCalc": 8.2850656, "extTest": {"res1": -514.6506143309638, "res2": 264865.2548312384}}}