{"Point T5-506-07082019112343": {"Lambda": 0.8983, "Kappa": 0.6448, "tanBeta": 28.4802, "mBottom": 27.910595999999998, "ChiSquared": null, "LogL": null, "testCalc": 33.12627385, "extTest": {"res1": 548.7896212817545, "res2": 301170.0484265716}}, "Point T4-922-07082019112508-GenNb0": {"Lambda": 0.314, "Kappa": 0.1402, "tanBeta": 11.6517, "mBottom": 11.418666, "ChiSquared": null, "LogL": null, "testCalc": 7.44149734, "extTest": {"res1": -517.5166001574453, "res2": 267823.4314385211}}, "Point T5-356-07082019112343": {"Lambda": 0.5857, "Kappa": 0.6001, "tanBeta": 13.8749, "mBottom": 13.597402, "ChiSquared": null, "LogL": null, "testCalc": 15.468072979999999, "extTest": {"res1": -247.10177982345758, "res2": 61059.289591920504}}, "Point T1-610-07082019112343": {"Lambda": 0.9808, "Kappa": 0.4837, "tanBeta": 34.9174, "mBottom": 34.219052, "ChiSquared": null, "LogL": null, "testCalc": 34.961041019999996, "extTest": {"res1": 1998.997686973098, "res2": 3995991.752523796}}, "Point T3-670-07082019112344": {"Lambda": 0.83, "Kappa": 0.7791, "tanBeta": 28.1605, "mBottom": 27.597289999999997, "ChiSquared": null, "LogL": null, "testCalc": 36.42739055, "extTest": {"res1": 1335.6894620044536, "res2": 1784066.3389097468}}, "Point T6-323-07082019112344": {"Lambda": 0.6067, "Kappa": 0.4728, "tanBeta": 35.1919, "mBottom": 34.488062, "ChiSquared": null, "LogL": null, "testCalc": 34.25084620999999, "extTest": {"res1": -1629.401520091224, "res2": 2654949.3136755917}}, "Point T4-96-07082019112510-GenNb0": {"Lambda": 0.3025, "Kappa": 0.1172, "tanBeta": 8.4367, "mBottom": 8.267966, "ChiSquared": null, "LogL": null, "testCalc": 5.21427049, "extTest": {"res1": 38.4570485730142, "res2": 1478.9445849471733}}, "Point T4-715-07082019112345": {"Lambda": 0.7932, "Kappa": 0.1341, "tanBeta": 22.0394, "mBottom": 21.598612, "ChiSquared": null, "LogL": null, "testCalc": 14.383955779999999, "extTest": {"res1": 872.2031983777698, "res2": 760738.4192604113}}, "Point T0-385-07082019112345": {"Lambda": 0.3247, "Kappa": 0.0122, "tanBeta": 33.065, "mBottom": 32.4037, "ChiSquared": null, "LogL": null, "testCalc": 16.71067309, "extTest": {"res1": 165799.49268479279, "res2": 27489471774.534657}}, "Point T2-486-07082019112345": {"Lambda": 0.3741, "Kappa": 0.0853, "tanBeta": 17.211, "mBottom": 16.86678, "ChiSquared": null, "LogL": null, "testCalc": 10.041439109999999, "extTest": {"res1": 1467.4022041735502, "res2": 2153269.2288133935}}, "Point T1-206-07082019112345": {"Lambda": 0.7533, "Kappa": 0.227, "tanBeta": 25.2625, "mBottom": 24.75725, "ChiSquared": null, "LogL": null, "testCalc": 18.68067339, "extTest": {"res1": 3162.146136907685, "res2": 9999168.191160196}}, "Point T5-72-07082019112346": {"Lambda": 0.7519, "Kappa": 0.9138, "tanBeta": 19.3909, "mBottom": 19.003082, "ChiSquared": null, "LogL": null, "testCalc": 27.786299029999995, "extTest": {"res1": 57021.81072437541, "res2": 3251486898.2864947}}}