{"Point T0-802-07082019112343": {"Lambda": 0.1105, "Kappa": 0.6935, "tanBeta": 34.2255, "mBottom": 33.540989999999994, "ChiSquared": null, "LogL": null, "testCalc": 40.518089499999995, "extTest": {"res1": -1489.5437661337967, "res2": 2218740.631228055}}, "Point T6-549-07082019112343": {"Lambda": 0.0202, "Kappa": 0.8082, "tanBeta": 18.7345, "mBottom": 18.35981, "ChiSquared": null, "LogL": null, "testCalc": 24.32153594, "extTest": {"res1": -450.87969118843625, "res2": 203292.49592617963}}, "Point T3-804-07082019112343": {"Lambda": 0.9778, "Kappa": 0.8676, "tanBeta": 28.5933, "mBottom": 28.021434, "ChiSquared": null, "LogL": null, "testCalc": 39.77435692, "extTest": {"res1": -1042.7663187511168, "res2": 1087361.5955217557}}, "Point T2-935-07082019112508-GenNb0": {"Lambda": 0.9229, "Kappa": 0.0085, "tanBeta": 27.268549999999998, "mBottom": 26.723179, "ChiSquared": null, "LogL": null, "testCalc": 14.445116585, "extTest": {"res1": 3233.580236921348, "res2": 10456041.148608321}}, "Point T2-499-07082019112509-GenNb0": {"Lambda": 0.6797, "Kappa": 0.204, "tanBeta": 24.25105, "mBottom": 23.766029, "ChiSquared": null, "LogL": null, "testCalc": 17.292220790000002, "extTest": {"res1": -1777.056105399407, "res2": 3157928.401737308}}, "Point T4-677-07082019112344": {"Lambda": 0.1101, "Kappa": 0.5737, "tanBeta": 38.8863, "mBottom": 38.108574, "ChiSquared": null, "LogL": null, "testCalc": 41.37547932, "extTest": {"res1": -1487.4067399925034, "res2": 2212378.8101751264}}, "Point T5-548-07082019112344": {"Lambda": 0.6507, "Kappa": 0.4403, "tanBeta": 27.2403, "mBottom": 26.695494, "ChiSquared": null, "LogL": null, "testCalc": 25.76506158, "extTest": {"res1": -495.7222577567354, "res2": 245740.5568354352}}, "Point T2-199-07082019112345": {"Lambda": 0.4143, "Kappa": 0.0244, "tanBeta": 18.6909, "mBottom": 18.317082, "ChiSquared": null, "LogL": null, "testCalc": 9.78624345, "extTest": {"res1": -2555.9021910517545, "res2": 6532636.01022316}}, "Point T3-128-07082019112345": {"Lambda": 0.396, "Kappa": 0.4592, "tanBeta": 18.1687, "mBottom": 17.805326, "ChiSquared": null, "LogL": null, "testCalc": 17.40254604, "extTest": {"res1": -324.82334586469955, "res2": 105510.20601873823}}, "Point T4-50-07082019112345": {"Lambda": 0.6315, "Kappa": 0.0713, "tanBeta": 21.384, "mBottom": 20.95632, "ChiSquared": null, "LogL": null, "testCalc": 12.40163145, "extTest": {"res1": -3344.7192468804824, "res2": 11187146.840452742}}, "Point T7-365-07082019112345": {"Lambda": 0.6489, "Kappa": 0.9712, "tanBeta": 22.6725, "mBottom": 22.21905, "ChiSquared": null, "LogL": null, "testCalc": 33.55012821, "extTest": {"res1": 5296.889118386635, "res2": 28057034.332482748}}, "Point T4-599-07082019112346": {"Lambda": 0.3772, "Kappa": 0.6588, "tanBeta": 21.3258, "mBottom": 20.899284, "ChiSquared": null, "LogL": null, "testCalc": 24.641358880000006, "extTest": {"res1": 2254.9158714114246, "res2": 5084645.587143145}}, "Point T7-835-07082019112346": {"Lambda": 0.9435, "Kappa": 0.6441, "tanBeta": 36.7019, "mBottom": 35.967862000000004, "ChiSquared": null, "LogL": null, "testCalc": 42.513817040000006, "extTest": {"res1": -9853.353530787375, "res2": 97088575.80268003}}}