{"Point T4-83-26072019134924": {"Lambda": 0.2037, "Kappa": 0.87, "tanBeta": 15.8756, "mBottom": 15.558088, "ChiSquared": null, "LogL": null, "testCalc": 21.63230969, "extTest": {"res1": -178.47518791243678, "res2": 31853.39270037962}}, "Point T5-133-26072019134925": {"Lambda": 0.2647, "Kappa": 0.2527, "tanBeta": 11.7332, "mBottom": 11.498536, "ChiSquared": null, "LogL": null, "testCalc": 8.78431373, "extTest": {"res1": 184.9015672410116, "res2": 34188.58956818234}}, "Point T5-311-26072019134925": {"Lambda": 0.2273, "Kappa": 0.5206, "tanBeta": 30.332, "mBottom": 29.72536, "ChiSquared": null, "LogL": null, "testCalc": 30.70518449, "extTest": {"res1": 946.3000199794883, "res2": 895483.72781318}}, "Point T6-396-26072019134925": {"Lambda": 0.5086, "Kappa": 0.9523, "tanBeta": 36.4435, "mBottom": 35.71463, "ChiSquared": null, "LogL": null, "testCalc": 52.821134009999994, "extTest": {"res1": -1050.6088532167696, "res2": 1103778.9624574557}}, "Point T2-595-26072019134925": {"Lambda": 0.5845, "Kappa": 0.0507, "tanBeta": 10.5786, "mBottom": 10.367028, "ChiSquared": null, "LogL": null, "testCalc": 6.06148927, "extTest": {"res1": 115.36887607997303, "res2": 13309.977567956174}}, "Point T0-32-26072019134926": {"Lambda": 0.7378, "Kappa": 0.45, "tanBeta": 13.6407, "mBottom": 13.367886, "ChiSquared": null, "LogL": null, "testCalc": 13.366606840000001, "extTest": {"res1": 192.01256977019702, "res2": 36868.82694975478}}, "Point T7-413-26072019134954-GenNb1": {"Lambda": 0.3995, "Kappa": 0.31804999999999994, "tanBeta": 16.191775, "mBottom": 15.8679395, "ChiSquared": null, "LogL": null, "testCalc": 13.243364038749998, "extTest": {"res1": -997.8037744526017, "res2": 995612.3723118585}}, "Point T0-925-26072019134926": {"Lambda": 0.7316, "Kappa": 0.7846, "tanBeta": 13.7173, "mBottom": 13.442954, "ChiSquared": null, "LogL": null, "testCalc": 18.019309139999997, "extTest": {"res1": 302.63707399400187, "res2": 91589.19855565096}}, "Point T5-915-26072019134926": {"Lambda": 0.3269, "Kappa": 0.2418, "tanBeta": 10.5315, "mBottom": 10.32087, "ChiSquared": null, "LogL": null, "testCalc": 7.81381531, "extTest": {"res1": -457.6387325432938, "res2": 209433.20952383243}}, "Point T7-754-26072019134955-GenNb1": {"Lambda": 0.681275, "Kappa": 0.1901, "tanBeta": 15.50835, "mBottom": 15.198183, "ChiSquared": null, "LogL": null, "testCalc": 11.011364460625, "extTest": {"res1": -178.84963841467788, "res2": 31987.193161061023}}, "Point T7-794-26072019134955-GenNb1": {"Lambda": 0.7051499999999999, "Kappa": 0.4535, "tanBeta": 11.445799999999998, "mBottom": 11.216883999999999, "ChiSquared": null, "LogL": null, "testCalc": 11.296348822499999, "extTest": {"res1": 403.4883876020183, "res2": 162802.87892967655}}, "Point T7-920-26072019134956-GenNb1": {"Lambda": 0.7949, "Kappa": 0.4077, "tanBeta": 7.978899999999999, "mBottom": 7.819322, "ChiSquared": null, "LogL": null, "testCalc": 7.79452454, "extTest": {"res1": 97.6038106759849, "res2": 9526.503858473505}}, "Point T1-656-26072019134941": {"Lambda": 0.8753, "Kappa": 0.5592, "tanBeta": 22.4799, "mBottom": 22.030302, "ChiSquared": null, "LogL": null, "testCalc": 24.35206117, "extTest": {"res1": -3349.2278905498765, "res2": 11217327.462837176}}, "Point T2-40-26072019134941": {"Lambda": 0.6113, "Kappa": 0.5833, "tanBeta": 23.962, "mBottom": 23.48276, "ChiSquared": null, "LogL": null, "testCalc": 26.09210229, "extTest": {"res1": -3805.1894122716253, "res2": 14479466.463264078}}, "Point T7-193-26072019134956-GenNb1": {"Lambda": 0.5853, "Kappa": 0.6169, "tanBeta": 13.74825, "mBottom": 13.473285, "ChiSquared": null, "LogL": null, "testCalc": 15.560514015, "extTest": {"res1": 245.86263665409052, "res2": 60448.436102501335}}, "Point T2-560-26072019134942": {"Lambda": 0.1652, "Kappa": 0.7404, "tanBeta": 17.3747, "mBottom": 17.027206, "ChiSquared": null, "LogL": null, "testCalc": 21.40512192, "extTest": {"res1": -416.12512698271865, "res2": 173160.12130638372}}, "Point T7-472-26072019134950-GenNb0": {"Lambda": 0.4557, "Kappa": 0.9767, "tanBeta": 33.0252, "mBottom": 32.364695999999995, "ChiSquared": null, "LogL": null, "testCalc": 48.645723329999996, "extTest": {"res1": -15104.149807736492, "res2": 228135341.4145463}}, "Point T6-420-26072019134942": {"Lambda": 0.4216, "Kappa": 0.4815, "tanBeta": 19.698, "mBottom": 19.30404, "ChiSquared": null, "LogL": null, "testCalc": 19.31435356, "extTest": {"res1": 600.5590437753715, "res2": 360671.16506038856}}, "Point T7-236-26072019134950-GenNb0": {"Lambda": 0.3803, "Kappa": 0.1266, "tanBeta": 8.33995, "mBottom": 8.173150999999999, "ChiSquared": null, "LogL": null, "testCalc": 5.28704126, "extTest": {"res1": -382.2335455554576, "res2": 146102.4833478961}}, "Point T7-276-26072019134950-GenNb0": {"Lambda": 0.6976, "Kappa": 0.37424999999999997, "tanBeta": 14.6525, "mBottom": 14.359449999999999, "ChiSquared": null, "LogL": null, "testCalc": 13.150068885, "extTest": {"res1": 507.9603102597141, "res2": 258023.676799145}}, "Point T7-417-26072019134950-GenNb0": {"Lambda": 0.76, "Kappa": 0.7164, "tanBeta": 19.75385, "mBottom": 19.358773, "ChiSquared": null, "LogL": null, "testCalc": 24.40864464, "extTest": {"res1": -1159.7392847566305, "res2": 1344995.2086078208}}, "Point T3-635-26072019134943": {"Lambda": 0.6512, "Kappa": 0.6785, "tanBeta": 27.9921, "mBottom": 27.432258, "ChiSquared": null, "LogL": null, "testCalc": 33.13283029, "extTest": {"res1": 1013.7534792554335, "res2": 1027696.1167024967}}, "Point T7-319-26072019134944": {"Lambda": 0.8437, "Kappa": 0.8298, "tanBeta": 36.3646, "mBottom": 35.637308000000004, "ChiSquared": null, "LogL": null, "testCalc": 48.705828770000004, "extTest": {"res1": 1287.1205278095333, "res2": 1656679.2531086917}}, "Point T5-206-26072019134944": {"Lambda": 0.5479, "Kappa": 0.7067, "tanBeta": 18.4857, "mBottom": 18.115986, "ChiSquared": null, "LogL": null, "testCalc": 22.4220316, "extTest": {"res1": -7230.4257578960405, "res2": 52279056.64044653}}, "Point T0-404-26072019134944": {"Lambda": 0.4489, "Kappa": 0.7934, "tanBeta": 24.2113, "mBottom": 23.727074, "ChiSquared": null, "LogL": null, "testCalc": 31.274293630000003, "extTest": {"res1": -379.42254607483073, "res2": 143961.46846990706}}}