{"Point T0-245-26072019134953-GenNb1": {"Lambda": -0.0801, "Kappa": 0.0848, "tanBeta": 9.041600000000003, "mBottom": 8.860768000000002, "ChiSquared": null, "LogL": null, "testCalc": 5.203527690000001, "extTest": {"res1": -82.9891068381998, "res2": 6887.191853802141}}, "Point T0-907-26072019134924": {"Lambda": 0.3126, "Kappa": 0.6729, "tanBeta": 18.4276, "mBottom": 18.059048, "ChiSquared": null, "LogL": null, "testCalc": 21.527174800000004, "extTest": {"res1": -241.44037615194486, "res2": 58293.45523639263}}, "Point T4-876-26072019134925": {"Lambda": 0.052, "Kappa": 0.3557, "tanBeta": 12.7552, "mBottom": 12.500096, "ChiSquared": null, "LogL": null, "testCalc": 10.78977664, "extTest": {"res1": -280.89339493174157, "res2": 78901.09931627935}}, "Point T2-233-26072019134925": {"Lambda": 0.4679, "Kappa": 0.5079, "tanBeta": 36.1865, "mBottom": 35.46277, "ChiSquared": null, "LogL": null, "testCalc": 36.32943876, "extTest": {"res1": -1036.9462765181568, "res2": 1075257.5803848696}}, "Point T2-148-26072019134925": {"Lambda": 0.5207, "Kappa": 0.3728, "tanBeta": 25.1282, "mBottom": 24.625636, "ChiSquared": null, "LogL": null, "testCalc": 21.95173945, "extTest": {"res1": 848.479995554172, "res2": 719918.3028556077}}, "Point T5-163-26072019134925": {"Lambda": 0.0282, "Kappa": 0.5812, "tanBeta": 28.8698, "mBottom": 28.292404, "ChiSquared": null, "LogL": null, "testCalc": 30.926125000000003, "extTest": {"res1": 1348.9179973470048, "res2": 1819579.763566654}}, "Point T7-518-26072019134926": {"Lambda": 0.1841, "Kappa": 0.7672, "tanBeta": 10.6064, "mBottom": 10.394272, "ChiSquared": null, "LogL": null, "testCalc": 13.36825889, "extTest": {"res1": -39.02026251428569, "res2": 1522.580886683769}}, "Point T0-661-26072019134948-GenNb0": {"Lambda": 0.5818, "Kappa": 0.3088, "tanBeta": 6.565650000000001, "mBottom": 6.434337, "ChiSquared": null, "LogL": null, "testCalc": 5.583132460000001, "extTest": {"res1": 56.65505487626078, "res2": 3209.79524303212}}, "Point T7-404-26072019134926": {"Lambda": 0.5019, "Kappa": 0.7443, "tanBeta": 10.6954, "mBottom": 10.481492, "ChiSquared": null, "LogL": null, "testCalc": 13.453235829999999, "extTest": {"res1": -102.69203292947596, "res2": 10545.653627188574}}, "Point T0-212-26072019134948-GenNb0": {"Lambda": 0.6581, "Kappa": 0.9469, "tanBeta": 31.39525, "mBottom": 30.767345, "ChiSquared": null, "LogL": null, "testCalc": 45.544930335, "extTest": {"res1": -637.4646492885548, "res2": 406361.1790925802}}, "Point T0-9-26072019134956-GenNb1": {"Lambda": 0.4836, "Kappa": 0.9561, "tanBeta": 20.3574, "mBottom": 19.950252, "ChiSquared": null, "LogL": null, "testCalc": 29.672705099999995, "extTest": {"res1": 1274.4190245633401, "res2": 1624143.8501689753}}, "Point T0-251-26072019134956-GenNb1": {"Lambda": 0.0523, "Kappa": 0.8752, "tanBeta": 23.849849999999996, "mBottom": 23.372852999999996, "ChiSquared": null, "LogL": null, "testCalc": 32.562550509999994, "extTest": {"res1": 896.7163744724459, "res2": 804100.2562470078}}, "Point T0-175-26072019134949-GenNb0": {"Lambda": 0.1024, "Kappa": 0.458, "tanBeta": 12.516350000000001, "mBottom": 12.266023, "ChiSquared": null, "LogL": null, "testCalc": 11.87598556, "extTest": {"res1": -35454.34971625892, "res2": 1257010913.802789}}, "Point T0-219-26072019134941": {"Lambda": 0.7654, "Kappa": 0.0832, "tanBeta": 15.0559, "mBottom": 14.754781999999999, "ChiSquared": null, "LogL": null, "testCalc": 9.215879039999999, "extTest": {"res1": -1502.9819270031212, "res2": 2258954.6728980155}}, "Point T0-330-26072019134950-GenNb0": {"Lambda": 0.2987, "Kappa": 0.5599, "tanBeta": 18.5848, "mBottom": 18.213104, "ChiSquared": null, "LogL": null, "testCalc": 19.60140321, "extTest": {"res1": 232.537437779022, "res2": 54073.65996883254}}, "Point T4-773-26072019134941": {"Lambda": 0.691, "Kappa": 0.7001, "tanBeta": 24.5975, "mBottom": 24.10555, "ChiSquared": null, "LogL": null, "testCalc": 29.75096575, "extTest": {"res1": 485.87914758786667, "res2": 236078.54606071193}}, "Point T3-562-26072019134942": {"Lambda": 0.2799, "Kappa": 0.6838, "tanBeta": 17.6331, "mBottom": 17.280438, "ChiSquared": null, "LogL": null, "testCalc": 20.776076789999998, "extTest": {"res1": 249.21165408892332, "res2": 62106.44853373717}}, "Point T0-326-26072019134958-GenNb1": {"Lambda": 0.5121, "Kappa": 0.7668, "tanBeta": 6.714625000000001, "mBottom": 6.580332500000001, "ChiSquared": null, "LogL": null, "testCalc": 8.701187110000001, "extTest": {"res1": 168.49806190215884, "res2": 28391.59686478375}}, "Point T1-411-26072019134942": {"Lambda": 0.6137, "Kappa": 0.8051, "tanBeta": 20.8435, "mBottom": 20.42663, "ChiSquared": null, "LogL": null, "testCalc": 27.37104454, "extTest": {"res1": 561.8719736595747, "res2": 315700.1147841058}}, "Point T7-630-26072019134943": {"Lambda": 0.8374, "Kappa": 0.977, "tanBeta": 31.5272, "mBottom": 30.896656, "ChiSquared": null, "LogL": null, "testCalc": 46.951641159999994, "extTest": {"res1": -1367.6775464286445, "res2": 1870541.8710050771}}, "Point T0-765-26072019134943": {"Lambda": 0.9286, "Kappa": 0.5155, "tanBeta": 38.4601, "mBottom": 37.690898, "ChiSquared": null, "LogL": null, "testCalc": 39.533928509999996, "extTest": {"res1": 2287.667407689597, "res2": 5233422.168205241}}, "Point T7-220-26072019134943": {"Lambda": 0.213, "Kappa": 0.2961, "tanBeta": 29.4556, "mBottom": 28.866488, "ChiSquared": null, "LogL": null, "testCalc": 23.20041616, "extTest": {"res1": 1121.89297444994, "res2": 1258643.846120134}}, "Point T2-823-26072019134943": {"Lambda": 0.8693, "Kappa": 0.0342, "tanBeta": 20.8367, "mBottom": 20.419966, "ChiSquared": null, "LogL": null, "testCalc": 11.67828063, "extTest": {"res1": -238.1639693222776, "res2": 56722.07628334279}}, "Point T1-277-26072019134944": {"Lambda": 0.316, "Kappa": 0.1434, "tanBeta": 31.6917, "mBottom": 31.057866, "ChiSquared": null, "LogL": null, "testCalc": 20.17337878, "extTest": {"res1": 407.58754770523956, "res2": 166127.60904437094}}, "Point T0-345-26072019134953-GenNb0": {"Lambda": 0.2043, "Kappa": 0.6162, "tanBeta": 15.118549999999999, "mBottom": 14.816178999999998, "ChiSquared": null, "LogL": null, "testCalc": 16.7658785, "extTest": {"res1": -797.2001445806325, "res2": 635528.0705193813}}}