{"Point T3-916-26072019134924": {"Lambda": 0.8894, "Kappa": 0.2289, "tanBeta": 18.1571, "mBottom": 17.793958, "ChiSquared": null, "LogL": null, "testCalc": 13.84417155, "extTest": {"res1": -236.62220052667354, "res2": 55990.0657820853}}, "Point T1-128-26072019134953-GenNb1": {"Lambda": 0.319, "Kappa": 0.07575, "tanBeta": 16.08115, "mBottom": 15.759527, "ChiSquared": null, "LogL": null, "testCalc": 9.1996716125, "extTest": {"res1": -1812.1102591932204, "res2": 3283743.5914733205}}, "Point T0-951-26072019134925": {"Lambda": 0.5321, "Kappa": 0.1795, "tanBeta": 10.0143, "mBottom": 9.814014, "ChiSquared": null, "LogL": null, "testCalc": 6.98770426, "extTest": {"res1": -170.80344472574814, "res2": 29173.816730181697}}, "Point T1-936-26072019134953-GenNb1": {"Lambda": 0.3727, "Kappa": 0.226, "tanBeta": 20.961750000000002, "mBottom": 20.542515, "ChiSquared": null, "LogL": null, "testCalc": 15.14751829, "extTest": {"res1": -425.8632611180242, "res2": 181359.51717007844}}, "Point T5-227-26072019134925": {"Lambda": 0.6391, "Kappa": 0.2685, "tanBeta": 24.7425, "mBottom": 24.24765, "ChiSquared": null, "LogL": null, "testCalc": 19.17563506, "extTest": {"res1": -205.72717827890722, "res2": 42323.67188260127}}, "Point T1-567-26072019134947-GenNb0": {"Lambda": 0.9951, "Kappa": 0.41054999999999997, "tanBeta": 20.485799999999998, "mBottom": 20.076083999999998, "ChiSquared": null, "LogL": null, "testCalc": 19.4387112, "extTest": {"res1": 649.8622152482063, "res2": 422320.8988073061}}, "Point T1-69-26072019134954-GenNb1": {"Lambda": 0.421, "Kappa": 0.6012, "tanBeta": 18.501175, "mBottom": 18.131151499999998, "ChiSquared": null, "LogL": null, "testCalc": 20.365723159999998, "extTest": {"res1": -1302.3255201175448, "res2": 1696051.7603494336}}, "Point T1-267-26072019134926": {"Lambda": 0.5102, "Kappa": 0.3344, "tanBeta": 29.3484, "mBottom": 28.761432000000003, "ChiSquared": null, "LogL": null, "testCalc": 24.455125000000002, "extTest": {"res1": 1395.5947497539423, "res2": 1947684.7055407688}}, "Point T5-817-26072019134926": {"Lambda": 0.9644, "Kappa": 0.3219, "tanBeta": 35.5974, "mBottom": 34.885452, "ChiSquared": null, "LogL": null, "testCalc": 29.83159642, "extTest": {"res1": 1176.133800039949, "res2": 1383290.7155964107}}, "Point T0-427-26072019134927": {"Lambda": 0.3313, "Kappa": 0.4181, "tanBeta": 19.7141, "mBottom": 19.319817999999998, "ChiSquared": null, "LogL": null, "testCalc": 18.012133900000002, "extTest": {"res1": -473.93111463212904, "res2": 224610.70141645224}}, "Point T1-842-26072019134927": {"Lambda": 0.4585, "Kappa": 0.7251, "tanBeta": 14.4826, "mBottom": 14.192948, "ChiSquared": null, "LogL": null, "testCalc": 17.808029509999997, "extTest": {"res1": -187.87748764625434, "res2": 35297.95036426845}}, "Point T1-838-26072019134955-GenNb1": {"Lambda": 0.0279, "Kappa": 0.2937, "tanBeta": 23.291249999999998, "mBottom": 22.825425, "ChiSquared": null, "LogL": null, "testCalc": 18.254131035, "extTest": {"res1": 854.8963287629686, "res2": 730847.7329324016}}, "Point T0-504-26072019134928": {"Lambda": 0.3219, "Kappa": 0.3348, "tanBeta": 21.397, "mBottom": 20.96906, "ChiSquared": null, "LogL": null, "testCalc": 17.75186521, "extTest": {"res1": -409.34319004954574, "res2": 167561.84723993854}}, "Point T4-252-26072019134941": {"Lambda": 0.5217, "Kappa": 0.5832, "tanBeta": 32.1543, "mBottom": 31.511214, "ChiSquared": null, "LogL": null, "testCalc": 34.78016565, "extTest": {"res1": -6852.651120451448, "res2": 46958827.37862449}}, "Point T0-728-26072019134941": {"Lambda": 0.8128, "Kappa": 0.5006, "tanBeta": 27.072, "mBottom": 26.530559999999998, "ChiSquared": null, "LogL": null, "testCalc": 27.478167040000002, "extTest": {"res1": 1295.4822318083045, "res2": 1678274.2129310255}}, "Point T1-196-26072019134957-GenNb1": {"Lambda": 0.1331, "Kappa": 0.16835, "tanBeta": 23.1381, "mBottom": 22.675338, "ChiSquared": null, "LogL": null, "testCalc": 15.250683745, "extTest": {"res1": -631.6344620575661, "res2": 398962.09365875093}}, "Point T1-653-26072019134957-GenNb1": {"Lambda": 0.7280500000000001, "Kappa": 0.2283, "tanBeta": 5.6777, "mBottom": 5.564146, "ChiSquared": null, "LogL": null, "testCalc": 4.6083487125, "extTest": {"res1": 79.5160593804889, "res2": 6322.8036994014365}}, "Point T6-49-26072019134942": {"Lambda": 0.3114, "Kappa": 0.7804, "tanBeta": 12.8191, "mBottom": 12.562718, "ChiSquared": null, "LogL": null, "testCalc": 16.3823546, "extTest": {"res1": -226.79605982798998, "res2": 51436.45275350121}}, "Point T4-171-26072019134942": {"Lambda": 0.7907, "Kappa": 0.119, "tanBeta": 30.1846, "mBottom": 29.580908, "ChiSquared": null, "LogL": null, "testCalc": 19.007627890000002, "extTest": {"res1": -967.6177413903847, "res2": 936284.0934534294}}, "Point T4-940-26072019134943": {"Lambda": 0.3019, "Kappa": 0.5071, "tanBeta": 21.6846, "mBottom": 21.250908, "ChiSquared": null, "LogL": null, "testCalc": 21.712858269999998, "extTest": {"res1": 607.8783821406889, "res2": 369516.1274739814}}, "Point T1-841-26072019134943": {"Lambda": 0.045, "Kappa": 0.5885, "tanBeta": 33.5797, "mBottom": 32.908106000000004, "ChiSquared": null, "LogL": null, "testCalc": 36.21773145, "extTest": {"res1": -23869.81541355704, "res2": 569768087.8772852}}, "Point T1-200-26072019134952-GenNb0": {"Lambda": 0.1468, "Kappa": 0.1237, "tanBeta": 25.98115, "mBottom": 25.461527, "ChiSquared": null, "LogL": null, "testCalc": 15.966181995, "extTest": {"res1": 692.6000502653893, "res2": 479694.8296276198}}, "Point T5-183-26072019134943": {"Lambda": 0.4318, "Kappa": 0.8349, "tanBeta": 16.2091, "mBottom": 15.884917999999999, "ChiSquared": null, "LogL": null, "testCalc": 21.661887829999998, "extTest": {"res1": -140.87242267373063, "res2": 19845.039469966214}}, "Point T1-505-26072019134952-GenNb0": {"Lambda": 0.45055, "Kappa": 0.9316, "tanBeta": 24.5155, "mBottom": 24.02519, "ChiSquared": null, "LogL": null, "testCalc": 35.0542301025, "extTest": {"res1": 461.5079714084431, "res2": 212989.60767353635}}, "Point T3-205-26072019134944": {"Lambda": 0.2472, "Kappa": 0.0246, "tanBeta": 33.4157, "mBottom": 32.747386, "ChiSquared": null, "LogL": null, "testCalc": 17.25682706, "extTest": {"res1": -717.6086964996986, "res2": 514962.2412919965}}}