{"Point T2-401-26072019134924": {"Lambda": 0.4581, "Kappa": 0.3116, "tanBeta": 11.751, "mBottom": 11.515979999999999, "ChiSquared": null, "LogL": null, "testCalc": 9.629457209999998, "extTest": {"res1": -98.71005436210844, "res2": 9743.674832170404}}, "Point T2-889-26072019134924": {"Lambda": 0.9786, "Kappa": 0.3276, "tanBeta": 26.0355, "mBottom": 25.514789999999998, "ChiSquared": null, "LogL": null, "testCalc": 22.244282759999997, "extTest": {"res1": -1162.6213062963589, "res2": 1351688.301854252}}, "Point T5-744-26072019134925": {"Lambda": 0.8022, "Kappa": 0.2303, "tanBeta": 12.676, "mBottom": 12.42248, "ChiSquared": null, "LogL": null, "testCalc": 9.77404764, "extTest": {"res1": -227.79752622664992, "res2": 51891.71295498126}}, "Point T3-305-26072019134925": {"Lambda": 0.9681, "Kappa": 0.6516, "tanBeta": 35.0187, "mBottom": 34.318326, "ChiSquared": null, "LogL": null, "testCalc": 40.914565530000004, "extTest": {"res1": -1773.6382399325155, "res2": 3145792.606150911}}, "Point T5-217-26072019134947-GenNb0": {"Lambda": 0.4644, "Kappa": 0.4979, "tanBeta": 24.006500000000003, "mBottom": 23.526370000000004, "ChiSquared": null, "LogL": null, "testCalc": 23.931688710000003, "extTest": {"res1": -792.9450073056017, "res2": 628761.7846108808}}, "Point T3-404-26072019134926": {"Lambda": 0.3617, "Kappa": 0.7915, "tanBeta": 13.4162, "mBottom": 13.147876, "ChiSquared": null, "LogL": null, "testCalc": 17.32368719, "extTest": {"res1": -61.99257779588566, "res2": 3843.0797017789355}}, "Point T3-476-26072019134926": {"Lambda": 0.6652, "Kappa": 0.5745, "tanBeta": 36.0168, "mBottom": 35.296464, "ChiSquared": null, "LogL": null, "testCalc": 38.78237464, "extTest": {"res1": -1579.6739440833974, "res2": 2495369.7696159966}}, "Point T7-264-26072019134926": {"Lambda": 0.948, "Kappa": 0.2925, "tanBeta": 10.1986, "mBottom": 9.994628, "ChiSquared": null, "LogL": null, "testCalc": 8.8791085, "extTest": {"res1": 31.216637112598903, "res2": 974.4784326196872}}, "Point T4-432-26072019134926": {"Lambda": 0.1179, "Kappa": 0.4042, "tanBeta": 16.0593, "mBottom": 15.738114, "ChiSquared": null, "LogL": null, "testCalc": 14.37412647, "extTest": {"res1": -86.32698512696942, "res2": 7452.348361111999}}, "Point T5-191-26072019134948-GenNb0": {"Lambda": 0.3717, "Kappa": 0.2887, "tanBeta": 16.2402, "mBottom": 15.915396000000001, "ChiSquared": null, "LogL": null, "testCalc": 12.784404630000001, "extTest": {"res1": -169.97993599026714, "res2": 28893.178639255315}}, "Point T4-286-26072019134927": {"Lambda": 0.3141, "Kappa": 0.7813, "tanBeta": 23.567, "mBottom": 23.09566, "ChiSquared": null, "LogL": null, "testCalc": 30.059385909999996, "extTest": {"res1": -680.2914665434132, "res2": 462796.4794517879}}, "Point T7-844-26072019134927": {"Lambda": 0.2605, "Kappa": 0.5602, "tanBeta": 17.3722, "mBottom": 17.024756, "ChiSquared": null, "LogL": null, "testCalc": 18.31214469, "extTest": {"res1": -193.08091889872918, "res2": 37280.241242777636}}, "Point T5-460-26072019134956-GenNb1": {"Lambda": 0.4326, "Kappa": 0.1757, "tanBeta": 4.8936, "mBottom": 4.795728, "ChiSquared": null, "LogL": null, "testCalc": 3.4448122800000003, "extTest": {"res1": -134.9546033805248, "res2": 18212.744973594752}}, "Point T5-30-26072019134949-GenNb0": {"Lambda": 0.8487, "Kappa": 0.4607, "tanBeta": 23.26435, "mBottom": 22.799063, "ChiSquared": null, "LogL": null, "testCalc": 22.837709235, "extTest": {"res1": 349.89691589837696, "res2": 122427.85175519588}}, "Point T5-162-26072019134950-GenNb0": {"Lambda": 0.6178, "Kappa": 0.6835, "tanBeta": 6.9845999999999995, "mBottom": 6.844907999999999, "ChiSquared": null, "LogL": null, "testCalc": 8.57810494, "extTest": {"res1": 31.286395239834036, "res2": 978.8385271031099}}, "Point T5-790-26072019134950-GenNb0": {"Lambda": 0.19945000000000002, "Kappa": 0.8871, "tanBeta": 9.8427, "mBottom": 9.645846, "ChiSquared": null, "LogL": null, "testCalc": 13.5941624725, "extTest": {"res1": 38.660865325349555, "res2": 1494.6625077048154}}, "Point T7-124-26072019134942": {"Lambda": 0.265, "Kappa": 0.8705, "tanBeta": 39.6508, "mBottom": 38.857783999999995, "ChiSquared": null, "LogL": null, "testCalc": 54.0151384, "extTest": {"res1": 777862.427674502, "res2": 605069956387.6699}}, "Point T2-158-26072019134942": {"Lambda": 0.7804, "Kappa": 0.7644, "tanBeta": 13.6688, "mBottom": 13.395423999999998, "ChiSquared": null, "LogL": null, "testCalc": 17.755166879999997, "extTest": {"res1": -196.20157613770425, "res2": 38495.05847891936}}, "Point T5-160-26072019134958-GenNb1": {"Lambda": 0.4529, "Kappa": 0.1098, "tanBeta": 4.5653500000000005, "mBottom": 4.474043, "ChiSquared": null, "LogL": null, "testCalc": 2.94341534, "extTest": {"res1": 67.65203337188768, "res2": 4576.797619351005}}, "Point T5-555-26072019134943": {"Lambda": 0.8185, "Kappa": 0.8019, "tanBeta": 11.0763, "mBottom": 10.854773999999999, "ChiSquared": null, "LogL": null, "testCalc": 14.979414219999999, "extTest": {"res1": 119.6066294083611, "res2": 14305.74579842903}}, "Point T4-784-26072019134943": {"Lambda": 0.2671, "Kappa": 0.2295, "tanBeta": 17.4752, "mBottom": 17.125696, "ChiSquared": null, "LogL": null, "testCalc": 12.644748810000001, "extTest": {"res1": 297.22135416001004, "res2": 88340.53336871012}}, "Point T6-72-26072019134943": {"Lambda": 0.6932, "Kappa": 0.3523, "tanBeta": 35.5147, "mBottom": 34.804406, "ChiSquared": null, "LogL": null, "testCalc": 30.39455805, "extTest": {"res1": 1227.8385896489842, "res2": 1507587.6022312066}}, "Point T4-71-26072019134944": {"Lambda": 0.295, "Kappa": 0.4842, "tanBeta": 24.1842, "mBottom": 23.700516, "ChiSquared": null, "LogL": null, "testCalc": 23.64727264, "extTest": {"res1": -12379.87127651892, "res2": 153261212.82317817}}, "Point T5-814-26072019134952-GenNb0": {"Lambda": 0.7129, "Kappa": 0.86105, "tanBeta": 4.58175, "mBottom": 4.490115, "ChiSquared": null, "LogL": null, "testCalc": 6.698399747500001, "extTest": {"res1": 14.649749409939863, "res2": 214.61515777403338}}, "Point T4-764-26072019134944": {"Lambda": 0.8894, "Kappa": 0.1742, "tanBeta": 23.1877, "mBottom": 22.723945999999998, "ChiSquared": null, "LogL": null, "testCalc": 16.1923027, "extTest": {"res1": 348.20329971999774, "res2": 121245.53793589458}}}