{"Point T3-797-26072019134924": {"Lambda": 0.4704, "Kappa": 0.4843, "tanBeta": 28.2342, "mBottom": 27.669516, "ChiSquared": null, "LogL": null, "testCalc": 27.72985722, "extTest": {"res1": -1374.8335177166634, "res2": 1890167.201437175}}, "Point T1-62-26072019134924": {"Lambda": 0.8698, "Kappa": 0.627, "tanBeta": 25.267, "mBottom": 24.76166, "ChiSquared": null, "LogL": null, "testCalc": 28.979791040000002, "extTest": {"res1": -503.12129780117743, "res2": 253131.04030114107}}, "Point T6-530-26072019134925": {"Lambda": 0.5331, "Kappa": 0.0307, "tanBeta": 11.0531, "mBottom": 10.832038, "ChiSquared": null, "LogL": null, "testCalc": 6.039544780000001, "extTest": {"res1": -208.61580407453025, "res2": 43520.55370966279}}, "Point T6-843-26072019134946-GenNb0": {"Lambda": 0.8367, "Kappa": 0.5643, "tanBeta": 25.1415, "mBottom": 24.63867, "ChiSquared": null, "LogL": null, "testCalc": 27.206750340000003, "extTest": {"res1": 507.9984134813987, "res2": 258062.3880996181}}, "Point T0-268-26072019134925": {"Lambda": 0.4546, "Kappa": 0.7048, "tanBeta": 25.0546, "mBottom": 24.553508, "ChiSquared": null, "LogL": null, "testCalc": 30.14189724, "extTest": {"res1": -909.6398829654665, "res2": 827444.7166814277}}, "Point T6-335-26072019134947-GenNb0": {"Lambda": 0.9884, "Kappa": 0.8102, "tanBeta": 27.78875, "mBottom": 27.232975, "ChiSquared": null, "LogL": null, "testCalc": 37.10786731, "extTest": {"res1": 1196.26716656523, "res2": 1431055.1338020035}}, "Point T5-629-26072019134926": {"Lambda": 0.0868, "Kappa": 0.0094, "tanBeta": 28.5867, "mBottom": 28.014966, "ChiSquared": null, "LogL": null, "testCalc": 14.283732220000001, "extTest": {"res1": -994.1384699657964, "res2": 988311.2974659347}}, "Point T2-594-26072019134926": {"Lambda": 0.2229, "Kappa": 0.3677, "tanBeta": 35.2447, "mBottom": 34.539806, "ChiSquared": null, "LogL": null, "testCalc": 30.2790636, "extTest": {"res1": -1512.1293104702836, "res2": 2286535.0515833353}}, "Point T7-71-26072019134926": {"Lambda": 0.0884, "Kappa": 0.8136, "tanBeta": 20.3044, "mBottom": 19.898312, "ChiSquared": null, "LogL": null, "testCalc": 26.476630399999998, "extTest": {"res1": -1700.7561375092234, "res2": 2892571.4392752927}}, "Point T6-917-26072019134955-GenNb1": {"Lambda": 0.4163, "Kappa": 0.13845000000000002, "tanBeta": 10.767750000000001, "mBottom": 10.552395, "ChiSquared": null, "LogL": null, "testCalc": 6.940298177500001, "extTest": {"res1": -86.18357452169244, "res2": 7427.608517336113}}, "Point T6-682-26072019134955-GenNb1": {"Lambda": 0.2423, "Kappa": 0.0532, "tanBeta": 17.629850000000005, "mBottom": 17.277253000000005, "ChiSquared": null, "LogL": null, "testCalc": 9.635243810000002, "extTest": {"res1": 956.2594663530863, "res2": 914432.1669898893}}, "Point T2-933-26072019134927": {"Lambda": 0.7965, "Kappa": 0.9168, "tanBeta": 10.4025, "mBottom": 10.19445, "ChiSquared": null, "LogL": null, "testCalc": 15.26864925, "extTest": {"res1": 718.2230157169934, "res2": 515844.3003056125}}, "Point T7-158-26072019134941": {"Lambda": 0.0956, "Kappa": 0.5114, "tanBeta": 23.8027, "mBottom": 23.326646, "ChiSquared": null, "LogL": null, "testCalc": 23.84516314, "extTest": {"res1": -3754.837435617554, "res2": 14098804.167915009}}, "Point T6-922-26072019134941": {"Lambda": 0.5344, "Kappa": 0.9661, "tanBeta": 39.2164, "mBottom": 38.432072, "ChiSquared": null, "LogL": null, "testCalc": 57.388583399999995, "extTest": {"res1": 2721.9979081099905, "res2": 7409272.611755164}}, "Point T6-474-26072019134957-GenNb1": {"Lambda": 0.8559, "Kappa": 0.7360500000000001, "tanBeta": 21.93065, "mBottom": 21.492037, "ChiSquared": null, "LogL": null, "testCalc": 27.6206382425, "extTest": {"res1": 636.2121292880565, "res2": 404765.87345324276}}, "Point T5-152-26072019134942": {"Lambda": 0.5476, "Kappa": 0.0284, "tanBeta": 18.1642, "mBottom": 17.800916, "ChiSquared": null, "LogL": null, "testCalc": 9.71618704, "extTest": {"res1": -453.4029551746931, "res2": 205574.23976114474}}, "Point T6-354-26072019134950-GenNb0": {"Lambda": 0.1726, "Kappa": 0.135, "tanBeta": 22.8972, "mBottom": 22.439256, "ChiSquared": null, "LogL": null, "testCalc": 14.34054076, "extTest": {"res1": -7260.682058186175, "res2": 52717503.950066626}}, "Point T2-501-26072019134942": {"Lambda": 0.6381, "Kappa": 0.1274, "tanBeta": 36.0643, "mBottom": 35.343014000000004, "ChiSquared": null, "LogL": null, "testCalc": 22.673270430000002, "extTest": {"res1": 1683.057825205338, "res2": 2832683.6429849225}}, "Point T1-552-26072019134942": {"Lambda": 0.8956, "Kappa": 0.4104, "tanBeta": 25.5335, "mBottom": 25.02283, "ChiSquared": null, "LogL": null, "testCalc": 23.79246276, "extTest": {"res1": -420.5910725138676, "res2": 176896.8502783654}}, "Point T6-198-26072019134950-GenNb0": {"Lambda": 0.5221, "Kappa": 0.7239, "tanBeta": 18.2071, "mBottom": 17.842958, "ChiSquared": null, "LogL": null, "testCalc": 22.3741871, "extTest": {"res1": 788.9275889483099, "res2": 622406.7406037934}}, "Point T0-806-26072019134943": {"Lambda": 0.2656, "Kappa": 0.8026, "tanBeta": 28.7761, "mBottom": 28.200578, "ChiSquared": null, "LogL": null, "testCalc": 37.26653022, "extTest": {"res1": -882.6783731444034, "res2": 779121.1104168507}}, "Point T6-222-26072019134959-GenNb1": {"Lambda": 0.2189, "Kappa": 0.1713, "tanBeta": 18.98565, "mBottom": 18.605937, "ChiSquared": null, "LogL": null, "testCalc": 12.603127555, "extTest": {"res1": 1953.259154090943, "res2": 3815221.323040066}}, "Point T6-978-26072019134951-GenNb0": {"Lambda": 0.5527, "Kappa": 0.336, "tanBeta": 16.518, "mBottom": 16.187640000000002, "ChiSquared": null, "LogL": null, "testCalc": 13.949345290000002, "extTest": {"res1": -146.4408630479232, "res2": 21444.926370220594}}, "Point T2-879-26072019134944": {"Lambda": 0.3104, "Kappa": 0.2548, "tanBeta": 16.9415, "mBottom": 16.60267, "ChiSquared": null, "LogL": null, "testCalc": 12.71437736, "extTest": {"res1": -64957.01415106478, "res2": 4219413687.4216304}}, "Point T4-124-26072019134944": {"Lambda": 0.0457, "Kappa": 0.5972, "tanBeta": 13.6221, "mBottom": 13.349658, "ChiSquared": null, "LogL": null, "testCalc": 14.812035609999999, "extTest": {"res1": 125.2605587087945, "res2": 15690.207568039355}}}