{"Point T1-492-26072019134924": {"Lambda": 0.5072, "Kappa": 0.1863, "tanBeta": 34.9743, "mBottom": 34.274814, "ChiSquared": null, "LogL": null, "testCalc": 23.91037093, "extTest": {"res1": -2110.509222715172, "res2": 4454249.1791658}}, "Point T7-51-26072019134924": {"Lambda": 0.7032, "Kappa": 0.9428, "tanBeta": 10.6575, "mBottom": 10.44435, "ChiSquared": null, "LogL": null, "testCalc": 15.764556240000001, "extTest": {"res1": -87.11694266255124, "res2": 7589.36169887024}}, "Point T4-826-26072019134952-GenNb1": {"Lambda": 0.7321, "Kappa": 0.6314, "tanBeta": 26.0829, "mBottom": 25.561241999999996, "ChiSquared": null, "LogL": null, "testCalc": 29.785334469999995, "extTest": {"res1": -471.5940105110873, "res2": 222400.9107499315}}, "Point T4-501-26072019134953-GenNb1": {"Lambda": 0.4323, "Kappa": 0.1375, "tanBeta": 3.7932499999999996, "mBottom": 3.7173849999999997, "ChiSquared": null, "LogL": null, "testCalc": 2.5671476650000002, "extTest": {"res1": -13.875268120578722, "res2": 192.52306541794817}}, "Point T1-453-26072019134925": {"Lambda": 0.3902, "Kappa": 0.5924, "tanBeta": 26.46, "mBottom": 25.9308, "ChiSquared": null, "LogL": null, "testCalc": 28.79256004, "extTest": {"res1": 720.3754133477654, "res2": 518940.73615596385}}, "Point T1-536-26072019134926": {"Lambda": 0.2674, "Kappa": 0.1003, "tanBeta": 23.3866, "mBottom": 22.918868, "ChiSquared": null, "LogL": null, "testCalc": 13.876612739999999, "extTest": {"res1": -182.43845049807234, "res2": 33283.78822013759}}, "Point T6-10-26072019134926": {"Lambda": 0.2672, "Kappa": 0.9797, "tanBeta": 24.6385, "mBottom": 24.14573, "ChiSquared": null, "LogL": null, "testCalc": 36.28259929, "extTest": {"res1": -879.6470662701375, "res2": 773778.9611976597}}, "Point T6-338-26072019134926": {"Lambda": 0.018, "Kappa": 0.2628, "tanBeta": 15.4825, "mBottom": 15.17285, "ChiSquared": null, "LogL": null, "testCalc": 11.65555, "extTest": {"res1": 246.53889398880133, "res2": 60781.426249221426}}, "Point T4-763-26072019134947-GenNb0": {"Lambda": 0.1286, "Kappa": 0.45, "tanBeta": 15.058, "mBottom": 14.75684, "ChiSquared": null, "LogL": null, "testCalc": 14.17105796, "extTest": {"res1": 220.53131692409545, "res2": 48634.06174427583}}, "Point T4-586-26072019134947-GenNb0": {"Lambda": 0.5111, "Kappa": 0.3805, "tanBeta": 28.60975, "mBottom": 28.037554999999998, "ChiSquared": null, "LogL": null, "testCalc": 25.166010585, "extTest": {"res1": -526.8700629863088, "res2": 277592.06327119697}}, "Point T4-109-26072019134948-GenNb0": {"Lambda": 0.3397, "Kappa": 0.5211, "tanBeta": 15.1313, "mBottom": 14.828674, "ChiSquared": null, "LogL": null, "testCalc": 15.41465352, "extTest": {"res1": -122.6826335904146, "res2": 15051.028584679923}}, "Point T4-390-26072019134955-GenNb1": {"Lambda": 0.0208, "Kappa": 0.0493, "tanBeta": 24.02245, "mBottom": 23.542001, "ChiSquared": null, "LogL": null, "testCalc": 12.955739925, "extTest": {"res1": 909.3737720522176, "res2": 826960.6572964787}}, "Point T3-479-26072019134941": {"Lambda": 0.023, "Kappa": 0.2042, "tanBeta": 23.4779, "mBottom": 23.008342000000003, "ChiSquared": null, "LogL": null, "testCalc": 16.29888718, "extTest": {"res1": -3653.8565069951783, "res2": 13350667.373711005}}, "Point T4-674-26072019134948-GenNb0": {"Lambda": 0.3302, "Kappa": 0.78325, "tanBeta": 28.4677, "mBottom": 27.898346, "ChiSquared": null, "LogL": null, "testCalc": 36.355531065, "extTest": {"res1": 523.6907959775546, "res2": 274252.0497916047}}, "Point T7-675-26072019134941": {"Lambda": 0.6954, "Kappa": 0.7944, "tanBeta": 37.0053, "mBottom": 36.265194, "ChiSquared": null, "LogL": null, "testCalc": 48.01318848, "extTest": {"res1": 2423.2759653414837, "res2": 5872266.404201699}}, "Point T5-927-26072019134942": {"Lambda": 0.2667, "Kappa": 0.1941, "tanBeta": 14.3913, "mBottom": 14.103473999999999, "ChiSquared": null, "LogL": null, "testCalc": 9.916217219999998, "extTest": {"res1": 166.76273400527202, "res2": 27809.80945291311}}, "Point T4-442-26072019135003-GenNb2": {"Lambda": 0.5131, "Kappa": 0.0838, "tanBeta": 16.1816, "mBottom": 15.857968, "ChiSquared": null, "LogL": null, "testCalc": 9.54827369, "extTest": {"res1": -210.65778201117405, "res2": 44376.70112186732}}, "Point T4-762-26072019134957-GenNb1": {"Lambda": 0.7538, "Kappa": 0.9282, "tanBeta": 9.37065, "mBottom": 9.183237, "ChiSquared": null, "LogL": null, "testCalc": 13.85767027, "extTest": {"res1": 327.17526404783223, "res2": 107043.65340476875}}, "Point T1-124-26072019134942": {"Lambda": 0.0399, "Kappa": 0.5166, "tanBeta": 27.1925, "mBottom": 26.64865, "ChiSquared": null, "LogL": null, "testCalc": 27.37356251, "extTest": {"res1": 719.4007247749929, "res2": 517537.4028067851}}, "Point T4-626-26072019135004-GenNb2": {"Lambda": 0.5139, "Kappa": 0.56, "tanBeta": 5.2429999999999986, "mBottom": 5.138139999999998, "ChiSquared": null, "LogL": null, "testCalc": 5.769243209999999, "extTest": {"res1": -337.65387010962064, "res2": 114010.13600000457}}, "Point T4-963-26072019134950-GenNb0": {"Lambda": 0.7532, "Kappa": 1.2424, "tanBeta": 3.4758499999999994, "mBottom": 3.4063329999999996, "ChiSquared": null, "LogL": null, "testCalc": 6.588872779999999, "extTest": {"res1": -25.35827644063645, "res2": 643.0421840397375}}, "Point T4-756-26072019134943": {"Lambda": 0.0087, "Kappa": 0.811, "tanBeta": 35.7032, "mBottom": 34.989136, "ChiSquared": null, "LogL": null, "testCalc": 46.449938890000006, "extTest": {"res1": -821.7393182996948, "res2": 675255.5072396471}}, "Point T3-212-26072019134943": {"Lambda": 0.9916, "Kappa": 0.1143, "tanBeta": 28.2643, "mBottom": 27.699014, "ChiSquared": null, "LogL": null, "testCalc": 18.06338705, "extTest": {"res1": 778.4072123321811, "res2": 605917.7882107572}}, "Point T0-83-26072019134944": {"Lambda": 0.8656, "Kappa": 0.7019, "tanBeta": 13.6279, "mBottom": 13.355342, "ChiSquared": null, "LogL": null, "testCalc": 16.99235737, "extTest": {"res1": 181.1363441801489, "res2": 32810.37518294936}}, "Point T5-447-26072019134944": {"Lambda": 0.4955, "Kappa": 0.686, "tanBeta": 12.9931, "mBottom": 12.733238, "ChiSquared": null, "LogL": null, "testCalc": 15.52540585, "extTest": {"res1": -38206.81731108336, "res2": 1459760889.042499}}}