{"Point T5-81-26072019134924": {"Lambda": 0.9134, "Kappa": 0.7961, "tanBeta": 10.532, "mBottom": 10.32136, "ChiSquared": null, "LogL": null, "testCalc": 14.37950476, "extTest": {"res1": -79.98259056644596, "res2": 6397.214793719731}}, "Point T5-191-26072019134924": {"Lambda": 0.5425, "Kappa": 0.5492, "tanBeta": 13.3249, "mBottom": 13.058402, "ChiSquared": null, "LogL": null, "testCalc": 14.14154233, "extTest": {"res1": -139.36410180989103, "res2": 19422.352873277672}}, "Point T3-893-26072019134925": {"Lambda": 0.0958, "Kappa": 0.4229, "tanBeta": 34.4962, "mBottom": 33.806276000000004, "ChiSquared": null, "LogL": null, "testCalc": 31.500758620000003, "extTest": {"res1": -943.0120424621811, "res2": 889271.7122286943}}, "Point T2-299-26072019134953-GenNb1": {"Lambda": 0.4132, "Kappa": 0.7067, "tanBeta": 4.2174, "mBottom": 4.133051999999999, "ChiSquared": null, "LogL": null, "testCalc": 5.217696819999999, "extTest": {"res1": -17.883850564796653, "res2": 319.8321110239776}}, "Point T2-8-26072019134953-GenNb1": {"Lambda": 0.632, "Kappa": 0.79875, "tanBeta": 4.142974999999998, "mBottom": 4.060115499999998, "ChiSquared": null, "LogL": null, "testCalc": 5.738683031249997, "extTest": {"res1": 11.426753830304861, "res2": 130.57070309838682}}, "Point T6-373-26072019134926": {"Lambda": 0.8857, "Kappa": 0.6059, "tanBeta": 18.9477, "mBottom": 18.568746, "ChiSquared": null, "LogL": null, "testCalc": 21.54924892, "extTest": {"res1": 480.19396479343123, "res2": 230586.24382403507}}, "Point T2-633-26072019134926": {"Lambda": 0.6487, "Kappa": 0.4087, "tanBeta": 29.4706, "mBottom": 28.881188, "ChiSquared": null, "LogL": null, "testCalc": 26.906039910000004, "extTest": {"res1": -291.35778691802443, "res2": 84889.35999776893}}, "Point T2-107-26072019134953-GenNb1": {"Lambda": 0.6281, "Kappa": 0.4711, "tanBeta": 15.845299999999998, "mBottom": 15.528393999999999, "ChiSquared": null, "LogL": null, "testCalc": 15.623427439999999, "extTest": {"res1": -329.3890482072103, "res2": 108497.14507885191}}, "Point T2-263-26072019134954-GenNb1": {"Lambda": 0.3945, "Kappa": 0.0609, "tanBeta": 11.264975, "mBottom": 11.0396755, "ChiSquared": null, "LogL": null, "testCalc": 6.361504977499999, "extTest": {"res1": 10767.11255687434, "res2": 115930712.81240107}}, "Point T2-880-26072019134927": {"Lambda": 0.6635, "Kappa": 0.5541, "tanBeta": 20.3581, "mBottom": 19.950938, "ChiSquared": null, "LogL": null, "testCalc": 21.69612446, "extTest": {"res1": 374.07910619458823, "res2": 139935.17769134202}}, "Point T6-876-26072019134927": {"Lambda": 0.3536, "Kappa": 0.8524, "tanBeta": 38.3932, "mBottom": 37.625336, "ChiSquared": null, "LogL": null, "testCalc": 51.66406463999999, "extTest": {"res1": 2385.188332069331, "res2": 5689123.379439677}}, "Point T4-25-26072019134927": {"Lambda": 0.8795, "Kappa": 0.5051, "tanBeta": 28.4608, "mBottom": 27.891583999999998, "ChiSquared": null, "LogL": null, "testCalc": 29.094862329999998, "extTest": {"res1": 737.7413948606642, "res2": 544262.3656909585}}, "Point T1-89-26072019134928": {"Lambda": 0.551, "Kappa": 0.0069, "tanBeta": 26.8785, "mBottom": 26.34093, "ChiSquared": null, "LogL": null, "testCalc": 13.659527650000001, "extTest": {"res1": 4783.3097775302085, "res2": 22880052.427816093}}, "Point T1-436-26072019134941": {"Lambda": 0.1783, "Kappa": 0.7073, "tanBeta": 39.4112, "mBottom": 38.622976, "ChiSquared": null, "LogL": null, "testCalc": 47.21882065, "extTest": {"res1": 2751.3333112744667, "res2": 7569834.989728522}}, "Point T1-824-26072019134941": {"Lambda": 0.4544, "Kappa": 0.6525, "tanBeta": 10.1889, "mBottom": 9.985122, "ChiSquared": null, "LogL": null, "testCalc": 11.84729761, "extTest": {"res1": 51364.070631574235, "res2": 2638267751.845347}}, "Point T2-960-26072019134956-GenNb1": {"Lambda": 0.5885, "Kappa": 0.6811, "tanBeta": 17.6861, "mBottom": 17.332378, "ChiSquared": null, "LogL": null, "testCalc": 21.05852396, "extTest": {"res1": -357.4342408874643, "res2": 127759.23655879784}}, "Point T4-731-26072019134942": {"Lambda": 0.7077, "Kappa": 0.2426, "tanBeta": 34.9032, "mBottom": 34.205135999999996, "ChiSquared": null, "LogL": null, "testCalc": 26.07092361, "extTest": {"res1": -1675.4073549490681, "res2": 2806989.8050174327}}, "Point T5-853-26072019134942": {"Lambda": 0.0498, "Kappa": 0.946, "tanBeta": 27.4316, "mBottom": 26.882967999999998, "ChiSquared": null, "LogL": null, "testCalc": 39.39425764, "extTest": {"res1": 1165.8406023116763, "res2": 1359184.3099984522}}, "Point T2-301-26072019134956-GenNb1": {"Lambda": 0.6138, "Kappa": 0.472, "tanBeta": 25.7307, "mBottom": 25.216085999999997, "ChiSquared": null, "LogL": null, "testCalc": 25.12968384, "extTest": {"res1": 2132.085951102471, "res2": 4545790.502888529}}, "Point T2-739-26072019134957-GenNb1": {"Lambda": 0.6617999999999999, "Kappa": 0.9658, "tanBeta": 15.998449999999998, "mBottom": 15.678480999999998, "ChiSquared": null, "LogL": null, "testCalc": 23.728522749999996, "extTest": {"res1": 18140.231472658863, "res2": 329067997.8816431}}, "Point T7-516-26072019134943": {"Lambda": 0.9801, "Kappa": 0.9647, "tanBeta": 28.3159, "mBottom": 27.749582, "ChiSquared": null, "LogL": null, "testCalc": 42.15173574, "extTest": {"res1": -849.948498235103, "res2": 722412.4496521069}}, "Point T5-312-26072019134943": {"Lambda": 0.9117, "Kappa": 0.1383, "tanBeta": 18.2481, "mBottom": 17.883138, "ChiSquared": null, "LogL": null, "testCalc": 12.29647812, "extTest": {"res1": -215.06725546277121, "res2": 46253.92437228889}}, "Point T2-549-26072019134957-GenNb1": {"Lambda": 0.8968, "Kappa": 0.17635, "tanBeta": 27.2166, "mBottom": 26.672268, "ChiSquared": null, "LogL": null, "testCalc": 18.94003165, "extTest": {"res1": -1066.8405778755, "res2": 1138148.8186017307}}, "Point T2-480-26072019134951-GenNb0": {"Lambda": 0.5144, "Kappa": 0.4696, "tanBeta": 21.09985, "mBottom": 20.677853, "ChiSquared": null, "LogL": null, "testCalc": 20.51202342, "extTest": {"res1": 341.81475792746403, "res2": 116837.32873701083}}, "Point T6-935-26072019134944": {"Lambda": 0.8161, "Kappa": 0.5731, "tanBeta": 15.2206, "mBottom": 14.916187999999998, "ChiSquared": null, "LogL": null, "testCalc": 16.84703907, "extTest": {"res1": -4893.952621918696, "res2": 23950772.265584882}}}