{"Point T2-191-08082019101511": {"k": 89263.1982, "zL": 34.846, "c0": 0.3375, "c0Prime": 0.5254, "c2": -0.67, "Mu2Tilde": 0.7197, "Mu11Prime": 0.1248, "c1": 0.0, "Mu1": 11.5227, "Mu11": 0.106, "mWpm": 82.670134461781, "mTop": 175.93518633797416, "mZ0": 94.28485916053071, "mZprime": 9446.114297541553, "mPsiDark": 2046.589975531802, "mTau": 1.8144065362197306, "mBottom": 4.196026047363364, "Higgs": 127.52134273197365, "ThetaHiggs": 0.15388252961591983, "mNeutrino": 0.10794829398862733, "Triviality": 0, "ChiSquared": null, "LogL": null, "sin2ThW": 0.2533866903963243}, "Point T1-532-08082019101511": {"k": 87240.026, "zL": 35.9376, "c0": 0.3443, "c0Prime": 0.5362, "c2": -0.6728, "Mu2Tilde": 0.7215, "Mu11Prime": 0.1274, "c1": 0.0, "Mu1": 11.6239, "Mu11": 0.1022, "mWpm": 82.27502435270928, "mTop": 176.51404431351258, "mZ0": 93.83423813240174, "mZprime": 8943.242940769784, "mPsiDark": 1891.7762161936478, "mTau": 1.7503470661145863, "mBottom": 4.147351811621337, "Higgs": 126.20096673090637, "ThetaHiggs": 0.16428149002829026, "mNeutrino": 0.11916560690542512, "Triviality": 0, "ChiSquared": null, "LogL": null, "sin2ThW": 0.2530918410107314}, "Point T5-670-08082019101513": {"k": 88976.5885, "zL": 35.538, "c0": 0.3329, "c0Prime": 0.5145, "c2": -0.6667, "Mu2Tilde": 0.7124, "Mu11Prime": 0.1194, "c1": 0.0, "Mu1": 11.8134, "Mu11": 0.1122, "mWpm": 79.95779893685433, "mTop": 172.31084391100774, "mZ0": 91.19145457580682, "mZprime": 9227.20073501401, "mPsiDark": 2030.5661973961148, "mTau": 1.7179156448489357, "mBottom": 4.211912517581671, "Higgs": 128.26523151625767, "ThetaHiggs": 0.1538272894552374, "mNeutrino": 0.10412757505553226, "Triviality": 0, "ChiSquared": null, "LogL": null, "sin2ThW": 0.25299657535944214}, "Point T6-819-08082019101512": {"k": 89825.2652, "zL": 35.0157, "c0": 0.3211, "c0Prime": 0.5137, "c2": -0.6723, "Mu2Tilde": 0.721, "Mu11Prime": 0.1223, "c1": 0.0, "Mu1": 11.4795, "Mu11": 0.1107, "mWpm": 83.08945735296483, "mTop": 179.6552262221466, "mZ0": 94.76309474095463, "mZprime": 9458.147633169216, "mPsiDark": 2088.730836102064, "mTau": 563.2153087891356, "mBottom": 4.285205170771789, "Higgs": 131.70469280380019, "ThetaHiggs": 0.15483796863900534, "mNeutrino": 0.10300565701871713, "Triviality": 0, "ChiSquared": null, "LogL": null, "sin2ThW": 0.25325467417137393}, "Point T7-447-08082019101513": {"k": 89145.4977, "zL": 34.8966, "c0": 0.3259, "c0Prime": 0.5062, "c2": -0.6676, "Mu2Tilde": 0.7189, "Mu11Prime": 0.1163, "c1": 0.0, "Mu1": 11.6971, "Mu11": 0.1083, "mWpm": 82.41432467889203, "mTop": 177.2216150255704, "mZ0": 93.99310943121675, "mZprime": 9419.578878194794, "mPsiDark": 2107.8162375831716, "mTau": 1.7541783288862114, "mBottom": 4.112374005786934, "Higgs": 132.35855074926147, "ThetaHiggs": 0.15394744639318242, "mNeutrino": 0.10253310057274788, "Triviality": 0, "ChiSquared": null, "LogL": null, "sin2ThW": 0.25306104664795365}, "Point T4-402-08082019101512": {"k": 89215.035, "zL": 34.9694, "c0": 0.3349, "c0Prime": 0.5287, "c2": -0.681, "Mu2Tilde": 0.7146, "Mu11Prime": 0.1225, "c1": 0.0, "Mu1": 11.7466, "Mu11": 0.1121, "mWpm": 80.54097858692107, "mTop": 172.0260084073601, "mZ0": 91.85656793905225, "mZprime": 9406.86622330991, "mPsiDark": 2025.7607092079677, "mTau": 554.5026970359792, "mBottom": 4.228429594994712, "Higgs": 124.11542671349152, "ThetaHiggs": 0.15078271670685992, "mNeutrino": 0.10223352008242594, "Triviality": 0, "ChiSquared": null, "LogL": null, "sin2ThW": 0.25327719937866394}, "Point T1-282-08082019101546": {"k": 85289.4605, "zL": 35.0329, "c0": 0.3519, "c0Prime": 0.5312, "c2": -0.6623, "Mu2Tilde": 0.7098, "Mu11Prime": 0.1263, "c1": 0.0, "Mu1": 11.6293, "Mu11": 0.1177, "mWpm": 80.82585747964326, "mTop": 170.29285125634155, "mZ0": 92.1814708372148, "mZprime": 8975.848380143174, "mPsiDark": 1923.4381454931342, "mTau": 571.0575709694367, "mBottom": 4.6713742473889015, "Higgs": 123.69219941332072, "ThetaHiggs": 0.15877960644800052, "mNeutrino": 0.11114030995445262, "Triviality": 0, "ChiSquared": null, "LogL": null, "sin2ThW": 0.2529687937147264}, "Point T2-769-08082019101547": {"k": 85652.4656, "zL": 34.9219, "c0": 0.3376, "c0Prime": 0.5243, "c2": -0.6744, "Mu2Tilde": 0.7108, "Mu11Prime": 0.121, "c1": 0.0, "Mu1": 11.7313, "Mu11": 0.1056, "mWpm": 81.65811712048006, "mTop": 173.97389902370284, "mZ0": 93.13065863680123, "mZprime": 9043.527303559682, "mPsiDark": 1961.9442614448994, "mTau": 545.5513304954341, "mBottom": 4.064001095224607, "Higgs": 126.30246670675068, "ThetaHiggs": 0.15897017145756978, "mNeutrino": 0.10600298475233355, "Triviality": 0, "ChiSquared": null, "LogL": null, "sin2ThW": 0.2528563750476045}, "Point T7-63-08082019101548": {"k": 87974.891, "zL": 34.6417, "c0": 0.3347, "c0Prime": 0.5168, "c2": -0.6626, "Mu2Tilde": 0.7174, "Mu11Prime": 0.1236, "c1": 0.0, "Mu1": 11.8481, "Mu11": 0.1093, "mWpm": 81.84711919060457, "mTop": 174.1441582199339, "mZ0": 93.34621451654856, "mZprime": 9366.326597710891, "mPsiDark": 2061.1011152506626, "mTau": 1.8495265760081157, "mBottom": 4.122834866360456, "Higgs": 128.17597563962434, "ThetaHiggs": 0.15320549348287632, "mNeutrino": 0.10301093572875648, "Triviality": 0, "ChiSquared": null, "LogL": null, "sin2ThW": 0.25320287329889957}, "Point T4-25-08082019101549": {"k": 85242.1244, "zL": 34.671, "c0": 0.3397, "c0Prime": 0.5283, "c2": -0.6689, "Mu2Tilde": 0.7169, "Mu11Prime": 0.1266, "c1": 0.0, "Mu1": 11.7875, "Mu11": 0.11, "mWpm": 82.9880953094491, "mTop": 175.94715872697773, "mZ0": 94.64749185655963, "mZprime": 9067.170294858854, "mPsiDark": 1955.7308497209895, "mTau": 1.8489265653294356, "mBottom": 4.277299548896217, "Higgs": 126.23508868421168, "ThetaHiggs": 0.1605867643618198, "mNeutrino": 0.10845483250437982, "Triviality": 0, "ChiSquared": null, "LogL": null, "sin2ThW": 0.2530367843495569}, "Point T5-837-08082019101548": {"k": 86089.4478, "zL": 35.8272, "c0": 0.3374, "c0Prime": 0.5216, "c2": -0.6647, "Mu2Tilde": 0.7234, "Mu11Prime": 0.1234, "c1": 0.0, "Mu1": 11.8523, "Mu11": 0.1048, "mWpm": 77.36627926458397, "mTop": 166.69220515481044, "mZ0": 88.23583984380564, "mZprime": 8853.608454679048, "mPsiDark": 1922.344062333019, "mTau": 550.1517358729344, "mBottom": 3.8547793991420556, "Higgs": 122.96625666799477, "ThetaHiggs": 0.1557481668779932, "mNeutrino": 0.10145708150772151, "Triviality": 0, "ChiSquared": null, "LogL": null, "sin2ThW": 0.2528032917854905}, "Point T6-591-08082019101549": {"k": 87008.689, "zL": 35.7923, "c0": 0.3462, "c0Prime": 0.5353, "c2": -0.6696, "Mu2Tilde": 0.714, "Mu11Prime": 0.1278, "c1": 0.0, "Mu1": 11.916, "Mu11": 0.1074, "mWpm": 78.19695067300763, "mTop": 167.11725748254693, "mZ0": 89.18321627257042, "mZprime": 8957.126604623927, "mPsiDark": 1899.658065018636, "mTau": 1.705479817265148, "mBottom": 4.0430920162211805, "Higgs": 120.71733984269264, "ThetaHiggs": 0.15552580303456082, "mNeutrino": 0.10729812582831962, "Triviality": 0, "ChiSquared": null, "LogL": null, "sin2ThW": 0.2530404008475949}, "Point T2-546-08082019101622": {"k": 88963.1479, "zL": 34.7443, "c0": 0.3342, "c0Prime": 0.5236, "c2": -0.6695, "Mu2Tilde": 0.7107, "Mu11Prime": 0.1256, "c1": 0.0, "Mu1": 11.8644, "Mu11": 0.1138, "mWpm": 82.45955982836803, "mTop": 175.7502312505813, "mZ0": 94.04469988434975, "mZprime": 9442.74929988231, "mPsiDark": 2053.131401647111, "mTau": 1.8656679599432486, "mBottom": 4.323833392985154, "Higgs": 127.5311935112068, "ThetaHiggs": 0.1533235668249431, "mNeutrino": 0.10512857880955777, "Triviality": 0, "ChiSquared": null, "LogL": null, "sin2ThW": 0.2533224212340544}, "Point T1-881-08082019101622": {"k": 87492.3061, "zL": 34.4801, "c0": 0.3593, "c0Prime": 0.5332, "c2": -0.6626, "Mu2Tilde": 0.7179, "Mu11Prime": 0.1242, "c1": 0.0, "Mu1": 11.5067, "Mu11": 0.1112, "mWpm": 80.12724594527106, "mTop": 166.48032205137852, "mZ0": 91.38470800919912, "mZprime": 9360.041469676731, "mPsiDark": 2004.7379686444397, "mTau": 607.9700241263045, "mBottom": 4.433838093949559, "Higgs": 121.44967842162127, "ThetaHiggs": 0.14972335177870327, "mNeutrino": 0.10800286652528314, "Triviality": 0,