{"Point T0-794-21102019172248": {"k": 119504.4913, "zL": 32.552504, "c0": 0.0822, "c1": 0.173558, "c2": -0.6483, "c0Prime": 0.5656, "Mu1": 10.8381, "Mu11": 0.409376, "Mu11Prime": 1.1667, "Mu2Tilde": 1.256686, "mWpm": 0.0019466880674953023, "mTop": 0.0045681211560422595, "mZ0": 0.002220187634485264, "mZprime": 13570.429164926987, "mPsiDark": 2783.9414127587656, "mTau": 0.0005333385636682384, "mBottom": 0.00013439659471163173, "mTauTow": 854.9086057998815, "mBottomTow": 4577.362376070209, "Higgs": 73.5668970408107, "ThetaHiggs": 2.4319885770767955e-06, "mNeutrino": 1.5777759417379855e-11, "Triviality": 0, "HiggsTrilin": 0.003683092970180346, "TopYukawa": 0.9913292142068917, "ChiSquared": null, "LogL": null, "sin2ThW": null, "CrossSect": 4136.038722633184, "Error": 34.37571807643625}, "Point T0-543-21102019172314": {"k": 249228.54166999998, "zL": 34.8377, "c0": 0.16423600000000002, "c1": 0.02464999999999999, "c2": -0.8422019999999999, "c0Prime": 0.5981, "Mu1": 10.909578, "Mu11": 0.369396, "Mu11Prime": 1.0827, "Mu2Tilde": 2.148, "mWpm": 38.76719802125357, "mTop": 91.68113825046444, "mZ0": 44.21378807811307, "mZprime": 26389.77876966571, "mPsiDark": 5044.786009717636, "mTau": 2.4662954117313225, "mBottom": 4.558089066972452, "mTauTow": 1645.6195935417356, "mBottomTow": 9222.25599318145, "Higgs": 70.2253931294773, "ThetaHiggs": 0.025740209938167197, "mNeutrino": 0.010794341663231632, "Triviality": 0, "HiggsTrilin": 19.372171811096198, "TopYukawa": 0.9910008255889935, "ChiSquared": null, "LogL": null, "sin2ThW": null, "CrossSect": 291.1419328727792, "Error": 2.189885876460641}, "Point T0-503-21102019172323": {"k": 87307.00517656, "zL": 39.324842, "c0": 0.0822, "c1": 0.173558, "c2": -0.5868466800000001, "c0Prime": 0.59398816, "Mu1": 11.072796000000002, "Mu11": 1.68029928, "Mu11Prime": 1.1667, "Mu2Tilde": 1.256686, "mWpm": 0.0007371627693991379, "mTop": 0.001895204234483917, "mZ0": 0.0008407303114199768, "mZprime": 8162.287794037676, "mPsiDark": 1536.140872289678, "mTau": 0.0002357378164581264, "mBottom": 0.000218948531314453, "mTauTow": 562.6122882527948, "mBottomTow": 2735.2781860974915, "Higgs": 121.83081728867009, "ThetaHiggs": 1.6783103560236157e-06, "mNeutrino": 3.3842239967465147e-12, "Triviality": 0, "HiggsTrilin": 0.0007977317379174765, "TopYukawa": -0.9913292142084272, "ChiSquared": null, "LogL": null, "sin2ThW": null, "CrossSect": 464.07536873135456, "Error": 3.367058520259869}, "Point T0-114-21102019172337": {"k": 149844.37117325043, "zL": 37.0885, "c0": 0.172488, "c1": 0.04850376000000003, "c2": -1.0191, "c0Prime": 0.5553, "Mu1": 13.8922, "Mu11": 0.44280536000000004, "Mu11Prime": 1.066394, "Mu2Tilde": 1.0125, "mWpm": 128.658938974318, "mTop": 313.54148388063555, "mZ0": 146.7348519500104, "mZprime": 14871.817600297376, "mPsiDark": 3026.8403204563865, "mTau": 6.135534053669372, "mBottom": 14.178844650795353, "mTauTow": 410.4519300403623, "mBottomTow": 5182.0259982266, "Higgs": 196.1992960793527, "ThetaHiggs": 0.15681880389486766, "mNeutrino": 0.14384132057328647, "Triviality": 0, "HiggsTrilin": 39.74950127635955, "TopYukawa": 0.9791647220808868, "ChiSquared": null, "LogL": null, "sin2ThW": null, "CrossSect": 1.0243891147243052, "Error": 0.006766916357262492}}