{"Point T4-691-04092019125048": {"k": 119838.83184275693, "zL": 33.25153348297145, "c0": 0.29034012052880154, "c1": 0.027704994564563008, "c2": -0.9126, "c0Prime": 0.5783, "Mu1": 13.377649677981303, "Mu11": 0.14751101664066368, "Mu11Prime": 0.07028911499029264, "Mu2Tilde": 1.2275693762892568, "mWpm": 86.17219398872305, "mTop": 186.08255184417584, "mZ0": 98.27893986959471, "mZprime": 13310.828912046603, "mPsiDark": 2655.921517861268, "mTau": 0.3431594161482959, "mBottom": 4.250107325030836, "mTauTow": 588.4429166098341, "mBottomTow": 4023.77504299424, "Higgs": 121.29668448162315, "ThetaHiggs": 0.11108788287603164, "mNeutrino": 0.0850127285150941, "Triviality": 0, "ChiSquared": null, "LogL": null, "sin2ThW": null}, "Point T7-220-04092019125048": {"k": 119838.83184275693, "zL": 33.25153348297145, "c0": 0.29034012052880154, "c1": 0.027704994564563008, "c2": -0.9126, "c0Prime": 0.5783, "Mu1": 13.377649677981303, "Mu11": 0.14380913313713578, "Mu11Prime": 0.07028911499029264, "Mu2Tilde": 1.2275693762892568, "mWpm": 85.98287573430571, "mTop": 185.672190325399, "mZ0": 98.06302338330293, "mZprime": 13310.840378746636, "mPsiDark": 2655.9432202065072, "mTau": 0.3424655136978444, "mBottom": 4.134372411914918, "mTauTow": 588.3350350491875, "mBottomTow": 4023.748039855272, "Higgs": 121.0715212099059, "ThetaHiggs": 0.11084285568047503, "mNeutrino": 0.08463819059478205, "Triviality": 0, "ChiSquared": null, "LogL": null, "sin2ThW": null}, "Point T6-217-04092019125056": {"k": 118921.38107522741, "zL": 33.25153348297145, "c0": 0.29034012052880154, "c1": 0.027704994564563008, "c2": -0.9126, "c0Prime": 0.5783, "Mu1": 13.377649677981303, "Mu11": 0.14380913313713578, "Mu11Prime": 0.07028911499029264, "Mu2Tilde": 1.2275693762892568, "mWpm": 85.32461766574625, "mTop": 184.2507419810703, "mZ0": 97.31228347354622, "mZprime": 13208.936508816578, "mPsiDark": 2635.6101017278647, "mTau": 0.33984370411110015, "mBottom": 4.10272094692468, "mTauTow": 583.8309163072689, "mBottomTow": 3992.9434110959533, "Higgs": 120.14463611609305, "ThetaHiggs": 0.11084285761060404, "mNeutrino": 0.08334722405527246, "Triviality": 0, "ChiSquared": null, "LogL": null, "sin2ThW": null}, "Point T2-181-04092019125111": {"k": 118921.38107522741, "zL": 33.25153348297145, "c0": 0.29034012052880154, "c1": 0.027704994564563008, "c2": -0.9126, "c0Prime": 0.5783, "Mu1": 13.377649677981303, "Mu11": 0.11559847103144043, "Mu11Prime": 0.07028911499029264, "Mu2Tilde": 1.2275693762892568, "mWpm": 84.11318871050707, "mTop": 181.6251221445191, "mZ0": 95.93065503939242, "mZprime": 13209.009283528767, "mPsiDark": 2635.747821157111, "mTau": 0.3353948249137679, "mBottom": 3.251231490107757, "mTauTow": 583.1458647749146, "mBottomTow": 3992.7622167723684, "Higgs": 118.75007792742659, "ThetaHiggs": 0.10926301072863322, "mNeutrino": 0.08098871116078143, "Triviality": 0, "ChiSquared": null, "LogL": null, "sin2ThW": null}, "Point T0-90-04092019125146": {"k": 118360.64150001173, "zL": 33.25153348297145, "c0": 0.3078, "c1": 0.027704994564563008, "c2": -0.9126, "c0Prime": 0.5783, "Mu1": 11.294067096072348, "Mu11": 0.11559847103144043, "Mu11Prime": 0.060793057651928245, "Mu2Tilde": 1.2275693762892568, "mWpm": 86.63341061769667, "mTop": 184.68384732844046, "mZ0": 98.8049550404709, "mZprime": 13146.549000789271, "mPsiDark": 2622.984706579322, "mTau": 0.28445672309491266, "mBottom": 4.118115853943142, "mTauTow": 597.84470422017, "mBottomTow": 3831.248507083705, "Higgs": 121.28024283605947, "ThetaHiggs": 0.11308538931814033, "mNeutrino": 0.09259380952768832, "Triviality": 0, "ChiSquared": null, "LogL": null, "sin2ThW": null}, "Point T7-104-04092019125210": {"k": 120918.95152127738, "zL": 33.47669753348982, "c0": 0.3078, "c1": 0.027704994564563008, "c2": -0.9126, "c0Prime": 0.5783, "Mu1": 11.294067096072348, "Mu11": 0.11806287496530017, "Mu11Prime": 0.060793057651928245, "Mu2Tilde": 1.2275693762892568, "mWpm": 97.16601619713197, "mTop": 207.85395013991396, "mZ0": 110.81733702237729, "mZprime": 13336.98875921799, "mPsiDark": 2656.6012052559377, "mTau": 0.31469679283942464, "mBottom": 4.741610743240501, "mTauTow": 609.7684859201012, "mBottomTow": 3884.88187375229, "Higgs": 134.50067078632281, "ThetaHiggs": 0.12548656930078964, "mNeutrino": 0.11857029511829112, "Triviality": 0, "ChiSquared": null, "LogL": null, "sin2ThW": null}, "Point T0-55-04092019125211": {"k": 118669.52582284738, "zL": 33.47669753348982, "c0": 0.3078, "c1": 0.027704994564563008, "c2": -0.9126, "c0Prime": 0.5783, "Mu1": 11.294067096072348, "Mu11": 0.11806287496530017, "Mu11Prime": 0.060793057651928245, "Mu2Tilde": 1.2275693762892568, "mWpm": 95.35845840218849, "mTop": 203.9872892986514, "mZ0": 108.75582674142385, "mZprime": 13088.88401749199, "mPsiDark": 2607.181102677605, "mTau": 0.30884255900800667, "mBottom": 4.653403612477849, "mTauTow": 598.4251105321886, "mBottomTow": 3812.612365822593, "Higgs": 131.99858371653713, "ThetaHiggs": 0.1254865664619561, "mNeutrino": 0.11419985425234007, "Triviality": 0, "ChiSquared": null, "LogL": null, "sin2ThW": null}}