{"Point T0-629-29072019094023": {"k": 117768.44115215595, "zL": 36.511806933593746, "c0": 0.354175, "c1": 0.013383665466308509, "c2": -0.60815, "c0Prime": 0.5474, "Mu1": 13.497797888469695, "Mu11": 0.12184793580750734, "Mu11Prime": 0.1593, "Mu2Tilde": 1.0931375, "mWpm": 80.56557632859716, "mTop": 172.19274545513497, "mZ0": 91.88462153573136, "mZprime": 11879.72897156548, "mPsiDark": 2461.8484152421024, "mTau": 1.7354469654591538, "mBottom": 4.150882394166295, "Higgs": 128.91344355491017, "ThetaHiggs": 0.12182322889189855, "mNeutrino": 0.12361035232789923, "Triviality": 0, "ChiSquared": null, "LogL": null}, "Point T0-250-29072019094028": {"k": 117768.44115215595, "zL": 36.511806933593746, "c0": 0.354175, "c1": 0.013521826171874966, "c2": -0.60815, "c0Prime": 0.5474, "Mu1": 13.485332820892335, "Mu11": 0.1214806946041994, "Mu11Prime": 0.1593, "Mu2Tilde": 1.0931375, "mWpm": 80.83641239672754, "mTop": 172.774199585678, "mZ0": 92.19350866535214, "mZprime": 11879.71188366298, "mPsiDark": 2461.810560953832, "mTau": 1.7412156240285512, "mBottom": 4.1546165002503415, "Higgs": 129.29366306366313, "ThetaHiggs": 0.12223474219231031, "mNeutrino": 0.12444656758268798, "Triviality": 0, "ChiSquared": null, "LogL": null}, "Point T0-766-29072019094033": {"k": 108327.60662679421, "zL": 33.50114824218751, "c0": 0.2833, "c1": 0.08805305480957033, "c2": -0.599375, "c0Prime": 0.5552000000000001, "Mu1": 18.87439127092362, "Mu11": 0.2568157517177735, "Mu11Prime": 0.19715000000000002, "Mu2Tilde": 1.7884624999999996, "mWpm": 81.54881695915701, "mTop": 177.62149049719918, "mZ0": 93.00600237025878, "mZprime": 11939.572495708968, "mPsiDark": 2476.757654287485, "mTau": 1.7505640365818758, "mBottom": 4.178756362932175, "Higgs": 123.92606778449537, "ThetaHiggs": 0.11765303556141576, "mNeutrino": 0.07526801013697185, "Triviality": 0, "ChiSquared": null, "LogL": null}, "Point T0-496-29072019094039": {"k": 117768.44115215595, "zL": 36.511806933593746, "c0": 0.354175, "c1": 0.013383665466308509, "c2": -0.60815, "c0Prime": 0.5474, "Mu1": 13.497797888469695, "Mu11": 0.12183977967147813, "Mu11Prime": 0.1593, "Mu2Tilde": 1.0931375, "mWpm": 80.56519973180318, "mTop": 172.19193696311402, "mZ0": 91.88419202904298, "mZprime": 11879.728995286336, "mPsiDark": 2461.8484677885963, "mTau": 1.7354389437042534, "mBottom": 4.1505852390927345, "Higgs": 128.91286075385574, "ThetaHiggs": 0.12182265669779328, "mNeutrino": 0.1236091915618207, "Triviality": 0, "ChiSquared": null, "LogL": null}, "Point T0-186-29072019094043": {"k": 108555.54751167505, "zL": 33.50114824218751, "c0": 0.2833, "c1": 0.08805305480957033, "c2": -0.599375, "c0Prime": 0.5552000000000001, "Mu1": 18.87439127092362, "Mu11": 0.2568157517177735, "Mu11Prime": 0.19715000000000002, "Mu2Tilde": 1.7884624999999996, "mWpm": 81.72041100049827, "mTop": 177.99523950981785, "mZ0": 93.20170448355495, "mZprime": 11964.695516520866, "mPsiDark": 2481.969200456355, "mTau": 1.7542475523589185, "mBottom": 4.187549251985162, "Higgs": 124.18683183914396, "ThetaHiggs": 0.11765303639325524, "mNeutrino": 0.07558509948478291, "Triviality": 0, "ChiSquared": null, "LogL": null}, "Point T0-833-29072019094048": {"k": 107079.73350723031, "zL": 33.962200390625, "c0": 0.2833, "c1": 0.09408591308593751, "c2": -0.599375, "c0Prime": 0.5552000000000001, "Mu1": 18.631942162895207, "Mu11": 0.25459787802294886, "Mu11Prime": 0.19715000000000002, "Mu2Tilde": 1.7875499999999995, "mWpm": 82.84193379210086, "mTop": 181.59504701709452, "mZ0": 94.48079540484116, "mZprime": 11636.740895889972, "mPsiDark": 2407.805686939982, "mTau": 1.769831954234794, "mBottom": 4.230960424619912, "Higgs": 126.37129594084018, "ThetaHiggs": 0.12346994242703271, "mNeutrino": 0.08037610378057386, "Triviality": 0, "ChiSquared": null, "LogL": null}}