{"Point T0-100-22082019105255": {"k": 356256.6758, "zL": 37.0938, "c0": 0.307, "c0Prime": 0.4876, "c2": -0.4825, "Mu2Tilde": 0.7911, "Mu11Prime": 0.5276, "c1": 0.1709, "Mu1": 12.3807, "Mu11": 0.7741, "mWpm": 79.66876016704691, "mTop": 170.5643860772701, "mZ0": 90.86180735942511, "mZprime": 9389.499634445303, "mPsiDark": 2043.7626123058017, "mTau": 1.4037049001724717, "mBottom": 4.214955889353395, "mTauTow": 519.9182466767148, "mBottomTow": 2647.6144282218743, "Higgs": 124.75168086641563, "ThetaHiggs": 0.1494806287756314, "mNeutrino": 0.09923269565727028, "Triviality": 0, "ChiSquared": null, "LogL": null, "sin2ThW": null}}