{"Point T0-765-15082019162111": {"k": 4940082.1133, "zL": 1873.5944, "c0": 0.7662, "c0Prime": 0.206, "c2": 2.031, "Mu2Tilde": 18.0885, "Mu11Prime": 37.4122, "c1": 1.2347, "Mu1": 13.1461, "Mu11": 32.8173, "mWpm": 3.4137225829014317e-07, "mTop": 417.2380571532398, "mZ0": 3.893332882998804e-07, "mZprime": 9452.21589891797, "mPsiDark": 5.528227922149721e-06, "mTau": 408.7994191042504, "mBottom": 417.2380571532398, "Higgs": 10208.334286386467, "ThetaHiggs": 3.1415926490152697, "mNeutrino": 203412.75614970294, "Triviality": 0, "ChiSquared": null, "LogL": null, "sin2ThW": null}, "Point T6-315-15082019162113": {"k": 5454985.8255, "zL": 287.488, "c0": 0.9992, "c0Prime": 0.743, "c2": -1.8848, "Mu2Tilde": 42.4687, "Mu11Prime": 33.2003, "c1": 1.7838, "Mu1": 10.4622, "Mu11": 9.076, "mWpm": 1.7155695824067088e-05, "mTop": 1951.199323258785, "mZ0": 1.956598202124447e-05, "mZprime": 68222.93140018273, "mPsiDark": 3.402794830168745e-05, "mTau": 80.90992199316003, "mBottom": 1951.199323258785, "Higgs": 10598.111091111632, "ThetaHiggs": 3.1415926410946278, "mNeutrino": 456097.9283461737, "Triviality": 0, "ChiSquared": null, "LogL": null, "sin2ThW": null}, "Point T3-351-15082019162114": {"k": 6543363.3324, "zL": 378.5052, "c0": 0.3213, "c0Prime": 0.3075, "c2": -2.2836, "Mu2Tilde": 31.5293, "Mu11Prime": 25.5915, "c1": 1.1851, "Mu1": 26.3661, "Mu11": 16.8809, "mWpm": 1.568243873514188e-05, "mTop": 0.00010159542199933659, "mZ0": 1.7885739959937754e-05, "mZprime": 62104.24451938125, "mPsiDark": 17045.252267943248, "mTau": 37271.0159489495, "mBottom": 5.524948507946277e-07, "Higgs": 11602.30017778683, "ThetaHiggs": 1.4391307389488697e-08, "mNeutrino": 1.6457971365309342e-12, "Triviality": 0, "ChiSquared": null, "LogL": null, "sin2ThW": null}, "Point T1-11-15082019162117": {"k": 6993356.9165, "zL": 874.0107, "c0": 0.2801, "c0Prime": 0.3312, "c2": -1.6267, "Mu2Tilde": 35.9013, "Mu11Prime": 43.2609, "c1": 1.9488, "Mu1": 14.638, "Mu11": 25.2452, "mWpm": 218.51920904100615, "mTop": 2432.0415581955845, "mZ0": 249.22002343938092, "mZprime": 28694.67303210532, "mPsiDark": 6689.998804062946, "mTau": 630.191573020917, "mBottom": 2428.637258833649, "Higgs": 6211.120838871516, "ThetaHiggs": 0.7191986038310788, "mNeutrino": 2246.6486800156135, "Triviality": 0, "ChiSquared": null, "LogL": null, "sin2ThW": null}, "Point T4-395-15082019162118": {"k": 4107522.2474, "zL": 153.9747, "c0": 0.0991, "c0Prime": 0.5342, "c2": -1.2343, "Mu2Tilde": 31.7637, "Mu11Prime": 47.5442, "c1": 1.7318, "Mu1": 27.8717, "Mu11": 18.7408, "mWpm": 6.122358592057812e-06, "mTop": 5.301425132614789e-05, "mZ0": 6.98251818919323e-06, "mZprime": 1.2094076268456509e-05, "mPsiDark": 16680.620624708452, "mTau": 1421.4643135801216, "mBottom": 1.8434287096986973e-08, "Higgs": 8138.353108335823, "ThetaHiggs": 4.014328869317296e-09, "mNeutrino": 1.495122590057859e-14, "Triviality": 0, "ChiSquared": null, "LogL": null, "sin2ThW": null}, "Point T5-673-15082019162122": {"k": 8852812.1268, "zL": 629.5786, "c0": 0.9755, "c0Prime": 0.0067, "c2": 1.7349, "Mu2Tilde": 29.2652, "Mu11Prime": 21.4632, "c1": 1.4329, "Mu1": 19.1479, "Mu11": 27.6788, "mWpm": 2.2080056531784393e-06, "mTop": 1101.5162854521018, "mZ0": 2.518218984291462e-06, "mZprime": 4.3616832253773054e-06, "mPsiDark": 3.9202966552039985e-05, "mTau": 840.2358964519431, "mBottom": 1101.5162854521018, "Higgs": 34771.6143267687, "ThetaHiggs": 3.141592648022249, "mNeutrino": 1141374.2809533428, "Triviality": 0, "ChiSquared": null, "LogL": null, "sin2ThW": null}, "Point T1-267-15082019162128": {"k": 2325385.4098, "zL": 2451.1846, "c0": 0.9139, "c0Prime": 0.6303, "c2": -1.9084, "Mu2Tilde": 16.9977, "Mu11Prime": 33.585, "c1": 0.4714, "Mu1": 24.9622, "Mu11": 1.3507, "mWpm": 2.9338627552095554e-07, "mTop": 6.218540031725729e-07, "mZ0": 3.346055240773104e-07, "mZprime": 5.795537681951128e-07, "mPsiDark": 286.79710627899635, "mTau": 2863.91483203552, "mBottom": 5.081502439098076e-07, "Higgs": 1544.562753431107, "ThetaHiggs": 2.1648871909252238e-08, "mNeutrino": 8.01354553017847e-12, "Triviality": 0, "ChiSquared": null, "LogL": null, "sin2ThW": null}, "Point T6-808-15082019162129": {"k": 4822654.9675, "zL": 114.9354, "c0": 0.7715, "c0Prime": 0.8861, "c2": -2.7072, "Mu2Tilde": 9.0881, "Mu11Prime": 31.5963, "c1": 1.004, "Mu1": 30.9739, "Mu11": 38.4211, "mWpm": 0.000177107213227054, "mTop": 0.0002602134753490885, "mZ0": 0.00020198985720951886, "mZprime": 151659.8757386574, "mPsiDark": 10038.861026481458, "mTau": 118360.71565758839, "mBottom": 0.00010632713255028791, "Higgs": 9509.120551022124, "ThetaHiggs": 3.678641258275661e-08, "mNeutrino": 7.054500542263219e-11, "Triviality": 0, "ChiSquared": null, "LogL": null, "sin2ThW": null}, "Point T3-336-15082019162131": {"k": 2336931.1951, "zL": 888.842, "c0": 0.0562, "c0Prime": 0.5509, "c2": 0.6294, "Mu2Tilde": 33.1822, "Mu11Prime": 16.8853, "c1": 1.621, "Mu1": 37.2789, "Mu11": 16.993, "mWpm": 3.7557096372635774e-08, "mTop": 3860.0097128919338, "mZ0": 4.283367343027007e-08, "mZprime": 7.419009865604082e-08, "mPsiDark": 3.667372649367726e-07, "mTau": 3764.014300653713, "mBottom": 3194.443728165446, "Higgs": 5021.559168114899, "ThetaHiggs": 3.141592652987853, "mNeutrino": 389.5895385135547, "Triviality": 0, "ChiSquared": null, "LogL": null, "sin2ThW": null}, "Point T0-440-15082019162131": {"k": 353507.6137, "zL": 118.8162, "c0": 0.1291, "c0Prime": 0.739, "c2": 2.1895, "Mu2Tilde": 4.5371, "Mu11Prime": 24.6966, "c1": 1.9834, "Mu1": 22.8337, "Mu11": 23.7052, "mWpm": 6.69548660473742e-07, "mTop": 5.044151682516632e-06, "mZ0": 7.636167712183101e-07, "mZprime": 1.3226230452618127e-06, "mPsiDark": 1113.9794478538397, "mTau": 5.043595702259497e-06, "mBottom": 1.4765361148636282e-09, "Higgs": 2229.5027390328046, "ThetaHiggs": 3.4544300753225343e-09, "mNeutrino": 1.2585027549788134e-16, "Triviality": 0, "ChiSquared": null, "LogL": null, "sin2ThW": null}}