{"Point T0-81-22082019085126": {"k": 258712.9803, "zL": 36.2471, "c0": 0.4735, "c0Prime": 0.5182, "c2": -0.769, "Mu2Tilde": 1.0534, "Mu11Prime": 0.0835, "c1": 0.1835, "Mu1": 11.8839, "Mu11": 0.3135, "mWpm": 7.83104871828808e-06, "mTop": 6203.520026667159, "mZ0": 8.931270407264068e-06, "mZprime": 26298.92603507192, "mPsiDark": 1.3834555106933957e-05, "mTau": 5.58380638181341, "mBottom": 318.9902602072118, "mTauTow": 5442.9532787141425, "mBottomTow": 6203.52002666716, "Higgs": 1700.0978364568284, "ThetaHiggs": 3.141592648271326, "mNeutrino": 327.5174898241657, "Triviality": 0, "ChiSquared": null, "LogL": null, "sin2ThW": null}, "Point T2-965-22082019085129": {"k": 215109.8309, "zL": 35.3822, "c0": 0.2033, "c0Prime": 0.6724, "c2": -0.5162, "Mu2Tilde": 0.1422, "Mu11Prime": 0.3237, "c1": 0.1559, "Mu1": 12.0774, "Mu11": 0.451, "mWpm": 774.1124446137553, "mTop": 1939.380257574689, "mZ0": 882.8712241730356, "mZprime": 22293.981218487526, "mPsiDark": 3493.864354022659, "mTau": 1963.5647426974106, "mBottom": 81.35192933866418, "mTauTow": 17438.353200902933, "mBottomTow": 7078.080651346077, "Higgs": 772.3383686874487, "ThetaHiggs": 0.653955775395139, "mNeutrino": 6.15311590610685, "Triviality": 0, "ChiSquared": null, "LogL": null, "sin2ThW": null}, "Point T3-677-22082019085130": {"k": 260605.7064, "zL": 33.6167, "c0": 0.285, "c0Prime": 0.5765, "c2": -0.5326, "Mu2Tilde": 1.1237, "Mu11Prime": 0.1806, "c1": 0.0728, "Mu1": 11.0109, "Mu11": 0.1698, "mWpm": 1493.3381300693247, "mTop": 3956.0380454958763, "mZ0": 1703.1443844781581, "mZprime": 28276.049873502074, "mPsiDark": 4748.20003026219, "mTau": 47.77184254924209, "mBottom": 105.47612657281259, "mTauTow": 4717.978109761584, "mBottomTow": 8582.645623694469, "Higgs": 2124.709767896321, "ThetaHiggs": 1.1061575239296546, "mNeutrino": 37.90807771191039, "Triviality": 0, "ChiSquared": null, "LogL": null, "sin2ThW": null}, "Point T1-272-22082019085130": {"k": 107324.0071, "zL": 36.2259, "c0": 0.4879, "c0Prime": 0.5651, "c2": -0.8011, "Mu2Tilde": 0.2939, "Mu11Prime": 0.4556, "c1": 0.1089, "Mu1": 11.2112, "Mu11": 0.308, "mWpm": 3.6161907991080644e-06, "mTop": 6.644838940011765e-06, "mZ0": 4.124246832441472e-06, "mZprime": 10916.362951036517, "mPsiDark": 2199.4107071345506, "mTau": 242.45909561679937, "mBottom": 5.600149270961096e-07, "mTauTow": 8631.026950076488, "mBottomTow": 2275.8207695129313, "Higgs": 824.551637977618, "ThetaHiggs": 5.9149965156025786e-09, "mNeutrino": 4.101616603493289e-16, "Triviality": 0, "ChiSquared": null, "LogL": null, "sin2ThW": null}, "Point T4-391-22082019085131": {"k": 285615.3165, "zL": 36.1158, "c0": 0.4423, "c0Prime": 0.6109, "c2": -0.7566, "Mu2Tilde": 0.6104, "Mu11Prime": 0.4695, "c1": 0.0179, "Mu1": 11.395, "Mu11": 0.0925, "mWpm": 1.9358633527957254e-05, "mTop": 3.7536143655906575e-05, "mZ0": 2.20784210356836e-05, "mZprime": 29142.18506719776, "mPsiDark": 5402.63122936755, "mTau": 1361.3127208594412, "mBottom": 1.0469467660542913e-06, "mTauTow": 22503.406473242165, "mBottomTow": 6851.782774481693, "Higgs": 1712.551753568373, "ThetaHiggs": 1.1843811552151206e-08, "mNeutrino": 9.834116704421335e-15, "Triviality": 0, "ChiSquared": null, "LogL": null, "sin2ThW": null}, "Point T5-702-22082019085139": {"k": 253240.7985, "zL": 35.3453, "c0": 0.4027, "c0Prime": 0.6036, "c2": -0.8249, "Mu2Tilde": 0.9926, "Mu11Prime": 0.1321, "c1": 0.0028, "Mu1": 12.1072, "Mu11": 0.029, "mWpm": 1.2039119578340459e-05, "mTop": 2.4156361648552407e-05, "mZ0": 1.3730553376387528e-05, "mZprime": 26418.584552097018, "mPsiDark": 4985.878935379589, "mTau": 1430.7375583405696, "mBottom": 1.8206913279338846e-07, "mTauTow": 19842.37616044668, "mBottomTow": 6710.6274427293965, "Higgs": 1123.282147163451, "ThetaHiggs": 8.040366323332357e-09, "mNeutrino": 3.0779859342976788e-15, "Triviality": 0, "ChiSquared": null, "LogL": null, "sin2ThW": null}, "Point T3-977-22082019085143": {"k": 243878.0718, "zL": 34.4691, "c0": 0.3605, "c0Prime": 0.4446, "c2": -0.9276, "Mu2Tilde": 0.9013, "Mu11Prime": 0.4868, "c1": 0.1639, "Mu1": 11.8147, "Mu11": 0.2395, "mWpm": 6.871337284492532e-05, "mTop": 7378.202376758826, "mZ0": 7.836724499491334e-05, "mZprime": 26107.897794970944, "mPsiDark": 0.0001304316835880524, "mTau": 6815.511555770038, "mBottom": 211.88772334176005, "mTauTow": 15520.362205376188, "mBottomTow": 7378.202376758825, "Higgs": 2229.0741675668182, "ThetaHiggs": 3.1415926077154834, "mNeutrino": 213.52867846724521, "Triviality": 0, "ChiSquared": null, "LogL": null, "sin2ThW": null}, "Point T0-850-22082019085144": {"k": 235549.9064, "zL": 34.2702, "c0": 0.2542, "c0Prime": 0.6568, "c2": -0.5442, "Mu2Tilde": 0.5602, "Mu11Prime": 0.4871, "c1": 0.0765, "Mu1": 12.8627, "Mu11": 0.4222, "mWpm": 967.835861879014, "mTop": 2353.786359456038, "mZ0": 1103.811775822867, "mZprime": 25197.85503470972, "mPsiDark": 4046.5368653234545, "mTau": 124.12612513739725, "mBottom": 124.62355686806649, "mTauTow": 2709.906505302436, "mBottomTow": 7939.267566361738, "Higgs": 593.4976388467659, "ThetaHiggs": 0.722769624676729, "mNeutrino": 11.579900833127489, "Triviality": 0, "ChiSquared": null, "LogL": null, "sin2ThW": null}, "Point T4-87-22082019085144": {"k": 120759.4106, "zL": 34.2168, "c0": 0.3753, "c0Prime": 0.5821, "c2": -0.8253, "Mu2Tilde": 0.3789, "Mu11Prime": 0.4752, "c1": 0.1169, "Mu1": 11.759, "Mu11": 0.2548, "mWpm": 2.1883382850088123e-05, "mTop": 3604.3497413372006, "mZ0": 2.4957884529997914e-05, "mZprime": 13025.85916922336, "mPsiDark": 3.462533511609386e-05, "mTau": 3541.2716054590333, "mBottom": 133.7080044945552, "mTauTow": 7823.411484921457, "mBottomTow": 3604.3497413372006, "Higgs": 666.4891964349092, "ThetaHiggs": 3.1415926244114445, "mNeutrino": 54.91935489879038, "Triviality": 0, "ChiSquared": null, "LogL": null, "sin2ThW": null}, "Point T2-634-22082019085145": {"k": 299447.5411, "zL": 35.5524, "c0": 0.4281, "c0Prime": 0.6262, "c2": -0.8312, "Mu2Tilde": 0.4425, "Mu11Prime": 0.4229, "c1": 0.1123, "Mu1": 12.8578, "Mu11": 0.4887, "mWpm": 0.00010627188692467278, "mTop": 0.00020804363736014363, "mZ0": 0.00012120253531278405, "mZprime": 31051.72403939883, "mPsiDark": 5612.3179254128245, "mTau": 840.1205296333069, "mBottom": 1.9859142015883585e-05, "mTauTow": 24425.041895185004, "mBottomTow": 7347.680416624473, "Higgs": 1515.7789870049755, "ThetaHiggs": 6.055572550216506e-08, "mNeutrino": 2.690456819810311e-13, "Triviality": 0, "ChiSquared": null, "LogL": null, "sin2ThW": null}, "Point T1-614-22082019085148": {"k": 294808.8375, "zL": 33.391, "c0": 0.2899, "c0Prime": 0.659, "c2": -0.7509, "Mu2Tilde": 0.0094, "Mu11Prime": 0.4159, "c1": 0.0351, "Mu1": 12.9739, "Mu11": 0.0005, "mWpm": 0.00010515880051415756, "mTop": 10197.887138732092, "mZ0": 0.00011993306604032938, "mZprime": 32610.64040456908, "mPsiDark": 0.00014647857610616683, "mTau": 10197.787165160946, "mBottom": 0.6337429457812271, "mTauTow": 18395.43354510105, "mBottomTow": 10197.887138732092, "Higgs": 622.8403012546514, "ThetaHiggs": 3.1415925982426427, "mNeutrino": 256.36992828077035, "Triviality": 0, "ChiSquared": null, "LogL": null, "sin2ThW": null}, "Point T5-227-22082019085154": {"k": 246116.4401, "zL": 35.4339, "c0": 0.3661, "c0Prime": 0.5369, "c2": -0.6061, "Mu2Tilde": 0.8936, "Mu11Prime": 0.3077, "c1": 0.0347, "Mu1": 12.8548, "Mu11": 0.0109, "mWpm": 2.6935284188347702e-05, "mTop": 7161.533859569438, "mZ0": 3.071955177865718e-05, "mZprime": 25609.29342325173, "mPsiDark": 4.600919455484078e-05, "mTau": 6574.168174045351, "mBottom": 12.982780944410239, "mTauTow": 15294.509935886732, "mBottomTow": 7161.5338595694375, "Higgs": 1437.0803883792407, "ThetaHiggs": 3.141592635009931, "mNeutrino": 218.14064927012532, "Triviality": 0, "ChiSquared": null, "LogL": null, "sin2ThW": null}, "Point T4-126-22082019085159": {"k": 153057.2891, "zL": 33.762, "c0": 0.4015, "c0Prime": 0.5907, "c2": -0.9405, "Mu2Tilde": 0.2409, "Mu11Prime": 0.356, "c1": 0.1757, "Mu1": 11.4696, "Mu11": 0.3126, "mWpm": 8.522785168255275e-06, "mTop": 4459.644392827169, "mZ0": 9.720192237208765e-06, "mZprime": 16738.895433122816,