{"Point T1-360-22082019111923": {"k": 150582.6803, "zL": 35.9005, "c0": 0.2627, "c0Prime": 0.473, "c2": -0.5795, "Mu2Tilde": 0.6326, "Mu11Prime": 0.1843, "c1": 0.1128, "Mu1": 12.2965, "Mu11": 0.4191, "mWpm": 227.80616583303757, "mTop": 523.8797661350368, "mZ0": 259.81174944620653, "mZprime": 15443.596248260175, "mPsiDark": 3611.964468310566, "mTau": 12.623725833349697, "mBottom": 27.373188739537202, "mTauTow": 1038.875474859481, "mBottomTow": 4647.842880126194, "Higgs": 366.29904429806396, "ThetaHiggs": 0.26496305302126305, "mNeutrino": 0.6466195464739526, "Triviality": 0, "ChiSquared": null, "LogL": null, "sin2ThW": null}}