{"Point T5-750-26072019153825": {"Lambda": 0.8402, "Kappa": 0.0969, "tanBeta": 26.2972, "mBottom": 25.771256, "ChiSquared": null, "LogL": null, "testCalc": 16.13976272, "extTest": {"res1": 626.8377837571309, "res2": 392925.60714555153}}, "Point T4-317-26072019153831-GenNb0": {"Lambda": -0.22915000000000002, "Kappa": 0.0792, "tanBeta": 16.067, "mBottom": 15.745659999999999, "ChiSquared": null, "LogL": null, "testCalc": 9.1978461225, "extTest": {"res1": 233.8676980810237, "res2": 54694.10020571685}}, "Point T4-754-26072019153831-GenNb0": {"Lambda": 0.9472, "Kappa": 0.2545, "tanBeta": 19.59955, "mBottom": 19.207559, "ChiSquared": null, "LogL": null, "testCalc": 15.489052815, "extTest": {"res1": 454.49421809389486, "res2": 206564.99428078087}}, "Point T4-490-26072019153835-GenNb1": {"Lambda": 0.7342, "Kappa": 0.76365, "tanBeta": 28.751749999999998, "mBottom": 28.176714999999998, "ChiSquared": null, "LogL": null, "testCalc": 36.5836810275, "extTest": {"res1": -649.3846274222844, "res2": 421700.39433237916}}, "Point T4-783-26072019153831-GenNb0": {"Lambda": 0.6665, "Kappa": 0.2769, "tanBeta": 17.537850000000002, "mBottom": 17.187093, "ChiSquared": null, "LogL": null, "testCalc": 13.893999415, "extTest": {"res1": 236.52005841870317, "res2": 55941.73803438676}}, "Point T7-652-26072019153827": {"Lambda": 0.8454, "Kappa": 0.4513, "tanBeta": 28.8272, "mBottom": 28.250656, "ChiSquared": null, "LogL": null, "testCalc": 27.84974452, "extTest": {"res1": 4850.385604958347, "res2": 23526240.516787153}}, "Point T3-78-26072019153827": {"Lambda": 0.1895, "Kappa": 0.3253, "tanBeta": 22.6669, "mBottom": 22.213562, "ChiSquared": null, "LogL": null, "testCalc": 18.51623382, "extTest": {"res1": -1658.2300971054208, "res2": 2749727.054946253}}, "Point T5-920-26072019153828": {"Lambda": 0.6357, "Kappa": 0.6966, "tanBeta": 10.5217, "mBottom": 10.311266, "ChiSquared": null, "LogL": null, "testCalc": 12.88916371, "extTest": {"res1": 646.55765630904, "res2": 418036.80293183867}}, "Point T4-146-26072019153836-GenNb1": {"Lambda": 0.1497, "Kappa": 0.026399999999999924, "tanBeta": 13.941400000000002, "mBottom": 13.662572, "ChiSquared": null, "LogL": null, "testCalc": 7.22174905, "extTest": {"res1": 203.6409622952289, "res2": 41469.641524526836}}, "Point T4-28-26072019153837-GenNb1": {"Lambda": 0.5174, "Kappa": 0.555, "tanBeta": 1.5217500000000008, "mBottom": 1.4913150000000008, "ChiSquared": null, "LogL": null, "testCalc": 1.8579315100000011, "extTest": {"res1": 7.531319777692693, "res2": 56.720777593865115}}, "Point T4-953-26072019153833-GenNb0": {"Lambda": 0.5614, "Kappa": 0.4726, "tanBeta": 4.667, "mBottom": 4.573659999999999, "ChiSquared": null, "LogL": null, "testCalc": 4.80762416, "extTest": {"res1": -18.616793511578923, "res2": 346.58500065276706}}, "Point T2-171-26072019153828": {"Lambda": 0.1417, "Kappa": 0.3071, "tanBeta": 18.6338, "mBottom": 18.261124, "ChiSquared": null, "LogL": null, "testCalc": 14.873080869999999, "extTest": {"res1": -2434.382095366133, "res2": 5926216.186239204}}}