{"Point T6-594-26072019153834-GenNb1": {"Lambda": 0.8702, "Kappa": 0.7385, "tanBeta": 17.069674999999997, "mBottom": 16.728281499999998, "ChiSquared": null, "LogL": null, "testCalc": 21.727343777499996, "extTest": {"res1": -2043.1035807380981, "res2": 4174272.241624838}}, "Point T5-663-26072019153826": {"Lambda": 0.6319, "Kappa": 0.5185, "tanBeta": 10.3681, "mBottom": 10.160738, "ChiSquared": null, "LogL": null, "testCalc": 10.85552646, "extTest": {"res1": 123.33652046049708, "res2": 15211.897279302615}}, "Point T4-692-26072019153826": {"Lambda": 0.1926, "Kappa": 0.0896, "tanBeta": 10.3446, "mBottom": 10.137708, "ChiSquared": null, "LogL": null, "testCalc": 6.0328249199999995, "extTest": {"res1": -261.11407542464605, "res2": 68180.56038486774}}, "Point T6-635-26072019153831-GenNb0": {"Lambda": 0.3513, "Kappa": 0.4547, "tanBeta": 10.043149999999997, "mBottom": 9.842286999999997, "ChiSquared": null, "LogL": null, "testCalc": 9.611175494999998, "extTest": {"res1": -249.3205635775883, "res2": 62160.74342264625}}, "Point T6-728-26072019153835-GenNb1": {"Lambda": 0.5419, "Kappa": 0.45035, "tanBeta": 8.872525, "mBottom": 8.695074499999999, "ChiSquared": null, "LogL": null, "testCalc": 8.63693449375, "extTest": {"res1": -412.3849174031599, "res2": 170061.320101611}}, "Point T6-503-26072019153827": {"Lambda": 0.1648, "Kappa": 0.7345, "tanBeta": 15.1099, "mBottom": 14.807701999999999, "ChiSquared": null, "LogL": null, "testCalc": 18.52923159, "extTest": {"res1": -11564.855171851288, "res2": 133745875.14589548}}, "Point T6-884-26072019153832-GenNb0": {"Lambda": 0.1369, "Kappa": 0.9554, "tanBeta": 17.6253, "mBottom": 17.272793999999998, "ChiSquared": null, "LogL": null, "testCalc": 25.49435023, "extTest": {"res1": -1009.6936197837981, "res2": 1019481.2058321091}}, "Point T6-659-26072019153832-GenNb0": {"Lambda": 0.428, "Kappa": 0.8407, "tanBeta": 14.137450000000001, "mBottom": 13.854701, "ChiSquared": null, "LogL": null, "testCalc": 18.995888715, "extTest": {"res1": 1167.5684192124788, "res2": 1363216.0135423266}}, "Point T6-163-26072019153833-GenNb0": {"Lambda": 0.2291, "Kappa": 0.4654, "tanBeta": 9.60075, "mBottom": 9.408735, "ChiSquared": null, "LogL": null, "testCalc": 9.22504336, "extTest": {"res1": 93.06181294115983, "res2": 8660.501027895423}}, "Point T6-49-26072019153833-GenNb0": {"Lambda": 0.9824, "Kappa": 0.1492, "tanBeta": 17.81835, "mBottom": 17.461983, "ChiSquared": null, "LogL": null, "testCalc": 12.35459908, "extTest": {"res1": -342.98598269011916, "res2": 117639.38432190672}}, "Point T7-15-26072019153828": {"Lambda": 0.6505, "Kappa": 0.0989, "tanBeta": 37.7681, "mBottom": 37.012738, "ChiSquared": null, "LogL": null, "testCalc": 22.664784339999997, "extTest": {"res1": 2832.027865004826, "res2": 8020381.828163791}}, "Point T1-222-26072019153828": {"Lambda": 0.5844, "Kappa": 0.7007, "tanBeta": 12.6636, "mBottom": 12.410328, "ChiSquared": null, "LogL": null, "testCalc": 15.42007188, "extTest": {"res1": -173.7053210376819, "res2": 30173.538556804135}}}