{"Point T2-411-26072019153825": {"Lambda": 0.5006, "Kappa": 0.9536, "tanBeta": 14.6464, "mBottom": 14.353472, "ChiSquared": null, "LogL": null, "testCalc": 21.394143399999997, "extTest": {"res1": 77.4681664386684, "res2": 6001.31681136923}}, "Point T0-104-26072019153826": {"Lambda": 0.6504, "Kappa": 0.9595, "tanBeta": 21.0714, "mBottom": 20.649972, "ChiSquared": null, "LogL": null, "testCalc": 30.966014460000004, "extTest": {"res1": 400.9974252414587, "res2": 160798.93505027925}}, "Point T4-40-26072019153826": {"Lambda": 0.0427, "Kappa": 0.0636, "tanBeta": 19.7162, "mBottom": 19.321876, "ChiSquared": null, "LogL": null, "testCalc": 10.91671161, "extTest": {"res1": 457.734429322645, "res2": 209520.80778732747}}, "Point T7-844-26072019153826": {"Lambda": 0.2811, "Kappa": 0.7238, "tanBeta": 20.1764, "mBottom": 19.772872, "ChiSquared": null, "LogL": null, "testCalc": 24.56913153, "extTest": {"res1": -1000.4992624811927, "res2": 1000998.7742254104}}, "Point T2-249-26072019153827": {"Lambda": 0.2993, "Kappa": 0.7487, "tanBeta": 31.5416, "mBottom": 30.910767999999997, "ChiSquared": null, "LogL": null, "testCalc": 39.16016041, "extTest": {"res1": -2434.108577733604, "res2": 5924884.568196308}}, "Point T1-226-26072019153827": {"Lambda": 0.0493, "Kappa": 0.6147, "tanBeta": 24.2679, "mBottom": 23.782542, "ChiSquared": null, "LogL": null, "testCalc": 26.81117962, "extTest": {"res1": -29842.399802674427, "res2": 890568825.9826627}}, "Point T2-913-26072019153827": {"Lambda": 0.7779, "Kappa": 0.3711, "tanBeta": 33.5377, "mBottom": 32.866946, "ChiSquared": null, "LogL": null, "testCalc": 29.48444188, "extTest": {"res1": -3631.9366552853717, "res2": 13190963.868005492}}, "Point T0-646-26072019153827": {"Lambda": 0.7598, "Kappa": 0.7679, "tanBeta": 18.4858, "mBottom": 18.116084, "ChiSquared": null, "LogL": null, "testCalc": 23.830583860000004, "extTest": {"res1": -17310.70282701426, "res2": 299660432.36519945}}, "Point T0-139-26072019153836-GenNb1": {"Lambda": 0.0562, "Kappa": 0.5089, "tanBeta": 29.7903, "mBottom": 29.194494, "ChiSquared": null, "LogL": null, "testCalc": 29.76068911, "extTest": {"res1": 2644.9598289489586, "res2": 6995812.496753705}}, "Point T2-167-26072019153828": {"Lambda": 0.5137, "Kappa": 0.4056, "tanBeta": 19.6903, "mBottom": 19.296494, "ChiSquared": null, "LogL": null, "testCalc": 17.89852037, "extTest": {"res1": 337.743712426295, "res2": 114070.81528349587}}, "Point T7-142-26072019153828": {"Lambda": 0.2007, "Kappa": 0.4038, "tanBeta": 23.1325, "mBottom": 22.66985, "ChiSquared": null, "LogL": null, "testCalc": 20.716108990000002, "extTest": {"res1": -3751.751969825729, "res2": 14075642.843091236}}, "Point T0-16-26072019153828": {"Lambda": 0.0383, "Kappa": 0.5531, "tanBeta": 27.7461, "mBottom": 27.191177999999997, "ChiSquared": null, "LogL": null, "testCalc": 28.943423799999998, "extTest": {"res1": -697.8351413945429, "res2": 486973.8845651417}}, "Point T4-304-26072019153829": {"Lambda": 0.9105, "Kappa": 0.8373, "tanBeta": 16.2136, "mBottom": 15.889327999999999, "ChiSquared": null, "LogL": null, "testCalc": 22.349321529999997, "extTest": {"res1": -30944.046404519402, "res2": 957534007.8850502}}}