{"Point T5-444-26072019153825": {"Lambda": 0.0802, "Kappa": 0.5963, "tanBeta": 33.2774, "mBottom": 32.611852, "ChiSquared": null, "LogL": null, "testCalc": 36.15567166, "extTest": {"res1": 395.7799997320585, "res2": 156641.80818790823}}, "Point T3-520-26072019153830-GenNb0": {"Lambda": 0.7753, "Kappa": 0.6656, "tanBeta": 20.32545, "mBottom": 19.918941, "ChiSquared": null, "LogL": null, "testCalc": 24.08918011, "extTest": {"res1": 373.88245909333364, "res2": 139788.0932176783}}, "Point T7-4-26072019153826": {"Lambda": 0.3635, "Kappa": 0.2818, "tanBeta": 18.0182, "mBottom": 17.657836, "ChiSquared": null, "LogL": null, "testCalc": 14.03857901, "extTest": {"res1": 381.42864628496443, "res2": 145487.8122067805}}, "Point T3-596-26072019153835-GenNb1": {"Lambda": 0.2006, "Kappa": 0.3828, "tanBeta": 16.989649999999997, "mBottom": 16.649856999999997, "ChiSquared": null, "LogL": null, "testCalc": 14.868806879999998, "extTest": {"res1": -1488.529678976021, "res2": 2215720.605192456}}, "Point T6-709-26072019153827": {"Lambda": 0.3901, "Kappa": 0.7178, "tanBeta": 30.4148, "mBottom": 29.806504, "ChiSquared": null, "LogL": null, "testCalc": 36.88717345, "extTest": {"res1": 710.839279332839, "res2": 505292.48104243}}, "Point T3-295-26072019153827": {"Lambda": 0.5222, "Kappa": 0.457, "tanBeta": 23.4169, "mBottom": 22.948562, "ChiSquared": null, "LogL": null, "testCalc": 22.44849714, "extTest": {"res1": 421.37171400368686, "res2": 177554.12136240487}}, "Point T3-506-26072019153827": {"Lambda": 0.4799, "Kappa": 0.2122, "tanBeta": 20.8626, "mBottom": 20.445348, "ChiSquared": null, "LogL": null, "testCalc": 14.88002173, "extTest": {"res1": -22056.752898597108, "res2": 486500348.4297719}}, "Point T4-302-26072019153827": {"Lambda": 0.7796, "Kappa": 0.0141, "tanBeta": 13.0987, "mBottom": 12.836725999999999, "ChiSquared": null, "LogL": null, "testCalc": 7.21083083, "extTest": {"res1": 144.69596556841807, "res2": 20936.92245177683}}, "Point T4-508-26072019153828": {"Lambda": 0.0282, "Kappa": 0.7938, "tanBeta": 17.8387, "mBottom": 17.481925999999998, "ChiSquared": null, "LogL": null, "testCalc": 22.902118299999998, "extTest": {"res1": -343.7716928567742, "res2": 118178.97680961232}}, "Point T2-771-26072019153828": {"Lambda": 0.0743, "Kappa": 0.7587, "tanBeta": 12.9523, "mBottom": 12.693254, "ChiSquared": null, "LogL": null, "testCalc": 16.1790575, "extTest": {"res1": -181.5268105659189, "res2": 32951.982954235005}}, "Point T0-706-26072019153828": {"Lambda": 0.8917, "Kappa": 0.2319, "tanBeta": 11.1288, "mBottom": 10.906224, "ChiSquared": null, "LogL": null, "testCalc": 8.82900961, "extTest": {"res1": -134.16089118891733, "res2": 17999.144724604517}}, "Point T4-737-26072019153828": {"Lambda": 0.1379, "Kappa": 0.8472, "tanBeta": 22.4379, "mBottom": 21.989141999999998, "ChiSquared": null, "LogL": null, "testCalc": 30.02297629, "extTest": {"res1": 1000.6379381714833, "res2": 1001276.2833080771}}, "Point T7-638-26072019153829": {"Lambda": 0.6161, "Kappa": 0.8182, "tanBeta": 10.4923, "mBottom": 10.282454, "ChiSquared": null, "LogL": null, "testCalc": 14.10560607, "extTest": {"res1": -86.5104412327484, "res2": 7484.056442284816}}}