{"Point T4-81-26072019153825": {"Lambda": 0.2671, "Kappa": 0.3956, "tanBeta": 26.0606, "mBottom": 25.539388, "ChiSquared": null, "LogL": null, "testCalc": 23.15060977, "extTest": {"res1": 242.63728193795356, "res2": 58872.85058623797}}, "Point T4-85-26072019153826": {"Lambda": 0.817, "Kappa": 0.2877, "tanBeta": 20.8508, "mBottom": 20.433784, "ChiSquared": null, "LogL": null, "testCalc": 16.88315616, "extTest": {"res1": 394.08582471783427, "res2": 155303.6372435356}}, "Point T1-278-26072019153826": {"Lambda": 0.2259, "Kappa": 0.6783, "tanBeta": 23.6285, "mBottom": 23.155929999999998, "ChiSquared": null, "LogL": null, "testCalc": 27.65620736, "extTest": {"res1": 649.6500153399896, "res2": 422045.1424312488}}, "Point T4-586-26072019153826": {"Lambda": 0.7712, "Kappa": 0.808, "tanBeta": 10.8989, "mBottom": 10.680921999999999, "ChiSquared": null, "LogL": null, "testCalc": 14.741521639999998, "extTest": {"res1": 92.54949435895794, "res2": 8565.408906098788}}, "Point T1-249-26072019153836-GenNb1": {"Lambda": 0.7657, "Kappa": 0.3041, "tanBeta": 20.87865, "mBottom": 20.461077, "ChiSquared": null, "LogL": null, "testCalc": 17.166032455, "extTest": {"res1": 2087.1143745054765, "res2": 4356046.412267386}}, "Point T1-714-26072019153831-GenNb0": {"Lambda": 0.836, "Kappa": 0.2783, "tanBeta": 26.289099999999998, "mBottom": 25.763317999999998, "ChiSquared": null, "LogL": null, "testCalc": 20.896811529999997, "extTest": {"res1": -35022.31703689484, "res2": 1226562690.6327746}}, "Point T0-239-26072019153827": {"Lambda": 0.0925, "Kappa": 0.1953, "tanBeta": 33.139, "mBottom": 32.476220000000005, "ChiSquared": null, "LogL": null, "testCalc": 22.718712950000004, "extTest": {"res1": 842.9379580029876, "res2": 710544.4010422464}}, "Point T7-555-26072019153827": {"Lambda": 0.4064, "Kappa": 0.8189, "tanBeta": 35.3379, "mBottom": 34.631142, "ChiSquared": null, "LogL": null, "testCalc": 46.41893827, "extTest": {"res1": -1347.0159684298, "res2": 1814452.0192048722}}, "Point T1-978-26072019153837-GenNb1": {"Lambda": 0.6015, "Kappa": 0.8757, "tanBeta": 30.248000000000005, "mBottom": 29.643040000000003, "ChiSquared": null, "LogL": null, "testCalc": 41.67149585000001, "extTest": {"res1": 2727.787262610936, "res2": 7440823.350062463}}, "Point T1-204-26072019153833-GenNb0": {"Lambda": 0.8606, "Kappa": 0.7322500000000001, "tanBeta": 26.2334, "mBottom": 25.708731999999998, "ChiSquared": null, "LogL": null, "testCalc": 32.804405509999995, "extTest": {"res1": -743.0195623438395, "res2": 552078.0700256309}}, "Point T2-920-26072019153828": {"Lambda": 0.2397, "Kappa": 0.524, "tanBeta": 29.5559, "mBottom": 28.964782, "ChiSquared": null, "LogL": null, "testCalc": 30.02713869, "extTest": {"res1": -791.7163152297505, "res2": 626814.7238009737}}, "Point T3-6-26072019153828": {"Lambda": 0.1636, "Kappa": 0.3694, "tanBeta": 20.1568, "mBottom": 19.753664, "ChiSquared": null, "LogL": null, "testCalc": 17.349518879999998, "extTest": {"res1": -368.22828489418055, "res2": 135592.0697961098}}, "Point T7-237-26072019153829": {"Lambda": 0.2739, "Kappa": 0.2328, "tanBeta": 35.5302, "mBottom": 34.819596, "ChiSquared": null, "LogL": null, "testCalc": 25.756249769999997, "extTest": {"res1": -148613.06725554826, "res2": 22085843759.10211}}}