{"Point T1-964-26072019153826": {"Lambda": 0.0233, "Kappa": 0.0866, "tanBeta": 28.4279, "mBottom": 27.859342, "ChiSquared": null, "LogL": null, "testCalc": 16.39207003, "extTest": {"res1": 288.563451193399, "res2": 83268.86536464516}}, "Point T5-323-26072019153826": {"Lambda": 0.1624, "Kappa": 0.3132, "tanBeta": 24.5724, "mBottom": 24.080951999999996, "ChiSquared": null, "LogL": null, "testCalc": 19.762925439999997, "extTest": {"res1": -1473.61713556555, "res2": 2171547.4622324165}}, "Point T7-4-26072019153831-GenNb0": {"Lambda": 0.66, "Kappa": 0.9371, "tanBeta": 4.9894, "mBottom": 4.889612, "ChiSquared": null, "LogL": null, "testCalc": 7.55597274, "extTest": {"res1": 15.538346854727159, "res2": 241.44022297780938}}, "Point T7-472-26072019153827": {"Lambda": 0.0496, "Kappa": 0.9034, "tanBeta": 14.2392, "mBottom": 13.954416, "ChiSquared": null, "LogL": null, "testCalc": 19.84336144, "extTest": {"res1": 156.76898587770327, "res2": 24576.51493312353}}, "Point T7-832-26072019153832-GenNb0": {"Lambda": 0.996, "Kappa": 0.8723, "tanBeta": 26.83495, "mBottom": 26.298251, "ChiSquared": null, "LogL": null, "testCalc": 37.549268385, "extTest": {"res1": 554.5361952175421, "res2": 307510.39180634794}}, "Point T6-731-26072019153827": {"Lambda": 0.9146, "Kappa": 0.279, "tanBeta": 19.5146, "mBottom": 19.124308000000003, "ChiSquared": null, "LogL": null, "testCalc": 15.843220560000002, "extTest": {"res1": -1232.9978102146574, "res2": 1520283.5999941404}}, "Point T7-805-26072019153832-GenNb0": {"Lambda": 0.0945, "Kappa": 0.2768, "tanBeta": 27.146050000000002, "mBottom": 26.603129000000003, "ChiSquared": null, "LogL": null, "testCalc": 20.82452139, "extTest": {"res1": -2377.5049476230374, "res2": 5652529.775972022}}, "Point T3-683-26072019153828": {"Lambda": 0.4567, "Kappa": 0.0209, "tanBeta": 38.2402, "mBottom": 37.475396, "ChiSquared": null, "LogL": null, "testCalc": 19.745493070000002, "extTest": {"res1": 8535.650181206105, "res2": 72857324.01592381}}, "Point T7-232-26072019153836-GenNb1": {"Lambda": 0.4177, "Kappa": 0.2376, "tanBeta": 9.9455, "mBottom": 9.74659, "ChiSquared": null, "LogL": null, "testCalc": 7.4108190899999995, "extTest": {"res1": 103.37806823416992, "res2": 10687.024991828692}}, "Point T4-410-26072019153828": {"Lambda": 0.7384, "Kappa": 0.9348, "tanBeta": 33.8057, "mBottom": 33.129586, "ChiSquared": null, "LogL": null, "testCalc": 48.71159592000001, "extTest": {"res1": -1033.950314523192, "res2": 1069053.2529026077}}, "Point T5-718-26072019153828": {"Lambda": 0.2599, "Kappa": 0.9328, "tanBeta": 19.7406, "mBottom": 19.345788, "ChiSquared": null, "LogL": null, "testCalc": 28.15447369, "extTest": {"res1": 1149.5453440802753, "res2": 1321454.4980966386}}, "Point T0-344-26072019153829": {"Lambda": 0.2681, "Kappa": 0.3631, "tanBeta": 25.2183, "mBottom": 24.713934, "ChiSquared": null, "LogL": null, "testCalc": 21.585609339999998, "extTest": {"res1": 1878.7560605582566, "res2": 3529724.3350843797}}}