{"Point T7-207-26072019153825": {"Lambda": 0.2035, "Kappa": 0.0106, "tanBeta": 36.3238, "mBottom": 35.597324, "ChiSquared": null, "LogL": null, "testCalc": 18.22510653, "extTest": {"res1": 471.09376092953516, "res2": 221929.33158673404}}, "Point T2-662-26072019153835-GenNb1": {"Lambda": 0.9315, "Kappa": 0.929, "tanBeta": 4.972900000000001, "mBottom": 4.873442000000001, "ChiSquared": null, "LogL": null, "testCalc": 7.924237350000002, "extTest": {"res1": -2907.511384277842, "res2": 8453622.449705252}}, "Point T3-328-26072019153826": {"Lambda": 0.0811, "Kappa": 0.2578, "tanBeta": 12.4164, "mBottom": 12.168071999999999, "ChiSquared": null, "LogL": null, "testCalc": 9.291561129999998, "extTest": {"res1": 139.5529511281912, "res2": 19475.026168587323}}, "Point T5-46-26072019153826": {"Lambda": 0.8614, "Kappa": 0.0898, "tanBeta": 29.964, "mBottom": 29.36472, "ChiSquared": null, "LogL": null, "testCalc": 18.11513716, "extTest": {"res1": 689.6896232309642, "res2": 475671.7763924694}}, "Point T5-385-26072019153827": {"Lambda": 0.8392, "Kappa": 0.4856, "tanBeta": 29.6643, "mBottom": 29.071014, "ChiSquared": null, "LogL": null, "testCalc": 29.64474772, "extTest": {"res1": -44591.56214271169, "res2": 1988407414.3273187}}, "Point T2-119-26072019153832-GenNb0": {"Lambda": 0.2312, "Kappa": 0.2328, "tanBeta": 24.8637, "mBottom": 24.366426, "ChiSquared": null, "LogL": null, "testCalc": 18.0249358, "extTest": {"res1": -31329.05309105347, "res2": 981509567.5820469}}, "Point T5-503-26072019153827": {"Lambda": 0.6971, "Kappa": 0.133, "tanBeta": 36.7007, "mBottom": 35.966685999999996, "ChiSquared": null, "LogL": null, "testCalc": 23.350484509999998, "extTest": {"res1": -4346.923457021933, "res2": 18895743.541207515}}, "Point T2-427-26072019153827": {"Lambda": 0.2296, "Kappa": 0.4901, "tanBeta": 24.8568, "mBottom": 24.359664, "ChiSquared": null, "LogL": null, "testCalc": 24.414865839999997, "extTest": {"res1": 3606.907305614972, "res2": 13009780.311298655}}, "Point T2-891-26072019153833-GenNb0": {"Lambda": 0.9269, "Kappa": 0.95505, "tanBeta": 28.658549999999998, "mBottom": 28.085378999999996, "ChiSquared": null, "LogL": null, "testCalc": 42.2721812875, "extTest": {"res1": 756.3187388435605, "res2": 572018.0347259139}}, "Point T1-774-26072019153828": {"Lambda": 0.1182, "Kappa": 0.9724, "tanBeta": 25.2393, "mBottom": 24.734514, "ChiSquared": null, "LogL": null, "testCalc": 36.92392356, "extTest": {"res1": 603.1437457541897, "res2": 363782.37804239464}}, "Point T4-586-26072019153828": {"Lambda": 0.2816, "Kappa": 0.8264, "tanBeta": 28.9131, "mBottom": 28.334837999999998, "ChiSquared": null, "LogL": null, "testCalc": 38.1405034, "extTest": {"res1": 2468.486482687401, "res2": 6093425.515210416}}, "Point T2-164-26072019153834-GenNb0": {"Lambda": 0.49134999999999995, "Kappa": 0.1805, "tanBeta": 23.4788, "mBottom": 23.009224, "ChiSquared": null, "LogL": null, "testCalc": 15.983960222499999, "extTest": {"res1": 1628.915747868932, "res2": 2653366.5136554018}}, "Point T5-399-26072019153829": {"Lambda": 0.4199, "Kappa": 0.7711, "tanBeta": 39.4844, "mBottom": 38.694712, "ChiSquared": null, "LogL": null, "testCalc": 49.97009285, "extTest": {"res1": -10930.68488320404, "res2": 119479872.0159053}}}