{"Point T5-918-26072019153830-GenNb0": {"Lambda": 0.5137, "Kappa": 0.5268, "tanBeta": 34.0911, "mBottom": 33.40927799999999, "ChiSquared": null, "LogL": null, "testCalc": 34.92771817, "extTest": {"res1": 415.16629687047964, "res2": 172363.05405714724}}, "Point T5-743-26072019153831-GenNb0": {"Lambda": 0.5598, "Kappa": 0.0951, "tanBeta": 13.962650000000002, "mBottom": 13.683397000000001, "ChiSquared": null, "LogL": null, "testCalc": 8.482922555, "extTest": {"res1": 176.7706337021945, "res2": 31247.856939475416}}, "Point T0-996-26072019153826": {"Lambda": 0.002, "Kappa": 0.1584, "tanBeta": 31.8059, "mBottom": 31.169782, "ChiSquared": null, "LogL": null, "testCalc": 20.622949560000002, "extTest": {"res1": 1190.9225044382836, "res2": 1418296.4115775535}}, "Point T3-613-26072019153827": {"Lambda": 0.03, "Kappa": 0.2469, "tanBeta": 10.5981, "mBottom": 10.386138, "ChiSquared": null, "LogL": null, "testCalc": 7.810639890000001, "extTest": {"res1": 131.21481802028978, "res2": 17217.328468097763}}, "Point T2-847-26072019153827": {"Lambda": 0.4426, "Kappa": 0.443, "tanBeta": 22.5457, "mBottom": 22.094786, "ChiSquared": null, "LogL": null, "testCalc": 21.23103286, "extTest": {"res1": 390.5613793208716, "res2": 152538.19101702175}}, "Point T5-865-26072019153834-GenNb1": {"Lambda": 0.1114, "Kappa": 0.022300000000000014, "tanBeta": 6.0867, "mBottom": 5.964966, "ChiSquared": null, "LogL": null, "testCalc": 3.1306263700000003, "extTest": {"res1": 177.42916617351736, "res2": 31481.10900902964}}, "Point T4-210-26072019153827": {"Lambda": 0.8283, "Kappa": 0.4536, "tanBeta": 30.5853, "mBottom": 29.973594, "ChiSquared": null, "LogL": null, "testCalc": 29.54636997, "extTest": {"res1": 5460.133811598034, "res2": 29813061.24055608}}, "Point T5-215-26072019153835-GenNb1": {"Lambda": 0.07735, "Kappa": 0.0044, "tanBeta": 11.398800000000001, "mBottom": 11.170824000000001, "ChiSquared": null, "LogL": null, "testCalc": 5.6415497425000005, "extTest": {"res1": 78.22197396648865, "res2": 6118.677211214028}}, "Point T5-979-26072019153828": {"Lambda": 0.0064, "Kappa": 0.3645, "tanBeta": 19.9611, "mBottom": 19.561877999999997, "ChiSquared": null, "LogL": null, "testCalc": 17.056800909999996, "extTest": {"res1": -429.65793411130375, "res2": 184605.94034479343}}, "Point T0-295-26072019153828": {"Lambda": 0.6374, "Kappa": 0.0916, "tanBeta": 34.3213, "mBottom": 33.634874, "ChiSquared": null, "LogL": null, "testCalc": 20.367546840000003, "extTest": {"res1": 990.4060870065953, "res2": 980904.2171797155}}, "Point T2-872-26072019153828": {"Lambda": 0.3868, "Kappa": 0.3705, "tanBeta": 24.0975, "mBottom": 23.61555, "ChiSquared": null, "LogL": null, "testCalc": 20.88551299, "extTest": {"res1": 1715.5391213581588, "res2": 2943074.4769103234}}, "Point T5-724-26072019153836-GenNb1": {"Lambda": 0.13890000000000002, "Kappa": 0.9266, "tanBeta": 10.6841, "mBottom": 10.470418, "ChiSquared": null, "LogL": null, "testCalc": 15.154389270000001, "extTest": {"res1": -107.86322777439457, "res2": 11634.475905910926}}}