{"Point T1-386-31072019150420-GenNb0": {"k": 241378.1085, "zL": 35.6364, "c0": 0.442, "c1": 0.0842, "c2": -0.5035, "c0Prime": 0.5439019999999999, "Mu1": 12.9551, "Mu11": 0.4793, "Mu11Prime": 0.466, "Mu2Tilde": 0.2169, "mWpm": 1271.9604890829617, "mTop": 3234.156470204689, "mZ0": 1450.6643342450318, "mZprime": 21765.666220042178, "mPsiDark": 2588.6971690203623, "mTau": 3812.772200152105, "mBottom": 230.54375460818977, "Higgs": 2352.061324055412, "ThetaHiggs": 1.4301182228726566, "mNeutrino": 73.67325712923243, "Triviality": 0, "ChiSquared": null, "LogL": null},"Point T1-408-31072019150425-GenNb0": {"k": 289380.245, "zL": 35.800846, "c0": 0.2879, "c1": 0.118924, "c2": -0.5187, "c0Prime": 0.5847, "Mu1": 12.8442, "Mu11": 0.0275, "Mu11Prime": 0.06, "Mu2Tilde": 0.0647, "mWpm": 1676.8713398403536, "mTop": 5351.755774208364, "mZ0": 1912.4630573846543, "mZprime": 29372.06274349227, "mPsiDark": 4166.638009658208, "mTau": 5353.710492830509, "mBottom": 17.231710614864575, "Higgs": 3548.7325760464746, "ThetaHiggs": 1.458651324701149, "mNeutrino": 77.89965680048314, "Triviality": 0, "ChiSquared": null, "LogL": null},"Point T1-985-31072019150428-GenNb0": {"k": 280289.8421, "zL": 35.725, "c0": 0.653588, "c1": 0.1619, "c2": -0.8844, "c0Prime": 0.5975, "Mu1": 11.0355, "Mu11": 0.162048, "Mu11Prime": 0.3978, "Mu2Tilde": 0.810176, "mWpm": 1.939999577930485e-05, "mTop": 4956.5380519878845, "mZ0": 2.2125594468607836e-05, "mZprime": 28920.66599793754, "mPsiDark": 23150.744770820584, "mTau": 14.425869852960753, "mBottom": 263.22868285165373, "Higgs": 2700.328240714599, "ThetaHiggs": 3.141592641692799, "mNeutrino": 621.8354274245193, "Triviality": 0, "ChiSquared": null, "LogL": null},"Point T1-668-31072019150441-GenNb0": {"k": 170770.0083, "zL": 34.8183, "c0": 0.4816, "c1": 0.1678, "c2": -0.5891, "c0Prime": 0.6639, "Mu1": 13.135614, "Mu11": 0.1302, "Mu11Prime": 0.2152, "Mu2Tilde": 0.6774, "mWpm": 547.8944337841447, "mTop": 1045.2736707865135, "mZ0": 624.8707572631168, "mZprime": 18016.187572625367, "mPsiDark": 2925.3543601054143, "mTau": 17.271533394311074, "mBottom": 25.822545963362728, "Higgs": 550.4427186797855, "ThetaHiggs": 0.5580912759824119, "mNeutrino": 9.032149278811138, "Triviality": 0, "ChiSquared": null, "LogL": null},"Point T1-238-31072019150446-GenNb0": {"k": 208283.3005, "zL": 35.2609, "c0": 0.1326, "c1": 0.1741, "c2": -0.9739, "c0Prime": 0.513748, "Mu1": 11.814, "Mu11": 0.78125, "Mu11Prime": 0.0408, "Mu2Tilde": 0.9996, "mWpm": 778.8604807812242, "mTop": 2020.406626257067, "mZ0": 888.2863347719649, "mZprime": 21654.4218494787, "mPsiDark": 4480.841441792217, "mTau": 2013.0301438061674, "mBottom": 116.18963409221533, "Higgs": 919.7806367885048, "ThetaHiggs": 0.6799426168677781, "mNeutrino": 4.464501860833973, "Triviality": 0, "ChiSquared": null, "LogL": null},"Point T1-672-31072019150451-GenNb0": {"k": 167698.7073, "zL": 36.8463, "c0": 0.4665, "c1": 0.175918, "c2": -0.8943, "c0Prime": 0.6773640000000001, "Mu1": 11.34483, "Mu11": 0.3267, "Mu11Prime": 0.30047199999999996, "Mu2Tilde": 0.4183, "mWpm": 0.00017968385367342566, "mTop": 3991.5138397565415, "mZ0": 0.00020492850226163002, "mZprime": 16762.105321311865, "mPsiDark": 13537.247403918072, "mTau": 5.986866474683615, "mBottom": 223.8953390964315, "Higgs": 606.2920530726722, "ThetaHiggs": 3.141592460595077, "mNeutrino": 134.06080549553147, "Triviality": 0, "ChiSquared": null, "LogL": null},"Point T1-692-31072019150535-GenNb2": {"k": 289380.245, "zL": 35.800846, "c0": 0.514152, "c1": 0.208786, "c2": -0.5187, "c0Prime": 0.5847, "Mu1": 12.8442, "Mu11": 0.0275, "Mu11Prime": 0.17144199999999996, "Mu2Tilde": 0.0647, "mWpm": 1101.4655857994114, "mTop": 2094.933286751863, "mZ0": 1256.215782197382, "mZprime": 29607.38615868521, "mPsiDark": 5379.468883129513, "mTau": 2125.8610169402896, "mBottom": 10.96642667798847, "Higgs": 1650.5775762317103, "ThetaHiggs": 0.7139060215014001, "mNeutrino": 46.81600432425313, "Triviality": 0, "ChiSquared": null, "LogL": null},"Point T1-35-31072019150540-GenNb2": {"k": 280289.8421, "zL": 35.725, "c0": 0.653588, "c1": 0.1619, "c2": -0.8844, "c0Prime": 0.5975, "Mu1": 14.05242, "Mu11": 0.162048, "Mu11Prime": 0.12180999999999999, "Mu2Tilde": 0.810176, "mWpm": 2.04966363551453e-05, "mTop": 4956.5380519878845, "mZ0": 2.3376307351996712e-05, "mZprime": 28920.66599793754, "mPsiDark": 23150.744770820584, "mTau": 4.417418863821664, "mBottom": 217.13109188018467, "Higgs": 2555.8558098681806, "ThetaHiggs": 3.1415926410202872, "mNeutrino": 621.8354274245193, "Triviality": 0, "ChiSquared": null, "LogL": null},"Point T1-848-31072019150604-GenNb2": {"k": 131299.523008, "zL": 35.2609, "c0": 0.1326, "c1": 0.23503387999999997, "c2": -1.086328, "c0Prime": 0.513748, "Mu1": 11.814, "Mu11": 0.78125, "Mu11Prime": 0.0408, "Mu2Tilde": 0.9996, "mWpm": 259.03410352610825, "mTop": 634.8469480149124, "mZ0": 295.4270502611118, "mZprime": 13708.489550942915, "mPsiDark": 2984.697147233175, "mTau": 649.5194865791673, "mBottom": 31.122245904734196, "Higgs": 345.9172719567278, "ThetaHiggs": 0.3386888656519608, "mNeutrino": 0.44079180542008306, "Triviality": 0, "ChiSquared": null, "LogL": null}}