{"Point T4-109-01102019104931": {"k": 156154.65394783014, "zL": 36.78815524902343, "c0": 0.36970000000000003, "c1": 0.17148986816406248, "c2": -0.6832, "c0Prime": 0.6779, "Mu1": 12.83224828567505, "Mu11": 0.18851166895551014, "Mu11Prime": 0.368, "Mu2Tilde": 1.4227, "mWpm": 75.33149721280286, "mTop": 159.02938476156356, "mZ0": 85.9151814775942, "mZprime": 15631.90651471755, "mPsiDark": 2534.773664416331, "mTau": 2.165683773805664, "mBottom": 4.2044751864125045, "mTauTow": 1545.6966591577818, "mBottomTow": 3902.8568533039847, "Higgs": 88.79008836857204, "ThetaHiggs": 0.08679148447761664, "mNeutrino": 0.11731858810921535, "Triviality": 0, "HiggsTrilin": 14.544636037356629, "TopYukawa": 0.9875978339851256, "ChiSquared": null, "LogL": null, "sin2ThW": null, "CrossSect": 39.67943793729481, "Error": 0.2841069502011397, "LambdaMax": 1589907.6014495613, "sin2ThW-Lambda": 0.05050231499229634, "sin2ThW-MKK5": 0.04227528201940129, "a1Yinv-MKK5": 73.44002511482199, "a2Linv-MKK5": 5.400690478964901, "a3Cinv-MKK5": 13.136482608012432, "a4Cinv-Lambda": 10.313223401524429, "a2Linv-Lambda": 6.211406836834106, "a2Rinv-Lambda": 110.02941510521893}, "Point T2-57-01102019095000": {"k": 189595.46466769345, "zL": 36.22890996382164, "c0": 0.33827928, "c1": 0.2975732890099397, "c2": -0.6887832254080001, "c0Prime": 0.626954, "Mu1": 17.6681, "Mu11": 0.3596007704201141, "Mu11Prime": 0.2387, "Mu2Tilde": 1.2933, "mWpm": 83.6591510614923, "mTop": 180.5000130071734, "mZ0": 95.41282745788864, "mZprime": 19281.19238666588, "mPsiDark": 3463.381775302801, "mTau": 1.8673442746881892, "mBottom": 4.146838159096484, "mTauTow": 1697.5054927595072, "mBottomTow": 4812.685803180709, "Higgs": 116.24221097432334, "ThetaHiggs": 0.077546332496624, "mNeutrino": 0.12184346025368142, "Triviality": 0, "HiggsTrilin": 23.262118353415914, "TopYukawa": 0.9883500613261604, "ChiSquared": null, "LogL": null, "sin2ThW": null, "CrossSect": 17.819502795781336, "Error": 0.1259723274830828, "LambdaMax": 1543939.9845354797, "sin2ThW-Lambda": 0.038236107843484336, "sin2ThW-MKK5": 0.02933048058624295, "a1Yinv-MKK5": 74.45209212903028, "a2Linv-MKK5": 3.7479813699342457, "a3Cinv-MKK5": 13.327599619461857, "a4Cinv-Lambda": 11.254301447176424, "a2Linv-Lambda": 4.744244951289991, "a2Rinv-Lambda": 111.95428654019253}, "Point T6-569-01102019115521": {"k": 147118.4688205078, "zL": 34.3412, "c0": 0.1948, "c1": 0.1272, "c2": -0.7289, "c0Prime": 0.5198, "Mu1": 12.0072, "Mu11": 0.21402500000000002, "Mu11Prime": 0.1974, "Mu2Tilde": 0.7572499999999999, "mWpm": 17.548840396806078, "mTop": 40.661567697140505, "mZ0": 20.01436136539032, "mZprime": 15809.81008319721, "mPsiDark": 3477.417732353302, "mTau": 0.7612974396117038, "mBottom": 0.8763553080113441, "mTauTow": 617.2288848935425, "mBottomTow": 5111.2141147414095, "Higgs": 31.924099132636346, "ThetaHiggs": 0.019313562148434375, "mNeutrino": 0.0024721033724954817, "Triviality": 0, "HiggsTrilin": 11.071192534583203, "TopYukawa": 0.9911443302763899, "ChiSquared": null, "LogL": null, "sin2ThW": null, "CrossSect": 6857.404674519847, "Error": 66.16877928757201, "LambdaMax": 852773.0990290587, "sin2ThW-Lambda": 0.024213203596367503, "sin2ThW-MKK5": 0.014890737607652771, "a1Yinv-MKK5": 75.7770432566181, "a2Linv-MKK5": 1.9082782618572844, "a3Cinv-MKK5": 13.20614088985382, "a4Cinv-Lambda": 11.884156809750554, "a2Linv-Lambda": 3.0393792072610153, "a2Rinv-Lambda": 114.68733166716456}, "Point T2-853-01102019085312": {"k": 332985.2899, "zL": 38.842375999999994, "c0": 0.1608, "c1": 0.1032, "c2": -0.7561, "c0Prime": 0.5544, "Mu1": 12.2513, "Mu11": 0.1231, "Mu11Prime": 0.7097, "Mu2Tilde": 1.3346, "mWpm": 84.60033981991681, "mTop": 211.06400894617988, "mZ0": 96.48624835056368, "mZprime": 31526.471593739934, "mPsiDark": 6396.535863305378, "mTau": 7.159844312830226, "mBottom": 2.506493114189753, "mTauTow": 1641.0764498183055, "mBottomTow": 10692.957955221997, "Higgs": 164.55534334891072, "ThetaHiggs": 0.04958670474276983, "mNeutrino": 0.0647998331235757, "Triviality": 0, "HiggsTrilin": 45.88049601928559, "TopYukawa": 0.99011070331702, "ChiSquared": null, "LogL": null, "sin2ThW": null, "CrossSect": 5.5169928131435455, "Error": 0.03723021012917511, "LambdaMax": 5490503.7756760465, "sin2ThW-Lambda": 0.09197073314693298, "sin2ThW-MKK5": 0.08571443035408455, "a1Yinv-MKK5": 69.66605144505553, "a2Linv-MKK5": 10.880682336921947, "a3Cinv-MKK5": 14.054547352525821, "a4Cinv-Lambda": 8.702194905261122, "a2Linv-Lambda": 10.911615092807107, "a2Rinv-Lambda": 102.0529629261283}}