{"Point T7-231-26072019141924": {"Lambda": 0.04907181565635952, "Kappa": 0.3708465668647391, "tanBeta": 10.21176961413158, "mBottom": 10.007534221848948, "ChiSquared": null, "LogL": null, "testCalc": 8.793174857030644, "extTest": {"res1": 67.5027082011503, "res2": 4556.615614489644}},"Point T7-811-26072019141925": {"Lambda": 0.04914806754342014, "Kappa": 0.3710016420441668, "tanBeta": 10.197262052802415, "mBottom": 9.993316811746366, "ChiSquared": null, "LogL": null, "testCalc": 8.782274904360802, "extTest": {"res1": -95.65555774913602, "res2": 9149.985728298296}},"Point T7-861-26072019141926": {"Lambda": 0.049559212708631124, "Kappa": 0.37290393661717147, "tanBeta": 10.173697396261614, "mBottom": 9.970223448336382, "ChiSquared": null, "LogL": null, "testCalc": 8.781379648750313, "extTest": {"res1": -883.4560293912773, "res2": 780494.5558678014}},"Point T7-935-26072019141926": {"Lambda": 0.04953823627919168, "Kappa": 0.3729259580843311, "tanBeta": 10.169703723557232, "mBottom": 9.966309649086087, "ChiSquared": null, "LogL": null, "testCalc": 8.778155365938066, "extTest": {"res1": -132.50955671184124, "res2": 17558.78261996867}},"Point T7-872-26072019141926": {"Lambda": 0.0494804079959274, "Kappa": 0.37323650031636296, "tanBeta": 10.149043121503716, "mBottom": 9.946062259073642, "ChiSquared": null, "LogL": null, "testCalc": 8.763472776542168, "extTest": {"res1": 176.13391734636284, "res2": 31023.156839775376}},"Point T7-922-26072019141927": {"Lambda": 0.04947215235150523, "Kappa": 0.3733456133958452, "tanBeta": 10.148634098600594, "mBottom": 9.945661416628582, "ChiSquared": null, "LogL": null, "testCalc": 8.764226224844611, "extTest": {"res1": 2153.6308326599933, "res2": 4638125.763383776}},"Point T7-192-26072019141927": {"Lambda": 0.04948063200893335, "Kappa": 0.3734698234892728, "tanBeta": 10.147308743314012, "mBottom": 9.944362568447731, "ChiSquared": null, "LogL": null, "testCalc": 8.764343222424507, "extTest": {"res1": -299.7177747557098, "res2": 89830.7445045144}},"Point T7-399-26072019141928": {"Lambda": 0.049525454452062065, "Kappa": 0.374386948975144, "tanBeta": 10.12724683505767, "mBottom": 9.924701898356517, "ChiSquared": null, "LogL": null, "testCalc": 8.756312763912366, "extTest": {"res1": -228.37375327974928, "res2": 52154.5711870798}},"Point T7-162-26072019141928": {"Lambda": 0.049428917916011554, "Kappa": 0.37421604394510505, "tanBeta": 10.110447863965936, "mBottom": 9.908238906686616, "ChiSquared": null, "LogL": null, "testCalc": 8.740054473436226, "extTest": {"res1": 704.4536986753205, "res2": 496255.0135773393}},"Point T7-366-26072019141928": {"Lambda": 0.0492827090278218, "Kappa": 0.3764933904764584, "tanBeta": 10.008189778434572, "mBottom": 9.80802598286588, "ChiSquared": null, "LogL": null, "testCalc": 8.674459079056728, "extTest": {"res1": 143.52462495052498, "res2": 20599.317967188857}},"Point T7-869-26072019141930": {"Lambda": 0.04929959349732577, "Kappa": 0.377537355779113, "tanBeta": 9.994537370810274, "mBottom": 9.794646623394069, "ChiSquared": null, "LogL": null, "testCalc": 8.673064972827277, "extTest": {"res1": -678.2034176144687, "res2": 459959.8756639454}},"Point T7-280-26072019141931": {"Lambda": 0.049277423817283, "Kappa": 0.37807199471686653, "tanBeta": 9.99298226411123, "mBottom": 9.793122618829006, "ChiSquared": null, "LogL": null, "testCalc": 8.677056311675372, "extTest": {"res1": -362.29415824425195, "res2": 131257.05709791108}},"Point T7-577-26072019141932": {"Lambda": 0.04938610822923246, "Kappa": 0.3776802222307101, "tanBeta": 9.987235878054689, "mBottom": 9.787491160493595, "ChiSquared": null, "LogL": null, "testCalc": 8.668166033827044, "extTest": {"res1": -384.37954952216234, "res2": 147747.63809086045}},"Point T7-761-26072019141933": {"Lambda": 0.049452956321716104, "Kappa": 0.3777785456188269, "tanBeta": 9.984029091193163, "mBottom": 9.7843485093693, "ChiSquared": null, "LogL": null, "testCalc": 8.666371839060618, "extTest": {"res1": 1077.2510353238888, "res2": 1160469.7931063904}},"Point T7-562-26072019141934": {"Lambda": 0.04950102475602278, "Kappa": 0.37732141943234127, "tanBeta": 9.976484278849764, "mBottom": 9.776954593272768, "ChiSquared": null, "LogL": null, "testCalc": 8.655268857128311, "extTest": {"res1": 42.44557867661835, "res2": 1801.627149192998}},"Point T7-838-26072019141935": {"Lambda": 0.0489432625943643, "Kappa": 0.37406787624365606, "tanBeta": 9.919573262749866, "mBottom": 9.721181797494868, "ChiSquared": null, "LogL": null, "testCalc": 8.57358004534101, "extTest": {"res1": -63.80765630531699, "res2": 4071.417003177459}},"Point T7-59-26072019141935": {"Lambda": 0.04889953088650534, "Kappa": 0.37126242268672366, "tanBeta": 9.90105925220674, "mBottom": 9.703038067162606, "ChiSquared": null, "LogL": null, "testCalc": 8.529801442841299, "extTest": {"res1": 129.60042559600333, "res2": 16796.270314665195}},"Point T7-773-26072019141935": {"Lambda": 0.04897307219437261, "Kappa": 0.371688517960405, "tanBeta": 9.900693279256952, "mBottom": 9.702679413671813, "ChiSquared": null, "LogL": null, "testCalc": 8.533712080383621, "extTest": {"res1": -154.15985946542875, "res2": 23765.262270400744}},"Point T7-162-26072019141936": {"Lambda": 0.048576594160299545, "Kappa": 0.36876960316318275, "tanBeta": 9.866604808185441, "mBottom": 9.669272712021732, "ChiSquared": null, "LogL": null, "testCalc": 8.475499981193575, "extTest": {"res1": -105.7228767730834, "res2": 11177.326673176578}},"Point T7-200-26072019141937": {"Lambda": 0.04836603862083434, "Kappa": 0.3677976469236867, "tanBeta": 9.864925333849838, "mBottom": 9.66762682717284, "ChiSquared": null, "LogL": null, "testCalc": 8.464449012146128, "extTest": {"res1": 1179.7289769269657, "res2": 1391760.4590011453}},"Point T7-811-26072019141937": {"Lambda": 0.048209557676943675, "Kappa": 0.3692351843286441, "tanBeta": 9.629699735704035, "mBottom": 9.437105740989955, "ChiSquared": null, "LogL": null, "testCalc": 8.276500988888559, "extTest": {"res1": 443.0879354185238, "res2": 196326.9185134499}},"Point T7-394-26072019141938": {"Lambda": 0.04827580996023077, "Kappa": 0.36908429520385666, "tanBeta": 9.615732319194528, "mBottom": 9.423417672810638, "ChiSquared": null, "LogL": null, "testCalc": 8.263055176131493, "extTest": {"res1": 56.3988223457933, "res2": 3180.8271619923535}},"Point T7-117-26072019141938": {"Lambda": 0.048335864345882155, "Kappa": 0.36626309202097196, "tanBeta": 9.593343020526929, "mBottom": 9.40147616011639, "ChiSquared": null, "LogL": null, "testCalc": 8.216761913356262, "extTest": {"res1": 77.5370237941781, "res2": 6011.990058858941}},"Point T7-266-26072019141938": {"Lambda": 0.04821889443285727, "Kappa": 0.3664914445606223, "tanBeta": 9.583803171981549, "mBottom": 9.392127108541917, "ChiSquared": null, "LogL": null, "testCalc": 8.210770484935479, "extTest": {"res1": 138.32539170386474, "res2": 19133.913990027613}},"Point T7-820-26072019141939": {"Lambda": 0.04838197613989336, "Kappa": 0.3750336521601165, "tanBeta": 9.441972300948853, "mBottom": 9.253132854929875, "ChiSquared": null, "LogL": null, "testCalc": 8.169964598699647, "extTest": {"res1": -52.37333273789324, "res2": 2742.9659820740803}},"Point T7-802-26072019141940": {"Lambda": 0.048382845086368746, "Kappa": 0.3750286682635754, "tanBeta": 9.441910335717669, "mBottom": 9.253072129003316, "ChiSquared": null, "LogL": null, "testCalc": 8.169864023268595, "extTest": {"res1": 92.73289346408133, "res2": 8599.389530220658}},"Point T7-782-26072019141941": {"Lambda": 0.04852692409307878, "Kappa": 0.3734332208953899, "tanBeta": 9.418054482364063, "mBottom": 9.229693392716781, "ChiSquared": null, "LogL": null, "testCalc": 8.134215978637801, "extTest": {"res1": -564.2877460918284, "res2": 318420.6603893957}},"Point T7-1-26072019141941": {"Lambda": 0.04835720966687571, "Kappa": 0.373282178638624, "tanBeta": 9.41130731068699, "mBottom": 9.22308116447325, "ChiSquared": null, "LogL": null, "testCalc": 8.12695229873424, "extTest": {"res1": 443.9947562001875, "res2": 197131.34353326395}},