{"Point T1-590-26072019141923": {"Lambda": 0.2988283682535946, "Kappa": 0.5310482961528132, "tanBeta": 10.042134904467227, "mBottom": 9.841292206377883, "ChiSquared": null, "LogL": null, "testCalc": 10.342803127616062, "extTest": {"res1": 64.99901309985327, "res2": 4224.871703954897}},"Point T1-608-26072019141925": {"Lambda": 0.2992927127389536, "Kappa": 0.5312703621422786, "tanBeta": 10.027868338190537, "mBottom": 9.827310971426726, "ChiSquared": null, "LogL": null, "testCalc": 10.330740857157583, "extTest": {"res1": -91.91940525867206, "res2": 8449.177063107989}},"Point T1-88-26072019141925": {"Lambda": 0.30179642769614473, "Kappa": 0.533994427516041, "tanBeta": 10.004695130323343, "mBottom": 9.804601227716876, "ChiSquared": null, "LogL": null, "testCalc": 10.335833146218128, "extTest": {"res1": -854.1559590222239, "res2": 729582.4023331751}},"Point T1-447-26072019141925": {"Lambda": 0.30166868935801044, "Kappa": 0.5340259620202237, "tanBeta": 10.000767799255652, "mBottom": 9.800752443270538, "ChiSquared": null, "LogL": null, "testCalc": 10.332049864712623, "extTest": {"res1": -128.5503739286198, "res2": 16525.198637187972}},"Point T1-797-26072019141926": {"Lambda": 0.3013165374904744, "Kappa": 0.5344706551573295, "tanBeta": 9.980450404634665, "mBottom": 9.780841396541971, "ChiSquared": null, "LogL": null, "testCalc": 10.315470220566558, "extTest": {"res1": 170.6547795099146, "res2": 29123.053769577564}},"Point T1-348-26072019141926": {"Lambda": 0.30126626381059196, "Kappa": 0.5346269039138892, "tanBeta": 9.980048176291549, "mBottom": 9.780447212765717, "ChiSquared": null, "LogL": null, "testCalc": 10.316587225495457, "extTest": {"res1": 2082.447669081537, "res2": 4336588.294463126}},"Point T1-424-26072019141927": {"Lambda": 0.3013179016429954, "Kappa": 0.5348047714320852, "tanBeta": 9.978744837390739, "mBottom": 9.779169940642923, "ChiSquared": null, "LogL": null, "testCalc": 10.317057800111854, "extTest": {"res1": -291.85994080066143, "res2": 85182.22504416559}},"Point T1-238-26072019141927": {"Lambda": 0.3015908529769157, "Kappa": 0.5361180852662883, "tanBeta": 9.959016191253596, "mBottom": 9.759835867428524, "ChiSquared": null, "LogL": null, "testCalc": 10.310083667904447, "extTest": {"res1": -220.2045882512864, "res2": 48490.06068691858}},"Point T1-64-26072019141928": {"Lambda": 0.3010029828286651, "Kappa": 0.535873351100961, "tanBeta": 9.942496279393659, "mBottom": 9.743646353805785, "ChiSquared": null, "LogL": null, "testCalc": 10.290344772122163, "extTest": {"res1": 681.1881339723519, "res2": 464017.27386473486}},"Point T1-720-26072019141928": {"Lambda": 0.30011262727736704, "Kappa": 0.5391344868462619, "tanBeta": 9.841936873063394, "mBottom": 9.645098135602126, "ChiSquared": null, "LogL": null, "testCalc": 10.218744242484723, "extTest": {"res1": 139.0331056571887, "res2": 19330.204468683}},"Point T1-367-26072019141929": {"Lambda": 0.3002154471629411, "Kappa": 0.5406294339342299, "tanBeta": 9.8285112549468, "mBottom": 9.631941029847864, "ChiSquared": null, "LogL": null, "testCalc": 10.219682305817273, "extTest": {"res1": -655.4823005829339, "res2": 429657.04637749575}},"Point T1-501-26072019141930": {"Lambda": 0.30008044239037923, "Kappa": 0.5413950311442871, "tanBeta": 9.826981981191835, "mBottom": 9.630442341568, "ChiSquared": null, "LogL": null, "testCalc": 10.225548658450908, "extTest": {"res1": -350.4768481168582, "res2": 122834.0210659273}},"Point T1-108-26072019141932": {"Lambda": 0.30074228840204703, "Kappa": 0.5408340171567185, "tanBeta": 9.821331052295722, "mBottom": 9.624904431249808, "ChiSquared": null, "LogL": null, "testCalc": 10.214608066497322, "extTest": {"res1": -371.664956457381, "res2": 138134.8398584669}},"Point T1-714-26072019141933": {"Lambda": 0.30114936741737514, "Kappa": 0.540974815191261, "tanBeta": 9.818177535570399, "mBottom": 9.62181398485899, "ChiSquared": null, "LogL": null, "testCalc": 10.212984711745566, "extTest": {"res1": 1042.3735969655352, "res2": 1086542.715650868}},"Point T1-208-26072019141934": {"Lambda": 0.301442085581483, "Kappa": 0.5403202154075489, "tanBeta": 9.810758055280083, "mBottom": 9.61454289417448, "ChiSquared": null, "LogL": null, "testCalc": 10.199089683787236, "extTest": {"res1": 40.907138491411835, "res2": 1673.3939795555477}},"Point T1-2-26072019141935": {"Lambda": 0.29804552985162797, "Kappa": 0.535661176545687, "tanBeta": 9.754792427105844, "mBottom": 9.559696578563727, "ChiSquared": null, "LogL": null, "testCalc": 10.093943015608875, "extTest": {"res1": -62.32917647091008, "res2": 3884.9262395418505}},"Point T1-342-26072019141935": {"Lambda": 0.2977792206734237, "Kappa": 0.5316437972183271, "tanBeta": 9.736585965491248, "mBottom": 9.541854246181423, "ChiSquared": null, "LogL": null, "testCalc": 10.035995121992022, "extTest": {"res1": 124.31392309844695, "res2": 15453.951476126582}},"Point T1-143-26072019141935": {"Lambda": 0.29822705878039546, "Kappa": 0.5322539610685691, "tanBeta": 9.73622607196916, "mBottom": 9.541501550529777, "ChiSquared": null, "LogL": null, "testCalc": 10.041835046518354, "extTest": {"res1": -148.845842465763, "res2": 22155.08481934274}},"Point T1-979-26072019141935": {"Lambda": 0.2958126609761623, "Kappa": 0.5280741064651275, "tanBeta": 9.702703867873073, "mBottom": 9.50864979051561, "ChiSquared": null, "LogL": null, "testCalc": 9.965576700974413, "extTest": {"res1": -101.00162132230207, "res2": 10201.327509733705}},"Point T1-401-26072019141936": {"Lambda": 0.2945304592185229, "Kappa": 0.5266822755813115, "tanBeta": 9.701052292437668, "mBottom": 9.507031246588914, "ChiSquared": null, "LogL": null, "testCalc": 9.9496361116163, "extTest": {"res1": 1140.2525343618327, "res2": 1300175.8421185825}},"Point T1-437-26072019141936": {"Lambda": 0.29357755082293613, "Kappa": 0.528740813687819, "tanBeta": 9.469734188051993, "mBottom": 9.280339504290952, "ChiSquared": null, "LogL": null, "testCalc": 9.733392490490637, "extTest": {"res1": 428.2732124242243, "res2": 183417.94448016476}},"Point T1-719-26072019141937": {"Lambda": 0.2939810015908148, "Kappa": 0.5285247420835871, "tanBeta": 9.455998793878855, "mBottom": 9.266878818001278, "ChiSquared": null, "LogL": null, "testCalc": 9.71759356197451, "extTest": {"res1": 53.557071511994565, "res2": 2868.3599089409}},"Point T1-712-26072019141937": {"Lambda": 0.2943467095604637, "Kappa": 0.5244848094612143, "tanBeta": 9.433981419209013, "mBottom": 9.245301790824833, "ChiSquared": null, "LogL": null, "testCalc": 9.657270827955964, "extTest": {"res1": 76.29465976869943, "res2": 5820.875109221603}},"Point T1-257-26072019141937": {"Lambda": 0.29363440805344865, "Kappa": 0.5248118078425901, "tanBeta": 9.42460004363153, "mBottom": 9.2361080427589, "ChiSquared": null, "LogL": null, "testCalc": 9.650416574063966, "extTest": {"res1": 134.68348642281794, "res2": 18139.641515005384}},"Point T1-204-26072019141938": {"Lambda": 0.2946275125423242, "Kappa": 0.5370441572733712, "tanBeta": 9.285125222484233, "mBottom": 9.099422718034548, "ChiSquared": null, "LogL": null, "testCalc": 9.62303898045092, "extTest": {"res1": -50.60980106087298, "res2": 2561.35196342114}},"Point T1-996-26072019141938": {"Lambda": 0.2946328040901071, "Kappa": 0.5370370203871145, "tanBeta": 9.285064286600008, "mBottom": 9.099363000868008, "ChiSquared": null, "LogL": null, "testCalc": 9.622913248258481, "extTest": {"res1": 90.01002843860053, "res2": 8101.805219517676}},"Point T1-340-26072019141939": {"Lambda": 0.29551018948738406, "Kappa": 0.5347523569112209, "tanBeta": 9.261604719190009, "mBottom": 9.07637262480621, "ChiSquared": null, "LogL": null, "testCalc": 9.578177536860919, "extTest": {"res1": -545.6771933014128, "res2": 297763.5992893074}},"Point T1-587-26072019141939": {"Lambda": 0.29447669430541423, "Kappa": 0.5345360660236425, "tanBeta": 9.254969629409782, "mBottom": 9.069870236821586, "ChiSquared": null, "LogL": null, "testCalc": 9.56876669877283, "extTest": {"res1": 429.12510049895405, "res2": 184148.35187823742}},