{"Point T0-517-26072019141922": {"Lambda": 0.5317945643737048, "Kappa": 0.17894343750596953, "tanBeta": 10.010447100717316, "mBottom": 9.810238158702969, "ChiSquared": null, "LogL": null, "testCalc": 6.979228353222926, "extTest": {"res1": 68.40499777477409, "res2": 4679.2437205668475}},"Point T0-962-26072019141924": {"Lambda": 0.532620911198653, "Kappa": 0.179018265448731, "tanBeta": 9.996225552373232, "mBottom": 9.796301041325767, "ChiSquared": null, "LogL": null, "testCalc": 6.971342515129106, "extTest": {"res1": -92.50767569971804, "res2": 8557.670063364203}},"Point T0-923-26072019141924": {"Lambda": 0.5370765189870188, "Kappa": 0.17993617371715664, "tanBeta": 9.973125467210538, "mBottom": 9.773662957866327, "ChiSquared": null, "LogL": null, "testCalc": 6.969808702751371, "extTest": {"res1": -848.6859473875617, "res2": 720267.8372931231}},"Point T0-146-26072019141925": {"Lambda": 0.5368491960113625, "Kappa": 0.17994679966703608, "tanBeta": 9.969210528776218, "mBottom": 9.769826318200693, "ChiSquared": null, "LogL": null, "testCalc": 6.967047748218594, "extTest": {"res1": -126.52830331912669, "res2": 16009.411540816927}},"Point T0-902-26072019141925": {"Lambda": 0.5362225070190015, "Kappa": 0.18009664464190092, "tanBeta": 9.948957245384525, "mBottom": 9.749978100476834, "ChiSquared": null, "LogL": null, "testCalc": 6.954297444851643, "extTest": {"res1": 169.23870719936156, "res2": 28641.740014511233}},"Point T0-276-26072019141926": {"Lambda": 0.5361330400455385, "Kappa": 0.1801492946358984, "tanBeta": 9.94855628626682, "mBottom": 9.749585160541484, "ChiSquared": null, "LogL": null, "testCalc": 6.954456614515713, "extTest": {"res1": 2069.455504801301, "res2": 4282646.086352407}},"Point T0-735-26072019141926": {"Lambda": 0.5362249346630029, "Kappa": 0.18020922934495823, "tanBeta": 9.947257060032063, "mBottom": 9.748311918831423, "ChiSquared": null, "LogL": null, "testCalc": 6.954280668854626, "extTest": {"res1": -293.9273025979225, "res2": 86393.2592124907}},"Point T0-369-26072019141927": {"Lambda": 0.5367106784916952, "Kappa": 0.180651767045802, "tanBeta": 9.927590667337341, "mBottom": 9.729038853990595, "ChiSquared": null, "LogL": null, "testCalc": 6.946014575964217, "extTest": {"res1": -219.4422746233556, "res2": 48154.91189187221}},"Point T0-374-26072019141927": {"Lambda": 0.5356645055623168, "Kappa": 0.18056930077458697, "tanBeta": 9.91112288380768, "mBottom": 9.712900426131526, "ChiSquared": null, "LogL": null, "testCalc": 6.933031204605245, "extTest": {"res1": 677.0917090884117, "res2": 458453.1825162663}},"Point T0-760-26072019141928": {"Lambda": 0.5340800300143378, "Kappa": 0.18166818169495774, "tanBeta": 9.810880791152575, "mBottom": 9.614663175329524, "ChiSquared": null, "LogL": null, "testCalc": 6.8748979402795545, "extTest": {"res1": 137.39236925485764, "res2": 18876.66312946315}},"Point T0-994-26072019141929": {"Lambda": 0.5342630081451537, "Kappa": 0.182171923017072, "tanBeta": 9.797497537369477, "mBottom": 9.601547586622088, "ChiSquared": null, "LogL": null, "testCalc": 6.871039722320978, "extTest": {"res1": -651.1588862205231, "res2": 424007.8951039521}},"Point T0-479-26072019141930": {"Lambda": 0.5340227538325111, "Kappa": 0.18242990067655251, "tanBeta": 9.795973089214554, "mBottom": 9.600053627430263, "ChiSquared": null, "LogL": null, "testCalc": 6.872285513021582, "extTest": {"res1": -347.6454969981601, "res2": 120857.39158309776}},"Point T0-4-26072019141931": {"Lambda": 0.5352005741094623, "Kappa": 0.1822408599204636, "tanBeta": 9.79033999173851, "mBottom": 9.59453319190374, "ChiSquared": null, "LogL": null, "testCalc": 6.867906229487098, "extTest": {"res1": -369.8106461048161, "res2": 136759.91397246154}},"Point T0-169-26072019141932": {"Lambda": 0.5359250113805529, "Kappa": 0.18228830359833176, "tanBeta": 9.787196425887185, "mBottom": 9.59145249736944, "ChiSquared": null, "LogL": null, "testCalc": 6.867033299966597, "extTest": {"res1": 1035.0501706579455, "res2": 1071328.855779042}},"Point T0-945-26072019141933": {"Lambda": 0.5364459322338031, "Kappa": 0.1820677279250141, "tanBeta": 9.779800357653926, "mBottom": 9.584204350500848, "ChiSquared": null, "LogL": null, "testCalc": 6.860462444138909, "extTest": {"res1": 39.93451223086695, "res2": 1594.765267117262}},"Point T0-171-26072019141934": {"Lambda": 0.5304014262008403, "Kappa": 0.18049780587563508, "tanBeta": 9.724011328167038, "mBottom": 9.529531101603697, "ChiSquared": null, "LogL": null, "testCalc": 6.801253932761704, "extTest": {"res1": -60.07825116564268, "res2": 3609.3962631220465}},"Point T0-338-26072019141934": {"Lambda": 0.5299275027435745, "Kappa": 0.17914409911899698, "tanBeta": 9.705862316764781, "mBottom": 9.511745070429486, "ChiSquared": null, "LogL": null, "testCalc": 6.775443654288631, "extTest": {"res1": 125.44209286227283, "res2": 15735.71866166708}},"Point T0-217-26072019141935": {"Lambda": 0.5307244748396269, "Kappa": 0.17934970154272223, "tanBeta": 9.705503558881222, "mBottom": 9.511393487703598, "ChiSquared": null, "LogL": null, "testCalc": 6.778044378652773, "extTest": {"res1": -147.93448227299336, "res2": 21884.611045378588}},"Point T0-727-26072019141935": {"Lambda": 0.5264278157371773, "Kappa": 0.17794124668761097, "tanBeta": 9.672087133589619, "mBottom": 9.478645390917826, "ChiSquared": null, "LogL": null, "testCalc": 6.737512183262867, "extTest": {"res1": -102.66038669142635, "res2": 10539.15499563319}},"Point T0-116-26072019141936": {"Lambda": 0.5241460112046022, "Kappa": 0.17747225167419822, "tanBeta": 9.670440769675347, "mBottom": 9.47703195428184, "ChiSquared": null, "LogL": null, "testCalc": 6.729479916278866, "extTest": {"res1": 1133.4477893731807, "res2": 1284703.8912349504}},"Point T0-857-26072019141936": {"Lambda": 0.5224502166986099, "Kappa": 0.17816590211556876, "tanBeta": 9.439852586045099, "mBottom": 9.251055534324196, "ChiSquared": null, "LogL": null, "testCalc": 6.580341847921233, "extTest": {"res1": 425.748505909248, "res2": 181261.790283957}},"Point T0-428-26072019141937": {"Lambda": 0.5231681971453933, "Kappa": 0.17809309405669957, "tanBeta": 9.426160533699086, "mBottom": 9.237637323025105, "ChiSquared": null, "LogL": null, "testCalc": 6.571257718538535, "extTest": {"res1": 50.69456757463619, "res2": 2569.9391815793547}},"Point T0-283-26072019141937": {"Lambda": 0.5238190105589391, "Kappa": 0.17673178768216244, "tanBeta": 9.404212634519693, "mBottom": 9.216128381829298, "ChiSquared": null, "LogL": null, "testCalc": 6.5444738573794385, "extTest": {"res1": 78.39729442913153, "res2": 6146.135773807939}},"Point T0-478-26072019141938": {"Lambda": 0.5225513997499668, "Kappa": 0.1768419739210529, "tanBeta": 9.394860861729967, "mBottom": 9.206963644495367, "ChiSquared": null, "LogL": null, "testCalc": 6.537947527130305, "extTest": {"res1": 132.72515914474747, "res2": 17615.96786999854}},"Point T0-106-26072019141939": {"Lambda": 0.5243187271698019, "Kappa": 0.1809638187170454, "tanBeta": 9.255826151256606, "mBottom": 9.070709628231475, "ChiSquared": null, "LogL": null, "testCalc": 6.485234587489187, "extTest": {"res1": -50.81477617323041, "res2": 2582.141477535505}},"Point T0-453-26072019141940": {"Lambda": 0.5243281440011573, "Kappa": 0.18096141385298858, "tanBeta": 9.255765407654636, "mBottom": 9.070650099501544, "ChiSquared": null, "LogL": null, "testCalc": 6.485181446803236, "extTest": {"res1": 89.52529198006033, "res2": 8014.777904115054}},"Point T0-164-26072019141940": {"Lambda": 0.5258895378803917, "Kappa": 0.18019156760946897, "tanBeta": 9.23237986655231, "mBottom": 9.047732269221264, "ChiSquared": null, "LogL": null, "testCalc": 6.4640229415828445, "extTest": {"res1": -541.6393325511767, "res2": 293373.1665664842}},"Point T0-993-26072019141940": {"Lambda": 0.5240503312371605, "Kappa": 0.18011868566030373, "tanBeta": 9.225765713696832, "mBottom": 9.041250399422896, "ChiSquared": null, "LogL": null, "testCalc": 6.456986743942194, "extTest": {"res1": 427.06058378256176, "res2": 182380.74222070246}},