{"Point T6-961-26072019141923": {"Lambda": 0.9474558297806278, "Kappa": 0.2915930666880005, "tanBeta": 10.194676193181312, "mBottom": 9.990782669317685, "ChiSquared": null, "LogL": null, "testCalc": 8.865760779105031, "extTest": {"res1": 76.52283631928822, "res2": 5855.744478348576}},"Point T6-641-26072019141926": {"Lambda": 0.948928065807786, "Kappa": 0.291715000800857, "tanBeta": 10.180192915973523, "mBottom": 9.976589057654053, "ChiSquared": null, "LogL": null, "testCalc": 8.858473987540826, "extTest": {"res1": -96.06895647367229, "res2": 9229.24439794034}},"Point T6-386-26072019141926": {"Lambda": 0.9568662657389472, "Kappa": 0.29321075661430823, "tanBeta": 10.156667704172373, "mBottom": 9.953534350088924, "ChiSquared": null, "LogL": null, "testCalc": 8.870404447774149, "extTest": {"res1": -879.4523018817321, "res2": 773436.3512850772}},"Point T6-563-26072019141927": {"Lambda": 0.9564612625799127, "Kappa": 0.2932280718808249, "tanBeta": 10.152680716453185, "mBottom": 9.94962710212412, "ChiSquared": null, "LogL": null, "testCalc": 8.86668268878522, "extTest": {"res1": -130.46401793919952, "res2": 17020.859976839776}},"Point T6-548-26072019141927": {"Lambda": 0.9553447409396981, "Kappa": 0.29347224823262413, "tanBeta": 10.132054698059637, "mBottom": 9.929413604098444, "ChiSquared": null, "LogL": null, "testCalc": 8.850867247545844, "extTest": {"res1": 175.97491814306412, "res2": 30967.171815458118}},"Point T6-120-26072019141927": {"Lambda": 0.9551853447907732, "Kappa": 0.293558042791088, "tanBeta": 10.131646359817541, "mBottom": 9.92901343262119, "ChiSquared": null, "LogL": null, "testCalc": 8.851112034853152, "extTest": {"res1": 2145.8286840904098, "res2": 4604580.741465179}},"Point T6-801-26072019141927": {"Lambda": 0.9553490660787948, "Kappa": 0.29365570798551693, "tanBeta": 10.13032322303536, "mBottom": 9.927716758574652, "ChiSquared": null, "LogL": null, "testCalc": 8.851377455527524, "extTest": {"res1": -317.855195967595, "res2": 101031.92560359824}},"Point T6-159-26072019141928": {"Lambda": 0.9562144769970436, "Kappa": 0.2943768348796495, "tanBeta": 10.110294896288968, "mBottom": 9.908088998363189, "ChiSquared": null, "LogL": null, "testCalc": 8.844627236469744, "extTest": {"res1": -226.60907262340592, "res2": 51351.67179524006}},"Point T6-167-26072019141929": {"Lambda": 0.9543505943865369, "Kappa": 0.2942424539084495, "tanBeta": 10.093524044895899, "mBottom": 9.89165356399798, "ChiSquared": null, "LogL": null, "testCalc": 8.826555122559036, "extTest": {"res1": 702.3982752163014, "res2": 493363.33702683507}},"Point T6-995-26072019141929": {"Lambda": 0.9515276610667022, "Kappa": 0.2960331094472152, "tanBeta": 9.99143712857101, "mBottom": 9.79160838599959, "ChiSquared": null, "LogL": null, "testCalc": 8.759005283792096, "extTest": {"res1": 141.95254247454162, "res2": 20150.524314986542}},"Point T6-532-26072019141931": {"Lambda": 0.9518536585634386, "Kappa": 0.2968539692618025, "tanBeta": 9.977807573631342, "mBottom": 9.778251422158714, "ChiSquared": null, "LogL": null, "testCalc": 8.7571028811629, "extTest": {"res1": -673.8277650569066, "res2": 454043.85696158576}},"Point T6-666-26072019141932": {"Lambda": 0.9514256166758512, "Kappa": 0.2972743506846329, "tanBeta": 9.976255070016233, "mBottom": 9.776729968615909, "ChiSquared": null, "LogL": null, "testCalc": 8.75926043657833, "extTest": {"res1": -359.88211577785955, "res2": 129515.13725674871}},"Point T6-266-26072019141934": {"Lambda": 0.953524044833246, "Kappa": 0.2969663037701148, "tanBeta": 9.970518302801432, "mBottom": 9.771107936745404, "ChiSquared": null, "LogL": null, "testCalc": 8.755670039503077, "extTest": {"res1": -384.21418498237557, "res2": 147620.5399416711}},"Point T6-546-26072019141934": {"Lambda": 0.9548147167614435, "Kappa": 0.29704361449867434, "tanBeta": 9.967316883761526, "mBottom": 9.767970546086296, "ChiSquared": null, "LogL": null, "testCalc": 8.75638425039357, "extTest": {"res1": 1074.1683423999696, "res2": 1153837.6278142983}},"Point T6-416-26072019141936": {"Lambda": 0.955742799770053, "Kappa": 0.2966841806020425, "tanBeta": 9.959784700635026, "mBottom": 9.760589006622325, "ChiSquared": null, "LogL": null, "testCalc": 8.748649365504125, "extTest": {"res1": 39.763413309147566, "res2": 1581.1290379940938}},"Point T6-190-26072019141937": {"Lambda": 0.9449737869543253, "Kappa": 0.2941259510786811, "tanBeta": 9.902968947549441, "mBottom": 9.704909568598453, "ChiSquared": null, "LogL": null, "testCalc": 8.65815040253065, "extTest": {"res1": -61.13935903214372, "res2": 3738.021222861374}},"Point T6-299-26072019141938": {"Lambda": 0.9441294354461727, "Kappa": 0.2919200500964157, "tanBeta": 9.884485927499409, "mBottom": 9.68679620894942, "ChiSquared": null, "LogL": null, "testCalc": 8.620258122483563, "extTest": {"res1": 130.11808680521293, "res2": 16930.716513848925}},"Point T6-557-26072019141938": {"Lambda": 0.9455493368689459, "Kappa": 0.29225508468660866, "tanBeta": 9.884120567149582, "mBottom": 9.68643815580659, "ChiSquared": null, "LogL": null, "testCalc": 8.62596711976155, "extTest": {"res1": -152.7303027325502, "res2": 23326.545372776432}},"Point T6-989-26072019141938": {"Lambda": 0.9378943230949894, "Kappa": 0.2899599702291154, "tanBeta": 9.850089156568817, "mBottom": 9.65308737343744, "ChiSquared": null, "LogL": null, "testCalc": 8.562321006605355, "extTest": {"res1": -106.43823975248077, "res2": 11329.098881606576}},"Point T6-141-26072019141939": {"Lambda": 0.9338290145122397, "Kappa": 0.2891957304440278, "tanBeta": 9.848412493495402, "mBottom": 9.651444243625495, "ChiSquared": null, "LogL": null, "testCalc": 8.54587759492814, "extTest": {"res1": 1174.2695634581028, "res2": 1378909.0076640833}},"Point T6-274-26072019141939": {"Lambda": 0.9308077531108476, "Kappa": 0.29032605219389346, "tanBeta": 9.613580638091486, "mBottom": 9.421309025329656, "ChiSquared": null, "LogL": null, "testCalc": 8.368130500020845, "extTest": {"res1": 441.1729427181096, "res2": 194633.5653865564}},"Point T6-117-26072019141940": {"Lambda": 0.9320869214317472, "Kappa": 0.29020740953529045, "tanBeta": 9.599636601558124, "mBottom": 9.407643869526963, "ChiSquared": null, "LogL": null, "testCalc": 8.358493634485935, "extTest": {"res1": 45.18339001355582, "res2": 2041.538733117096}},"Point T6-156-26072019141940": {"Lambda": 0.9332464236231425, "Kappa": 0.28798912477455446, "tanBeta": 9.577284780205563, "mBottom": 9.385739084601452, "ChiSquared": null, "LogL": null, "testCalc": 8.321972291074173, "extTest": {"res1": 89.84433782144572, "res2": 8072.0050385740615}},"Point T6-946-26072019141941": {"Lambda": 0.9309880228584257, "Kappa": 0.2881686761666183, "tanBeta": 9.567760900356417, "mBottom": 9.376405682349288, "ChiSquared": null, "LogL": null, "testCalc": 8.312070532414925, "extTest": {"res1": 138.67730192968796, "res2": 19231.394070497834}},"Point T6-737-26072019141941": {"Lambda": 0.9341367287295096, "Kappa": 0.29488533133557543, "tanBeta": 9.426167439182533, "mBottom": 9.237644090398883, "ChiSquared": null, "LogL": null, "testCalc": 8.271071981688864, "extTest": {"res1": -53.46940468704983, "res2": 2858.9772375875064}},"Point T6-968-26072019141942": {"Lambda": 0.9341535059445537, "Kappa": 0.2948814125459564, "tanBeta": 9.426105577674583, "mBottom": 9.237583466121091, "ChiSquared": null, "LogL": null, "testCalc": 8.271017833281046, "extTest": {"res1": 94.04400663343357, "res2": 8844.275183669297}},"Point T6-428-26072019141943": {"Lambda": 0.9369353165018064, "Kappa": 0.2936269277201654, "tanBeta": 9.402289656493256, "mBottom": 9.214243863363391, "ChiSquared": null, "LogL": null, "testCalc": 8.245735144361241, "extTest": {"res1": -560.6841908779631, "res2": 314366.76190047624}}}