{"Point T5-274-26072019141923": {"Lambda": 0.45413916566700135, "Kappa": 0.6504768410732319, "tanBeta": 10.184979925156892, "mBottom": 9.981280326653753, "ChiSquared": null, "LogL": null, "testCalc": 11.821976113229933, "extTest": {"res1": 66.97485681402112, "res2": 4485.631445258632}},"Point T5-501-26072019141925": {"Lambda": 0.4548448450454198, "Kappa": 0.6507488479403732, "tanBeta": 10.170510423152455, "mBottom": 9.967100214689406, "ChiSquared": null, "LogL": null, "testCalc": 11.808881881241113, "extTest": {"res1": -94.05221129802813, "res2": 8845.81845004893}},"Point T5-253-26072019141925": {"Lambda": 0.45864982189006076, "Kappa": 0.6540855339857645, "tanBeta": 10.14700758643754, "mBottom": 9.94406743470879, "ChiSquared": null, "LogL": null, "testCalc": 11.81940425200678, "extTest": {"res1": -878.412669639341, "res2": 771608.8181829139}},"Point T5-726-26072019141925": {"Lambda": 0.4584556937935784, "Kappa": 0.6541241603495325, "tanBeta": 10.143024390785977, "mBottom": 9.940163902970257, "ChiSquared": null, "LogL": null, "testCalc": 11.815060887684584, "extTest": {"res1": -132.53859304022646, "res2": 17566.478645082767}},"Point T5-665-26072019141925": {"Lambda": 0.4579205171761591, "Kappa": 0.6546688614420078, "tanBeta": 10.122417990024104, "mBottom": 9.91996963022362, "ChiSquared": null, "LogL": null, "testCalc": 11.79650787573187, "extTest": {"res1": 175.8551150750798, "res2": 30925.021498069556}},"Point T5-206-26072019141926": {"Lambda": 0.45784411463388963, "Kappa": 0.6548602493031964, "tanBeta": 10.122010040156976, "mBottom": 9.919569839353835, "ChiSquared": null, "LogL": null, "testCalc": 11.797908171328462, "extTest": {"res1": 2141.883702630303, "res2": 4587665.795593297}},"Point T5-769-26072019141926": {"Lambda": 0.45792259032300037, "Kappa": 0.6550781178138456, "tanBeta": 10.12068816182466, "mBottom": 9.918274398588167, "ChiSquared": null, "LogL": null, "testCalc": 11.798671650051176, "extTest": {"res1": -302.81063136502075, "res2": 91694.2784676825}},"Point T5-658-26072019141927": {"Lambda": 0.4583374033201019, "Kappa": 0.6566867855007568, "tanBeta": 10.100678884238881, "mBottom": 9.898665306554104, "ChiSquared": null, "LogL": null, "testCalc": 11.792388176425469, "extTest": {"res1": -225.88945322662062, "res2": 51026.04507902162}},"Point T5-158-26072019141927": {"Lambda": 0.45744399798443286, "Kappa": 0.656387012565003, "tanBeta": 10.083923983785992, "mBottom": 9.882245504110271, "ChiSquared": null, "LogL": null, "testCalc": 11.769334501996989, "extTest": {"res1": 700.6666922193484, "res2": 490933.81358560314}},"Point T5-312-26072019141928": {"Lambda": 0.45609089576868084, "Kappa": 0.6603815518437881, "tanBeta": 9.981934163443723, "mBottom": 9.782295480174849, "ChiSquared": null, "LogL": null, "testCalc": 11.691051818547994, "extTest": {"res1": 143.18833921730712, "res2": 20502.90048781061}},"Point T5-783-26072019141929": {"Lambda": 0.4562471544844161, "Kappa": 0.6622127006609444, "tanBeta": 9.968317571722823, "mBottom": 9.768951220288367, "ChiSquared": null, "LogL": null, "testCalc": 11.693783576335829, "extTest": {"res1": -673.8382588859386, "res2": 454057.99913843314}},"Point T5-953-26072019141929": {"Lambda": 0.45604198335180035, "Kappa": 0.6631504746041814, "tanBeta": 9.96676654471088, "mBottom": 9.767431213816662, "ChiSquared": null, "LogL": null, "testCalc": 11.701155861881873, "extTest": {"res1": -360.57907852702544, "res2": 130017.27187139879}},"Point T5-335-26072019141931": {"Lambda": 0.4570478122069905, "Kappa": 0.6624632930256409, "tanBeta": 9.96103523379812, "mBottom": 9.761814529122157, "ChiSquared": null, "LogL": null, "testCalc": 11.688620170130612, "extTest": {"res1": -382.3126027230925, "res2": 146162.92620090515}},"Point T5-458-26072019141931": {"Lambda": 0.4576664633928269, "Kappa": 0.6626357554201199, "tanBeta": 9.957836859662876, "mBottom": 9.758680122469618, "ChiSquared": null, "LogL": null, "testCalc": 11.687217402802332, "extTest": {"res1": 1072.8175355072067, "res2": 1150937.4644917566}},"Point T5-734-26072019141932": {"Lambda": 0.4581113166830296, "Kappa": 0.6618339413430181, "tanBeta": 9.950311840478125, "mBottom": 9.751305603668563, "ChiSquared": null, "LogL": null, "testCalc": 11.670972883283078, "extTest": {"res1": 41.85145512064115, "res2": 1751.54429571504}},"Point T5-393-26072019141932": {"Lambda": 0.45294946075110276, "Kappa": 0.6561271216370581, "tanBeta": 9.893550125476683, "mBottom": 9.69567912296715, "ChiSquared": null, "LogL": null, "testCalc": 11.544429342079262, "extTest": {"res1": -64.58307869057322, "res2": 4170.974053152772}},"Point T5-560-26072019141932": {"Lambda": 0.4525447420535241, "Kappa": 0.6512062655996969, "tanBeta": 9.875084684829163, "mBottom": 9.67758299113258, "ChiSquared": null, "LogL": null, "testCalc": 11.47430525921494, "extTest": {"res1": 126.99192982411289, "res2": 16126.950240452412}},"Point T5-996-26072019141932": {"Lambda": 0.45322533615321625, "Kappa": 0.6519536504547427, "tanBeta": 9.874719671977562, "mBottom": 9.67722527853801, "ChiSquared": null, "LogL": null, "testCalc": 11.481885381963233, "extTest": {"res1": -152.86130932235608, "res2": 23366.579887745025}},"Point T5-835-26072019141933": {"Lambda": 0.44955609748350545, "Kappa": 0.6468337797418732, "tanBeta": 9.840720629043595, "mBottom": 9.643906216462723, "ChiSquared": null, "LogL": null, "testCalc": 11.389364312884053, "extTest": {"res1": -102.81560805550619, "res2": 10571.049259823469}},"Point T5-525-26072019141934": {"Lambda": 0.4476074938759089, "Kappa": 0.64512893714437, "tanBeta": 9.839045560662766, "mBottom": 9.64226464944951, "ChiSquared": null, "LogL": null, "testCalc": 11.36893779836403, "extTest": {"res1": 1172.3117128119577, "res2": 1374314.751996106}},"Point T5-34-26072019141934": {"Lambda": 0.44615932807338515, "Kappa": 0.6476504241248396, "tanBeta": 9.604437056404832, "mBottom": 9.412348315276734, "ChiSquared": null, "LogL": null, "testCalc": 11.125550036726178, "extTest": {"res1": 440.3307608103609, "res2": 193891.1789158313}},"Point T5-85-26072019141934": {"Lambda": 0.44677246529386694, "Kappa": 0.6473857597325714, "tanBeta": 9.59050628219712, "mBottom": 9.398696156553179, "ChiSquared": null, "LogL": null, "testCalc": 11.107710909741531, "extTest": {"res1": 53.76214795230566, "res2": 2890.3685524456037}},"Point T5-764-26072019141935": {"Lambda": 0.4473282435594471, "Kappa": 0.6424372783432373, "tanBeta": 9.568175719906304, "mBottom": 9.376812205508177, "ChiSquared": null, "LogL": null, "testCalc": 11.035461428446519, "extTest": {"res1": 80.16917213399938, "res2": 6427.096160650823}},"Point T5-926-26072019141935": {"Lambda": 0.4462457358511272, "Kappa": 0.6428378160639949, "tanBeta": 9.558660898323442, "mBottom": 9.367487680356973, "ChiSquared": null, "LogL": null, "testCalc": 11.027547793318345, "extTest": {"res1": 139.4047249861269, "res2": 19433.677348457673}},"Point T5-86-26072019141935": {"Lambda": 0.4477549889606425, "Kappa": 0.6578211237485916, "tanBeta": 9.41720210823906, "mBottom": 9.22885806607428, "ChiSquared": null, "LogL": null, "testCalc": 11.009748036585709, "extTest": {"res1": -52.07589579386486, "res2": 2711.898922733472}},"Point T5-753-26072019141936": {"Lambda": 0.44776303069747375, "Kappa": 0.6578123818332876, "tanBeta": 9.417140305568267, "mBottom": 9.228797499456903, "ChiSquared": null, "LogL": null, "testCalc": 11.009601975851954, "extTest": {"res1": 92.95469686849424, "res2": 8640.575669913653}},"Point T5-614-26072019141937": {"Lambda": 0.44909642174938896, "Kappa": 0.6550139156834461, "tanBeta": 9.393347035970045, "mBottom": 9.205480095250644, "ChiSquared": null, "LogL": null, "testCalc": 10.95720066705766, "extTest": {"res1": -561.2265483717393, "res2": 314975.2385972563}},"Point T5-411-26072019141937": {"Lambda": 0.4475257855932449, "Kappa": 0.654748982692748, "tanBeta": 9.386617564910742, "mBottom": 9.198885213612526, "ChiSquared": null, "LogL": null, "testCalc": 10.9456002371283, "extTest": {"res1": 441.2306404351104, "res2": 194684.47805877766}},