{"Point T4-690-26072019141923": {"Lambda": 0.2243711326853913, "Kappa": 0.29687663336644976, "tanBeta": 10.1645877738478, "mBottom": 9.961296018370843, "ChiSquared": null, "LogL": null, "testCalc": 8.048619012225657, "extTest": {"res1": 67.72222957937815, "res2": 4586.300379202001}},"Point T4-383-26072019141925": {"Lambda": 0.224719779297308, "Kappa": 0.2970007768837443, "tanBeta": 10.150147242374125, "mBottom": 9.947144297526641, "ChiSquared": null, "LogL": null, "testCalc": 8.038672744440262, "extTest": {"res1": -95.0059287213314, "res2": 9026.126492202702}},"Point T4-428-26072019141925": {"Lambda": 0.22659965892235617, "Kappa": 0.2985236352811658, "tanBeta": 10.126691462541599, "mBottom": 9.924157633290767, "ChiSquared": null, "LogL": null, "testCalc": 8.036482970837776, "extTest": {"res1": -875.2816486808221, "res2": 766117.9645174181}},"Point T4-897-26072019141925": {"Lambda": 0.22650374836412493, "Kappa": 0.29854126429439204, "tanBeta": 10.122716241960092, "mBottom": 9.92026191712089, "ChiSquared": null, "LogL": null, "testCalc": 8.033483411551586, "extTest": {"res1": -131.03661474970787, "res2": 17170.594405063355}},"Point T4-390-26072019141926": {"Lambda": 0.22623934002211207, "Kappa": 0.2987898650382068, "tanBeta": 10.102151098897828, "mBottom": 9.90010807691987, "ChiSquared": null, "LogL": null, "testCalc": 8.019658640868832, "extTest": {"res1": 174.4500752444478, "res2": 30432.828752793495}},"Point T4-62-26072019141926": {"Lambda": 0.22620159272735085, "Kappa": 0.2988772141647386, "tanBeta": 10.101743965819292, "mBottom": 9.899709086502906, "ChiSquared": null, "LogL": null, "testCalc": 8.020202798513372, "extTest": {"res1": 2133.793317952749, "res2": 4553073.923739801}},"Point T4-965-26072019141927": {"Lambda": 0.22624036427709857, "Kappa": 0.2989766490191008, "tanBeta": 10.100424734123804, "mBottom": 9.898416239441328, "ChiSquared": null, "LogL": null, "testCalc": 8.020183962826875, "extTest": {"res1": -297.9334118607235, "res2": 88764.31790297148}},"Point T4-272-26072019141927": {"Lambda": 0.22644530599771764, "Kappa": 0.299710842486016, "tanBeta": 10.080455518690245, "mBottom": 9.87884640831644, "ChiSquared": null, "LogL": null, "testCalc": 8.011922496916082, "extTest": {"res1": -226.3758303989294, "res2": 51246.01658880484}},"Point T4-306-26072019141927": {"Lambda": 0.22600391185630544, "Kappa": 0.29957402657756005, "tanBeta": 10.063734164544538, "mBottom": 9.862459481253648, "ChiSquared": null, "LogL": null, "testCalc": 7.997140874879941, "extTest": {"res1": 698.0002006690868, "res2": 487204.2801340854}},"Point T4-91-26072019141928": {"Lambda": 0.22533540074839098, "Kappa": 0.3013971281824983, "tanBeta": 9.961948546062626, "mBottom": 9.762709575141374, "ChiSquared": null, "LogL": null, "testCalc": 7.934633513286215, "extTest": {"res1": 142.04190492977693, "res2": 20175.902756079788}},"Point T4-538-26072019141929": {"Lambda": 0.2254126016323755, "Kappa": 0.3022328616962901, "tanBeta": 9.948359217193564, "mBottom": 9.749392032849693, "ChiSquared": null, "LogL": null, "testCalc": 7.932227932794598, "extTest": {"res1": -671.8883945938553, "res2": 451434.0147899082}},"Point T4-484-26072019141930": {"Lambda": 0.22531123517270948, "Kappa": 0.302660860286782, "tanBeta": 9.946811295615088, "mBottom": 9.747875069702786, "ChiSquared": null, "LogL": null, "testCalc": 7.935213151387589, "extTest": {"res1": -358.82033428411063, "res2": 128752.0322957609}},"Point T4-927-26072019141931": {"Lambda": 0.22580817306441323, "Kappa": 0.30234723166748795, "tanBeta": 9.941091459811771, "mBottom": 9.742269630615535, "ChiSquared": null, "LogL": null, "testCalc": 7.927785628957851, "extTest": {"res1": -380.9426617301432, "res2": 145117.3115260463}},"Point T4-847-26072019141932": {"Lambda": 0.22611382269297897, "Kappa": 0.302425943240018, "tanBeta": 9.93789948939355, "mBottom": 9.739141499605678, "ChiSquared": null, "LogL": null, "testCalc": 7.926176837520008, "extTest": {"res1": 1067.1812510402003, "res2": 1138875.822571727}},"Point T4-387-26072019141933": {"Lambda": 0.2263336060636887, "Kappa": 0.30205999652406257, "tanBeta": 9.930389536642993, "mBottom": 9.731781745910133, "ChiSquared": null, "LogL": null, "testCalc": 7.9166912031098295, "extTest": {"res1": 41.88676574882041, "res2": 1754.5011448965545}},"Point T4-602-26072019141933": {"Lambda": 0.22378334933675742, "Kappa": 0.2994554127563463, "tanBeta": 9.873741468746344, "mBottom": 9.676266639371416, "ChiSquared": null, "LogL": null, "testCalc": 7.844957634098975, "extTest": {"res1": -62.834163266530425, "res2": 3948.1320734050014}},"Point T4-736-26072019141934": {"Lambda": 0.22358339478656725, "Kappa": 0.2972095416024364, "tanBeta": 9.855312999213393, "mBottom": 9.658206739229124, "ChiSquared": null, "LogL": null, "testCalc": 7.808185962883593, "extTest": {"res1": 128.7828440643373, "res2": 16585.020925299417}},"Point T4-432-26072019141934": {"Lambda": 0.22391964781337378, "Kappa": 0.29755064690486194, "tanBeta": 9.854948717182799, "mBottom": 9.657849742839142, "ChiSquared": null, "LogL": null, "testCalc": 7.811411246108417, "extTest": {"res1": -152.73263547858127, "res2": 23327.257940233183}},"Point T4-751-26072019141935": {"Lambda": 0.22210683073293788, "Kappa": 0.2952139457580534, "tanBeta": 9.821017746413231, "mBottom": 9.624597391484967, "ChiSquared": null, "LogL": null, "testCalc": 7.760931540279229, "extTest": {"res1": -105.20027433439815, "res2": 11067.097720032629}},"Point T4-873-26072019141935": {"Lambda": 0.2211441073396601, "Kappa": 0.29443585820933854, "tanBeta": 9.819346031818874, "mBottom": 9.622959111182496, "ChiSquared": null, "LogL": null, "testCalc": 7.751551847735357, "extTest": {"res1": 1168.9070832541233, "res2": 1366343.769281662}},"Point T4-44-26072019141935": {"Lambda": 0.2204286292968199, "Kappa": 0.295586661002877, "tanBeta": 9.585207255744244, "mBottom": 9.393503110629359, "ChiSquared": null, "LogL": null, "testCalc": 7.578599743674345, "extTest": {"res1": 439.03099324636696, "res2": 192748.21303089152}},"Point T4-691-26072019141936": {"Lambda": 0.22073155470614683, "Kappa": 0.2954658685798617, "tanBeta": 9.571304373437899, "mBottom": 9.379878285969141, "ChiSquared": null, "LogL": null, "testCalc": 7.566655322367621, "extTest": {"res1": 55.262414625567374, "res2": 3053.9344702481226}},"Point T4-926-26072019141936": {"Lambda": 0.22100614145927788, "Kappa": 0.2932073892576491, "tanBeta": 9.549018520926424, "mBottom": 9.358038150507895, "ChiSquared": null, "LogL": null, "testCalc": 7.527705580310441, "extTest": {"res1": 77.46840825340809, "res2": 6001.354277316706}},"Point T4-807-26072019141937": {"Lambda": 0.22047131975919465, "Kappa": 0.293390194059552, "tanBeta": 9.539522749718019, "mBottom": 9.348732294723659, "ChiSquared": null, "LogL": null, "testCalc": 7.521776180973472, "extTest": {"res1": 136.84763954572688, "res2": 18727.27644923719}},"Point T4-633-26072019141937": {"Lambda": 0.22121697848077515, "Kappa": 0.30022855272387833, "tanBeta": 9.398347185430113, "mBottom": 9.210380241721511, "ChiSquared": null, "LogL": null, "testCalc": 7.4757792459071375, "extTest": {"res1": -52.0060923371732, "res2": 2704.633640182585}},"Point T4-345-26072019141938": {"Lambda": 0.22122095156598337, "Kappa": 0.3002245629271311, "tanBeta": 9.39828550649932, "mBottom": 9.210319796369333, "ChiSquared": null, "LogL": null, "testCalc": 7.475694766049576, "extTest": {"res1": 91.91332739549496, "res2": 8448.059752911444}},"Point T4-842-26072019141939": {"Lambda": 0.22187972421377158, "Kappa": 0.29894734726518046, "tanBeta": 9.374539875282062, "mBottom": 9.187049077776422, "ChiSquared": null, "LogL": null, "testCalc": 7.445248978452619, "extTest": {"res1": -558.9499276650712, "res2": 312425.0216367883}},"Point T4-89-26072019141939": {"Lambda": 0.2211037387008879, "Kappa": 0.29882643225425337, "tanBeta": 9.36782387782733, "mBottom": 9.180467400270784, "ChiSquared": null, "LogL": null, "testCalc": 7.4384739508002475, "extTest": {"res1": 440.0326334153428, "res2": 193628.71847044144}},