{"Point T3-316-26072019141923": {"Lambda": 0.033280885160015726, "Kappa": 0.4265732418317792, "tanBeta": 10.075522054159563, "mBottom": 9.874011613076371, "ChiSquared": null, "LogL": null, "testCalc": 9.236061529645653, "extTest": {"res1": 65.33365275387847, "res2": 4268.486182164372}},"Point T3-978-26072019141925": {"Lambda": 0.03333259977995704, "Kappa": 0.4267516199749973, "tanBeta": 10.06120805573937, "mBottom": 9.859983894624582, "ChiSquared": null, "LogL": null, "testCalc": 9.22473984621265, "extTest": {"res1": -92.91470622537514, "res2": 8633.142632947765}},"Point T3-433-26072019141926": {"Lambda": 0.033611441612982004, "Kappa": 0.4289397701034615, "tanBeta": 10.037957803760813, "mBottom": 9.837198647685597, "ChiSquared": null, "LogL": null, "testCalc": 9.225408365503512, "extTest": {"res1": -860.012001818496, "res2": 739620.6432718567}},"Point T3-384-26072019141926": {"Lambda": 0.033597215236193134, "Kappa": 0.42896510071044436, "tanBeta": 10.03401741547058, "mBottom": 9.833337067161168, "ChiSquared": null, "LogL": null, "testCalc": 9.222040597609901, "extTest": {"res1": -129.1746448687601, "res2": 16686.088876970294}},"Point T3-537-26072019141926": {"Lambda": 0.03355799564693243, "Kappa": 0.42932230775637564, "tanBeta": 10.013632471478665, "mBottom": 9.813359822049092, "ChiSquared": null, "LogL": null, "testCalc": 9.206881851775787, "extTest": {"res1": 171.55259471828947, "res2": 29430.29275457768}},"Point T3-525-26072019141927": {"Lambda": 0.033552396604992346, "Kappa": 0.42944781712925323, "tanBeta": 10.013228905844423, "mBottom": 9.812964327727535, "ChiSquared": null, "LogL": null, "testCalc": 9.207767223212134, "extTest": {"res1": 2096.49415952292, "res2": 4395287.760913716}},"Point T3-513-26072019141927": {"Lambda": 0.033558147574286774, "Kappa": 0.429590692126505, "tanBeta": 10.011921233724493, "mBottom": 9.811682809050003, "ChiSquared": null, "LogL": null, "testCalc": 9.207995726105377, "extTest": {"res1": -291.7960627574903, "res2": 85144.9422407732}},"Point T3-386-26072019141928": {"Lambda": 0.03358854650211134, "Kappa": 0.430645632974366, "tanBeta": 9.992126995632246, "mBottom": 9.792284455719601, "ChiSquared": null, "LogL": null, "testCalc": 9.200336273110224, "extTest": {"res1": -222.15112248933008, "res2": 49351.121223269336}},"Point T3-638-26072019141928": {"Lambda": 0.03352307467623595, "Kappa": 0.43044904624760877, "tanBeta": 9.975552159916433, "mBottom": 9.776041116718103, "ChiSquared": null, "LogL": null, "testCalc": 9.183111267924101, "extTest": {"res1": 685.7543038523883, "res2": 470258.96525207366}},"Point T3-943-26072019141929": {"Lambda": 0.03342391467671011, "Kappa": 0.4330686069485929, "tanBeta": 9.87465842308931, "mBottom": 9.677165254627523, "ChiSquared": null, "LogL": null, "testCalc": 9.116104352766554, "extTest": {"res1": 139.8287976507545, "res2": 19552.092652455645}},"Point T3-172-26072019141930": {"Lambda": 0.0334353658546018, "Kappa": 0.43426944768247977, "tanBeta": 9.8611881687349, "mBottom": 9.663964405360202, "ChiSquared": null, "LogL": null, "testCalc": 9.115512865899442, "extTest": {"res1": -660.1761925427445, "res2": 435832.60520023486}},"Point T3-740-26072019141930": {"Lambda": 0.033420330206018825, "Kappa": 0.43488442618104084, "tanBeta": 9.85965381059377, "mBottom": 9.662460734381893, "ChiSquared": null, "LogL": null, "testCalc": 9.12015717542581, "extTest": {"res1": -352.7662228897831, "res2": 124444.00801192412}},"Point T3-348-26072019141933": {"Lambda": 0.03349404081534504, "Kappa": 0.4344337825067765, "tanBeta": 9.853984094018468, "mBottom": 9.656904412138099, "ChiSquared": null, "LogL": null, "testCalc": 9.110477639565243, "extTest": {"res1": -374.13990046514004, "res2": 139980.6651200649}},"Point T3-592-26072019141933": {"Lambda": 0.03353937770902539, "Kappa": 0.43454688083412907, "tanBeta": 9.85082009277606, "mBottom": 9.653803690920538, "ChiSquared": null, "LogL": null, "testCalc": 9.10866988029138, "extTest": {"res1": 1048.872212258703, "res2": 1100132.9176484658}},"Point T3-493-26072019141934": {"Lambda": 0.03357197809318857, "Kappa": 0.4340210628362871, "tanBeta": 9.843375944892502, "mBottom": 9.646508425994652, "ChiSquared": null, "LogL": null, "testCalc": 9.0966137802098, "extTest": {"res1": 41.357286365016996, "res2": 1710.4251354780208}},"Point T3-872-26072019141935": {"Lambda": 0.03319369947845889, "Kappa": 0.43027861356091507, "tanBeta": 9.787224247438846, "mBottom": 9.591479762490069, "ChiSquared": null, "LogL": null, "testCalc": 9.008074982727859, "extTest": {"res1": -62.3884384379402, "res2": 3892.3172507246545}},"Point T3-369-26072019141935": {"Lambda": 0.0331640402957358, "Kappa": 0.4270515878162608, "tanBeta": 9.768957254685693, "mBottom": 9.57357810959198, "ChiSquared": null, "LogL": null, "testCalc": 8.959737615287432, "extTest": {"res1": 125.81832027460256, "res2": 15830.249716722465}},"Point T3-26-26072019141935": {"Lambda": 0.03321391657989018, "Kappa": 0.42754171192273455, "tanBeta": 9.768596164623327, "mBottom": 9.57322424133086, "ChiSquared": null, "LogL": null, "testCalc": 8.964197612224922, "extTest": {"res1": -150.02938148422425, "res2": 22508.815308538888}},"Point T3-726-26072019141936": {"Lambda": 0.032945022108716394, "Kappa": 0.4241841752514136, "tanBeta": 9.734962509042388, "mBottom": 9.54026325886154, "ChiSquared": null, "LogL": null, "testCalc": 8.900634046914092, "extTest": {"res1": -102.50094051317745, "res2": 10506.442806085943}},"Point T3-287-26072019141936": {"Lambda": 0.03280222171229702, "Kappa": 0.42306616429743416, "tanBeta": 9.733305442603644, "mBottom": 9.53863933375157, "ChiSquared": null, "LogL": null, "testCalc": 8.88822785216271, "extTest": {"res1": 1148.31722485791, "res2": 1318632.448905372}},"Point T3-735-26072019141936": {"Lambda": 0.03269609512509622, "Kappa": 0.4247197187479214, "tanBeta": 9.501218273447266, "mBottom": 9.311193907978321, "ChiSquared": null, "LogL": null, "testCalc": 8.692020741486724, "extTest": {"res1": 431.28962436353726, "res2": 186010.74008364108}},"Point T3-590-26072019141937": {"Lambda": 0.03274102793636832, "Kappa": 0.42454615569282317, "tanBeta": 9.487437213121892, "mBottom": 9.297688468859453, "ChiSquared": null, "LogL": null, "testCalc": 8.677771205547987, "extTest": {"res1": 54.94642761518223, "res2": 3019.1099076704604}},"Point T3-637-26072019141937": {"Lambda": 0.03278175728549645, "Kappa": 0.42130101364455336, "tanBeta": 9.465346637146657, "mBottom": 9.276039704403724, "ChiSquared": null, "LogL": null, "testCalc": 8.626854628539538, "extTest": {"res1": 75.49295545287708, "res2": 5699.1863230100835}},"Point T3-506-26072019141937": {"Lambda": 0.032702427385216844, "Kappa": 0.42156368045024256, "tanBeta": 9.455934071250212, "mBottom": 9.266815389825208, "ChiSquared": null, "LogL": null, "testCalc": 8.620755512840574, "extTest": {"res1": 134.9184009163468, "res2": 18202.97490582409}},"Point T3-514-26072019141938": {"Lambda": 0.03281303066106821, "Kappa": 0.43138951548202636, "tanBeta": 9.31599553727927, "mBottom": 9.129675626533686, "ChiSquared": null, "LogL": null, "testCalc": 8.584737309307632, "extTest": {"res1": -50.933034946876994, "res2": 2594.174048899793}},"Point T3-731-26072019141939": {"Lambda": 0.03281361998729286, "Kappa": 0.43138378266124694, "tanBeta": 9.315934398801124, "mBottom": 9.129615710825101, "ChiSquared": null, "LogL": null, "testCalc": 8.58462760904808, "extTest": {"res1": 90.32715446889401, "res2": 8158.994834447439}},"Point T3-65-26072019141940": {"Lambda": 0.032911335484715344, "Kappa": 0.4295485893041325, "tanBeta": 9.292396835218371, "mBottom": 9.106548898514003, "ChiSquared": null, "LogL": null, "testCalc": 8.545893557082625, "extTest": {"res1": -549.3789892282152, "res2": 301817.27380541543}},"Point T3-622-26072019141940": {"Lambda": 0.03279623384739229, "Kappa": 0.42937485010609455, "tanBeta": 9.285739685713013, "mBottom": 9.100024891998753, "ChiSquared": null, "LogL": null, "testCalc": 8.538151124631188, "extTest": {"res1": 432.12768681549244, "res2": 186734.3377125083}},