{"Point T2-923-26072019141923": {"Lambda": 0.8900887784837839, "Kappa": 0.4625613092076316, "tanBeta": 10.057429017949044, "mBottom": 9.856280437590064, "ChiSquared": null, "LogL": null, "testCalc": 10.37257578618312, "extTest": {"res1": 72.66868525689922, "res2": 5280.7378169662825}},"Point T2-323-26072019141925": {"Lambda": 0.8914718727936859, "Kappa": 0.46275473631315434, "tanBeta": 10.04314072377428, "mBottom": 9.842277909298796, "ChiSquared": null, "LogL": null, "testCalc": 10.363371992017749, "extTest": {"res1": -92.89465962697385, "res2": 8629.417787211325}},"Point T2-192-26072019141926": {"Lambda": 0.8989294264420953, "Kappa": 0.4651274908343214, "tanBeta": 10.019932223245295, "mBottom": 9.819533578780389, "ChiSquared": null, "LogL": null, "testCalc": 10.378386836441756, "extTest": {"res1": -855.953177200532, "res2": 732655.8415596853}},"Point T2-333-26072019141926": {"Lambda": 0.8985489456262344, "Kappa": 0.4651549584707786, "tanBeta": 10.01599891087506, "mBottom": 9.815678932657558, "ChiSquared": null, "LogL": null, "testCalc": 10.37422123144625, "extTest": {"res1": -127.58219233482558, "res2": 16277.215800960426}},"Point T2-29-26072019141926": {"Lambda": 0.8975000277224632, "Kappa": 0.4655423014698721, "tanBeta": 9.995650572979368, "mBottom": 9.79573756151978, "ChiSquared": null, "LogL": null, "testCalc": 10.356773252955172, "extTest": {"res1": 171.46121297268297, "res2": 29398.947554063747}},"Point T2-522-26072019141927": {"Lambda": 0.8973502827749605, "Kappa": 0.46567839950449513, "tanBeta": 9.995247732044808, "mBottom": 9.795342777403912, "ChiSquared": null, "LogL": null, "testCalc": 10.35747988520782, "extTest": {"res1": 2088.3567097436285, "res2": 4361233.747131234}},"Point T2-192-26072019141927": {"Lambda": 0.8975040909807749, "Kappa": 0.465833328223179, "tanBeta": 9.993942408166378, "mBottom": 9.79406356000305, "ChiSquared": null, "LogL": null, "testCalc": 10.358056827395668, "extTest": {"res1": -307.7435904549472, "res2": 94706.11746610227}},"Point T2-293-26072019141928": {"Lambda": 0.8983171025459568, "Kappa": 0.46697726968942693, "tanBeta": 9.974183715415071, "mBottom": 9.774700041106769, "ChiSquared": null, "LogL": null, "testCalc": 10.352040716085222, "extTest": {"res1": -220.1900906950517, "res2": 48483.6760402951}},"Point T2-769-26072019141928": {"Lambda": 0.8965660752749469, "Kappa": 0.46676409782400197, "tanBeta": 9.957638643824748, "mBottom": 9.758485870948252, "ChiSquared": null, "LogL": null, "testCalc": 10.330941880850325, "extTest": {"res1": 683.5162860449535, "res2": 467194.5132886867}},"Point T2-494-26072019141928": {"Lambda": 0.8939140663987393, "Kappa": 0.46960465908891585, "tanBeta": 9.856926086099216, "mBottom": 9.659787564377233, "ChiSquared": null, "LogL": null, "testCalc": 10.257834554621411, "extTest": {"res1": 138.53729501269444, "res2": 19192.582109434334}},"Point T2-268-26072019141929": {"Lambda": 0.8942203252284792, "Kappa": 0.4709068093588937, "tanBeta": 9.843480020843742, "mBottom": 9.646610420426867, "ChiSquared": null, "LogL": null, "testCalc": 10.258296969868704, "extTest": {"res1": -655.8578148415999, "res2": 430149.4732887983}},"Point T2-131-26072019141930": {"Lambda": 0.8938182006450558, "Kappa": 0.47157367082963997, "tanBeta": 9.841948418013677, "mBottom": 9.645109449653404, "ChiSquared": null, "LogL": null, "testCalc": 10.262669444229745, "extTest": {"res1": -350.5602351271968, "res2": 122892.4784524355}},"Point T2-560-26072019141932": {"Lambda": 0.8957895720764649, "Kappa": 0.4710850083737889, "tanBeta": 9.836288882785482, "mBottom": 9.639563105129772, "ChiSquared": null, "LogL": null, "testCalc": 10.255948740719827, "extTest": {"res1": -373.70625827999817, "res2": 139656.3674776367}},"Point T2-735-26072019141933": {"Lambda": 0.8970020957254656, "Kappa": 0.4712076482987518, "tanBeta": 9.833130563272391, "mBottom": 9.636467952006942, "ChiSquared": null, "LogL": null, "testCalc": 10.256293063873512, "extTest": {"res1": 1045.856918485266, "res2": 1093816.6939434966}},"Point T2-805-26072019141934": {"Lambda": 0.8978739846784906, "Kappa": 0.47063746939947937, "tanBeta": 9.825699783156429, "mBottom": 9.6291857874933, "ChiSquared": null, "LogL": null, "testCalc": 10.245113067132834, "extTest": {"res1": 39.018626761043365, "res2": 1522.4532343176095}},"Point T2-293-26072019141935": {"Lambda": 0.8877570196851498, "Kappa": 0.4665792864974634, "tanBeta": 9.769648919653594, "mBottom": 9.574255941260523, "ChiSquared": null, "LogL": null, "testCalc": 10.13355631889321, "extTest": {"res1": -60.4353272367754, "res2": 3652.4287782161264}},"Point T2-590-26072019141936": {"Lambda": 0.8869637924138831, "Kappa": 0.4630800110931176, "tanBeta": 9.751414729703072, "mBottom": 9.55638643510901, "ChiSquared": null, "LogL": null, "testCalc": 10.080583227812212, "extTest": {"res1": 125.64141123966294, "res2": 15785.764218294102}},"Point T2-782-26072019141936": {"Lambda": 0.8882977209024083, "Kappa": 0.46361148476781683, "tanBeta": 9.751054288065228, "mBottom": 9.556033202303924, "ChiSquared": null, "LogL": null, "testCalc": 10.087790198653883, "extTest": {"res1": -148.60887240045994, "res2": 22084.596956136185}},"Point T2-737-26072019141937": {"Lambda": 0.8811062069075922, "Kappa": 0.4599706878164429, "tanBeta": 9.71748102984584, "mBottom": 9.523131409248924, "ChiSquared": null, "LogL": null, "testCalc": 10.007670285616975, "extTest": {"res1": -102.39295247187535, "res2": 10484.316715907724}},"Point T2-792-26072019141937": {"Lambda": 0.8772870467559077, "Kappa": 0.4587583553026629, "tanBeta": 9.715826939070583, "mBottom": 9.521510400289172, "ChiSquared": null, "LogL": null, "testCalc": 9.987604549523613, "extTest": {"res1": 1142.6245168743858, "res2": 1305590.7865624235}},"Point T2-457-26072019141938": {"Lambda": 0.8744487182705916, "Kappa": 0.4605514127109968, "tanBeta": 9.48415653854743, "mBottom": 9.294473407776481, "ChiSquared": null, "LogL": null, "testCalc": 9.779838956973578, "extTest": {"res1": 429.270672425013, "res2": 184273.31020422283}},"Point T2-464-26072019141938": {"Lambda": 0.8756504348387277, "Kappa": 0.46036320692093935, "tanBeta": 9.470400225448268, "mBottom": 9.280992220939302, "ChiSquared": null, "LogL": null, "testCalc": 9.767083613115055, "extTest": {"res1": 45.04959918359529, "res2": 2029.4663866025894}},"Point T2-15-26072019141939": {"Lambda": 0.8767397308847791, "Kappa": 0.45684428682185735, "tanBeta": 9.44834931844392, "mBottom": 9.259382332075042, "ChiSquared": null, "LogL": null, "testCalc": 9.71478812777773, "extTest": {"res1": 86.37397508123955, "res2": 7460.463571334591}},"Point T2-772-26072019141939": {"Lambda": 0.874618072951175, "Kappa": 0.4571291136455073, "tanBeta": 9.438953655085596, "mBottom": 9.250174581983885, "ChiSquared": null, "LogL": null, "testCalc": 9.70486458261507, "extTest": {"res1": 135.58106832989208, "res2": 18382.226089474865}},"Point T2-861-26072019141940": {"Lambda": 0.8775761293317522, "Kappa": 0.4677839102212205, "tanBeta": 9.29926641459094, "mBottom": 9.113281086299121, "ChiSquared": null, "LogL": null, "testCalc": 9.676827611528681, "extTest": {"res1": -51.79127892595755, "res2": 2682.3365727863347}},"Point T2-153-26072019141940": {"Lambda": 0.8775918907112019, "Kappa": 0.46777769374811545, "tanBeta": 9.299205385901715, "mBottom": 9.11322127818368, "ChiSquared": null, "LogL": null, "testCalc": 9.676739014841061, "extTest": {"res1": 91.52508091519253, "res2": 8376.84043653254}},"Point T2-999-26072019141941": {"Lambda": 0.8802052667473721, "Kappa": 0.46578767337489485, "tanBeta": 9.275710089705992, "mBottom": 9.090195887911872, "ChiSquared": null, "LogL": null, "testCalc": 9.640370677149939, "extTest": {"res1": -545.9667515570253, "res2": 298079.6938057306}},"Point T2-365-26072019141941": {"Lambda": 0.8771269028374648, "Kappa": 0.46559927658150946, "tanBeta": 9.269064894722337, "mBottom": 9.08368359682789, "ChiSquared": null, "LogL": null, "testCalc": 9.626863311664973, "extTest": {"res1": 431.06571532912614, "res2": 185817.65093221123}},