{"Point T3-589-30072019090338": {"Lambda": 0.7769787601283998, "Kappa": 0.5133102811803552, "tanBeta": 14.011742603436364, "mBottom": 13.731507751367637, "ChiSquared": null, "LogL": null, "testCalc": 14.661821404971166, "extTest": {"res1": -352.2669875973093, "res2": 124092.03055088288}},"Point T3-929-30072019090338": {"Lambda": 0.7756823872499807, "Kappa": 0.5130578811356343, "tanBeta": 14.009461746556095, "mBottom": 13.729272511624973, "ChiSquared": null, "LogL": null, "testCalc": 14.65398418124111, "extTest": {"res1": 5261.742418788119, "res2": 27685933.281674244}},"Point T3-753-30072019090339": {"Lambda": 0.775672340480371, "Kappa": 0.5132665106463098, "tanBeta": 14.005951198587397, "mBottom": 13.725832174615649, "ChiSquared": null, "LogL": null, "testCalc": 14.653369367075575, "extTest": {"res1": -853.8135652381046, "res2": 728997.6041846031}},"Point T3-914-30072019090339": {"Lambda": 0.778993957485363, "Kappa": 0.5143066108063439, "tanBeta": 13.924072407668401, "mBottom": 13.645590959515033, "ChiSquared": null, "LogL": null, "testCalc": 14.59086955416629, "extTest": {"res1": 174.00499662709726, "res2": 30277.73885119613}},"Point T3-248-30072019090340": {"Lambda": 0.7792359990989053, "Kappa": 0.514226803623883, "tanBeta": 13.91102684465974, "mBottom": 13.632806307766543, "ChiSquared": null, "LogL": null, "testCalc": 14.577034765630348, "extTest": {"res1": 209.23870391320307, "res2": 43780.83521527706}},"Point T3-412-30072019090342": {"Lambda": 0.776929468878153, "Kappa": 0.5158492078736847, "tanBeta": 13.905161310491938, "mBottom": 13.6270580842821, "ChiSquared": null, "LogL": null, "testCalc": 14.590114889125413, "extTest": {"res1": -171.9334200995445, "res2": 29561.10094712645}},"Point T3-249-30072019090342": {"Lambda": 0.7791199487452064, "Kappa": 0.5171766246833562, "tanBeta": 13.872793386660268, "mBottom": 13.595337518927062, "ChiSquared": null, "LogL": null, "testCalc": 14.579381112638806, "extTest": {"res1": 891.5426428547953, "res2": 794848.2840285131}},"Point T3-136-30072019090342": {"Lambda": 0.779096438817332, "Kappa": 0.5171971841311441, "tanBeta": 13.872754746331346, "mBottom": 13.59529965140472, "ChiSquared": null, "LogL": null, "testCalc": 14.579590777624745, "extTest": {"res1": -503.7903916909303, "res2": 253804.75876010096}},"Point T3-70-30072019090343": {"Lambda": 0.7786319384074165, "Kappa": 0.5170493491347704, "tanBeta": 13.86368647694408, "mBottom": 13.586412747405198, "ChiSquared": null, "LogL": null, "testCalc": 14.567684138723145, "extTest": {"res1": -140.38148986441504, "res2": 19706.962696552862}},"Point T3-536-30072019090343": {"Lambda": 0.7790235788220726, "Kappa": 0.5183421869943207, "tanBeta": 13.84378205228651, "mBottom": 13.56690641124078, "ChiSquared": null, "LogL": null, "testCalc": 14.566147207236053, "extTest": {"res1": 209.55767021572572, "res2": 43914.41714624286}},"Point T3-605-30072019090344": {"Lambda": 0.7764206619445696, "Kappa": 0.5168794926699067, "tanBeta": 13.831412272640074, "mBottom": 13.554784027187273, "ChiSquared": null, "LogL": null, "testCalc": 14.529394416278603, "extTest": {"res1": 240.63098069321154, "res2": 57903.26886937675}},"Point T3-877-30072019090344": {"Lambda": 0.7717108817784425, "Kappa": 0.5175235975712437, "tanBeta": 13.817545604956091, "mBottom": 13.541194692856969, "ChiSquared": null, "LogL": null, "testCalc": 14.517040942565348, "extTest": {"res1": -508.6478228238007, "res2": 258722.60766339255}},"Point T3-22-30072019090344": {"Lambda": 0.7739348082789878, "Kappa": 0.5285783315713456, "tanBeta": 13.683760276335574, "mBottom": 13.410085070808863, "ChiSquared": null, "LogL": null, "testCalc": 14.536956799357977, "extTest": {"res1": -604.5628987859196, "res2": 365496.2985884341}},"Point T3-282-30072019090344": {"Lambda": 0.7806143679880392, "Kappa": 0.5310281310383292, "tanBeta": 13.673183641723654, "mBottom": 13.39971996888918, "ChiSquared": null, "LogL": null, "testCalc": 14.570063930562323, "extTest": {"res1": -336.96243279471236, "res2": 113543.68111493104}},"Point T3-607-30072019090345": {"Lambda": 0.7861033179463643, "Kappa": 0.5276817088521786, "tanBeta": 13.670561453688158, "mBottom": 13.397150224614395, "ChiSquared": null, "LogL": null, "testCalc": 14.53023876764437, "extTest": {"res1": -206.30328712705827, "res2": 42561.04627942944}},"Point T3-912-30072019090346": {"Lambda": 0.7850177270185309, "Kappa": 0.5263403226087503, "tanBeta": 13.653820288346402, "mBottom": 13.380743882579473, "ChiSquared": null, "LogL": null, "testCalc": 14.493180948433224, "extTest": {"res1": 1114.5909672351181, "res2": 1242313.0242421161}},"Point T3-590-30072019090346": {"Lambda": 0.7851197112868983, "Kappa": 0.5255302227341541, "tanBeta": 13.641696141134565, "mBottom": 13.368862218311873, "ChiSquared": null, "LogL": null, "testCalc": 14.469967681729257, "extTest": {"res1": -89.51810265502924, "res2": 8013.490702956353}},"Point T3-863-30072019090347": {"Lambda": 0.7848215325704603, "Kappa": 0.522992463958882, "tanBeta": 13.622886099004559, "mBottom": 13.350428377024468, "ChiSquared": null, "LogL": null, "testCalc": 14.415825793648075, "extTest": {"res1": 101.40884809392006, "res2": 10283.754471735754}}}