{"Point T0-931-30072019090338": {"Lambda": 0.43479174787239283, "Kappa": 0.21919088301084066, "tanBeta": 10.240026984959636, "mBottom": 10.035226445260443, "ChiSquared": null, "LogL": null, "testCalc": 7.451177643536292, "extTest": {"res1": -187.87769210289895, "res2": 35298.0271899117}},"Point T0-147-30072019090338": {"Lambda": 0.4340663068968776, "Kappa": 0.21908310455655544, "tanBeta": 10.238360094790167, "mBottom": 10.033592892894363, "ChiSquared": null, "LogL": null, "testCalc": 7.4482617203648545, "extTest": {"res1": 2810.1468804608135, "res2": 7896925.489763642}},"Point T0-568-30072019090339": {"Lambda": 0.43406068479657933, "Kappa": 0.21917219236239857, "tanBeta": 10.23579452482868, "mBottom": 10.031078634332106, "ChiSquared": null, "LogL": null, "testCalc": 7.4473495218298655, "extTest": {"res1": -457.54492753898074, "res2": 209347.36071665114}},"Point T0-331-30072019090339": {"Lambda": 0.4359194378764248, "Kappa": 0.2196163301107666, "tanBeta": 10.17595606988156, "mBottom": 9.972436948483928, "ChiSquared": null, "LogL": null, "testCalc": 7.4110503579962295, "extTest": {"res1": 93.52979056451288, "res2": 8747.821723041643}},"Point T0-58-30072019090340": {"Lambda": 0.4360548826293708, "Kappa": 0.2195822512944335, "tanBeta": 10.166422143872248, "mBottom": 9.963093700994802, "ChiSquared": null, "LogL": null, "testCalc": 7.4040565731233645, "extTest": {"res1": 107.99041926934382, "res2": 11661.930653968664}},"Point T0-933-30072019090340": {"Lambda": 0.4347641648418786, "Kappa": 0.22027504127576186, "tanBeta": 10.16213550873632, "mBottom": 9.958892798561592, "ChiSquared": null, "LogL": null, "testCalc": 7.406931096948231, "extTest": {"res1": -91.82582388985703, "res2": 8431.981933051038}},"Point T0-722-30072019090341": {"Lambda": 0.43598994168282856, "Kappa": 0.22084186737160058, "tanBeta": 10.138480462903395, "mBottom": 9.935710853645327, "ChiSquared": null, "LogL": null, "testCalc": 7.396943613809335, "extTest": {"res1": 476.1344258711521, "res2": 226703.9914996516}},"Point T0-586-30072019090341": {"Lambda": 0.43597678569561577, "Kappa": 0.22085064655191325, "tanBeta": 10.138452223874026, "mBottom": 9.935683179396545, "ChiSquared": null, "LogL": null, "testCalc": 7.397001076042015, "extTest": {"res1": -269.05091394912625, "res2": 72388.39429686015}},"Point T0-284-30072019090342": {"Lambda": 0.43571685459391973, "Kappa": 0.22078751887926945, "tanBeta": 10.131824973726731, "mBottom": 9.929188474252197, "ChiSquared": null, "LogL": null, "testCalc": 7.3914239121714616, "extTest": {"res1": -73.93486312284004, "res2": 5466.363984993092}},"Point T0-889-30072019090342": {"Lambda": 0.43593601376423946, "Kappa": 0.22133957926538336, "tanBeta": 10.11727847145487, "mBottom": 9.914932902025773, "ChiSquared": null, "LogL": null, "testCalc": 7.3868608192920835, "extTest": {"res1": 111.67146632561736, "res2": 12470.516391313491}},"Point T0-692-30072019090343": {"Lambda": 0.434479440126951, "Kappa": 0.22071498772241643, "tanBeta": 10.108238419766622, "mBottom": 9.906073651371289, "ChiSquared": null, "LogL": null, "testCalc": 7.37284892829272, "extTest": {"res1": 128.1015891305075, "res2": 16410.01713776136}},"Point T0-235-30072019090343": {"Lambda": 0.4318438808869703, "Kappa": 0.2209900297920025, "tanBeta": 10.098104416074559, "mBottom": 9.896142327753068, "ChiSquared": null, "LogL": null, "testCalc": 7.366140697087124, "extTest": {"res1": -272.49136029782994, "res2": 74251.54143696178}},"Point T0-176-30072019090343": {"Lambda": 0.4330883742244098, "Kappa": 0.22571056042575563, "tanBeta": 10.000331753955445, "mBottom": 9.800325118876335, "ChiSquared": null, "LogL": null, "testCalc": 7.344908583955274, "extTest": {"res1": -322.4612909564197, "res2": 103981.28416528077}},"Point T0-806-30072019090344": {"Lambda": 0.43682620798506056, "Kappa": 0.22675666008137302, "tanBeta": 9.992602164074915, "mBottom": 9.792750120793416, "ChiSquared": null, "LogL": null, "testCalc": 7.353081288626843, "extTest": {"res1": -178.86045352013838, "res2": 31991.06183342958}},"Point T0-283-30072019090344": {"Lambda": 0.4398977850587632, "Kappa": 0.22532768961107044, "tanBeta": 9.990685823116973, "mBottom": 9.790872106654634, "ChiSquared": null, "LogL": null, "testCalc": 7.340124268779946, "extTest": {"res1": -109.59200397789893, "res2": 12010.407335891814}},"Point T0-548-30072019090345": {"Lambda": 0.43929029615274845, "Kappa": 0.22475489836582296, "tanBeta": 9.97845108617446, "mBottom": 9.77888206445097, "ChiSquared": null, "LogL": null, "testCalc": 7.325122756240932, "extTest": {"res1": 595.2745661166646, "res2": 354351.8090653833}},"Point T0-247-30072019090346": {"Lambda": 0.439347365818709, "Kappa": 0.224408974051914, "tanBeta": 9.969590546972977, "mBottom": 9.770198736033517, "ChiSquared": null, "LogL": null, "testCalc": 7.315391062232463, "extTest": {"res1": -47.19530548518665, "res2": 2227.3968598400893}},"Point T0-373-30072019090346": {"Lambda": 0.4391805071451501, "Kappa": 0.22332531450482432, "tanBeta": 9.955843838626205, "mBottom": 9.75672696185368, "ChiSquared": null, "LogL": null, "testCalc": 7.294634955205225, "extTest": {"res1": 54.20075117946506, "res2": 2937.721428418283}},"Point T0-799-30072019090347": {"Lambda": 0.44150592703847064, "Kappa": 0.22030579725326707, "tanBeta": 9.903388397228708, "mBottom": 9.705320629284135, "ChiSquared": null, "LogL": null, "testCalc": 7.229361674612392, "extTest": {"res1": -56.15391140955667, "res2": 3153.261766592339}}}