{"Point T4-859-30072019090338": {"Lambda": 0.9067255032190332, "Kappa": 0.6796515848326112, "tanBeta": 14.126491358670668, "mBottom": 13.843961531497254, "ChiSquared": null, "LogL": null, "testCalc": 17.34522414398114, "extTest": {"res1": -358.3936835336342, "res2": 128446.03239680674}},"Point T4-160-30072019090338": {"Lambda": 0.9052126506021229, "Kappa": 0.6793173930256365, "tanBeta": 14.124191822779851, "mBottom": 13.841707986324254, "ChiSquared": null, "LogL": null, "testCalc": 17.33507310361707, "extTest": {"res1": 5348.4040463012225, "res2": 28605425.842491288}},"Point T4-744-30072019090339": {"Lambda": 0.9052009261346116, "Kappa": 0.6795936301920681, "tanBeta": 14.120652525281491, "mBottom": 13.838239474775861, "ChiSquared": null, "LogL": null, "testCalc": 17.334813964399732, "extTest": {"res1": -864.603706039639, "res2": 747539.5684974784}},"Point T4-635-30072019090339": {"Lambda": 0.9090772159444573, "Kappa": 0.680970781104624, "tanBeta": 14.038103190404904, "mBottom": 13.757341126596806, "ChiSquared": null, "LogL": null, "testCalc": 17.26463004264507, "extTest": {"res1": 175.9705702581903, "res2": 30965.641596992686}},"Point T4-492-30072019090341": {"Lambda": 0.9093596757942, "Kappa": 0.6808651119216186, "tanBeta": 14.024950791140471, "mBottom": 13.74445177531766, "ChiSquared": null, "LogL": null, "testCalc": 17.248260597724414, "extTest": {"res1": 218.4952160507142, "res2": 47740.15943704827}},"Point T4-344-30072019090341": {"Lambda": 0.9066679808825451, "Kappa": 0.6830132660888824, "tanBeta": 14.019037221352578, "mBottom": 13.738656476925525, "ChiSquared": null, "LogL": null, "testCalc": 17.266563465998026, "extTest": {"res1": -174.71887409701736, "res2": 30526.684965729404}},"Point T4-426-30072019090341": {"Lambda": 0.9092242463323457, "Kappa": 0.6847708403505008, "tanBeta": 13.986404221357697, "mBottom": 13.706676136930543, "ChiSquared": null, "LogL": null, "testCalc": 17.257508570724795, "extTest": {"res1": 906.3539676556786, "res2": 821477.5146851909}},"Point T4-644-30072019090342": {"Lambda": 0.9091968105100601, "Kappa": 0.6847980622117894, "tanBeta": 13.986365264584933, "mBottom": 13.706637959293234, "ChiSquared": null, "LogL": null, "testCalc": 17.257793650462325, "extTest": {"res1": -512.1589838998808, "res2": 262306.82478935836}},"Point T4-135-30072019090342": {"Lambda": 0.9086547437386898, "Kappa": 0.6846023203900047, "tanBeta": 13.977222730871397, "mBottom": 13.697678276253969, "ChiSquared": null, "LogL": null, "testCalc": 17.243331695608283, "extTest": {"res1": -144.3678581505076, "res2": 20842.078466965086}},"Point T4-174-30072019090343": {"Lambda": 0.9091117837123454, "Kappa": 0.6863141101834107, "tanBeta": 13.95715529951168, "mBottom": 13.678012193521447, "ChiSquared": null, "LogL": null, "testCalc": 17.244482952121402, "extTest": {"res1": 213.25285728744296, "res2": 45476.781141258514}},"Point T4-775-30072019090343": {"Lambda": 0.9060742088947258, "Kappa": 0.6843774209095712, "tanBeta": 13.944684217917503, "mBottom": 13.665790533559154, "ChiSquared": null, "LogL": null, "testCalc": 17.197292759260563, "extTest": {"res1": 245.51024070902068, "res2": 60275.278293001276}},"Point T4-666-30072019090343": {"Lambda": 0.9005779482369995, "Kappa": 0.685230251902914, "tanBeta": 13.930703989565085, "mBottom": 13.652089909773784, "ChiSquared": null, "LogL": null, "testCalc": 17.18282539969227, "extTest": {"res1": -515.1429119614183, "res2": 265372.21974408964}},"Point T4-406-30072019090344": {"Lambda": 0.9031732455331519, "Kappa": 0.6998673393693782, "tanBeta": 13.795823029918342, "mBottom": 13.519906569319975, "ChiSquared": null, "LogL": null, "testCalc": 17.230921154466618, "extTest": {"res1": -615.3703738103294, "res2": 378680.69696346455}},"Point T4-690-30072019090344": {"Lambda": 0.9109682168364478, "Kappa": 0.7031110111821244, "tanBeta": 13.785159778267369, "mBottom": 13.509456582702022, "ChiSquared": null, "LogL": null, "testCalc": 17.27708901444191, "extTest": {"res1": -344.1719219891549, "res2": 118454.31188570893}},"Point T4-679-30072019090344": {"Lambda": 0.9173737599072571, "Kappa": 0.6986801606308626, "tanBeta": 13.782516115899838, "mBottom": 13.506865793581841, "ChiSquared": null, "LogL": null, "testCalc": 17.224578085911652, "extTest": {"res1": -210.4504646692111, "res2": 44289.39807948687}},"Point T4-621-30072019090346": {"Lambda": 0.9161068874638365, "Kappa": 0.6969040900559225, "tanBeta": 13.765637849275357, "mBottom": 13.49032509228985, "ChiSquared": null, "LogL": null, "testCalc": 17.177743694792213, "extTest": {"res1": 1132.8769454141814, "res2": 1283410.1734509661}},"Point T4-941-30072019090346": {"Lambda": 0.9162259019617882, "Kappa": 0.6958314724134782, "tanBeta": 13.753414411715402, "mBottom": 13.478346123481094, "ChiSquared": null, "LogL": null, "testCalc": 17.14870156598292, "extTest": {"res1": -91.92507188204961, "res2": 8450.218840519987}},"Point T4-330-30072019090346": {"Lambda": 0.9158779307422573, "Kappa": 0.6924713375461805, "tanBeta": 13.734450325296871, "mBottom": 13.459761318790934, "ChiSquared": null, "LogL": null, "testCalc": 17.079426230636084, "extTest": {"res1": 102.94706509324025, "res2": 10598.098211311846}},"Point T4-126-30072019090347": {"Lambda": 0.9207274191083186, "Kappa": 0.6831086320483026, "tanBeta": 13.662086127360148, "mBottom": 13.388844404812945, "ChiSquared": null, "LogL": null, "testCalc": 16.874850148091422, "extTest": {"res1": -108.39266336451061, "res2": 11748.969471252121}}}