{"Point T7-365-30072019090338": {"Lambda": 0.08529646999476828, "Kappa": 0.9577862331016086, "tanBeta": 14.288319089266786, "mBottom": 14.002552707481449, "ChiSquared": null, "LogL": null, "testCalc": 20.693707159396933, "extTest": {"res1": -363.26845110546657, "res2": 131963.96756856475}},"Point T7-894-30072019090339": {"Lambda": 0.08515415461113048, "Kappa": 0.9573152795732438, "tanBeta": 14.285993210764405, "mBottom": 14.000273346549116, "ChiSquared": null, "LogL": null, "testCalc": 20.683587487866482, "extTest": {"res1": 5469.652699382523, "res2": 29917100.651862517}},"Point T7-797-30072019090339": {"Lambda": 0.08515305168010258, "Kappa": 0.9577045616127233, "tanBeta": 14.282413368415414, "mBottom": 13.996765101047105, "ChiSquared": null, "LogL": null, "testCalc": 20.68396602650397, "extTest": {"res1": -876.1204301518829, "res2": 767587.0081295203}},"Point T7-66-30072019090339": {"Lambda": 0.08551769769070086, "Kappa": 0.9596452856754417, "tanBeta": 14.198918379647417, "mBottom": 13.914940012054467, "ChiSquared": null, "LogL": null, "testCalc": 20.590708367364577, "extTest": {"res1": 184.44295362070014, "res2": 34019.20314032774}},"Point T7-84-30072019090340": {"Lambda": 0.0855442689385733, "Kappa": 0.9594963733635979, "tanBeta": 14.185615311482206, "mBottom": 13.901903005252562, "ChiSquared": null, "LogL": null, "testCalc": 20.569315769872816, "extTest": {"res1": 198.6126789848478, "res2": 39446.99625353821}},"Point T7-502-30072019090341": {"Lambda": 0.08529105881770215, "Kappa": 0.9625236192847442, "tanBeta": 14.179633998080261, "mBottom": 13.896041318118655, "ChiSquared": null, "LogL": null, "testCalc": 20.603527859738794, "extTest": {"res1": -177.75771094882276, "res2": 31597.803801765225}},"Point T7-42-30072019090341": {"Lambda": 0.085531528969323, "Kappa": 0.9650004478083567, "tanBeta": 14.146627166806429, "mBottom": 13.8636946234703, "ChiSquared": null, "LogL": null, "testCalc": 20.590664505129048, "extTest": {"res1": 929.0452331588194, "res2": 863125.0452551252}},"Point T7-768-30072019090341": {"Lambda": 0.0855289480572564, "Kappa": 0.9650388097051924, "tanBeta": 14.146587763759642, "mBottom": 13.86365600848445, "ChiSquared": null, "LogL": null, "testCalc": 20.591149422126648, "extTest": {"res1": -524.892525594689, "res2": 275512.1634251712}},"Point T7-331-30072019090342": {"Lambda": 0.0854779553566704, "Kappa": 0.9647629642185761, "tanBeta": 14.137340496645207, "mBottom": 13.854593686712303, "ChiSquared": null, "LogL": null, "testCalc": 20.573785847918856, "extTest": {"res1": -142.19035880512538, "res2": 20218.0981371303}},"Point T7-163-30072019090342": {"Lambda": 0.08552094951119778, "Kappa": 0.9671752718401231, "tanBeta": 14.117043180398055, "mBottom": 13.834702316790093, "ChiSquared": null, "LogL": null, "testCalc": 20.578320066780588, "extTest": {"res1": 213.56747924326433, "res2": 45611.06819032214}},"Point T7-450-30072019090343": {"Lambda": 0.08523520216167677, "Kappa": 0.9644460288490456, "tanBeta": 14.10442923482009, "mBottom": 13.822340650123689, "ChiSquared": null, "LogL": null, "testCalc": 20.521396129454004, "extTest": {"res1": 254.13814320463817, "res2": 64586.19583150118}},"Point T7-299-30072019090343": {"Lambda": 0.08471816406071808, "Kappa": 0.965647864911544, "tanBeta": 14.090288854270636, "mBottom": 13.808483077185222, "ChiSquared": null, "LogL": null, "testCalc": 20.517676054027795, "extTest": {"res1": -520.110558212856, "res2": 270514.9927644886}},"Point T7-588-30072019090343": {"Lambda": 0.08496230597264497, "Kappa": 0.9862749055614032, "tanBeta": 13.953862749474538, "mBottom": 13.674785494485047, "ChiSquared": null, "LogL": null, "testCalc": 20.606956006133494, "extTest": {"res1": -630.7819000530754, "res2": 397885.8054345681}},"Point T7-351-30072019090344": {"Lambda": 0.08569558581700933, "Kappa": 0.9908459891522892, "tanBeta": 13.943077343654378, "mBottom": 13.66421579678129, "ChiSquared": null, "LogL": null, "testCalc": 20.65489389421926, "extTest": {"res1": -343.7885594355011, "res2": 118190.57359873707}},"Point T7-334-30072019090344": {"Lambda": 0.08629816091873502, "Kappa": 0.9846018962175622, "tanBeta": 13.940403396492801, "mBottom": 13.661595328562944, "ChiSquared": null, "LogL": null, "testCalc": 20.563992655083986, "extTest": {"res1": -207.98265231948184, "res2": 43256.783665846466}},"Point T7-750-30072019090345": {"Lambda": 0.08617898510756196, "Kappa": 0.9820990021117338, "tanBeta": 13.923331778843293, "mBottom": 13.644865143266427, "ChiSquared": null, "LogL": null, "testCalc": 20.50394963517997, "extTest": {"res1": 1157.1976407142483, "res2": 1339106.3796746226}},"Point T7-525-30072019090345": {"Lambda": 0.08619018090664056, "Kappa": 0.9805874358412484, "tanBeta": 13.91096831421574, "mBottom": 13.632748947931425, "ChiSquared": null, "LogL": null, "testCalc": 20.464723970556097, "extTest": {"res1": -89.61237160606844, "res2": 8030.3771448641}},"Point T7-431-30072019090345": {"Lambda": 0.08615744694627396, "Kappa": 0.9758522288777347, "tanBeta": 13.891786982411217, "mBottom": 13.613951242762992, "ChiSquared": null, "LogL": null, "testCalc": 20.370730016926483, "extTest": {"res1": 104.13063046413816, "res2": 10843.1882008589}},"Point T7-507-30072019090346": {"Lambda": 0.08661364260575108, "Kappa": 0.9626580119722291, "tanBeta": 13.818593807651363, "mBottom": 13.542221931498336, "ChiSquared": null, "LogL": null, "testCalc": 20.08119293196002, "extTest": {"res1": -110.78550126120072, "res2": 12273.427289695506}},"Point T7-403-30072019090346": {"Lambda": 0.08541207103679001, "Kappa": 0.9797266079059163, "tanBeta": 13.702181465134364, "mBottom": 13.428137835831677, "ChiSquared": null, "LogL": null, "testCalc": 20.14575590754204, "extTest": {"res1": 58.53367477000813, "res2": 3426.1910820810867}},"Point T7-317-30072019090346": {"Lambda": 0.08295900696063248, "Kappa": 0.9854643510462721, "tanBeta": 13.483547240079382, "mBottom": 13.213876295277794, "ChiSquared": null, "LogL": null, "testCalc": 19.90137547522137, "extTest": {"res1": 421.7658882991965, "res2": 177886.4645328103}},"Point T7-129-30072019090347": {"Lambda": 0.08269332076238443, "Kappa": 0.9961348994687791, "tanBeta": 13.47749274536962, "mBottom": 13.207942890462228, "ChiSquared": null, "LogL": null, "testCalc": 20.03621051152979, "extTest": {"res1": -366.5433719672548, "res2": 134354.0435331253}}}