{"Point T5-607-30072019090338": {"Lambda": 0.23406472634714584, "Kappa": 0.9657786080518671, "tanBeta": 14.177968369947383, "mBottom": 13.894409002548436, "ChiSquared": null, "LogL": null, "testCalc": 20.694769354725366, "extTest": {"res1": -357.78001801255516, "res2": 128006.54128906429}},"Point T5-686-30072019090338": {"Lambda": 0.23367419422631813, "Kappa": 0.9653037245889795, "tanBeta": 14.175660454535285, "mBottom": 13.892147245444578, "ChiSquared": null, "LogL": null, "testCalc": 20.684495087041224, "extTest": {"res1": 5385.540172128424, "res2": 29004042.94560906}},"Point T5-360-30072019090339": {"Lambda": 0.23367116763859136, "Kappa": 0.9656962550443512, "tanBeta": 14.172108259817607, "mBottom": 13.888666094621255, "ChiSquared": null, "LogL": null, "testCalc": 20.68488713448519, "extTest": {"res1": -862.1574865617134, "res2": 743315.5316344111}},"Point T5-27-30072019090339": {"Lambda": 0.23467180422635986, "Kappa": 0.9676531737378214, "tanBeta": 14.089258114716143, "mBottom": 13.80747295242182, "ChiSquared": null, "LogL": null, "testCalc": 20.592322662226195, "extTest": {"res1": 181.39020315016512, "res2": 32902.40579885817}},"Point T5-178-30072019090340": {"Lambda": 0.23474471922345583, "Kappa": 0.9675030188073329, "tanBeta": 14.07605778803732, "mBottom": 13.794536632276573, "ChiSquared": null, "LogL": null, "testCalc": 20.571001802174163, "extTest": {"res1": 196.9050181710602, "res2": 38771.586180945545}},"Point T5-931-30072019090341": {"Lambda": 0.23404987736594793, "Kappa": 0.9705555259857745, "tanBeta": 14.070122669168983, "mBottom": 13.788720215785602, "ChiSquared": null, "LogL": null, "testCalc": 20.60497476084749, "extTest": {"res1": -175.0270357568542, "res2": 30634.463245831113}},"Point T5-420-30072019090341": {"Lambda": 0.23470975907309533, "Kappa": 0.9730530227353065, "tanBeta": 14.037370754344789, "mBottom": 13.756623339257892, "ChiSquared": null, "LogL": null, "testCalc": 20.592506384404484, "extTest": {"res1": 914.7551791934629, "res2": 836777.0378612645}},"Point T5-5-30072019090342": {"Lambda": 0.23470267671110973, "Kappa": 0.9730917047481062, "tanBeta": 14.037331655613333, "mBottom": 13.756585022501065, "ChiSquared": null, "LogL": null, "testCalc": 20.59298884858123, "extTest": {"res1": -516.8198310418859, "res2": 267102.7377581635}},"Point T5-224-30072019090342": {"Lambda": 0.2345627460374359, "Kappa": 0.9728135574320408, "tanBeta": 14.028155806457262, "mBottom": 13.747592690328116, "ChiSquared": null, "LogL": null, "testCalc": 20.57559618128331, "extTest": {"res1": -140.37102790847516, "res2": 19704.02547608191}},"Point T5-981-30072019090343": {"Lambda": 0.23468072764927278, "Kappa": 0.9752459948762355, "tanBeta": 14.00801524926862, "mBottom": 13.727854944283248, "ChiSquared": null, "LogL": null, "testCalc": 20.580263284086072, "extTest": {"res1": 210.38202521344937, "res2": 44260.596532912445}},"Point T5-569-30072019090343": {"Lambda": 0.23389659935915524, "Kappa": 0.9724939773530535, "tanBeta": 13.995498722985346, "mBottom": 13.715588748525638, "ChiSquared": null, "LogL": null, "testCalc": 20.523040211610198, "extTest": {"res1": 250.35742587199033, "res2": 62678.84068924913}},"Point T5-743-30072019090343": {"Lambda": 0.23247777884267473, "Kappa": 0.9737058422968495, "tanBeta": 13.98146755060484, "mBottom": 13.701838199592743, "ChiSquared": null, "LogL": null, "testCalc": 20.518801655359752, "extTest": {"res1": -511.8555027391557, "res2": 261996.05568435387}},"Point T5-958-30072019090344": {"Lambda": 0.23314773634277458, "Kappa": 0.9945050080381856, "tanBeta": 13.846095084008178, "mBottom": 13.569173182328015, "ChiSquared": null, "LogL": null, "testCalc": 20.608955360944805, "extTest": {"res1": -621.2167882463516, "res2": 385910.29799911246}},"Point T5-843-30072019090344": {"Lambda": 0.23515995262930497, "Kappa": 0.9991142356456849, "tanBeta": 13.835392975410244, "mBottom": 13.558685115902039, "ChiSquared": null, "LogL": null, "testCalc": 20.65778083875632, "extTest": {"res1": -338.89969259499605, "res2": 114853.00164098282}},"Point T5-955-30072019090344": {"Lambda": 0.2368134979201907, "Kappa": 0.9928180380447665, "tanBeta": 13.83273967952268, "mBottom": 13.556084885932226, "ChiSquared": null, "LogL": null, "testCalc": 20.56751654517101, "extTest": {"res1": -205.0070434184853, "res2": 42027.887851188716}},"Point T5-119-30072019090345": {"Lambda": 0.23648646382802802, "Kappa": 0.9902942582052919, "tanBeta": 13.815799908402902, "mBottom": 13.539483910234843, "ChiSquared": null, "LogL": null, "testCalc": 20.507375124495898, "extTest": {"res1": 1139.4059226995487, "res2": 1298245.85668281}},"Point T5-687-30072019090345": {"Lambda": 0.23651718657244794, "Kappa": 0.9887700784684834, "tanBeta": 13.803531928570054, "mBottom": 13.527461289998653, "ChiSquared": null, "LogL": null, "testCalc": 20.4681903726979, "extTest": {"res1": -88.45544018395621, "res2": 7824.364898137455}},"Point T5-754-30072019090345": {"Lambda": 0.23642736028214617, "Kappa": 0.9839953579389865, "tanBeta": 13.784498736917561, "mBottom": 13.508808762179209, "ChiSquared": null, "LogL": null, "testCalc": 20.37418504642229, "extTest": {"res1": 102.51956699155762, "res2": 10510.261616136471}},"Point T5-631-30072019090346": {"Lambda": 0.23767922114113382, "Kappa": 0.9706910401309629, "tanBeta": 13.711870843450317, "mBottom": 13.43763342658131, "ChiSquared": null, "LogL": null, "testCalc": 20.085298296623122, "extTest": {"res1": -109.21734233463015, "res2": 11928.427866639795}},"Point T5-364-30072019090347": {"Lambda": 0.23438195080283455, "Kappa": 0.9879020672396469, "tanBeta": 13.596357570001846, "mBottom": 13.324430418601809, "ChiSquared": null, "LogL": null, "testCalc": 20.14901985849729, "extTest": {"res1": 56.685824968803324, "res2": 3213.2827523938063}}}