{"Point T1-313-30072019090338": {"Lambda": 0.11933496741052088, "Kappa": 0.2523592390544136, "tanBeta": 12.069110148751061, "mBottom": 11.82772794577604, "ChiSquared": null, "LogL": null, "testCalc": 8.973856260537609, "extTest": {"res1": -260.2096099860668, "res2": 67709.04112910101}},"Point T1-204-30072019090339": {"Lambda": 0.11913585950289615, "Kappa": 0.25223515137185915, "tanBeta": 12.067145517105976, "mBottom": 11.825802606763856, "ChiSquared": null, "LogL": null, "testCalc": 8.9708529325349, "extTest": {"res1": 3903.279419340005, "res2": 15235590.225443246}},"Point T1-258-30072019090339": {"Lambda": 0.11913431643507309, "Kappa": 0.25233772010365485, "tanBeta": 12.06412168264685, "mBottom": 11.822839248993912, "ChiSquared": null, "LogL": null, "testCalc": 8.969845570301583, "extTest": {"res1": -635.4700884757857, "res2": 403822.2333474229}},"Point T1-944-30072019090340": {"Lambda": 0.1196444784592904, "Kappa": 0.2528490655696428, "tanBeta": 11.993594827107442, "mBottom": 11.753722930565292, "ChiSquared": null, "LogL": null, "testCalc": 8.92374551136346, "extTest": {"res1": 131.14988978170604, "res2": 17200.29358975364}},"Point T1-288-30072019090341": {"Lambda": 0.11968165325678329, "Kappa": 0.2528098298859339, "tanBeta": 11.982357942348697, "mBottom": 11.742710783501723, "ChiSquared": null, "LogL": null, "testCalc": 8.914936962914682, "extTest": {"res1": 142.77724168423148, "res2": 20385.340742957447}},"Point T1-871-30072019090341": {"Lambda": 0.11932739684354572, "Kappa": 0.2536074540850385, "tanBeta": 11.977305624449631, "mBottom": 11.737759511960638, "ChiSquared": null, "LogL": null, "testCalc": 8.92065276983286, "extTest": {"res1": -127.39386650395697, "res2": 16229.19722282801}},"Point T1-940-30072019090342": {"Lambda": 0.11966382926224534, "Kappa": 0.2542600533184426, "tanBeta": 11.949425292283452, "mBottom": 11.710436786437784, "ChiSquared": null, "LogL": null, "testCalc": 8.907799337193332, "extTest": {"res1": 661.6922816488607, "res2": 437836.6755936752}},"Point T1-126-30072019090342": {"Lambda": 0.11966021840874369, "Kappa": 0.2542701609800059, "tanBeta": 11.949392009172339, "mBottom": 11.710404168988893, "ChiSquared": null, "LogL": null, "testCalc": 8.907894482149521, "extTest": {"res1": -373.8885669968691, "res2": 139792.66053097227}},"Point T1-334-30072019090342": {"Lambda": 0.11958887650839331, "Kappa": 0.25419748071514797, "tanBeta": 11.941580993427115, "mBottom": 11.702749373558573, "ChiSquared": null, "LogL": null, "testCalc": 8.901195990448892, "extTest": {"res1": -100.93323237779525, "res2": 10187.517398230015}},"Point T1-668-30072019090343": {"Lambda": 0.1196490279546335, "Kappa": 0.25483307986524995, "tanBeta": 11.924436181362067, "mBottom": 11.685947457734825, "ChiSquared": null, "LogL": null, "testCalc": 8.896030416511017, "extTest": {"res1": 154.15828667169546, "res2": 23764.777349552638}},"Point T1-271-30072019090343": {"Lambda": 0.11924924997267453, "Kappa": 0.25411397401404917, "tanBeta": 11.913781387215906, "mBottom": 11.675505759471587, "ChiSquared": null, "LogL": null, "testCalc": 8.879431597194884, "extTest": {"res1": 178.09785519804203, "res2": 31718.846026142746}},"Point T1-902-30072019090343": {"Lambda": 0.1185258821131173, "Kappa": 0.25443063594102017, "tanBeta": 11.901837238339443, "mBottom": 11.663800493572653, "ChiSquared": null, "LogL": null, "testCalc": 8.874140648934238, "extTest": {"res1": -378.0710513483656, "res2": 142937.71986765848}},"Point T1-989-30072019090343": {"Lambda": 0.1188674515485831, "Kappa": 0.25986548570440227, "tanBeta": 11.786600332188177, "mBottom": 11.550868325544414, "ChiSquared": null, "LogL": null, "testCalc": 8.85249425393761, "extTest": {"res1": -447.79250573125995, "res2": 200518.12818908048}},"Point T1-92-30072019090344": {"Lambda": 0.11989335480501774, "Kappa": 0.2610698830289645, "tanBeta": 11.777490075759184, "mBottom": 11.541940274244, "ChiSquared": null, "LogL": null, "testCalc": 8.860092510101643, "extTest": {"res1": -246.16967790761507, "res2": 60599.51032113894}},"Point T1-799-30072019090344": {"Lambda": 0.12073639414921612, "Kappa": 0.2594246781939671, "tanBeta": 11.775231436193298, "mBottom": 11.539726807469432, "ChiSquared": null, "LogL": null, "testCalc": 8.839226306600802, "extTest": {"res1": -150.5373646883793, "res2": 22661.498167322112}},"Point T1-133-30072019090345": {"Lambda": 0.12056965991574396, "Kappa": 0.2587652111540878, "tanBeta": 11.7608113191353, "mBottom": 11.525595092752594, "ChiSquared": null, "LogL": null, "testCalc": 8.820623413607926, "extTest": {"res1": 826.6105833216841, "res2": 683285.0564594149}},"Point T1-122-30072019090345": {"Lambda": 0.1205853235219666, "Kappa": 0.2583669409549383, "tanBeta": 11.750368102163597, "mBottom": 11.515360740120325, "ChiSquared": null, "LogL": null, "testCalc": 8.808127851959553, "extTest": {"res1": -64.31836089854085, "res2": 4136.851548674948}},"Point T1-712-30072019090346": {"Lambda": 0.12053952671356638, "Kappa": 0.25711930010901823, "tanBeta": 11.734165943959946, "mBottom": 11.499482625080747, "ChiSquared": null, "LogL": null, "testCalc": 8.781351624914763, "extTest": {"res1": 75.12824560905688, "res2": 5644.2532882947735}},"Point T1-455-30072019090347": {"Lambda": 0.12117777228410244, "Kappa": 0.2536428641120111, "tanBeta": 11.672340862731389, "mBottom": 11.438894045476761, "ChiSquared": null, "LogL": null, "testCalc": 8.69473704254897, "extTest": {"res1": -77.65266926479411, "res2": 6029.937043947501}}}