{"Point T4-809-13082019110831-GenNb0": {"x": 7.9537, "y": -3.17920625, "fAckley": 14.760418614868385, "ChiSquared": null},"Point T4-576-13082019110831-GenNb0": {"x": 11.419649999999999, "y": -5.28779375, "fAckley": 18.77062238717632, "ChiSquared": null},"Point T4-787-13082019110832-GenNb0": {"x": 7.424624999999997, "y": 1.8605750000000008, "fAckley": 15.060494083226265, "ChiSquared": null},"Point T4-565-13082019110832-GenNb0": {"x": 5.326124999999999, "y": 0.08135000000000048, "fAckley": 12.073524310188315, "ChiSquared": null},"Point T4-230-13082019110833-GenNb1": {"x": -1.128474999999999, "y": -3.4265000000000008, "fAckley": 9.807428767825558, "ChiSquared": null},"Point T4-385-13082019110833-GenNb1": {"x": 7.1609124999999985, "y": -3.17920625, "fAckley": 14.496979280686821, "ChiSquared": null}}