{"Point T6-211-13082019110831-GenNb0": {"x": -0.13722499999999904, "y": 0.7534499999999995, "fAckley": 3.3715917039832317, "ChiSquared": null},"Point T6-743-13082019110831-GenNb0": {"x": -4.099562499999999, "y": 1.4059062500000001, "fAckley": 10.892621602846264, "ChiSquared": null},"Point T6-600-13082019110833-GenNb0": {"x": 2.0932625000000002, "y": -26.8395, "fAckley": 20.293934516095295, "ChiSquared": null},"Point T6-337-13082019110833-GenNb0": {"x": -5.875006250000001, "y": -10.18015, "fAckley": 17.162727783407064, "ChiSquared": null}}