{"Point T1-166-13082019110831-GenNb0": {"x": -4.3306249999999995, "y": 2.67445, "fAckley": 12.357181016848575, "ChiSquared": null},"Point T1-963-13082019110832-GenNb0": {"x": -7.651012499999998, "y": -12.6301, "fAckley": 19.70961357555081, "ChiSquared": null},"Point T1-478-13082019110832-GenNb0": {"x": -10.508099999999999, "y": 1.9539687499999996, "fAckley": 17.326814320053273, "ChiSquared": null},"Point T1-962-13082019110833-GenNb1": {"x": -0.9886781249999999, "y": 10.594375, "fAckley": 17.189230768797632, "ChiSquared": null},"Point T1-582-13082019110833-GenNb1": {"x": -8.196921875000001, "y": -6.1894, "fAckley": 16.620581297973143, "ChiSquared": null}}