{"Point T5-206-13082019110830-GenNb0": {"x": -2.8507625, "y": 0.7135624999999988, "fAckley": 8.31931284474753, "ChiSquared": null},"Point T5-34-13082019110833-GenNb0": {"x": -6.920550000000002, "y": 2.839731249999998, "fAckley": 13.748386854334806, "ChiSquared": null}}