{"Point T2-673-13082019110830-GenNb0": {"x": -4.2770125, "y": 2.068424999999999, "fAckley": 11.055548392163635, "ChiSquared": null},"Point T2-542-13082019110831-GenNb0": {"x": 13.0131, "y": 8.2076125, "fAckley": 18.5705117281087, "ChiSquared": null},"Point T2-665-13082019110832-GenNb0": {"x": 3.8103999999999996, "y": 5.0099374999999995, "fAckley": 12.524127686407292, "ChiSquared": null},"Point T2-775-13082019110833-GenNb0": {"x": 0.990875, "y": -5.5188, "fAckley": 12.66551432191436, "ChiSquared": null},"Point T2-174-13082019110833-GenNb0": {"x": -1.787056250000001, "y": 1.3152125000000003, "fAckley": 7.185303674601517, "ChiSquared": null}}