{"Point T5-671-07082019113748-GenNb9": {"Lambda": 0.491876, "Kappa": 0.7683666360745912, "tanBeta": 3.490588011045285, "mBottom": 3.420776250824379, "ChiSquared": null, "LogL": null, "testCalc": 4.634381492757353, "extTest": {"res1": 1.421816931392855, "res2": 2.021563386395395}}, "Point T5-601-07082019113730-GenNb4": {"Lambda": 0.41729600000000006, "Kappa": 0.30804896000000004, "tanBeta": 4.954544359999998, "mBottom": 4.855453472799998, "ChiSquared": null, "LogL": null, "testCalc": 4.1281049253878646, "extTest": {"res1": 19.42802001120866, "res2": 377.4479615559241}}, "Point T5-894-07082019113748-GenNb9": {"Lambda": 0.2621335376000002, "Kappa": 0.9993207264, "tanBeta": 4.454271691199999, "mBottom": 4.365186257375999, "ChiSquared": null, "LogL": null, "testCalc": 6.7025531422556295, "extTest": {"res1": 32.94356461682274, "res2": 1085.2784496627753}}, "Point T5-651-07082019113745-GenNb8": {"Lambda": -0.7507259898725583, "Kappa": 0.6430206001130169, "tanBeta": 4.5450662118867955, "mBottom": 4.45416488764906, "ChiSquared": null, "LogL": null, "testCalc": 5.713243158815507, "extTest": {"res1": 18.109707400543932, "res2": 327.96150213331566}}, "Point T5-486-07082019113728-GenNb3": {"Lambda": 0.3113, "Kappa": 0.1896, "tanBeta": 10.308233771368124, "mBottom": 10.102069095940761, "ChiSquared": null, "LogL": null, "testCalc": 7.1023833610217775, "extTest": {"res1": -92.99452383538485, "res2": 8647.981463369963}}, "Point T5-399-07082019113731-GenNb4": {"Lambda": 0.9979, "Kappa": 0.3884, "tanBeta": 4.655375801886909, "mBottom": 4.5622682858491705, "ChiSquared": null, "LogL": null, "testCalc": 5.085086514377461, "extTest": {"res1": -105.39609321422633, "res2": 11108.336464821885}}, "Point T5-637-07082019113725-GenNb2": {"Lambda": 0.6898760000000002, "Kappa": 0.77330304, "tanBeta": 4.107557639999999, "mBottom": 4.025406487199999, "ChiSquared": null, "LogL": null, "testCalc": 5.665018948963224, "extTest": {"res1": 8.327902217146644, "res2": 69.35395533835599}}, "Point T5-3-07082019113738-GenNb6": {"Lambda": -0.3704727119281187, "Kappa": 0.2967165359288136, "tanBeta": 3.538176984070903, "mBottom": 3.467413444389485, "ChiSquared": null, "LogL": null, "testCalc": 2.9207923706946923, "extTest": {"res1": 15.518313697090644, "res2": 240.8180600013111}}, "Point T5-448-07082019113750-GenNb9": {"Lambda": 0.940058634815152, "Kappa": 1.0193775541323926, "tanBeta": 4.140194231802918, "mBottom": 4.0573903471668595, "ChiSquared": null, "LogL": null, "testCalc": 7.132826480122255, "extTest": {"res1": -40.64965377451617, "res2": 1652.3943519880365}}, "Point T5-869-07082019113729-GenNb3": {"Lambda": 0.7530018128180693, "Kappa": 0.9956, "tanBeta": 4.505182090989871, "mBottom": 4.415078449170074, "ChiSquared": null, "LogL": null, "testCalc": 7.259910244481851, "extTest": {"res1": -35.46017929808132, "res2": 1257.424315852075}}, "Point T5-721-07082019113751-GenNb9": {"Lambda": 1.0523758103081708, "Kappa": 1.264517268096635, "tanBeta": 3.4919860443385633, "mBottom": 3.422146323451792, "ChiSquared": null, "LogL": null, "testCalc": 7.23424466086625, "extTest": {"res1": 47.46635632449682, "res2": 2253.0549827240993}}, "Point T5-951-07082019113733-GenNb4": {"Lambda": 0.6453621600000001, "Kappa": 0.4299, "tanBeta": 19.4005860824, "mBottom": 19.012574360752, "ChiSquared": null, "LogL": null, "testCalc": 18.263091454759625, "extTest": {"res1": 517.6211558102385, "res2": 267931.66094232723}}}