{"Point T0-46-07082019113739-GenNb7": {"Lambda": 0.8020700000000001, "Kappa": 0.6852, "tanBeta": 7.504938359609823, "mBottom": 7.354839592417626, "ChiSquared": null, "LogL": null, "testCalc": 9.463119845113464, "extTest": {"res1": 41.27310159297156, "res2": 1703.4689151037512}}, "Point T0-62-07082019113748-GenNb9": {"Lambda": 1.0504675430989787, "Kappa": 0.3553823807287101, "tanBeta": 6.825581203048214, "mBottom": 6.68906957898725, "ChiSquared": null, "LogL": null, "testCalc": 6.873708146394438, "extTest": {"res1": 170.1131967215391, "res2": 28938.499698821066}}, "Point T0-319-07082019113748-GenNb9": {"Lambda": 0.9641384174771213, "Kappa": 0.25194805679561616, "tanBeta": 4.569567342453458, "mBottom": 4.4781759956043885, "ChiSquared": null, "LogL": null, "testCalc": 4.319944498185339, "extTest": {"res1": 8.587225177828076, "res2": 73.74043625472443}}, "Point T0-570-07082019113748-GenNb9": {"Lambda": 0.7393707878856421, "Kappa": 0.8656619359238072, "tanBeta": 4.3949121177785475, "mBottom": 4.307013875422976, "ChiSquared": null, "LogL": null, "testCalc": 6.504684231781301, "extTest": {"res1": 49.72571542140184, "res2": 2472.6467741702404}}, "Point T0-396-07082019113749-GenNb9": {"Lambda": 0.8339696459062099, "Kappa": 0.6372651422263831, "tanBeta": 1.794132258473593, "mBottom": 1.7582496133041212, "ChiSquared": null, "LogL": null, "testCalc": 2.7179681258141057, "extTest": {"res1": 16.877874346188136, "res2": 284.8626424457156}}, "Point T0-86-07082019113749-GenNb9": {"Lambda": 0.9155481375506892, "Kappa": 0.5158, "tanBeta": 5.227356260380236, "mBottom": 5.1228091351726315, "ChiSquared": null, "LogL": null, "testCalc": 6.095903318862977, "extTest": {"res1": 31.3605831380029, "res2": 983.486174755592}}, "Point T0-671-07082019113741-GenNb7": {"Lambda": 0.7586611515288915, "Kappa": 0.37323419433447813, "tanBeta": 1.9597275623395087, "mBottom": 1.9205330110927186, "ChiSquared": null, "LogL": null, "testCalc": 2.26727058623036, "extTest": {"res1": 2.8353117508104244, "res2": 8.038992724283673}}, "Point T0-912-07082019113749-GenNb9": {"Lambda": 0.6811598245532513, "Kappa": 0.6677860122845093, "tanBeta": 2.6570875211859977, "mBottom": 2.6039457707622775, "ChiSquared": null, "LogL": null, "testCalc": 3.540317472030284, "extTest": {"res1": -4.919166042859288, "res2": 24.19819455721991}}, "Point T0-566-07082019113749-GenNb9": {"Lambda": 0.9927873717084676, "Kappa": 0.13903635358796113, "tanBeta": 5.898622368600812, "mBottom": 5.780649921228795, "ChiSquared": null, "LogL": null, "testCalc": 4.696074671360844, "extTest": {"res1": -26.31627493272967, "res2": 692.5463263350159}}, "Point T0-782-07082019113746-GenNb8": {"Lambda": 0.862357768681653, "Kappa": 0.6200314502284616, "tanBeta": 2.5887665778320814, "mBottom": 2.5369912462754396, "ChiSquared": null, "LogL": null, "testCalc": 3.617273239899516, "extTest": {"res1": 10.172046715322367, "res2": 103.47053437870055}}, "Point T0-79-07082019113746-GenNb8": {"Lambda": 0.8982283250289458, "Kappa": 0.31974032913257755, "tanBeta": 6.639702005579267, "mBottom": 6.506907965467681, "ChiSquared": null, "LogL": null, "testCalc": 6.183248611224296, "extTest": {"res1": -159.41235274577858, "res2": 25412.29820794454}}, "Point T0-565-07082019113750-GenNb9": {"Lambda": 0.6565, "Kappa": 1.2154749787174746, "tanBeta": 1.6331841755611656, "mBottom": 1.6005204920499423, "ChiSquared": null, "LogL": null, "testCalc": 3.216346997056895, "extTest": {"res1": -81.71657099499357, "res2": 6677.597975179825}}, "Point T0-962-07082019113743-GenNb7": {"Lambda": 1.0275142076034565, "Kappa": 0.4789989903199116, "tanBeta": 4.120252714875043, "mBottom": 4.037847660577542, "ChiSquared": null, "LogL": null, "testCalc": 5.048306167403751, "extTest": {"res1": 816.5832399073406, "res2": 666808.1876975694}}}