{"Point T6-693-07082019113732-GenNb5": {"Lambda": 0.37105651047530785, "Kappa": 0.11185200000000001, "tanBeta": 4.31776386257927, "mBottom": 4.231408585327684, "ChiSquared": null, "LogL": null, "testCalc": 2.736337750187171, "extTest": {"res1": 669.5571594661089, "res2": 448306.7897923244}}, "Point T6-193-07082019113730-GenNb4": {"Lambda": 0.6142, "Kappa": 0.6242, "tanBeta": 4.978510807009343, "mBottom": 4.878940590869156, "ChiSquared": null, "LogL": null, "testCalc": 5.92429838116981, "extTest": {"res1": 20.110293586960328, "res2": 404.42390815373767}}, "Point T6-534-07082019113727-GenNb3": {"Lambda": 0.0852, "Kappa": 0.4245, "tanBeta": 0.9978410217193368, "mBottom": 0.97788420128495, "ChiSquared": null, "LogL": null, "testCalc": 0.9197846543623334, "extTest": {"res1": -0.6435431431595013, "res2": 0.4141477771076104}}, "Point T6-737-07082019113717-GenNb0": {"Lambda": 0.9232, "Kappa": 0.3216, "tanBeta": 4.509665999999998, "mBottom": 4.419472679999998, "ChiSquared": null, "LogL": null, "testCalc": 4.512343165599999, "extTest": {"res1": 25.638640706494556, "res2": 657.3398972767196}}, "Point T6-532-07082019113720-GenNb1": {"Lambda": 0.8532, "Kappa": 0.8682, "tanBeta": 7.025207559999997, "mBottom": 6.8847034087999965, "ChiSquared": null, "LogL": null, "testCalc": 10.269587147991995, "extTest": {"res1": -216.1731725584578, "res2": 46730.84053398877}}, "Point T1-897-07082019112344": {"Lambda": 0.568, "Kappa": 0.6196, "tanBeta": 17.5767, "mBottom": 17.225165999999998, "ChiSquared": null, "LogL": null, "testCalc": 19.825730319999998, "extTest": {"res1": 3183.0602246369403, "res2": 10131872.39366577}}, "Point T6-392-07082019113731-GenNb4": {"Lambda": 0.1044, "Kappa": 0.4684, "tanBeta": 17.851261581818044, "mBottom": 17.494236350181684, "ChiSquared": null, "LogL": null, "testCalc": 17.119548460014414, "extTest": {"res1": 695.4376935739708, "res2": 483633.58564348414}}, "Point T6-778-07082019113728-GenNb3": {"Lambda": 0.2619835547017266, "Kappa": 0.510564324199494, "tanBeta": 13.10007704933494, "mBottom": 12.838075508348242, "ChiSquared": null, "LogL": null, "testCalc": 13.176105122763268, "extTest": {"res1": 2027.1352452703413, "res2": 4109277.3026172468}}, "Point T6-379-07082019113725-GenNb2": {"Lambda": 0.5286, "Kappa": 0.6869, "tanBeta": 7.151254, "mBottom": 7.00822892, "ChiSquared": null, "LogL": null, "testCalc": 8.695728792599999, "extTest": {"res1": 23.10042692528171, "res2": 533.6297241302801}}, "Point T6-82-07082019113732-GenNb4": {"Lambda": 0.8234, "Kappa": 0.08806829370335276, "tanBeta": 3.397449744316847, "mBottom": 3.32950074943051, "ChiSquared": null, "LogL": null, "testCalc": 2.641945536640132, "extTest": {"res1": 8.523059204993604, "res2": 72.6425382118262}}, "Point T6-844-07082019113732-GenNb4": {"Lambda": 0.7287463873510733, "Kappa": 0.8789560535831993, "tanBeta": 7.44491977752862, "mBottom": 7.296021381978047, "ChiSquared": null, "LogL": null, "testCalc": 10.722839294966331, "extTest": {"res1": 39.03220731291184, "res2": 1523.5132077181283}}, "Point T6-248-07082019113732-GenNb4": {"Lambda": 0.1456, "Kappa": 0.9683, "tanBeta": 2.396523571250545, "mBottom": 2.3485930998255338, "ChiSquared": null, "LogL": null, "testCalc": 3.5160496839546695, "extTest": {"res1": 8.479496621538427, "res2": 71.9018629546816}}}