{"Point T3-856-07082019113757-GenNb12": {"Lambda": 0.4750267468391163, "Kappa": 0.3038369896151827, "tanBeta": 3.9356355023588296, "mBottom": 3.856922792311653, "ChiSquared": null, "LogL": null, "testCalc": 3.3499034496277247, "extTest": {"res1": 29.070141844116062, "res2": 845.0731468370276}}, "Point T3-86-07082019113803-GenNb13": {"Lambda": 0.9589176067332851, "Kappa": 0.09189181264112241, "tanBeta": 4.071965001739842, "mBottom": 3.9905257017050446, "ChiSquared": null, "LogL": null, "testCalc": 3.2889660723766987, "extTest": {"res1": -9.945640986910304, "res2": 98.91577464051016}}, "Point T3-693-07082019113811-GenNb15": {"Lambda": 0.6000263204983668, "Kappa": -0.2591440191777734, "tanBeta": 4.098678824763281, "mBottom": 4.016705248268016, "ChiSquared": null, "LogL": null, "testCalc": 1.3062361054568272, "extTest": {"res1": -28.42737602311319, "res2": 808.1157075594707}}, "Point T3-967-07082019113811-GenNb15": {"Lambda": 0.9600475291760886, "Kappa": 0.5153365231416677, "tanBeta": 5.583533565901535, "mBottom": 5.471862894583504, "ChiSquared": null, "LogL": null, "testCalc": 6.535021480265359, "extTest": {"res1": -737.1001911306126, "res2": 543316.6917647857}}, "Point T3-134-07082019113807-GenNb14": {"Lambda": 0.4385, "Kappa": 0.18478704325768175, "tanBeta": 5.045866600494833, "mBottom": 4.944949268484936, "ChiSquared": null, "LogL": null, "testCalc": 3.597167654020598, "extTest": {"res1": -12.695226528737637, "res2": 161.16877661596388}}, "Point T3-622-07082019113812-GenNb15": {"Lambda": 0.18608999999999998, "Kappa": -0.01010629838933945, "tanBeta": 4.212810066848862, "mBottom": 4.1285538655118845, "ChiSquared": null, "LogL": null, "testCalc": 2.0563305052627547, "extTest": {"res1": -12.550937737887894, "res2": 157.5260381003385}}, "Point T3-747-07082019113800-GenNb12": {"Lambda": 0.2590773535111996, "Kappa": 0.2871668124483445, "tanBeta": 6.0488419957022375, "mBottom": 5.927865155788193, "ChiSquared": null, "LogL": null, "testCalc": 4.768080327905958, "extTest": {"res1": -45.679681064249124, "res2": 2086.63326213152}}, "Point T3-98-07082019113813-GenNb15": {"Lambda": 0.3489560925986435, "Kappa": 0.22524110530220431, "tanBeta": 4.419535019553185, "mBottom": 4.331144319162121, "ChiSquared": null, "LogL": null, "testCalc": 3.282803466868732, "extTest": {"res1": -38.4815279801055, "res2": 1480.8279956836423}}, "Point T3-134-07082019113723-GenNb1": {"Lambda": 0.4149, "Kappa": 0.1622, "tanBeta": 2.221779999999999, "mBottom": 2.177344399999999, "ChiSquared": null, "LogL": null, "testCalc": 1.6211869259999994, "extTest": {"res1": 39.38986613410898, "res2": 1551.5615540630254}}, "Point T3-678-07082019113745-GenNb7": {"Lambda": 0.1092, "Kappa": 0.0254, "tanBeta": 4.0193374599369145, "mBottom": 3.938950710738176, "ChiSquared": null, "LogL": null, "testCalc": 2.0834911668514855, "extTest": {"res1": 119.82128499899545, "res2": 14357.140338810492}}, "Point T3-531-07082019113805-GenNb13": {"Lambda": 0.4503495807658565, "Kappa": 0.10784463156640048, "tanBeta": 3.427333215807744, "mBottom": 3.358786551491589, "ChiSquared": null, "LogL": null, "testCalc": 2.25182750855585, "extTest": {"res1": -12.46963949882332, "res2": 155.49190923061468}}, "Point T3-251-07082019113806-GenNb13": {"Lambda": 0.6106, "Kappa": 0.06737537427629109, "tanBeta": 4.580408241574553, "mBottom": 4.488800076743061, "ChiSquared": null, "LogL": null, "testCalc": 2.925839117985824, "extTest": {"res1": -19.885240302084878, "res2": 395.4227818716607}}, "Point T3-510-07082019113810-GenNb14": {"Lambda": 0.19309363376895344, "Kappa": 0.25348118731244285, "tanBeta": 4.125499315385102, "mBottom": 4.0429893290773995, "ChiSquared": null, "LogL": null, "testCalc": 3.104516280661284, "extTest": {"res1": -16.954655620893966, "res2": 287.46034722311134}}}