{"Point T1-584-07082019113756-GenNb11": {"Lambda": 0.8663192086485545, "Kappa": 0.8676976799999999, "tanBeta": 4.716376299831553, "mBottom": 4.622048773834922, "ChiSquared": null, "LogL": null, "testCalc": 7.153922131561741, "extTest": {"res1": 31.524121912029614, "res2": 993.7702623245057}}, "Point T1-904-07082019113745-GenNb8": {"Lambda": 0.526858, "Kappa": 0.549018, "tanBeta": 3.6004902544000004, "mBottom": 3.528480449312, "ChiSquared": null, "LogL": null, "testCalc": 4.018553535310179, "extTest": {"res1": -51.25040803503757, "res2": 2626.6043237578438}}, "Point T1-115-07082019113742-GenNb7": {"Lambda": 0.16, "Kappa": 0.4709, "tanBeta": 8.338833776675667, "mBottom": 8.172057101142153, "ChiSquared": null, "LogL": null, "testCalc": 8.038385376007648, "extTest": {"res1": 61.446882845512114, "res2": 3775.719411430091}}, "Point T1-755-07082019113756-GenNb11": {"Lambda": 0.4329146, "Kappa": 0.27590997359999997, "tanBeta": 4.301826316663089, "mBottom": 4.215789790329827, "ChiSquared": null, "LogL": null, "testCalc": 3.4822267315203717, "extTest": {"res1": -1077.151620756194, "res2": 1160255.6140976956}}, "Point T1-155-07082019113746-GenNb8": {"Lambda": 0.504386, "Kappa": 0.1053, "tanBeta": 2.4251936688980553, "mBottom": 2.376689795520094, "ChiSquared": null, "LogL": null, "testCalc": 1.6981230280910122, "extTest": {"res1": -1.927542597604044, "res2": 3.715420465578145}}, "Point T1-462-07082019113725-GenNb2": {"Lambda": 1.08871416, "Kappa": 0.4749659999999999, "tanBeta": 4.556757654399999, "mBottom": 4.465622501311999, "ChiSquared": null, "LogL": null, "testCalc": 5.582414728920255, "extTest": {"res1": 540.4238050242403, "res2": 292057.8890368781}}, "Point T1-761-07082019113743-GenNb7": {"Lambda": 0.5787, "Kappa": 0.4801139999999998, "tanBeta": 4.758796880799997, "mBottom": 4.663620943183997, "ChiSquared": null, "LogL": null, "testCalc": 4.951469167220407, "extTest": {"res1": 14.034652062444003, "res2": 196.97145851386372}}, "Point T1-760-07082019113754-GenNb10": {"Lambda": 0.61751, "Kappa": 0.05481395999999996, "tanBeta": 5.111421278168316, "mBottom": 5.00919285260495, "ChiSquared": null, "LogL": null, "testCalc": 3.1660922678871417, "extTest": {"res1": 15.431750186190785, "res2": 238.13891380899932}}, "Point T1-546-07082019113750-GenNb9": {"Lambda": 1.6737886161080462, "Kappa": 0.8643, "tanBeta": 4.583030410407554, "mBottom": 4.491369802199403, "ChiSquared": null, "LogL": null, "testCalc": 9.008366416227839, "extTest": {"res1": -20.14656184612907, "res2": 405.8839542199036}}, "Point T1-78-07082019113729-GenNb3": {"Lambda": 0.4073, "Kappa": 0.5566079999999999, "tanBeta": 4.069094214399998, "mBottom": 3.987712330111998, "ChiSquared": null, "LogL": null, "testCalc": 4.424639847544753, "extTest": {"res1": 12.364339716790953, "res2": 152.8768966322142}}, "Point T1-915-07082019113744-GenNb7": {"Lambda": 0.5965111030485544, "Kappa": 0.6015, "tanBeta": 9.908127651600154, "mBottom": 9.709965098568151, "ChiSquared": null, "LogL": null, "testCalc": 11.170546827781772, "extTest": {"res1": -334.4384325162812, "res2": 111849.06514394717}}, "Point T1-437-07082019113755-GenNb10": {"Lambda": 0.2259, "Kappa": 0.192, "tanBeta": 7.02432467203128, "mBottom": 6.883838178590655, "ChiSquared": null, "LogL": null, "testCalc": 4.841620236325333, "extTest": {"res1": -195.2170076943453, "res2": 38109.68009313408}}, "Point T1-212-07082019113745-GenNb7": {"Lambda": 0.72, "Kappa": 0.224874, "tanBeta": 5.617492441599998, "mBottom": 5.5051425927679976, "ChiSquared": null, "LogL": null, "testCalc": 4.534199291696357, "extTest": {"res1": 1521.3899811415467, "res2": 2314627.474717876}}}