{"Point T2-303-07082019113808-GenNb14": {"Lambda": -1.3017884153183972, "Kappa": -0.5208471379393407, "tanBeta": 5.191020499663265, "mBottom": 5.08720008967, "ChiSquared": null, "LogL": null, "testCalc": 1.534524952858126, "extTest": {"res1": -1024.9254129229953, "res2": 1050472.1020553724}}, "Point T2-71-07082019113808-GenNb14": {"Lambda": 1.6444262701206727, "Kappa": 1.373117922902849, "tanBeta": 3.8530279285354587, "mBottom": 3.7759673699647496, "ChiSquared": null, "LogL": null, "testCalc": 9.882783148962638, "extTest": {"res1": 20.660654726629687, "res2": 426.86265373300563}}, "Point T2-529-07082019113805-GenNb13": {"Lambda": -0.20835800000000004, "Kappa": -0.134884230552838, "tanBeta": 4.589190818913211, "mBottom": 4.497407002534947, "ChiSquared": null, "LogL": null, "testCalc": 1.6731070849622165, "extTest": {"res1": -38.996392559647454, "res2": 1520.7186326661274}}, "Point T2-613-07082019113816-GenNb16": {"Lambda": 0.0925662732738544, "Kappa": -0.49031299829849223, "tanBeta": 3.942460674474521, "mBottom": 3.8636114609850307, "ChiSquared": null, "LogL": null, "testCalc": 0.007334531464826766, "extTest": {"res1": 12.145633739504861, "res2": 147.51641893419884}}, "Point T2-976-07082019113808-GenNb14": {"Lambda": 0.6797, "Kappa": 0.7658547560537415, "tanBeta": 3.588290554925848, "mBottom": 3.5165247438273313, "ChiSquared": null, "LogL": null, "testCalc": 4.968363849506346, "extTest": {"res1": 1.1033290158368523, "res2": 1.217334917187517}}, "Point T2-247-07082019113758-GenNb11": {"Lambda": 0.42669465910930404, "Kappa": -0.1992499340066798, "tanBeta": 4.685548385766404, "mBottom": 4.591837418051076, "ChiSquared": null, "LogL": null, "testCalc": 1.544391834488882, "extTest": {"res1": 22.432523047831648, "res2": 503.2180902914981}}, "Point T2-648-07082019113802-GenNb12": {"Lambda": 0.6507, "Kappa": 1.1120380840171602, "tanBeta": 3.60679262761868, "mBottom": 3.5346567750663063, "ChiSquared": null, "LogL": null, "testCalc": 6.201629640597449, "extTest": {"res1": -15.00928200288074, "res2": 225.27854624199966}}, "Point T2-895-07082019113818-GenNb16": {"Lambda": -0.5314792057037595, "Kappa": 0.9138605869396437, "tanBeta": 4.468019379567616, "mBottom": 4.378658991976264, "ChiSquared": null, "LogL": null, "testCalc": 6.554946454752996, "extTest": {"res1": 46.297179471582126, "res2": 2143.4288270238853}}, "Point T2-74-07082019113818-GenNb16": {"Lambda": -0.828225322361558, "Kappa": -1.107784404248258, "tanBeta": 4.302377007465156, "mBottom": 4.216329467315854, "ChiSquared": null, "LogL": null, "testCalc": -1.9719842318073586, "extTest": {"res1": -53.27238930701129, "res2": 2837.9474624777704}}, "Point T2-488-07082019113807-GenNb13": {"Lambda": 0.6315, "Kappa": 0.0713, "tanBeta": 2.336682396553016, "mBottom": 2.2899487486219554, "ChiSquared": null, "LogL": null, "testCalc": 1.7103720791852077, "extTest": {"res1": 6.721646593229299, "res2": 45.18053292427104}}, "Point T2-911-07082019113814-GenNb15": {"Lambda": -0.17463669699570644, "Kappa": -0.3290542721346223, "tanBeta": 5.243587589811176, "mBottom": 5.138715838014952, "ChiSquared": null, "LogL": null, "testCalc": 0.8744309972055915, "extTest": {"res1": 32.56828158149523, "res2": 1060.6929651715614}}, "Point T2-348-07082019113819-GenNb16": {"Lambda": -1.2436042512051744, "Kappa": -0.38830732602259715, "tanBeta": 5.1155563140101865, "mBottom": 5.013245187729983, "ChiSquared": null, "LogL": null, "testCalc": 2.0667661340692653, "extTest": {"res1": 16.257127102244866, "res2": 264.29418161854454}}, "Point T2-190-07082019113800-GenNb11": {"Lambda": 0.6052585975838612, "Kappa": 1.5524024848300968, "tanBeta": 5.5965125501098525, "mBottom": 5.484582299107656, "ChiSquared": null, "LogL": null, "testCalc": 11.796669108676367, "extTest": {"res1": -78.16631708397756, "res2": 6109.973126472923}}}