{"Point T5-924-24072019144602": {"Lambda": 0.23369011383814461, "Kappa": 0.6535771540148763, "tanBeta": 23.733439143268058, "mBottom": 23.258770360402696, "ChiSquared": null, "LogL": null, "testCalc": 27.19562985974943, "extTest": {"res1": 1435.8302114425449, "res2": 2061608.3960911431}}}