{"Point T1-65-24072019144602": {"Lambda": 0.36556480105446904, "Kappa": 0.23361279987782563, "tanBeta": 14.324020829779894, "mBottom": 14.037540413184296, "ChiSquared": null, "LogL": null, "testCalc": 10.498682441915317, "extTest": {"res1": -954.4315164356833, "res2": 910939.519565718}}}