{"Point T0-570-24072019144602": {"Lambda": 0.6204540849345331, "Kappa": 0.18435930172560633, "tanBeta": 14.001426378785633, "mBottom": 13.72139785120992, "ChiSquared": null, "LogL": null, "testCalc": 9.826955387472314, "extTest": {"res1": -739.3393366699183, "res2": 546622.6547475149}}}