{"Point T6-696-24072019144601": {"Lambda": 0.35583267975354776, "Kappa": 0.0742179161597208, "tanBeta": 27.39217888413292, "mBottom": 26.84433530645026, "ChiSquared": null, "LogL": null, "testCalc": 15.581774985060374, "extTest": {"res1": 1912.1424002887832, "res2": 3656288.558982149}}}