{"Point T7-107-21082019102533-GenNb0": {"x": -23.2666, "y": -4.535031999999999, "fAckley": 21.435465408685, "ChiSquared": null},"Point T7-323-21082019102533-GenNb0": {"x": 21.2606, "y": -1.2622900000000006, "fAckley": 20.803743354186903, "ChiSquared": null},"Point T7-862-21082019102534-GenNb0": {"x": -2.5982379999999985, "y": -5.4868, "fAckley": 13.83867001848736, "ChiSquared": null},"Point T7-18-21082019102534-GenNb1": {"x": 19.7473, "y": -7.92660972, "fAckley": 20.180121880223037, "ChiSquared": null},"Point T7-211-21082019102535-GenNb1": {"x": 13.18561492, "y": -0.9219939999999993, "fAckley": 17.741019443111433, "ChiSquared": null},"Point T7-624-21082019102535-GenNb1": {"x": -11.771867079999998, "y": 10.554746000000003, "fAckley": 19.911699642942935, "ChiSquared": null},"Point T7-783-21082019102535-GenNb1": {"x": -20.0145, "y": -26.0682094, "fAckley": 19.933923823572048, "ChiSquared": null},"Point T7-165-21082019102535-GenNb2": {"x": -4.274241999999999, "y": -0.9219939999999993, "fAckley": 10.500960565305743, "ChiSquared": null},"Point T7-99-21082019102536-GenNb3": {"x": 5.6537, "y": 3.3819980000000007, "fAckley": 14.320128181885984, "ChiSquared": null},"Point T7-586-21082019102537-GenNb3": {"x": -23.2666, "y": 6.285287364, "fAckley": 21.205926739744665, "ChiSquared": null},"Point T7-986-21082019102537-GenNb3": {"x": -4.8340951927999996, "y": 10.554746000000003, "fAckley": 18.041947549948212, "ChiSquared": null},"Point T7-922-21082019102537-GenNb3": {"x": -6.420627999999999, "y": 13.289903084, "fAckley": 19.668497131328, "ChiSquared": null},"Point T7-865-21082019102539-GenNb4": {"x": 6.6667790799999995, "y": 13.289903084, "fAckley": 19.58760520484954, "ChiSquared": null},"Point T7-489-21082019102539-GenNb5": {"x": 2.137655807199998, "y": -33.90296395944, "fAckley": 20.47041899937783, "ChiSquared": null},"Point T7-807-21082019102541-GenNb6": {"x": 2.137655807199998, "y": 0.883209675439999, "fAckley": 6.292969892539261, "ChiSquared": null},"Point T7-339-21082019102541-GenNb6": {"x": -4.8340951927999996, "y": -6.145306415199999, "fAckley": 14.352218143272534, "ChiSquared": null},"Point T7-242-21082019102542-GenNb7": {"x": -4.8340951927999996, "y": -0.4157079999999992, "fAckley": 11.812493288568104, "ChiSquared": null},"Point T7-542-21082019102543-GenNb7": {"x": 6.6667790799999995, "y": -0.31592238579039833, "fAckley": 14.298962816684902, "ChiSquared": null},"Point T7-4-21082019102543-GenNb8": {"x": 3.9542037200000006, "y": -2.6461652799999995, "fAckley": 11.3211658394395, "ChiSquared": null},"Point T7-358-21082019102544-GenNb8": {"x": 3.316335020048, "y": -0.9219939999999993, "fAckley": 9.156717517108936, "ChiSquared": null},"Point T7-413-21082019102544-GenNb8": {"x": -2.5982379999999985, "y": 0.08680667999999958, "fAckley": 7.85119890691182, "ChiSquared": null},"Point T7-448-21082019102545-GenNb9": {"x": -10.666219112752, "y": -7.92660972, "fAckley": 18.447312687036177, "ChiSquared": null},"Point T7-715-21082019102545-GenNb9": {"x": 1.2205, "y": -3.5880024087999987, "fAckley": 10.29977166872704, "ChiSquared": null},"Point T7-345-21082019102545-GenNb9": {"x": 2.3421675447999997, "y": 1.4878391078096012, "fAckley": 8.747779913328698, "ChiSquared": null},"Point T7-664-21082019102545-GenNb9": {"x": -1.9929151672479997, "y": -0.31592238579039833, "fAckley": 6.335879138559324, "ChiSquared": null},"Point T7-757-21082019102545-GenNb10": {"x": -7.4055514531840005, "y": -7.001928317645663, "fAckley": 16.896736445746654, "ChiSquared": null},"Point T7-331-21082019102546-GenNb10": {"x": 3.5406, "y": -1.4511536301783372, "fAckley": 10.69389230150427, "ChiSquared": null},"Point T7-639-21082019102547-GenNb11": {"x": 5.956833406815999, "y": -7.001928317645663, "fAckley": 14.599151318052847, "ChiSquared": null},"Point T7-493-21082019102547-GenNb11": {"x": 2.3421675447999997, "y": -1.2406037881447354, "fAckley": 8.186767174468137, "ChiSquared": null},"Point T7-42-21082019102547-GenNb11": {"x": -3.3385385795679983, "y": -3.2632487209623364, "fAckley": 11.646864757703913, "ChiSquared": null},"Point T7-312-21082019102547-GenNb11": {"x": -2.7332157468159997, "y": -0.3122487453639379, "fAckley": 8.38018424389695, "ChiSquared": null},"Point T7-968-21082019102548-GenNb12": {"x": -1.2120971652665617, "y": -7.001928317645663, "fAckley": 13.54196135933495, "ChiSquared": null},"Point T7-455-21082019102548-GenNb12": {"x": 1.2205, "y": -1.2430283908261992, "fAckley": 5.96471584338714, "ChiSquared": null},"Point T7-521-21082019102549-GenNb12": {"x": 0.262916589951681, "y": -3.2632487209623364, "fAckley": 9.209112044742447, "ChiSquared": null},"Point T7-306-21082019102550-GenNb13": {"x": 1.0032171695196808, "y": 0.883209675439999, "fAckley": 3.77314811341671, "ChiSquared": null},"Point T7-693-21082019102551-GenNb14": {"x": -3.0163416204665623, "y": -2.6461652799999995, "fAckley": 10.16513041930983, "ChiSquared": null},"Point T7-658-21082019102551-GenNb14": {"x": -1.2120971652665617, "y": -1.506404971566398, "fAckley": 6.8203628385579655, "ChiSquared": null},"Point T7-449-21082019102552-GenNb14": {"x": -5.993883406383999, "y": -26.0682094, "fAckley": 19.665963671013305, "ChiSquared": null},"Point T7-603-21082019102552-GenNb15": {"x": -0.4920897786025593, "y": -1.506404971566398, "fAckley": 6.365584314692999, "ChiSquared": null},"Point T7-887-21082019102553-GenNb15": {"x": -0.9278847504803194, "y": -0.3122487453639379, "fAckley": 4.008662351326109, "ChiSquared": null},"Point T7-79-21082019102553-GenNb15": {"x": -3.132728816432319, "y": 0.08680667999999958, "fAckley": 7.733148116852227, "ChiSquared": null},"Point T7-116-21082019102553-GenNb16": {"x": -2.2640646120049115, "y": -2.6461652799999995, "fAckley": 9.790113514217794, "ChiSquared": null},"Point T7-906-21082019102554-GenNb16": {"x": 0.7368091834803201, "y": 0.20970359120000126, "fAckley": 3.684338830845299, "ChiSquared": null},"Point T7-546-21082019102554-GenNb16": {"x": 2.3421675447999997, "y": 0.611748198834076, "fAckley": 7.996960230105158, "ChiSquared": null},"Point T7-134-21082019102554-GenNb16": {"x": 2.36906481134912, "y": -2.1166946971202605, "fAckley": 8.924716112253002, "ChiSquared": null},"Point T7-201-21082019102554-GenNb17": {"x": -2.2640646120049115, "y": -2.290523240408792, "fAckley": 9.19162948159895, "ChiSquared": null},"Point T7-893-21082019102555-GenNb17": {"x": 0.6743599515086485, "y": 1.0190232698692183, "fAckley": 4.585451264706563, "ChiSquared": null},"Point T7-471-21082019102555-GenNb17": {"x": -0.10583009711990066, "y": -1.2430283908261992, "fAckley": 4.438148690971438, "ChiSquared": null},"Point T7-890-21082019102555-GenNb17": {"x": -2.281816807927331, "y": 0.611748198834076, "fAckley": 7.780395036937563, "ChiSquared": null},"Point T7-448-21082019102555-GenNb17": {"x": 0.262916589951681, "y": -2.0013329734351406, "fAckley": 6.101759803626521, "ChiSquared": null},"Point T7-915-21082019102555-GenNb17": {"x": 3.10936539091712, "y": 0.08680667999999958, "fAckley": 7.579421992500498, "ChiSquared": null},"Point T7-156-21082019102555-GenNb18": {"x": -0.11156893317647176, "y": 2.133818860396212, "fAckley": 5.888915567384288, "ChiSquared": null},"Point T7-755-21082019102557-GenNb18": {"x": -1.9929151672479997, "y": -0.8164034103122997, "fAckley": 5.951492311689872, "ChiSquared": null},"Point T7-547-21082019102557-GenNb18": {"x": -1.8662316754992885, "y": -2.124092523561546, "fAckley": 7.318121193088421, "ChiSquared": null},"Point T7-634-21082019102557-GenNb19": {"x": -0.04911970120480014, "y": 1.324499181726995, "fAckley": 4.851693449622207, "ChiSquared": null},"Point T7-578-21082019102557-GenNb19": {"x": 0.4773531047173205, "y": -0.23122744228051018, "fAckley": 3.5170670358455465, "ChiSquared": null},"Point T7-207-21082019102558-GenNb19": {"x": -2.281816807927331, "y": -0.6952468316610755, "fAckley": 7.680057798262101, "ChiSquared": null},"Point T7-994-21082019102559-GenNb20": {"x": -0.3773827157474992, "y": -0.23122744228051018, "fAckley": 3.1908945179348085, "ChiSquared": null},