{"Point T1-501-21082019102533-GenNb0": {"x": 26.6341, "y": 5.858041999999999, "fAckley": 21.314159912948647, "ChiSquared": null},"Point T1-535-21082019102533-GenNb0": {"x": 1.8005, "y": 3.0480259999999997, "fAckley": 8.71146490274318, "ChiSquared": null},"Point T1-227-21082019102533-GenNb0": {"x": -20.1766, "y": -5.042959999999999, "fAckley": 19.63957905319757, "ChiSquared": null},"Point T1-566-21082019102533-GenNb0": {"x": -9.729460000000001, "y": 2.163520000000001, "fAckley": 16.61898214121311, "ChiSquared": null},"Point T1-185-21082019102534-GenNb1": {"x": -0.1714720000000014, "y": -5.1314, "fAckley": 11.263713123757384, "ChiSquared": null},"Point T1-284-21082019102534-GenNb1": {"x": -4.646886, "y": -3.7561408400000005, "fAckley": 13.37330110951416, "ChiSquared": null},"Point T1-948-21082019102534-GenNb1": {"x": -15.944614, "y": -1.311583999999999, "fAckley": 19.31162016951442, "ChiSquared": null},"Point T1-302-21082019102534-GenNb1": {"x": 3.0231939999999984, "y": 0.41455999999999893, "fAckley": 8.66099191199214, "ChiSquared": null},"Point T1-30-21082019102535-GenNb2": {"x": -5.619166760000002, "y": 0.9643, "fAckley": 12.659167277565508, "ChiSquared": null},"Point T1-371-21082019102535-GenNb2": {"x": -0.1714720000000014, "y": -1.1337404000000006, "fAckley": 3.943130376805485, "ChiSquared": null},"Point T1-252-21082019102535-GenNb2": {"x": 15.020053599999999, "y": 5.858041999999999, "fAckley": 18.424712350814033, "ChiSquared": null},"Point T1-573-21082019102536-GenNb2": {"x": 10.713174760000001, "y": -1.311583999999999, "fAckley": 17.63353135251598, "ChiSquared": null},"Point T1-508-21082019102536-GenNb2": {"x": -17.102716, "y": -5.042959999999999, "fAckley": 18.697624433873166, "ChiSquared": null},"Point T1-426-21082019102536-GenNb3": {"x": 6.4579, "y": 0.06367516000000073, "fAckley": 13.716407939751408, "ChiSquared": null},"Point T1-604-21082019102536-GenNb3": {"x": 15.020053599999999, "y": -1.9252256000000012, "fAckley": 17.80404360587737, "ChiSquared": null},"Point T1-50-21082019102536-GenNb3": {"x": -4.646886, "y": -0.17495503999999873, "fAckley": 11.428686829331538, "ChiSquared": null},"Point T1-464-21082019102536-GenNb3": {"x": 10.713174760000001, "y": -0.8122613359999988, "fAckley": 17.262556958799752, "ChiSquared": null},"Point T1-347-21082019102537-GenNb3": {"x": -9.729460000000001, "y": -0.8304370456000008, "fAckley": 16.497017751811317, "ChiSquared": null},"Point T1-639-21082019102537-GenNb4": {"x": -0.1714720000000014, "y": 0.9762959683360013, "fAckley": 3.2565536602077363, "ChiSquared": null},"Point T1-649-21082019102537-GenNb4": {"x": 4.518473341599998, "y": 0.5436778446399999, "fAckley": 11.83442531774272, "ChiSquared": null},"Point T1-880-21082019102538-GenNb4": {"x": -0.2715004799999985, "y": -0.17495503999999873, "fAckley": 2.438028455539613, "ChiSquared": null},"Point T1-658-21082019102538-GenNb4": {"x": 5.846825800000001, "y": -0.8122613359999988, "fAckley": 12.42882502558174, "ChiSquared": null},"Point T1-878-21082019102539-GenNb5": {"x": -5.037820960000001, "y": -1.8039691815679977, "fAckley": 11.41466880457251, "ChiSquared": null},"Point T1-474-21082019102539-GenNb5": {"x": 3.0231939999999984, "y": -0.4098148902400007, "fAckley": 8.65144289183322, "ChiSquared": null},"Point T1-912-21082019102539-GenNb5": {"x": 9.331466079999998, "y": -5.042959999999999, "fAckley": 16.98847598831836, "ChiSquared": null},"Point T1-625-21082019102539-GenNb5": {"x": 5.8385953448, "y": -0.8304370456000008, "fAckley": 12.373148355192118, "ChiSquared": null},"Point T1-594-21082019102540-GenNb6": {"x": 5.031617304800001, "y": 1.4517379419583996, "fAckley": 12.168701775734412, "ChiSquared": null},"Point T1-133-21082019102540-GenNb6": {"x": -5.037820960000001, "y": 0.0693801407776008, "fAckley": 10.352272216023337, "ChiSquared": null},"Point T1-824-21082019102540-GenNb6": {"x": 0.15074576094400083, "y": -1.4857718772972779, "fAckley": 5.712191071414004, "ChiSquared": null},"Point T1-739-21082019102540-GenNb6": {"x": 1.8533304140319977, "y": 3.103463454736, "fAckley": 8.708407623661097, "ChiSquared": null},"Point T1-676-21082019102540-GenNb7": {"x": 0.16720301571200047, "y": 0.9643, "fAckley": 3.215809177303328, "ChiSquared": null},"Point T1-205-21082019102541-GenNb7": {"x": 5.031617304800001, "y": 0.8030387806867844, "fAckley": 11.066227243983445, "ChiSquared": null},"Point T1-674-21082019102541-GenNb7": {"x": 1.0300010400000026, "y": 0.0693801407776008, "fAckley": 2.8638035231005365, "ChiSquared": null},"Point T1-304-21082019102541-GenNb7": {"x": 9.331466079999998, "y": -1.5405686570578034, "fAckley": 16.985915260166056, "ChiSquared": null},"Point T1-901-21082019102542-GenNb7": {"x": 0.11218774800000225, "y": 3.103463454736, "fAckley": 7.648041188352229, "ChiSquared": null},"Point T1-613-21082019102542-GenNb8": {"x": -1.2948639254559997, "y": 3.333553961639361, "fAckley": 9.979973533927893, "ChiSquared": null},"Point T1-765-21082019102542-GenNb8": {"x": -3.009372191632, "y": 2.523076877247429, "fAckley": 10.23678642631164, "ChiSquared": null},"Point T1-438-21082019102543-GenNb8": {"x": -0.045460706511041005, "y": 2.5892647781179643, "fAckley": 7.7935063474256, "ChiSquared": null},"Point T1-36-21082019102543-GenNb8": {"x": 9.331466079999998, "y": -0.3576271426181512, "fAckley": 16.806533405950184, "ChiSquared": null},"Point T1-111-21082019102543-GenNb8": {"x": 0.11218774800000225, "y": -0.9746024402324824, "fAckley": 2.911547258092878, "ChiSquared": null},"Point T1-623-21082019102544-GenNb9": {"x": -3.009372191632, "y": -0.773519486188543, "fAckley": 8.056983952010343, "ChiSquared": null},"Point T1-226-21082019102544-GenNb9": {"x": -0.23519040331007968, "y": 1.10472057055344, "fAckley": 4.114914683858029, "ChiSquared": null},"Point T1-952-21082019102544-GenNb9": {"x": -0.045460706511041005, "y": 0.2409373035703931, "fAckley": 1.737602961488094, "ChiSquared": null},"Point T1-912-21082019102544-GenNb9": {"x": 6.74187732360096, "y": -0.3576271426181512, "fAckley": 14.307509561683688, "ChiSquared": null}}