{"Point T0-588-21082019102532-GenNb0": {"x": 1.3761699999999997, "y": 29.6467, "fAckley": 21.89982652845328, "ChiSquared": null},"Point T0-308-21082019102533-GenNb0": {"x": 8.119178, "y": 36.925984, "fAckley": 20.368031174406866, "ChiSquared": null},"Point T0-278-21082019102533-GenNb0": {"x": 14.95072, "y": -16.2212, "fAckley": 20.07337095227124, "ChiSquared": null},"Point T0-405-21082019102533-GenNb0": {"x": 7.3664, "y": 6.653169999999999, "fAckley": 17.266806332835305, "ChiSquared": null},"Point T0-183-21082019102533-GenNb0": {"x": -3.4171460000000007, "y": 8.6665, "fAckley": 16.857505673979016, "ChiSquared": null},"Point T0-301-21082019102533-GenNb0": {"x": 11.9369, "y": -6.645995999999997, "fAckley": 18.65125601931102, "ChiSquared": null},"Point T0-86-21082019102534-GenNb1": {"x": -13.26759652, "y": 29.6467, "fAckley": 21.81640601011765, "ChiSquared": null},"Point T0-672-21082019102535-GenNb1": {"x": 5.880146, "y": 5.295073800000004, "fAckley": 14.934077066523683, "ChiSquared": null},"Point T0-716-21082019102535-GenNb2": {"x": 16.8392457032, "y": -19.715678, "fAckley": 21.034873777525316, "ChiSquared": null},"Point T0-814-21082019102535-GenNb2": {"x": 1.0852, "y": -1.2162740000000012, "fAckley": 5.128064293565103, "ChiSquared": null},"Point T0-650-21082019102537-GenNb3": {"x": 16.8392457032, "y": -2.743913639999997, "fAckley": 19.647151215306348, "ChiSquared": null},"Point T0-791-21082019102537-GenNb3": {"x": -6.8840269641119995, "y": 36.925984, "fAckley": 20.34932031606365, "ChiSquared": null},"Point T0-240-21082019102538-GenNb3": {"x": -3.4171460000000007, "y": -5.534240708000004, "fAckley": 14.348947265807581, "ChiSquared": null},"Point T0-966-21082019102538-GenNb3": {"x": 12.059710359999999, "y": -13.1707, "fAckley": 19.09572609975565, "ChiSquared": null},"Point T0-432-21082019102538-GenNb4": {"x": -1.3630308375999993, "y": -2.743913639999997, "fAckley": 9.042659432959237, "ChiSquared": null},"Point T0-591-21082019102539-GenNb4": {"x": -6.8840269641119995, "y": 5.837119132719996, "fAckley": 15.253833089574908, "ChiSquared": null},"Point T0-187-21082019102539-GenNb4": {"x": 14.95072, "y": -9.339521002399998, "fAckley": 19.83187697167251, "ChiSquared": null},"Point T0-934-21082019102539-GenNb4": {"x": 12.059710359999999, "y": 12.97229, "fAckley": 18.478945282571846, "ChiSquared": null},"Point T0-412-21082019102540-GenNb4": {"x": -1.8105, "y": -13.424161868000002, "fAckley": 19.001371433411602, "ChiSquared": null},"Point T0-907-21082019102540-GenNb5": {"x": 1.0852, "y": -0.8250279355952017, "fAckley": 4.295883668015055, "ChiSquared": null},"Point T0-645-21082019102540-GenNb5": {"x": 14.95072, "y": 2.4499194000000033, "fAckley": 19.370406191255405, "ChiSquared": null},"Point T0-456-21082019102540-GenNb5": {"x": -0.17660799999999988, "y": 5.295073800000004, "fAckley": 12.177604293058563, "ChiSquared": null},"Point T0-978-21082019102541-GenNb5": {"x": 12.059710359999999, "y": -2.192173427119992, "fAckley": 17.28277575295093, "ChiSquared": null},"Point T0-512-21082019102541-GenNb6": {"x": 14.95072, "y": -3.0199882461008087, "fAckley": 17.760999888462393, "ChiSquared": null},"Point T0-155-21082019102541-GenNb6": {"x": 2.438370117599999, "y": 6.653169999999999, "fAckley": 14.903180908613212, "ChiSquared": null},"Point T0-946-21082019102542-GenNb6": {"x": 12.059710359999999, "y": -2.849413689494389, "fAckley": 17.1181421535386, "ChiSquared": null},"Point T0-556-21082019102542-GenNb6": {"x": -1.8105, "y": -10.157026010980804, "fAckley": 16.483099719577652, "ChiSquared": null},"Point T0-345-21082019102543-GenNb7": {"x": -3.4171460000000007, "y": 0.7209565080000032, "fAckley": 9.921546781230132, "ChiSquared": null},"Point T0-508-21082019102543-GenNb7": {"x": -0.17660799999999988, "y": 0.9200583373385047, "fAckley": 3.263877260793301, "ChiSquared": null},"Point T0-593-21082019102543-GenNb8": {"x": -1.3630308375999993, "y": 2.123003099471095, "fAckley": 7.687420538275397, "ChiSquared": null},"Point T0-373-21082019102543-GenNb8": {"x": 14.95072, "y": 1.9600526919999957, "fAckley": 17.734190624821874, "ChiSquared": null},"Point T0-653-21082019102544-GenNb8": {"x": 2.438370117599999, "y": 4.217730745069947, "fAckley": 11.98047969440982, "ChiSquared": null},"Point T0-631-21082019102544-GenNb8": {"x": 2.0756738799999983, "y": 0.7209565080000032, "fAckley": 6.635832051614699, "ChiSquared": null},"Point T0-874-21082019102544-GenNb8": {"x": -1.8105, "y": 3.6689875430663, "fAckley": 10.561199430714282, "ChiSquared": null},"Point T0-561-21082019102544-GenNb9": {"x": -1.3630308375999993, "y": -1.4668934433991467, "fAckley": 7.208097490533694, "ChiSquared": null},"Point T0-436-21082019102545-GenNb9": {"x": 7.622662359999999, "y": 1.9600526919999957, "fAckley": 15.013482198399068, "ChiSquared": null},"Point T0-552-21082019102545-GenNb9": {"x": 5.259585764783999, "y": 1.6173, "fAckley": 12.863446717307129, "ChiSquared": null},"Point T0-991-21082019102546-GenNb9": {"x": -7.276433394713918, "y": -2.849413689494389, "fAckley": 14.861570979315758, "ChiSquared": null},"Point T0-530-21082019102546-GenNb10": {"x": -3.5810566047574395, "y": 5.837119132719996, "fAckley": 14.286598190678491, "ChiSquared": null},"Point T0-64-21082019102546-GenNb10": {"x": -3.223014567311999, "y": 1.9600526919999957, "fAckley": 9.22100919311879, "ChiSquared": null},"Point T0-892-21082019102546-GenNb10": {"x": -0.6709717456319995, "y": 4.217730745069947, "fAckley": 10.914100397781048, "ChiSquared": null},"Point T0-381-21082019102547-GenNb10": {"x": 1.9247738439574409, "y": 1.5116450420585026, "fAckley": 7.621754791192059, "ChiSquared": null},"Point T0-498-21082019102547-GenNb10": {"x": -1.8105, "y": -2.4369643730880353, "fAckley": 8.940543277665578, "ChiSquared": null},"Point T0-138-21082019102547-GenNb11": {"x": -1.3630308375999993, "y": 1.2160073862998901, "fAckley": 6.4688492004335, "ChiSquared": null},"Point T0-546-21082019102547-GenNb11": {"x": -2.871947613377528, "y": 5.837119132719996, "fAckley": 12.913103014518825, "ChiSquared": null},"Point T0-52-21082019102548-GenNb11": {"x": -0.7705657694200874, "y": 1.6173, "fAckley": 6.4579042549910035, "ChiSquared": null},"Point T0-149-21082019102549-GenNb12": {"x": -1.7935788933775278, "y": 5.837119132719996, "fAckley": 12.80029572424585, "ChiSquared": null},"Point T0-296-21082019102550-GenNb12": {"x": -0.7705657694200874, "y": -0.5601748105531292, "fAckley": 4.569043064528316, "ChiSquared": null},"Point T0-337-21082019102550-GenNb13": {"x": -0.14238926160992005, "y": 1.2160073862998901, "fAckley": 4.37770983781186, "ChiSquared": null},"Point T0-604-21082019102550-GenNb13": {"x": -0.11087594429986186, "y": -0.8250279355952017, "fAckley": 3.098000021566311, "ChiSquared": null},"Point T0-518-21082019102551-GenNb13": {"x": 0.3021609271840002, "y": 1.9600526919999957, "fAckley": 6.227882279062893, "ChiSquared": null},"Point T0-895-21082019102551-GenNb13": {"x": -0.9175287175120487, "y": 4.217730745069947, "fAckley": 10.148389922998156, "ChiSquared": null},"Point T0-451-21082019102551-GenNb13": {"x": 1.9247738439574409, "y": 1.438198259521386, "fAckley": 7.497454658759617, "ChiSquared": null},"Point T0-290-21082019102551-GenNb13": {"x": 0.9137824928887126, "y": -2.4369643730880353, "fAckley": 7.90926079718276, "ChiSquared": null},"Point T0-919-21082019102551-GenNb14": {"x": -1.7935788933775278, "y": -4.022696854311915, "fAckley": 10.112491850555292, "ChiSquared": null},"Point T0-960-21082019102551-GenNb14": {"x": -0.8084230192072592, "y": 1.9600526919999957, "fAckley": 5.957503122110946, "ChiSquared": null},"Point T0-910-21082019102552-GenNb14": {"x": -0.9175287175120487, "y": 1.315699482111846, "fAckley": 5.514033472273088, "ChiSquared": null},"Point T0-832-21082019102552-GenNb14": {"x": -0.4694057886818961, "y": 0.12189947778716537, "fAckley": 3.16628737484993, "ChiSquared": null},"Point T0-607-21082019102552-GenNb14": {"x": 1.9247738439574409, "y": 1.9292681612834557, "fAckley": 6.66349296390954, "ChiSquared": null},