{"Point T4-912-21082019102532-GenNb0": {"x": 28.6414, "y": 9.02598, "fAckley": 21.237228792804963, "ChiSquared": null},"Point T4-341-21082019102533-GenNb0": {"x": 37.165334, "y": 3.892, "fAckley": 20.715022121622468, "ChiSquared": null},"Point T4-673-21082019102533-GenNb0": {"x": 9.6163, "y": -17.562510000000003, "fAckley": 21.105791282491648, "ChiSquared": null},"Point T4-304-21082019102533-GenNb0": {"x": -18.094316, "y": 0.3299, "fAckley": 19.98095308803879, "ChiSquared": null},"Point T4-712-21082019102534-GenNb0": {"x": -12.46841, "y": 0.5320079999999998, "fAckley": 18.918945447800855, "ChiSquared": null},"Point T4-201-21082019102534-GenNb1": {"x": 27.986014, "y": 3.892, "fAckley": 19.92189950312783, "ChiSquared": null},"Point T4-275-21082019102534-GenNb1": {"x": 11.02719256, "y": -1.6934, "fAckley": 17.21430581329846, "ChiSquared": null},"Point T4-608-21082019102535-GenNb1": {"x": -12.46841, "y": -1.7140215200000015, "fAckley": 18.797546409853183, "ChiSquared": null},"Point T4-885-21082019102535-GenNb2": {"x": 13.134302310399999, "y": 9.0123697968, "fAckley": 18.320854351367533, "ChiSquared": null},"Point T4-908-21082019102536-GenNb2": {"x": 9.6163, "y": -1.176092, "fAckley": 16.774487703052465, "ChiSquared": null},"Point T4-616-21082019102536-GenNb2": {"x": -7.059974000000001, "y": 12.0996, "fAckley": 17.572709478338314, "ChiSquared": null},"Point T4-858-21082019102536-GenNb2": {"x": 15.347419240000002, "y": 0.3299, "fAckley": 19.847063060721904, "ChiSquared": null},"Point T4-405-21082019102537-GenNb3": {"x": 16.504417301599997, "y": 9.02598, "fAckley": 20.326193090351087, "ChiSquared": null},"Point T4-260-21082019102537-GenNb3": {"x": 7.538332240000001, "y": -1.6934, "fAckley": 15.494710661177034, "ChiSquared": null},"Point T4-137-21082019102538-GenNb3": {"x": 19.3025, "y": 6.988408065888001, "fAckley": 20.22097672523388, "ChiSquared": null},"Point T4-623-21082019102538-GenNb3": {"x": 5.646197089600001, "y": 7.690602000000001, "fAckley": 16.91441001759995, "ChiSquared": null},"Point T4-894-21082019102538-GenNb3": {"x": -8.417, "y": -0.808933483200001, "fAckley": 15.892430680824255, "ChiSquared": null},"Point T4-828-21082019102539-GenNb4": {"x": -0.8477406791359989, "y": -5.7963, "fAckley": 12.444076018409067, "ChiSquared": null},"Point T4-104-21082019102539-GenNb4": {"x": 3.6179833015999936, "y": 6.988408065888001, "fAckley": 15.007514364944633, "ChiSquared": null},"Point T4-97-21082019102540-GenNb5": {"x": 11.824331167365761, "y": 7.20795532, "fAckley": 18.469497140601405, "ChiSquared": null},"Point T4-758-21082019102540-GenNb5": {"x": 4.081491873370241, "y": -3.8840060000000003, "fAckley": 11.457505038356047, "ChiSquared": null},"Point T4-302-21082019102540-GenNb5": {"x": 5.842259195791993, "y": 6.997390800000001, "fAckley": 15.040174032987474, "ChiSquared": null},"Point T4-844-21082019102541-GenNb5": {"x": -4.84743224, "y": 8.308056720000002, "fAckley": 16.47151539990251, "ChiSquared": null},"Point T4-465-21082019102541-GenNb6": {"x": 4.563678829222715, "y": 7.20795532, "fAckley": 16.014452504643206, "ChiSquared": null},"Point T4-375-21082019102541-GenNb6": {"x": 1.6452423251756425, "y": 9.0123697968, "fAckley": 16.031193405046523, "ChiSquared": null},"Point T4-44-21082019102541-GenNb6": {"x": -7.059974000000001, "y": 9.034962734112002, "fAckley": 16.173275611580788, "ChiSquared": null},"Point T4-106-21082019102541-GenNb6": {"x": -1.5038911974982394, "y": 6.988408065888001, "fAckley": 14.441889572835652, "ChiSquared": null},"Point T4-809-21082019102541-GenNb6": {"x": -8.790829658191996, "y": -0.808933483200001, "fAckley": 15.618931581361114, "ChiSquared": null},"Point T4-982-21082019102542-GenNb7": {"x": 1.6452423251756425, "y": 0.39642936479999946, "fAckley": 6.480435570265197, "ChiSquared": null},"Point T4-647-21082019102542-GenNb7": {"x": -4.420177569829761, "y": -0.27391270108799937, "fAckley": 11.428492501157399, "ChiSquared": null},"Point T4-541-21082019102543-GenNb8": {"x": 4.563678829222715, "y": 4.096929840193922, "fAckley": 13.36590380044347, "ChiSquared": null},"Point T4-831-21082019102543-GenNb8": {"x": 2.1559063690187954, "y": -0.27391270108799937, "fAckley": 6.784200780946163, "ChiSquared": null},"Point T4-534-21082019102543-GenNb8": {"x": -7.059974000000001, "y": -4.679545479680001, "fAckley": 15.39641660090024, "ChiSquared": null},"Point T4-923-21082019102544-GenNb8": {"x": 2.9576288174729175, "y": 6.997390800000001, "fAckley": 13.217226152001263, "ChiSquared": null},"Point T4-911-21082019102544-GenNb8": {"x": -4.732483728323468, "y": -0.808933483200001, "fAckley": 11.441303765578802, "ChiSquared": null},"Point T4-314-21082019102544-GenNb8": {"x": -3.0553777823641717, "y": 8.308056720000002, "fAckley": 15.660247003050394, "ChiSquared": null},"Point T4-553-21082019102544-GenNb9": {"x": -4.92910292965535, "y": 4.096929840193922, "fAckley": 12.272761556260377, "ChiSquared": null},"Point T4-678-21082019102545-GenNb9": {"x": -1.5038911974982394, "y": 1.131687340768, "fAckley": 6.541251661926022, "ChiSquared": null},"Point T4-694-21082019102545-GenNb9": {"x": 2.9576288174729175, "y": 2.5155830088832127, "fAckley": 10.184039586357057, "ChiSquared": null},"Point T4-921-21082019102545-GenNb9": {"x": -0.8430443845393918, "y": -0.808933483200001, "fAckley": 4.185215745996469, "ChiSquared": null},"Point T4-45-21082019102545-GenNb10": {"x": -1.1668529285617586, "y": 0.6892615772819206, "fAckley": 5.1411672302242515, "ChiSquared": null},"Point T4-533-21082019102546-GenNb10": {"x": 2.1802198743284835, "y": -3.5868622690629213, "fAckley": 10.865280314536133, "ChiSquared": null},"Point T4-476-21082019102546-GenNb10": {"x": -1.5038911974982394, "y": -0.7657039723750404, "fAckley": 6.327420650006953, "ChiSquared": null},"Point T4-971-21082019102546-GenNb10": {"x": -3.0553777823641717, "y": 0.9214854213887997, "fAckley": 7.49717121325331, "ChiSquared": null},"Point T4-67-21082019102546-GenNb11": {"x": -0.3332198299812852, "y": 4.096929840193922, "fAckley": 10.360943126248412, "ChiSquared": null},"Point T4-52-21082019102547-GenNb11": {"x": 2.9576288174729175, "y": -2.598053529144853, "fAckley": 10.179545933316538, "ChiSquared": null},"Point T4-288-21082019102548-GenNb12": {"x": -0.3332198299812852, "y": 0.3427245799333124, "fAckley": 3.4339393278294, "ChiSquared": null},"Point T4-418-21082019102548-GenNb12": {"x": -0.8632019881524817, "y": 1.5772485951236017, "fAckley": 6.3181319042898565, "ChiSquared": null},"Point T4-573-21082019102548-GenNb12": {"x": -4.361162804767744, "y": -1.6934, "fAckley": 11.78883286012431, "ChiSquared": null},"Point T4-230-21082019102548-GenNb12": {"x": 1.651083058348763, "y": -3.5868622690629213, "fAckley": 10.788553829090134, "ChiSquared": null},"Point T4-907-21082019102548-GenNb12": {"x": 0.4627406378641805, "y": -0.7657039723750404, "fAckley": 4.4493398275246925, "ChiSquared": null},"Point T4-491-21082019102549-GenNb12": {"x": 2.9576288174729175, "y": -2.014305628056854, "fAckley": 7.9955618510739175, "ChiSquared": null},"Point T4-836-21082019102549-GenNb13": {"x": -0.8632019881524817, "y": 1.3009674706055783, "fAckley": 5.496620518913421, "ChiSquared": null},"Point T4-604-21082019102549-GenNb13": {"x": 1.012938482927293, "y": -0.9944183906251218, "fAckley": 3.6428861300640247, "ChiSquared": null},"Point T4-645-21082019102549-GenNb13": {"x": 1.4974887749085628, "y": -0.27391270108799937, "fAckley": 6.029309955559981, "ChiSquared": null},"Point T4-405-21082019102550-GenNb13": {"x": 1.651083058348763, "y": -3.798659983580445, "fAckley": 10.715851268758882, "ChiSquared": null},"Point T4-185-21082019102550-GenNb13": {"x": 2.9576288174729175, "y": 0.10669957136320873, "fAckley": 7.161318088565711, "ChiSquared": null},"Point T4-718-21082019102550-GenNb14": {"x": -0.08745720719893191, "y": -0.536989554124959, "fAckley": 3.257810117805264, "ChiSquared": null},"Point T4-757-21082019102551-GenNb14": {"x": 1.651083058348763, "y": -0.6124362352645001, "fAckley": 6.616414338346484, "ChiSquared": null},