{"Point T2-449-21082019102533-GenNb0": {"x": -12.7602, "y": 39.883992, "fAckley": 21.1654230325385, "ChiSquared": null},"Point T2-649-21082019102534-GenNb0": {"x": 19.922842000000003, "y": 26.9178, "fAckley": 20.138731370141116, "ChiSquared": null},"Point T2-379-21082019102534-GenNb0": {"x": -21.047386000000003, "y": -28.2094, "fAckley": 20.75071733652991, "ChiSquared": null},"Point T2-71-21082019102534-GenNb1": {"x": 1.0406640000000014, "y": 19.9149, "fAckley": 19.032214028761857, "ChiSquared": null},"Point T2-699-21082019102535-GenNb1": {"x": -20.925748000000002, "y": -5.459931279999999, "fAckley": 20.816020467652002, "ChiSquared": null},"Point T2-630-21082019102535-GenNb1": {"x": -21.047386000000003, "y": -0.24268399999999968, "fAckley": 20.04878226528138, "ChiSquared": null},"Point T2-693-21082019102536-GenNb2": {"x": 0.5398000000000005, "y": 5.4151, "fAckley": 13.05384856717092, "ChiSquared": null},"Point T2-228-21082019102536-GenNb2": {"x": -20.925748000000002, "y": 19.17688672, "fAckley": 20.406242393195292, "ChiSquared": null},"Point T2-832-21082019102536-GenNb2": {"x": -12.7602, "y": 31.898706159999996, "fAckley": 21.019454221077243, "ChiSquared": null},"Point T2-982-21082019102537-GenNb3": {"x": -3.1137619999999995, "y": 2.0468, "fAckley": 8.556375618743107, "ChiSquared": null},"Point T2-936-21082019102537-GenNb3": {"x": 0.5398000000000005, "y": -0.7297727648000001, "fAckley": 4.549529324060334, "ChiSquared": null},"Point T2-331-21082019102537-GenNb3": {"x": 10.799737239999999, "y": 9.68072256, "fAckley": 19.20192640915861, "ChiSquared": null},"Point T2-583-21082019102538-GenNb3": {"x": -3.5043183199999985, "y": 10.6192, "fAckley": 18.18408457572659, "ChiSquared": null},"Point T2-559-21082019102538-GenNb3": {"x": 1.1145840000000025, "y": 26.9178, "fAckley": 20.025841234562737, "ChiSquared": null},"Point T2-64-21082019102538-GenNb4": {"x": 1.0406640000000014, "y": -3.0622027648000003, "fAckley": 7.48399921114337, "ChiSquared": null},"Point T2-319-21082019102538-GenNb4": {"x": -3.5531055199999995, "y": 5.997285999999999, "fAckley": 14.22772902022312, "ChiSquared": null},"Point T2-364-21082019102539-GenNb4": {"x": -5.656974578399997, "y": 9.68072256, "fAckley": 18.00744143366352, "ChiSquared": null},"Point T2-4-21082019102539-GenNb4": {"x": 1.1145840000000025, "y": -15.87911944, "fAckley": 18.519964676647636, "ChiSquared": null},"Point T2-536-21082019102539-GenNb4": {"x": 0.7975671711999999, "y": 20.0678, "fAckley": 19.72332419974029, "ChiSquared": null},"Point T2-255-21082019102539-GenNb4": {"x": -3.424037239999998, "y": 12.6751466752, "fAckley": 19.08347046765899, "ChiSquared": null},"Point T2-985-21082019102539-GenNb5": {"x": -1.832118818399997, "y": -5.492468809599998, "fAckley": 13.122648536818206, "ChiSquared": null},"Point T2-835-21082019102540-GenNb5": {"x": -3.88367576, "y": 10.6192, "fAckley": 17.670461957333238, "ChiSquared": null},"Point T2-36-21082019102540-GenNb5": {"x": 5.009028661744001, "y": 12.6751466752, "fAckley": 18.49446419114305, "ChiSquared": null},"Point T2-782-21082019102541-GenNb6": {"x": -5.656974578399997, "y": -2.1205269848319976, "fAckley": 13.11591863269326, "ChiSquared": null},"Point T2-174-21082019102541-GenNb6": {"x": -3.88367576, "y": 0.0811766247679988, "fAckley": 8.926956843416185, "ChiSquared": null},"Point T2-209-21082019102541-GenNb6": {"x": 1.1145840000000025, "y": -7.189054854336, "fAckley": 13.814328133357307, "ChiSquared": null},"Point T2-783-21082019102541-GenNb7": {"x": 1.0406640000000014, "y": 1.0228524047360015, "fAckley": 3.7866775141832147, "ChiSquared": null},"Point T2-567-21082019102541-GenNb7": {"x": 3.0642048016000007, "y": 2.0468, "fAckley": 8.285386177099346, "ChiSquared": null},"Point T2-828-21082019102542-GenNb7": {"x": -1.832118818399997, "y": 1.251414839936003, "fAckley": 6.830490799114916, "ChiSquared": null},"Point T2-382-21082019102542-GenNb7": {"x": 6.983768918351043, "y": 19.17688672, "fAckley": 19.550011598122815, "ChiSquared": null},"Point T2-923-21082019102542-GenNb7": {"x": 1.3057102528000004, "y": 0.0811766247679988, "fAckley": 4.793100123695524, "ChiSquared": null},"Point T2-971-21082019102542-GenNb7": {"x": 0.7975671711999999, "y": 18.070700828629757, "fAckley": 19.349461768062834, "ChiSquared": null},"Point T2-984-21082019102543-GenNb8": {"x": 0.9474457653590438, "y": -2.3096509013276365, "fAckley": 7.331056488619721, "ChiSquared": null},"Point T2-541-21082019102543-GenNb8": {"x": 6.983768918351043, "y": -12.115542855231999, "fAckley": 17.560380247024792, "ChiSquared": null},"Point T2-700-21082019102543-GenNb8": {"x": -4.160993742335997, "y": -2.1205269848319976, "fAckley": 10.511006268380163, "ChiSquared": null},"Point T2-693-21082019102543-GenNb8": {"x": 1.1145840000000025, "y": -0.5789215575679991, "fAckley": 5.034936376212741, "ChiSquared": null},"Point T2-429-21082019102544-GenNb8": {"x": 5.009028661744001, "y": 10.44966507085312, "fAckley": 17.80980041530635, "ChiSquared": null},"Point T2-231-21082019102544-GenNb9": {"x": -1.5296694767510375, "y": -6.256014770021938, "fAckley": 14.073857186823838, "ChiSquared": null},"Point T2-84-21082019102544-GenNb9": {"x": 0.7975671711999999, "y": 11.591946437734482, "fAckley": 18.08903747537749, "ChiSquared": null},"Point T2-406-21082019102545-GenNb10": {"x": 0.9474457653590438, "y": 1.8728954192337217, "fAckley": 5.580199405183702, "ChiSquared": null},"Point T2-244-21082019102545-GenNb10": {"x": 0.4782759651369685, "y": -2.929224946802001, "fAckley": 8.616960626164843, "ChiSquared": null},"Point T2-437-21082019102545-GenNb10": {"x": -0.7938486252809656, "y": -0.5789215575679991, "fAckley": 4.574799194099771, "ChiSquared": null},"Point T2-214-21082019102545-GenNb10": {"x": 0.7975671711999999, "y": -6.880919833736756, "fAckley": 13.537810116411997, "ChiSquared": null},"Point T2-853-21082019102546-GenNb10": {"x": -3.7175901656950385, "y": 5.521101285329183, "fAckley": 14.365326909808118, "ChiSquared": null},"Point T2-509-21082019102546-GenNb11": {"x": 0.5398000000000005, "y": -0.880623972032001, "fAckley": 4.548267339649115, "ChiSquared": null},"Point T2-680-21082019102547-GenNb11": {"x": 0.7975671711999999, "y": -0.886326840013361, "fAckley": 4.1312436074985435, "ChiSquared": null},"Point T2-428-21082019102547-GenNb11": {"x": -3.157362810046081, "y": -0.9442664433891559, "fAckley": 8.06344068207742, "ChiSquared": null},"Point T2-354-21082019102548-GenNb12": {"x": -0.7325023675484696, "y": -0.880623972032001, "fAckley": 4.344569357188146, "ChiSquared": null},"Point T2-890-21082019102548-GenNb12": {"x": -3.095135896895036, "y": -4.848869154123055, "fAckley": 11.830002037708697, "ChiSquared": null},"Point T2-471-21082019102548-GenNb12": {"x": -0.7938486252809656, "y": -0.4704467896955067, "fAckley": 4.46425380360013, "ChiSquared": null},"Point T2-334-21082019102548-GenNb12": {"x": -1.9731305234304144, "y": -0.9442664433891559, "fAckley": 5.421455877801225, "ChiSquared": null},"Point T2-244-21082019102549-GenNb13": {"x": 1.072439640398727, "y": -0.880623972032001, "fAckley": 4.023085292845064, "ChiSquared": null},"Point T2-334-21082019102549-GenNb13": {"x": -2.9408845861189556, "y": -0.565907958299374, "fAckley": 8.615503497782615, "ChiSquared": null},"Point T2-80-21082019102549-GenNb13": {"x": 0.005265074291423755, "y": -0.9442664433891559, "fAckley": 2.582146435013659, "ChiSquared": null},"Point T2-878-21082019102549-GenNb14": {"x": 0.9474457653590438, "y": -1.9768174670659544, "fAckley": 5.417696013465083, "ChiSquared": null},"Point T2-61-21082019102549-GenNb14": {"x": -1.3430837367016704, "y": 0.28888919383153266, "fAckley": 5.577484877058495, "ChiSquared": null},"Point T2-791-21082019102550-GenNb14": {"x": 0.9935230648419409, "y": -0.565907958299374, "fAckley": 4.661612461279308, "ChiSquared": null},"Point T2-904-21082019102550-GenNb14": {"x": 0.4782759651369685, "y": 0.4666430653774245, "fAckley": 4.148049652970911, "ChiSquared": null},"Point T2-145-21082019102550-GenNb14": {"x": 0.005265074291423755,