{"Point T6-35-21082019102533-GenNb0": {"x": -4.811902, "y": -17.384686000000002, "fAckley": 20.3269471058545, "ChiSquared": null},"Point T6-742-21082019102533-GenNb0": {"x": -28.1663, "y": -5.9524599999999985, "fAckley": 20.304467107568197, "ChiSquared": null},"Point T6-721-21082019102533-GenNb0": {"x": -13.312724000000001, "y": -14.237821999999998, "fAckley": 20.590675961222015, "ChiSquared": null},"Point T6-222-21082019102533-GenNb0": {"x": -23.743188, "y": -5.467982, "fAckley": 21.48091523711271, "ChiSquared": null},"Point T6-599-21082019102534-GenNb1": {"x": 4.972641999999999, "y": -17.384686000000002, "fAckley": 20.042295110261513, "ChiSquared": null},"Point T6-868-21082019102534-GenNb1": {"x": -13.312724000000001, "y": -3.4678781199999986, "fAckley": 19.354374870018734, "ChiSquared": null},"Point T6-565-21082019102534-GenNb1": {"x": 1.92105808, "y": -18.618913879999997, "fAckley": 20.225481516237988, "ChiSquared": null},"Point T6-4-21082019102535-GenNb1": {"x": -1.6898321599999993, "y": -11.021737480000002, "fAckley": 17.22157825361273, "ChiSquared": null},"Point T6-278-21082019102535-GenNb1": {"x": -0.6617, "y": 10.684594, "fAckley": 17.688079205437397, "ChiSquared": null},"Point T6-257-21082019102535-GenNb2": {"x": 13.747869999999999, "y": -5.9524599999999985, "fAckley": 18.712562530600145, "ChiSquared": null},"Point T6-887-21082019102535-GenNb2": {"x": -20.642279959999996, "y": -5.467982, "fAckley": 21.29425244502105, "ChiSquared": null},"Point T6-798-21082019102536-GenNb2": {"x": 1.92105808, "y": -15.137553200800001, "fAckley": 18.25945025496392, "ChiSquared": null},"Point T6-849-21082019102536-GenNb2": {"x": -4.859108614400002, "y": -12.595, "fAckley": 18.846626814952625, "ChiSquared": null},"Point T6-214-21082019102537-GenNb3": {"x": -5.216063225599999, "y": -5.467982, "fAckley": 15.168138940984147, "ChiSquared": null},"Point T6-186-21082019102537-GenNb3": {"x": 17.838390359199998, "y": 7.0509, "fAckley": 19.29873930782613, "ChiSquared": null},"Point T6-930-21082019102537-GenNb4": {"x": 2.812, "y": -8.17171, "fAckley": 15.295250049365919, "ChiSquared": null},"Point T6-205-21082019102537-GenNb4": {"x": -7.521073520000001, "y": 4.077391040000004, "fAckley": 15.805849237752616, "ChiSquared": null},"Point T6-755-21082019102538-GenNb4": {"x": -4.537674200000001, "y": -5.467982, "fAckley": 15.019694106335178, "ChiSquared": null},"Point T6-362-21082019102538-GenNb4": {"x": -4.803487368895999, "y": 7.0509, "fAckley": 14.83814835412655, "ChiSquared": null},"Point T6-766-21082019102539-GenNb5": {"x": -1.8322781432959991, "y": -8.17171, "fAckley": 14.977991732608395, "ChiSquared": null},"Point T6-31-21082019102539-GenNb5": {"x": 3.0241467135040003, "y": -3.4678781199999986, "fAckley": 11.28043633198812, "ChiSquared": null},"Point T6-319-21082019102540-GenNb5": {"x": -1.6898321599999993, "y": -5.263240559199996, "fAckley": 12.768622166984693, "ChiSquared": null},"Point T6-436-21082019102541-GenNb6": {"x": 1.4283194871040017, "y": -5.467982, "fAckley": 13.33423011595734, "ChiSquared": null},"Point T6-355-21082019102541-GenNb6": {"x": -5.043871612624642, "y": 7.0509, "fAckley": 14.2484231324947, "ChiSquared": null},"Point T6-236-21082019102541-GenNb6": {"x": -4.124920143295999, "y": 10.684594, "fAckley": 17.592745193075288, "ChiSquared": null},"Point T6-782-21082019102542-GenNb7": {"x": -3.224155355532265, "y": 4.077391040000004, "fAckley": 11.442474061441796, "ChiSquared": null},"Point T6-741-21082019102542-GenNb7": {"x": -12.116444643200001, "y": -5.9524599999999985, "fAckley": 17.41470516238423, "ChiSquared": null},"Point T6-576-21082019102542-GenNb7": {"x": -2.196181424755096, "y": -5.467982, "fAckley": 13.30308025728641, "ChiSquared": null},"Point T6-543-21082019102542-GenNb7": {"x": 4.659099972371737, "y": -1.5053622064000007, "fAckley": 12.248152676935849, "ChiSquared": null},"Point T6-186-21082019102542-GenNb7": {"x": -4.124920143295999, "y": -3.6030074709280013, "fAckley": 12.544236098188367, "ChiSquared": null},"Point T6-912-21082019102543-GenNb8": {"x": 7.813988492511999, "y": -5.9524599999999985, "fAckley": 15.771543615166264, "ChiSquared": null},"Point T6-648-21082019102543-GenNb8": {"x": -2.196181424755096, "y": 1.8511789437760005, "fAckley": 7.806352910147755, "ChiSquared": null},"Point T6-999-21082019102544-GenNb8": {"x": -4.124920143295999, "y": -2.0031731199999983, "fAckley": 9.91354381000489, "ChiSquared": null},"Point T6-302-21082019102545-GenNb9": {"x": -5.043871612624642, "y": 0.4142276245280012, "fAckley": 11.888040575142206, "ChiSquared": null},"Point T6-122-21082019102545-GenNb9": {"x": 0.915044631757544, "y": 3.036118153647999, "fAckley": 7.442591300015991, "ChiSquared": null},"Point T6-630-21082019102545-GenNb9": {"x": -1.0953274000759345, "y": -1.2500682135999952, "fAckley": 5.396684326177745, "ChiSquared": null},"Point T6-970-21082019102546-GenNb10": {"x": -3.224155355532265, "y": 1.522623740800002, "fAckley": 9.9782304297655, "ChiSquared": null},"Point T6-114-21082019102546-GenNb10": {"x": 5.985945513381833, "y": -5.9524599999999985, "fAckley": 14.003623476794692, "ChiSquared": null},"Point T6-699-21082019102546-GenNb10": {"x": 2.24161583633728, "y": -0.5384681199999979, "fAckley": 7.65078849497907, "ChiSquared": null},"Point T6-210-21082019102547-GenNb11": {"x": 5.985945513381833, "y": 4.178204871904001, "fAckley": 13.548719150134454, "ChiSquared": null},"Point T6-804-21082019102548-GenNb12": {"x": 0.30853666200064, "y": 4.6316026450364784, "fAckley": 11.749096852389423, "ChiSquared": null},"Point T6-433-21082019102548-GenNb12": {"x": 1.514516438576032, "y": -3.4678781199999986, "fAckley": 10.63439262461788, "ChiSquared": null},"Point T6-223-21082019102549-GenNb12": {"x": 0.41810753322185334, "y": -0.5384681199999979, "fAckley": 4.158251661418834, "ChiSquared": null},"Point T6-128-21082019102549-GenNb12": {"x": 1.4315150106875796, "y": 1.1027075536479982, "fAckley": 6.281904016142995, "ChiSquared": null},"Point T6-924-21082019102549-GenNb13": {"x": 0.30853666200064, "y": 0.6676272098118412, "fAckley": 4.041627839450086, "ChiSquared": null},"Point T6-216-21082019102549-GenNb13": {"x": -0.9087380077882423, "y": 1.522623740800002, "fAckley": 6.226390186802938, "ChiSquared": null},"Point T6-147-21082019102549-GenNb13": {"x": 5.985945513381833, "y": -0.8307030463520024, "fAckley": 12.111926022448257, "ChiSquared": null},"Point T6-998-21082019102549-GenNb13": {"x": 0.8097427070231111, "y": -3.4678781199999986, "fAckley": 9.895562906721315, "ChiSquared": null},"Point T6-380-21082019102550-GenNb13": {"x": 2.1929792328889635, "y": 0.4142276245280012, "fAckley": 7.355679667642093, "ChiSquared": null},"Point T6-13-21082019102550-GenNb13": {"x": 0.915044631757544, "y": 1.967059630911677, "fAckley": 5.493762852464592, "ChiSquared": null},"Point T6-107-21082019102550-GenNb13": {"x": 0.7049513543993329, "y": 1.1027075536479982, "fAckley": 4.801015184982685, "ChiSquared": null},"Point T6-388-21082019102550-GenNb14": {"x": 5.985945513381833, "y": -2.0644351748017042, "fAckley": 11.944463549323252, "ChiSquared": null},"Point T6-814-21082019102551-GenNb15": {"x": 0.30853666200064, "y": 0.4507807758476823, "fAckley": 3.686270300738052, "ChiSquared": null},"Point T6-992-21082019102552-GenNb15": {"x": -0.9087380077882423, "y": -1.80414709945181, "fAckley": 5.889918395467038, "ChiSquared": null},"Point T6-25-21082019102552-GenNb15": {"x": -0.938835154069726, "y": 0.3874244055519982, "fAckley": 4.30709119648251, "ChiSquared": null},"Point T6-99-21082019102552-GenNb15": {"x": 0.8097427070231111, "y": -0.7004536201969418, "fAckley": 4.497838318274656, "ChiSquared": null},"Point T6-57-21082019102553-GenNb16": {"x": -0.025899046998263398, "y": -1.80414709945181, "fAckley": 5.2873486143404484, "ChiSquared": null},"Point T6-323-21082019102554-GenNb16": {"x": 0.9694185742429653, "y": 1.1027075536479982, "fAckley": 4.032571102464512, "ChiSquared": null},"Point T6-28-21082019102554-GenNb17": {"x": -0.025899046998263398, "y": 0.3438703457176993,