{"Point T0-990-19082019082343-GenNb0": {"x": 39.774866, "y": 14.9773, "fAckley": 20.896138056897282, "ChiSquared": null},"Point T0-395-19082019082344-GenNb0": {"x": 6.0466219999999975, "y": 27.9043, "fAckley": 19.92800764230959, "ChiSquared": null},"Point T0-15-19082019082344-GenNb0": {"x": -25.4598, "y": 34.148296, "fAckley": 21.839539594242563, "ChiSquared": null},"Point T0-980-19082019082345-GenNb1": {"x": -24.624479560000005, "y": 34.148296, "fAckley": 21.72130453994053, "ChiSquared": null},"Point T0-717-19082019082345-GenNb2": {"x": 17.879088509600003, "y": 14.9773, "fAckley": 19.62233669504949, "ChiSquared": null},"Point T0-328-19082019082346-GenNb3": {"x": 1.1129278963360036, "y": 14.9773, "fAckley": 17.93003206088036, "ChiSquared": null},"Point T0-573-19082019082346-GenNb3": {"x": 9.468627989600003, "y": -2.3303420000000017, "fAckley": 17.20091842980633, "ChiSquared": null},"Point T0-203-19082019082347-GenNb3": {"x": -24.624479560000005, "y": 19.128478, "fAckley": 21.484024485224403, "ChiSquared": null},"Point T0-684-19082019082347-GenNb4": {"x": -1.1817379384457602, "y": 1.6806, "fAckley": 6.7644568797544835, "ChiSquared": null},"Point T0-650-19082019082348-GenNb4": {"x": -23.683188921181767, "y": 19.128478, "fAckley": 21.29582107604698, "ChiSquared": null},"Point T0-673-19082019082349-GenNb5": {"x": 1.1129278963360036, "y": -1.0591774800000011, "fAckley": 4.295787038797034, "ChiSquared": null},"Point T0-309-19082019082349-GenNb5": {"x": -5.9163136161742, "y": -2.3303420000000017, "fAckley": 13.370831216892205, "ChiSquared": null},"Point T0-964-19082019082350-GenNb6": {"x": -23.683188921181767, "y": 15.004452616800004, "fAckley": 20.994389106198728, "ChiSquared": null},"Point T0-223-19082019082351-GenNb7": {"x": -25.19766837213773, "y": 15.004452616800004, "fAckley": 20.46494352320394, "ChiSquared": null},"Point T0-291-19082019082352-GenNb8": {"x": -2.011892050964767, "y": -2.3303420000000017, "fAckley": 8.485260642342267, "ChiSquared": null},"Point T0-575-19082019082352-GenNb9": {"x": 0.8806432267727486, "y": 1.6806, "fAckley": 6.257829660537876, "ChiSquared": null},"Point T0-525-19082019082354-GenNb9": {"x": 0.5650261820734591, "y": 15.004452616800004, "fAckley": 19.28411671455495, "ChiSquared": null},"Point T0-601-19082019082354-GenNb10": {"x": -1.1817379384457602, "y": 15.004452616800004, "fAckley": 18.308616448667934, "ChiSquared": null},"Point T0-683-19082019082356-GenNb11": {"x": -1.1817379384457602, "y": -0.5220888632000007, "fAckley": 5.307707806096609, "ChiSquared": null},"Point T0-347-19082019082356-GenNb12": {"x": 0.8806432267727486, "y": 1.2861642736000003, "fAckley": 5.386836269423455, "ChiSquared": null},"Point T0-826-19082019082356-GenNb12": {"x": -1.0284300565340119, "y": -2.3303420000000017, "fAckley": 7.483601847617615, "ChiSquared": null},"Point T0-778-19082019082357-GenNb13": {"x": -1.0284300565340119, "y": 1.8648052773760007, "fAckley": 5.643648677435557, "ChiSquared": null},"Point T0-31-19082019082358-GenNb13": {"x": -0.8751221746222636, "y": -0.5220888632000007, "fAckley": 4.534298740509531, "ChiSquared": null},"Point T0-329-19082019082359-GenNb14": {"x": -0.14706047064645844, "y": 1.8648052773760007, "fAckley": 5.486686866760781, "ChiSquared": null},"Point T0-398-19082019082359-GenNb14": {"x": 0.9818264288345026, "y": -0.2891858591801606, "fAckley": 3.9586768762993256, "ChiSquared": null},"Point T0-288-19082019082359-GenNb15": {"x": 0.1502341066260775, "y": 1.2861642736000003, "fAckley": 4.867039822052387, "ChiSquared": null},"Point T0-728-19082019082400-GenNb15": {"x": -0.23358743919744918, "y": -1.0591774800000011, "fAckley": 3.8848761821404243, "ChiSquared": null},"Point T0-912-19082019082400-GenNb15": {"x": -0.14706047064645844, "y": -0.13546987652706632, "fAckley": 1.3966701135437636, "ChiSquared": null},"Point T0-413-19082019082400-GenNb15": {"x": 0.049050904564323594, "y": -0.2891858591801606, "fAckley": 2.1053592505093985, "ChiSquared": null}}