{"Point T1-827-19072019150956-GenNb0": {"Lambda": 0.9228, "Kappa": 0.3443, "tanBeta": 15.790781250000002, "mBottom": 15.474965625000001, "ChiSquared": null, "testCalc": 14.025808636875, "extTest": {"res1": -541.3796140699358, "res2": 293091.8865305126}},"Point T1-963-19072019150957-GenNb2": {"Lambda": 0.2022, "Kappa": 0.566, "tanBeta": 13.264281250000002, "mBottom": 12.998995625000001, "ChiSquared": null, "testCalc": 14.04796584, "extTest": {"res1": 192.40587600249128, "res2": 37020.02112028605}},"Point T1-994-19072019150958-GenNb2": {"Lambda": 0.9228, "Kappa": 0.3443, "tanBeta": 13.871215625000001, "mBottom": 13.5937913125, "ChiSquared": null, "testCalc": 12.4243150359375, "extTest": {"res1": 354.69319319136116, "res2": 125807.26129628425}},"Point T1-485-19072019150959-GenNb4": {"Lambda": 0.3281, "Kappa": 0.08274999999999996, "tanBeta": 11.176659375, "mBottom": 10.953126187499999, "ChiSquared": null, "testCalc": 6.509081267031249, "extTest": {"res1": 108.57308680581366, "res2": 11788.115178542748}},"Point T1-333-19072019150959-GenNb4": {"Lambda": 0.9228, "Kappa": 0.3443, "tanBeta": 13.7636875, "mBottom": 13.48841375, "ChiSquared": null, "testCalc": 12.33460432125, "extTest": {"res1": 229.53321097920994, "res2": 52685.4949424265}},"Point T1-892-19072019151000-GenNb5": {"Lambda": 0.2022, "Kappa": 0.566, "tanBeta": 10.92695625, "mBottom": 10.708417125, "ChiSquared": null, "testCalc": 11.57975064, "extTest": {"res1": 95.7777125037124, "res2": 9173.370212443786}},"Point T1-689-19072019151000-GenNb6": {"Lambda": 0.2022, "Kappa": 0.566, "tanBeta": 9.936909375, "mBottom": 9.7381711875, "ChiSquared": null, "testCalc": 10.534261140000002, "extTest": {"res1": -61038.7462213161, "res2": 3725728540.2702303}},"Point T1-165-19072019151002-GenNb7": {"Lambda": 0.9228, "Kappa": 0.3443, "tanBeta": 11.176659375, "mBottom": 10.953126187499999, "ChiSquared": null, "testCalc": 10.176246756562499, "extTest": {"res1": -1085.4897517579184, "res2": 1178288.0011714674}},"Point T1-636-19072019151003-GenNb9": {"Lambda": 0.3281, "Kappa": 0.57995, "tanBeta": 10.664312500000001, "mBottom": 10.451026250000002, "ChiSquared": null, "testCalc": 11.517930769375003, "extTest": {"res1": -96.4556283194074, "res2": 9303.688234491667}},"Point T1-366-19072019151004-GenNb10": {"Lambda": 0.3281, "Kappa": 0.6284, "tanBeta": 9.990673437500002, "mBottom": 9.790859968750002, "ChiSquared": null, "testCalc": 11.281218782500002, "extTest": {"res1": -221.14694963441264, "res2": 48905.97333260544}},"Point T1-686-19072019151005-GenNb11": {"Lambda": 0.5685499999999999, "Kappa": 0.566, "tanBeta": 9.8831453125, "mBottom": 9.68548240625, "ChiSquared": null, "testCalc": 10.7598505525, "extTest": {"res1": -102.2807644677642, "res2": 10461.354780110256}}}