{"Point T0-913-19072019145505": {"Lambda": 0.2022, "Kappa": 0.566, "tanBeta": 14.1468, "mBottom": 13.863864000000001, "ChiSquared": null, "testCalc": 14.979905640000002, "extTest": {"res1": 143.03280878789684, "res2": 20458.38438975506}}, "Point T1-683-19072019150949-GenNb3": {"Lambda": 0.9228, "Kappa": 0.3443, "tanBeta": 16.6733, "mBottom": 16.339834, "ChiSquared": null, "testCalc": 14.76209403, "extTest": {"res1": 70.03344615682099, "res2": 4904.683580600344}}, "Point T1-420-19072019150953-GenNb6": {"Lambda": 0.3281, "Kappa": 0.08274999999999996, "tanBeta": 13.049225, "mBottom": 12.788240499999999, "ChiSquared": null, "testCalc": 7.581593228749999, "extTest": {"res1": 352.4749018369787, "res2": 124238.55642498776}}, "Point T1-95-19072019150955-GenNb8": {"Lambda": 0.1901, "Kappa": 0.4691, "tanBeta": 11.284187500000002, "mBottom": 11.058503750000002, "ChiSquared": null, "testCalc": 10.858802241250002, "extTest": {"res1": 463.53968302634684, "res2": 214869.0377401661}}}