{"Point T0-784-19072019145504": {"Lambda": 0.3236, "Kappa": 0.8286, "tanBeta": 12.2682, "mBottom": 12.022836, "ChiSquared": null, "testCalc": 16.28156548, "extTest": {"res1": -139.9356119959471, "res2": 19581.975504680257}}, "Point T0-837-19072019150949-GenNb3": {"Lambda": 0.37460000000000004, "Kappa": 0.1198, "tanBeta": 8.200262500000001, "mBottom": 8.03625725, "ChiSquared": null, "testCalc": 5.1408452325, "extTest": {"res1": 18.222613276177302, "res2": 332.06363461311327}}, "Point T0-576-19072019150955-GenNb7": {"Lambda": 0.6322, "Kappa": 0.3107, "tanBeta": 14.30216875, "mBottom": 14.016125375, "ChiSquared": null, "testCalc": 11.851423358125, "extTest": {"res1": -1774.7891907187602, "res2": 3149876.671492152}}, "Point T0-520-19072019150951-GenNb4": {"Lambda": 0.24245, "Kappa": 0.7071, "tanBeta": 18.28585625, "mBottom": 17.920139125, "ChiSquared": null, "testCalc": 21.948780519374996, "extTest": {"res1": 418.0541234622284, "res2": 174769.2501437721}}}