{"Point T3-14-19082019103242-GenNb0": {"x": -31.826252000000004, "y": 15.807846, "fAckley": 21.082741903429753, "ChiSquared": null},"Point T3-341-19082019103242-GenNb0": {"x": -4.267253999999999, "y": 24.930172, "fAckley": 20.66940125521568, "ChiSquared": null},"Point T3-929-19082019103242-GenNb0": {"x": 0.0398399999999981, "y": 14.709081999999999, "fAckley": 18.790705965080544, "ChiSquared": null},"Point T3-681-19082019103242-GenNb0": {"x": 11.737052, "y": -23.4708, "fAckley": 21.642013302740263, "ChiSquared": null},"Point T3-147-19082019103242-GenNb0": {"x": 29.1998, "y": 43.23832, "fAckley": 21.494404224802327, "ChiSquared": null},"Point T3-359-19082019103242-GenNb0": {"x": -9.446506000000003, "y": 19.51, "fAckley": 21.407017339965705, "ChiSquared": null},"Point T3-28-19082019103243-GenNb1": {"x": 29.1998, "y": 50.10321364, "fAckley": 20.973294458486706, "ChiSquared": null},"Point T3-85-19082019103243-GenNb1": {"x": 19.08123968, "y": 26.2092, "fAckley": 20.758159060756615, "ChiSquared": null},"Point T3-110-19082019103243-GenNb1": {"x": -5.412887960000003, "y": -7.332469999999999, "fAckley": 16.69750443191004, "ChiSquared": null},"Point T3-377-19082019103244-GenNb2": {"x": 0.9038739999999983, "y": 15.620151002399998, "fAckley": 19.481701972368942, "ChiSquared": null},"Point T3-79-19082019103244-GenNb2": {"x": 0.0398399999999981, "y": 5.623323999999997, "fAckley": 12.553570043710716, "ChiSquared": null},"Point T3-878-19082019103244-GenNb2": {"x": 1.6210920536, "y": -23.4708, "fAckley": 21.574576994788977, "ChiSquared": null},"Point T3-627-19082019103244-GenNb2": {"x": 2.040884079999997, "y": 50.10321364, "fAckley": 20.285706437168297, "ChiSquared": null},"Point T3-601-19082019103244-GenNb2": {"x": 5.459190400000001, "y": -9.7428, "fAckley": 17.9935565281547, "ChiSquared": null},"Point T3-378-19082019103244-GenNb2": {"x": -12.729748280000004, "y": 19.51, "fAckley": 21.40674726127701, "ChiSquared": null},"Point T3-901-19082019103245-GenNb2": {"x": -5.412887960000003, "y": 3.371757880000004, "fAckley": 14.140528946826809, "ChiSquared": null},"Point T3-582-19082019103245-GenNb2": {"x": -3.5941, "y": -0.4675763599999989, "fAckley": 10.334515485098683, "ChiSquared": null},"Point T3-602-19082019103245-GenNb3": {"x": 15.61873276, "y": 15.807846, "fAckley": 21.02755385521912, "ChiSquared": null},"Point T3-635-19082019103245-GenNb3": {"x": 1.6210920536, "y": -24.815511799199996, "fAckley": 21.274094802642498, "ChiSquared": null},"Point T3-995-19082019103246-GenNb3": {"x": 4.868967811199999, "y": 26.2092, "fAckley": 20.66252965469058, "ChiSquared": null},"Point T3-12-19082019103246-GenNb4": {"x": 6.825864808992, "y": -24.815511799199996, "fAckley": 20.656693057557984, "ChiSquared": null},"Point T3-659-19082019103246-GenNb4": {"x": 4.3956038958239985, "y": -9.7428, "fAckley": 17.64924773672052, "ChiSquared": null},"Point T3-312-19082019103247-GenNb4": {"x": 4.868967811199999, "y": -19.071174348272, "fAckley": 19.276936686872926, "ChiSquared": null},"Point T3-417-19082019103247-GenNb4": {"x": -3.5463526974080013, "y": 19.51, "fAckley": 21.13127139682515, "ChiSquared": null},"Point T3-366-19082019103247-GenNb5": {"x": -1.5043740260652814, "y": 15.807846, "fAckley": 19.876488158523774, "ChiSquared": null},"Point T3-115-19082019103247-GenNb5": {"x": 0.0398399999999981, "y": -5.885973950671998, "fAckley": 11.651707915755239, "ChiSquared": null}}