{"Point T4-665-19082019103242-GenNb0": {"x": -0.09163200000000238, "y": 20.9622, "fAckley": 19.213770083721805, "ChiSquared": null},"Point T4-612-19082019103242-GenNb0": {"x": 42.997732, "y": 16.0545, "fAckley": 20.04756557245669, "ChiSquared": null},"Point T4-366-19082019103242-GenNb0": {"x": 24.2434, "y": 8.09787, "fAckley": 20.643877601456236, "ChiSquared": null},"Point T4-831-19082019103243-GenNb1": {"x": 9.6479, "y": 21.101380000000002, "fAckley": 20.85849881779384, "ChiSquared": null},"Point T4-485-19082019103244-GenNb1": {"x": -32.872958000000004, "y": -33.993908000000005, "fAckley": 20.356932056347834, "ChiSquared": null},"Point T4-229-19082019103244-GenNb1": {"x": -14.30770888, "y": 16.6781, "fAckley": 21.150891817003696, "ChiSquared": null},"Point T4-107-19082019103244-GenNb2": {"x": -0.9054078607999987, "y": 9.1281, "fAckley": 15.112483230979002, "ChiSquared": null},"Point T4-919-19082019103245-GenNb2": {"x": 71.06149828, "y": 21.101380000000002, "fAckley": 20.342525858371015, "ChiSquared": null},"Point T4-945-19082019103245-GenNb2": {"x": -0.09163200000000238, "y": 11.325599999999998, "fAckley": 17.477225387773874, "ChiSquared": null},"Point T4-778-19082019103245-GenNb2": {"x": 6.9739438608, "y": 16.0545, "fAckley": 18.412802849408887, "ChiSquared": null},"Point T4-693-19082019103245-GenNb2": {"x": -32.872958000000004, "y": -12.069749280000007, "fAckley": 20.347543284433975, "ChiSquared": null},"Point T4-324-19082019103245-GenNb2": {"x": -14.30770888, "y": 1.50305, "fAckley": 19.595488511557456, "ChiSquared": null},"Point T4-874-19082019103246-GenNb3": {"x": -7.387636599999998, "y": 0.17245652480000406, "fAckley": 14.821011168345445, "ChiSquared": null},"Point T4-326-19082019103246-GenNb3": {"x": 6.9739438608, "y": -3.2360799999999994, "fAckley": 14.26473972861546, "ChiSquared": null},"Point T4-462-19082019103247-GenNb4": {"x": -17.3481, "y": -0.880893475199996, "fAckley": 19.92325413890055, "ChiSquared": null}}