{"Point T1-796-19082019103242-GenNb0": {"x": 14.93, "y": 38.271238, "fAckley": 21.18738811708986, "ChiSquared": null},"Point T1-220-19082019103242-GenNb0": {"x": 25.661204, "y": 9.969564, "fAckley": 21.056929880784168, "ChiSquared": null},"Point T1-164-19082019103242-GenNb0": {"x": -24.2344, "y": -38.015814000000006, "fAckley": 20.957099475095205, "ChiSquared": null},"Point T1-560-19082019103243-GenNb0": {"x": 10.918842000000001, "y": -7.567637999999997, "fAckley": 18.68169879224386, "ChiSquared": null},"Point T1-374-19082019103243-GenNb0": {"x": -16.119994, "y": 21.2979, "fAckley": 21.019215018772066, "ChiSquared": null},"Point T1-712-19082019103243-GenNb1": {"x": 14.93, "y": 32.26009, "fAckley": 21.064051793309236, "ChiSquared": null},"Point T1-427-19082019103243-GenNb1": {"x": -14.929662, "y": -1.2219, "fAckley": 18.598252243683092, "ChiSquared": null},"Point T1-286-19082019103244-GenNb1": {"x": 9.728510000000004, "y": 2.0661, "fAckley": 16.34106020730939, "ChiSquared": null},"Point T1-491-19082019103244-GenNb1": {"x": -12.757446279999996, "y": -10.3297, "fAckley": 19.95044745477877, "ChiSquared": null},"Point T1-408-19082019103244-GenNb2": {"x": -7.762089455200003, "y": -7.838235240000003, "fAckley": 17.16434999300137, "ChiSquared": null},"Point T1-362-19082019103244-GenNb2": {"x": -25.02001912, "y": 23.8622, "fAckley": 20.297163777030093, "ChiSquared": null},"Point T1-666-19082019103246-GenNb3": {"x": 0.33629006479999646, "y": -1.2219, "fAckley": 5.156460069576802, "ChiSquared": null},"Point T1-110-19082019103246-GenNb3": {"x": -47.079392800432004, "y": 9.969564, "fAckley": 20.161739181728983, "ChiSquared": null},"Point T1-374-19082019103247-GenNb3": {"x": -16.119994, "y": -3.792838741599998, "fAckley": 19.150970931728352, "ChiSquared": null},"Point T1-559-19082019103247-GenNb4": {"x": -25.02001912, "y": -14.1044992584, "fAckley": 19.933721700027753, "ChiSquared": null}}