{"Point T2-302-19082019103242-GenNb0": {"x": -14.2247, "y": 9.967322, "fAckley": 19.23750850828774, "ChiSquared": null},"Point T2-561-19082019103242-GenNb0": {"x": -10.118179999999999, "y": -22.1289, "fAckley": 20.037280144710724, "ChiSquared": null},"Point T2-882-19082019103242-GenNb0": {"x": 5.871826, "y": 18.1097, "fAckley": 19.28402378375777, "ChiSquared": null},"Point T2-586-19082019103243-GenNb0": {"x": -0.3820699999999988, "y": 7.168484000000001, "fAckley": 14.588297536159754, "ChiSquared": null},"Point T2-546-19082019103243-GenNb1": {"x": 13.5071828, "y": 7.8344, "fAckley": 19.73900233423686, "ChiSquared": null},"Point T2-485-19082019103243-GenNb1": {"x": -9.7346, "y": 5.0379380000000005, "fAckley": 16.92490397220909, "ChiSquared": null},"Point T2-136-19082019103244-GenNb1": {"x": 4.0897, "y": -2.9839900000000013, "fAckley": 10.43417163568694, "ChiSquared": null},"Point T2-305-19082019103244-GenNb1": {"x": -6.0941898000000005, "y": 13.691, "fAckley": 19.05266591436453, "ChiSquared": null},"Point T2-109-19082019103244-GenNb2": {"x": 7.66392164, "y": 9.967322, "fAckley": 18.07792371698373, "ChiSquared": null},"Point T2-147-19082019103244-GenNb2": {"x": -10.118179999999999, "y": 17.1368006, "fAckley": 19.516249782952055, "ChiSquared": null},"Point T2-723-19082019103245-GenNb2": {"x": 2.3367999999999998, "y": -2.9839900000000013, "fAckley": 9.747773337754307, "ChiSquared": null},"Point T2-28-19082019103245-GenNb3": {"x": 13.5071828, "y": 3.809018000000001, "fAckley": 19.242473435382724, "ChiSquared": null},"Point T2-858-19082019103246-GenNb3": {"x": 5.871826, "y": 13.03953092, "fAckley": 17.775749890919663, "ChiSquared": null},"Point T2-217-19082019103247-GenNb4": {"x": -2.9816, "y": -10.323538396000002, "fAckley": 17.027562400444104, "ChiSquared": null}}