{"Point T7-700-19082019103242-GenNb0": {"x": 15.940144, "y": 47.808342, "fAckley": 20.79763505683139, "ChiSquared": null},"Point T7-590-19082019103242-GenNb0": {"x": 7.79624, "y": 14.369918000000002, "fAckley": 19.917427911077944, "ChiSquared": null},"Point T7-549-19082019103242-GenNb0": {"x": -18.9196, "y": 7.1362159999999975, "fAckley": 19.42279549955933, "ChiSquared": null},"Point T7-512-19082019103242-GenNb0": {"x": 8.952393999999998, "y": 28.299, "fAckley": 21.031835435048613, "ChiSquared": null},"Point T7-138-19082019103243-GenNb0": {"x": -24.5341, "y": -17.425088000000002, "fAckley": 22.041721460832346, "ChiSquared": null},"Point T7-13-19082019103243-GenNb1": {"x": -4.7893, "y": 25.08709412, "fAckley": 20.446420101284744, "ChiSquared": null},"Point T7-686-19082019103243-GenNb1": {"x": -4.888432000000001, "y": 7.1362159999999975, "fAckley": 14.799348475383228, "ChiSquared": null},"Point T7-748-19082019103244-GenNb1": {"x": 8.1815, "y": -0.897370000000004, "fAckley": 14.636302235223654, "ChiSquared": null},"Point T7-621-19082019103244-GenNb1": {"x": 8.952393999999998, "y": 13.266044, "fAckley": 19.1048230124756, "ChiSquared": null},"Point T7-510-19082019103245-GenNb2": {"x": -24.5341, "y": 0.8978763991999976, "fAckley": 21.181418975062257, "ChiSquared": null},"Point T7-609-19082019103245-GenNb3": {"x": -21.10999888, "y": -8.6938481608, "fAckley": 20.68932445775027, "ChiSquared": null},"Point T7-190-19082019103246-GenNb3": {"x": 3.6722960000000002, "y": -10.013530319200008, "fAckley": 16.991113031484076, "ChiSquared": null},"Point T7-750-19082019103247-GenNb4": {"x": 0.8607804800000007, "y": -10.013530319200008, "fAckley": 15.622763371795129, "ChiSquared": null}}