{"Point T0-176-24072019142201": {"Lambda": 0.7657707632159702, "Kappa": 0.39091435568558486, "tanBeta": 4.379150790420176, "mBottom": 4.291567774611772, "ChiSquared": null, "LogL": -1.537774288319274, "testCalc": 4.444061658789378, "extTest": {"res1": 77.90396206899949, "res2": 6069.027306048111}}}