{"Point T6-904-19082019103240": {"x": -6.2384, "y": -2.0303, "fAckley": 13.115271561040615, "ChiSquared": null}, "Point T4-107-19082019103244-GenNb2": {"x": -0.9054078607999987, "y": 9.1281, "fAckley": 15.112483230979002, "ChiSquared": null}, "Point T4-919-19082019103245-GenNb2": {"x": 71.06149828, "y": 21.101380000000002, "fAckley": 20.342525858371015, "ChiSquared": null}, "Point T0-948-19082019103241": {"x": -17.3481, "y": 0.4497, "fAckley": 20.53400142992405, "ChiSquared": null}, "Point T4-945-19082019103245-GenNb2": {"x": -0.09163200000000238, "y": 11.325599999999998, "fAckley": 17.477225387773874, "ChiSquared": null}, "Point T4-874-19082019103246-GenNb3": {"x": -7.387636599999998, "y": 0.17245652480000406, "fAckley": 14.821011168345445, "ChiSquared": null}, "Point T4-326-19082019103246-GenNb3": {"x": 6.9739438608, "y": -3.2360799999999994, "fAckley": 14.26473972861546, "ChiSquared": null}, "Point T4-693-19082019103245-GenNb2": {"x": -32.872958000000004, "y": -12.069749280000007, "fAckley": 20.347543284433975, "ChiSquared": null}, "Point T4-324-19082019103245-GenNb2": {"x": -14.30770888, "y": 1.50305, "fAckley": 19.595488511557456, "ChiSquared": null}, "Point T0-166-19082019103241": {"x": -22.388, "y": -14.0858, "fAckley": 21.194491134854005, "ChiSquared": null}}