{"Point T3-602-19082019103245-GenNb3": {"x": 15.61873276, "y": 15.807846, "fAckley": 21.02755385521912, "ChiSquared": null}, "Point T3-377-19082019103244-GenNb2": {"x": 0.9038739999999983, "y": 15.620151002399998, "fAckley": 19.481701972368942, "ChiSquared": null}, "Point T3-79-19082019103244-GenNb2": {"x": 0.0398399999999981, "y": 5.623323999999997, "fAckley": 12.553570043710716, "ChiSquared": null}, "Point T3-12-19082019103246-GenNb4": {"x": 6.825864808992, "y": -24.815511799199996, "fAckley": 20.656693057557984, "ChiSquared": null}, "Point T3-627-19082019103244-GenNb2": {"x": 2.040884079999997, "y": 50.10321364, "fAckley": 20.285706437168297, "ChiSquared": null}, "Point T3-659-19082019103246-GenNb4": {"x": 4.3956038958239985, "y": -9.7428, "fAckley": 17.64924773672052, "ChiSquared": null}, "Point T3-312-19082019103247-GenNb4": {"x": 4.868967811199999, "y": -19.071174348272, "fAckley": 19.276936686872926, "ChiSquared": null}, "Point T3-417-19082019103247-GenNb4": {"x": -3.5463526974080013, "y": 19.51, "fAckley": 21.13127139682515, "ChiSquared": null}, "Point T3-901-19082019103245-GenNb2": {"x": -5.412887960000003, "y": 3.371757880000004, "fAckley": 14.140528946826809, "ChiSquared": null}, "Point T3-582-19082019103245-GenNb2": {"x": -3.5941, "y": -0.4675763599999989, "fAckley": 10.334515485098683, "ChiSquared": null}}