{"Point T4-256-19082019103240": {"x": 9.4647, "y": 1.325, "fAckley": 17.052260008861655, "ChiSquared": null}, "Point T6-365-19082019103245-GenNb2": {"x": 11.409716, "y": 8.690096, "fAckley": 19.541274236696847, "ChiSquared": null}, "Point T6-662-19082019103242-GenNb0": {"x": -9.109458, "y": 7.1903, "fAckley": 17.07604182229185, "ChiSquared": null}, "Point T6-659-19082019103243-GenNb1": {"x": -4.373058, "y": 10.291725920000001, "fAckley": 17.985069281193756, "ChiSquared": null}, "Point T6-112-19082019103242-GenNb0": {"x": -0.5887920000000015, "y": -1.6069060000000013, "fAckley": 6.575172881857455, "ChiSquared": null}, "Point T6-805-19082019103245-GenNb2": {"x": -4.478410920000002, "y": -8.1706, "fAckley": 16.589200603041903, "ChiSquared": null}, "Point T0-400-19082019103241": {"x": -7.4284, "y": 2.423, "fAckley": 15.684632040488456, "ChiSquared": null}, "Point T6-29-19082019103244-GenNb1": {"x": -7.1667350800000005, "y": 0.01406204000000022, "fAckley": 13.347098683295435, "ChiSquared": null}, "Point T6-415-19082019103246-GenNb2": {"x": -20.873207999999998, "y": -0.3262760000000009, "fAckley": 20.547510289827784, "ChiSquared": null}, "Point T6-657-19082019103246-GenNb2": {"x": -13.184538, "y": 3.7949709463999994, "fAckley": 18.44101760207868, "ChiSquared": null}}