{"Point T0-953-19082019103242-GenNb0": {"x": -5.7233, "y": 5.200020000000002, "fAckley": 14.944473787398262, "ChiSquared": null}, "Point T0-886-19082019103246-GenNb3": {"x": -2.0219640000000005, "y": -11.922594000000002, "fAckley": 16.5486389803282, "ChiSquared": null}, "Point T0-947-19082019103246-GenNb3": {"x": 14.1472, "y": 15.057985559999999, "fAckley": 19.485935711466745, "ChiSquared": null}, "Point T0-735-19082019103243-GenNb1": {"x": -13.5786, "y": 4.765151320000001, "fAckley": 19.42976525208945, "ChiSquared": null}, "Point T0-519-19082019103246-GenNb3": {"x": -15.02878596, "y": -3.0315, "fAckley": 17.76060208167722, "ChiSquared": null}, "Point T0-797-19082019103244-GenNb1": {"x": -22.2545, "y": -15.195240960000003, "fAckley": 21.108629491856103, "ChiSquared": null}, "Point T0-473-19082019103243-GenNb0": {"x": -10.794343999999999, "y": 8.7926, "fAckley": 18.616421931658046, "ChiSquared": null}, "Point T0-638-19082019103246-GenNb3": {"x": 18.732385960000002, "y": 0.1593, "fAckley": 20.064907722004197, "ChiSquared": null}, "Point T0-751-19082019103244-GenNb1": {"x": -14.452206, "y": 1.0996, "fAckley": 19.21278143928377, "ChiSquared": null}, "Point T0-814-19082019103247-GenNb3": {"x": 4.169591799999999, "y": -2.1933659999999984, "fAckley": 10.929779188099129, "ChiSquared": null}}