{"Point T5-287-19082019103242-GenNb0": {"x": -7.889430000000003, "y": -6.6757, "fAckley": 16.908371972912015, "ChiSquared": null}, "Point T5-539-19082019103243-GenNb1": {"x": -21.486, "y": 9.114818000000001, "fAckley": 21.096540244024165, "ChiSquared": null}, "Point T5-451-19082019103242-GenNb0": {"x": -12.048929999999999, "y": 12.140484000000002, "fAckley": 18.72555840396193, "ChiSquared": null}, "Point T1-29-19082019103241": {"x": 12.8285, "y": 4.9341, "fAckley": 17.8523967135425, "ChiSquared": null}, "Point T5-479-19082019103245-GenNb2": {"x": 3.8547638000000006, "y": -2.194, "fAckley": 10.424084912523654, "ChiSquared": null}, "Point T5-322-19082019103243-GenNb0": {"x": -21.1701, "y": 14.007637999999998, "fAckley": 20.070298004848173, "ChiSquared": null}, "Point T5-448-19082019103244-GenNb1": {"x": -6.768442200000001, "y": -7.915312, "fAckley": 16.50268849692069, "ChiSquared": null}, "Point T5-894-19082019103244-GenNb1": {"x": 3.1787699999999983, "y": 7.1361, "fAckley": 14.369065094203338, "ChiSquared": null}, "Point T1-723-19082019103241": {"x": -3.9415, "y": 26.1983, "fAckley": 20.37591596959828, "ChiSquared": null}, "Point T5-815-19082019103246-GenNb2": {"x": -5.066896200000002, "y": 4.35860456, "fAckley": 13.794698614252402, "ChiSquared": null}}