{"Point T1-417-24092019110642-GenNb0": {"x": 46.763368, "y": -10.194873999999999, "fAckley": 21.459534253451064, "ChiSquared": null},"Point T1-932-24092019110642-GenNb0": {"x": 6.716333999999999, "y": -23.7664, "fAckley": 21.162053373987682, "ChiSquared": null},"Point T1-967-24092019110642-GenNb0": {"x": -10.93236, "y": 23.3207, "fAckley": 20.922452024286862, "ChiSquared": null},"Point T1-530-24092019110643-GenNb0": {"x": 13.8579, "y": 28.884301999999998, "fAckley": 20.514664111030687, "ChiSquared": null},"Point T1-891-24092019110643-GenNb0": {"x": -1.4250299999999996, "y": 1.2619, "fAckley": 6.821291849947313, "ChiSquared": null},"Point T1-654-24092019110643-GenNb0": {"x": 27.9156, "y": -0.1802480000000024, "fAckley": 20.42924251068403, "ChiSquared": null},"Point T1-19-24092019110643-GenNb1": {"x": 46.763368, "y": 36.844895320000006, "fAckley": 21.33299650181852, "ChiSquared": null},"Point T1-997-24092019110643-GenNb1": {"x": 3.2884035600000017, "y": 36.011363319999994, "fAckley": 21.136856671108912, "ChiSquared": null},"Point T1-145-24092019110644-GenNb1": {"x": 13.8579, "y": 5.08991468, "fAckley": 18.15175098323106, "ChiSquared": null},"Point T1-984-24092019110644-GenNb1": {"x": 28.0943, "y": -7.919193999999998, "fAckley": 20.052339711568006, "ChiSquared": null},"Point T1-903-24092019110645-GenNb2": {"x": -19.8155, "y": 18.106122999999993, "fAckley": 20.45981537107239, "ChiSquared": null},"Point T1-360-24092019110645-GenNb2": {"x": 27.1021, "y": 21.19790768, "fAckley": 20.811168686045185, "ChiSquared": null},"Point T1-229-24092019110645-GenNb2": {"x": -25.1244, "y": 33.17637691120001, "fAckley": 20.880189150524156, "ChiSquared": null},"Point T1-650-24092019110645-GenNb2": {"x": -18.148532349600003, "y": -0.1802480000000024, "fAckley": 19.517587467928493, "ChiSquared": null},"Point T1-363-24092019110646-GenNb3": {"x": -4.894550349600003, "y": 21.19790768, "fAckley": 20.054204295624697, "ChiSquared": null},"Point T1-711-24092019110646-GenNb3": {"x": -6.2964942000000015, "y": -7.919193999999998, "fAckley": 16.59558219435216, "ChiSquared": null},"Point T1-648-24092019110647-GenNb4": {"x": 3.2884035600000017, "y": 23.06899870980799, "fAckley": 20.580327791565022, "ChiSquared": null},"Point T1-511-24092019110647-GenNb4": {"x": -25.1244, "y": 58.026735761392004, "fAckley": 20.381055787227123, "ChiSquared": null},"Point T1-367-24092019110648-GenNb5": {"x": -10.93236, "y": 25.72770814000001, "fAckley": 20.863790030197066, "ChiSquared": null},"Point T1-175-24092019110649-GenNb5": {"x": -6.2964942000000015, "y": -3.2786057127107355, "fAckley": 14.597796725411646, "ChiSquared": null},"Point T1-571-24092019110649-GenNb6": {"x": -7.717193627999998, "y": 18.106122999999993, "fAckley": 20.144627725862595, "ChiSquared": null},"Point T1-526-24092019110649-GenNb6": {"x": -38.10083688, "y": 23.06899870980799, "fAckley": 20.32613940778427, "ChiSquared": null},"Point T1-304-24092019110650-GenNb6": {"x": -27.996359118864, "y": -2.220825888800007, "fAckley": 20.535650804255706, "ChiSquared": null},"Point T1-817-24092019110650-GenNb7": {"x": -4.846632177600002, "y": 36.844895320000006, "fAckley": 20.852637452523503, "ChiSquared": null},"Point T1-968-24092019110651-GenNb7": {"x": -7.717193627999998, "y": 1.9516241608109084, "fAckley": 14.775380869824641, "ChiSquared": null},"Point T1-557-24092019110651-GenNb7": {"x": -20.011476913344, "y": -2.220825888800007, "fAckley": 19.754709704705498, "ChiSquared": null},"Point T1-56-24092019110651-GenNb7": {"x": -4.894550349600003, "y": 2.6497588445919877, "fAckley": 12.510356190136488, "ChiSquared": null},"Point T1-269-24092019110652-GenNb8": {"x": -4.846632177600002, "y": 6.436696086608003, "fAckley": 15.479713798547172, "ChiSquared": null},"Point T1-912-24092019110653-GenNb8": {"x": -5.771915118864003, "y": -0.1495541461352068, "fAckley": 12.440592554427598, "ChiSquared": null},"Point T1-60-24092019110653-GenNb8": {"x": -25.1244, "y": 4.138096999999998, "fAckley": 20.202065278948968, "ChiSquared": null},"Point T1-773-24092019110654-GenNb8": {"x": 14.783182941264, "y": -0.1802480000000024, "fAckley": 18.87536112052655, "ChiSquared": null},"Point T1-317-24092019110654-GenNb9": {"x": -4.846632177600002, "y": -1.6973233971612856, "fAckley": 11.913090242375851, "ChiSquared": null},"Point T1-849-24092019110654-GenNb9": {"x": -3.9089705551200042, "y": 23.06899870980799, "fAckley": 19.59031805737911, "ChiSquared": null},"Point T1-580-24092019110655-GenNb9": {"x": -8.554751637216004, "y": 4.138096999999998, "fAckley": 16.638976705669073, "ChiSquared": null},"Point T1-176-24092019110655-GenNb9": {"x": -7.024172941373758, "y": -4.08863040623072, "fAckley": 13.87571453886639, "ChiSquared": null},"Point T1-514-24092019110655-GenNb10": {"x": 0.8544269935003639, "y": 0.7188731793066374, "fAckley": 4.408753459845748, "ChiSquared": null},"Point T1-162-24092019110655-GenNb10": {"x": -5.286312260744118, "y": -8.708245800823011, "fAckley": 17.19851593326866, "ChiSquared": null},"Point T1-629-24092019110656-GenNb10": {"x": -1.9778182860825637, "y": 1.2619, "fAckley": 6.784894463314778, "ChiSquared": null},"Point T1-292-24092019110656-GenNb10": {"x": 2.072902559211835, "y": 2.6497588445919877, "fAckley": 9.123796947497178, "ChiSquared": null},"Point T1-863-24092019110656-GenNb10": {"x": -8.074483667909325, "y": 4.138096999999998, "fAckley": 15.01615619775517, "ChiSquared": null},"Point T1-742-24092019110657-GenNb11": {"x": -2.476167078991824, "y": -2.812476888805638, "fAckley": 10.206886110372874, "ChiSquared": null},"Point T1-687-24092019110657-GenNb11": {"x": -5.286312260744118, "y": 5.709236905542987, "fAckley": 15.276490151393714, "ChiSquared": null},"Point T1-463-24092019110657-GenNb11": {"x": -6.060682773659845, "y": -0.1495541461352068, "fAckley": 12.096366890667026, "ChiSquared": null},"Point T1-120-24092019110658-GenNb12": {"x": -4.980204247296979, "y": -2.220825888800007, "fAckley": 11.669685037915704, "ChiSquared": null},"Point T1-535-24092019110659-GenNb12": {"x": -2.956435048298503, "y": -3.2786057127107355, "fAckley": 10.526002472510646, "ChiSquared": null},"Point T1-156-24092019110659-GenNb12": {"x": -3.930713841519107, "y": 4.138096999999998, "fAckley": 11.621508529824128, "ChiSquared": null},"Point T1-429-24092019110659-GenNb12": {"x": -4.3454489635165565, "y": -4.08863040623072, "fAckley": 12.963948246651908, "ChiSquared": null},"Point T1-932-24092019110659-GenNb13": {"x": -2.8945674701264794, "y": 5.709236905542987, "fAckley": 13.322674002674082, "ChiSquared": null},"Point T1-60-24092019110659-GenNb13": {"x": -4.980204247296979, "y": 0.9521264776546494, "fAckley": 10.306914601730046, "ChiSquared": null},"Point T1-254-24092019110700-GenNb13": {"x": -2.8945674701264794, "y": 4.138096999999998, "fAckley": 10.876991306185193, "ChiSquared": null},"Point T1-231-24092019110700-GenNb14": {"x": -2.8945674701264794, "y": -3.849429226464011, "fAckley": 10.610229932601435, "ChiSquared": null},"Point T1-68-24092019110700-GenNb14": {"x": -2.890568146964957, "y": -0.1495541461352068, "fAckley": 7.459769440690847, "ChiSquared": null},"Point T1-742-24092019110701-GenNb14": {"x": 2.072902559211835, "y": -1.567949756449236, "fAckley": 7.87662730198336, "ChiSquared": null},"Point T1-826-24092019110701-GenNb14": {"x": -4.980204247296979, "y": 1.9890788153130219, "fAckley": 10.645400164496312, "ChiSquared": null},"Point T1-13-24092019110701-GenNb15": {"x": 1.6986154439973147, "y": -2.812476888805638, "fAckley": 9.118100259857258, "ChiSquared": null},"Point T1-672-24092019110702-GenNb15": {"x": -2.8945674701264794, "y": -1.7369622689570718, "fAckley": 8.886600200512985, "ChiSquared": null},"Point T1-590-24092019110702-GenNb15": {"x": -4.980204247296979, "y": -1.021917991053117, "fAckley": 10.278306396062288, "ChiSquared": null},"Point T1-164-24092019110702-GenNb15": {"x": -1.241902939045077, "y": 0.9690702352816829, "fAckley": 5.037035684273167, "ChiSquared": null},"Point T1-345-24092019110702-GenNb15": {"x": 0.8517874402137592, "y": -3.2786057127107355,