{"Point T6-679-24092019110642-GenNb0": {"x": -17.227, "y": -5.571343999999999, "fAckley": 20.488144847050595, "ChiSquared": null},"Point T6-29-24092019110643-GenNb0": {"x": 19.5529, "y": 2.7979980000000015, "fAckley": 20.770821593028472, "ChiSquared": null},"Point T6-919-24092019110643-GenNb0": {"x": -0.540814000000001, "y": 4.0625, "fAckley": 10.537228419683766, "ChiSquared": null},"Point T6-982-24092019110643-GenNb0": {"x": 7.4006, "y": 12.072786, "fAckley": 18.974671659956606, "ChiSquared": null},"Point T6-279-24092019110643-GenNb1": {"x": 27.448, "y": 10.895934, "fAckley": 21.485020750901004, "ChiSquared": null},"Point T6-444-24092019110644-GenNb1": {"x": -6.970192, "y": -0.604, "fAckley": 14.183649656029377, "ChiSquared": null},"Point T6-827-24092019110644-GenNb1": {"x": 29.2689, "y": -13.329028000000001, "fAckley": 21.763846495425664, "ChiSquared": null},"Point T6-615-24092019110645-GenNb1": {"x": 3.9868, "y": 9.789381039999999, "fAckley": 16.372261135120386, "ChiSquared": null},"Point T6-858-24092019110645-GenNb2": {"x": 27.448, "y": 7.885858513600001, "fAckley": 21.458081718835796, "ChiSquared": null},"Point T6-541-24092019110645-GenNb2": {"x": -17.227, "y": 2.290018440000002, "fAckley": 20.056689717399802, "ChiSquared": null},"Point T6-340-24092019110645-GenNb2": {"x": 6.11027, "y": 2.7979980000000015, "fAckley": 13.282221979256098, "ChiSquared": null},"Point T6-512-24092019110646-GenNb2": {"x": 22.027834, "y": -13.329028000000001, "fAckley": 20.904424045908694, "ChiSquared": null},"Point T6-769-24092019110646-GenNb2": {"x": 7.4006, "y": -1.3147305135999998, "fAckley": 15.26291012351872, "ChiSquared": null},"Point T6-561-24092019110646-GenNb3": {"x": 27.904600719999998, "y": 7.885858513600001, "fAckley": 20.184449773217594, "ChiSquared": null},"Point T6-863-24092019110646-GenNb3": {"x": 4.187108, "y": 10.607986374623998, "fAckley": 17.910460541050625, "ChiSquared": null},"Point T6-754-24092019110646-GenNb3": {"x": 6.045751999999999, "y": 2.7979980000000015, "fAckley": 13.048449937268384, "ChiSquared": null},"Point T6-253-24092019110646-GenNb3": {"x": -6.0906, "y": 9.454114530399998, "fAckley": 17.698132637327753, "ChiSquared": null},"Point T6-7-24092019110647-GenNb3": {"x": 22.027834, "y": 11.954970000000001, "fAckley": 19.496045283769494, "ChiSquared": null},"Point T6-92-24092019110647-GenNb3": {"x": 3.9868, "y": 3.1757414863999993, "fAckley": 10.930313868357556, "ChiSquared": null},"Point T6-406-24092019110647-GenNb4": {"x": 2.49974872, "y": 8.01269247914816, "fAckley": 15.617344830997942, "ChiSquared": null},"Point T6-559-24092019110647-GenNb4": {"x": 1.934, "y": 12.20587952085184, "fAckley": 17.422768481368212, "ChiSquared": null},"Point T6-487-24092019110648-GenNb4": {"x": -0.540814000000001, "y": 0.30336861897600187, "fAckley": 3.8744669052161638, "ChiSquared": null},"Point T6-973-24092019110648-GenNb5": {"x": 16.731597999999998, "y": 10.138805106301787, "fAckley": 20.158931699318163, "ChiSquared": null},"Point T6-32-24092019110648-GenNb5": {"x": 2.49974872, "y": 6.162278000851839, "fAckley": 14.121168607052178, "ChiSquared": null},"Point T6-868-24092019110649-GenNb5": {"x": 22.027834, "y": 5.9900924211001625, "fAckley": 19.230794388534466, "ChiSquared": null},"Point T6-977-24092019110649-GenNb6": {"x": -11.08898812, "y": -1.8034136989501044, "fAckley": 16.833627783120953, "ChiSquared": null},"Point T6-124-24092019110650-GenNb6": {"x": -6.970192, "y": 2.1991347114758404, "fAckley": 13.691650912402578, "ChiSquared": null},"Point T6-971-24092019110650-GenNb6": {"x": 3.9868, "y": 2.7979980000000015, "fAckley": 10.765461621747406, "ChiSquared": null},"Point T6-797-24092019110650-GenNb7": {"x": 5.213505039999999, "y": -0.046923802910374235, "fAckley": 11.342762329011583, "ChiSquared": null},"Point T6-951-24092019110651-GenNb7": {"x": -7.1542257199999995, "y": 1.3410948639497322, "fAckley": 14.561422488334365, "ChiSquared": null},"Point T6-217-24092019110652-GenNb8": {"x": 1.934, "y": 6.951648490893341, "fAckley": 12.963108255785333, "ChiSquared": null},"Point T6-848-24092019110652-GenNb8": {"x": 1.2683945608, "y": 9.454114530399998, "fAckley": 16.943767214583225, "ChiSquared": null},"Point T6-478-24092019110652-GenNb8": {"x": 0.1889494335999995, "y": 2.1991347114758404, "fAckley": 6.669966892268299, "ChiSquared": null},"Point T6-548-24092019110652-GenNb8": {"x": 7.500426046399998, "y": -1.1790300005188998, "fAckley": 15.131260970349821, "ChiSquared": null},"Point T6-24-24092019110652-GenNb8": {"x": 1.6236593263999985, "y": 1.3410948639497322, "fAckley": 7.3355506720256844, "ChiSquared": null},"Point T6-77-24092019110653-GenNb9": {"x": 1.934, "y": -2.833290475439548, "fAckley": 8.377102946778013, "ChiSquared": null},"Point T6-115-24092019110654-GenNb9": {"x": 1.2683945608, "y": -0.046923802910374235, "fAckley": 4.48140813177546, "ChiSquared": null},"Point T6-775-24092019110654-GenNb9": {"x": 5.138533373824, "y": -1.1790300005188998, "fAckley": 11.516728926936509, "ChiSquared": null},"Point T6-189-24092019110654-GenNb9": {"x": 3.9868, "y": 0.30336861897600187, "fAckley": 9.95999254111024, "ChiSquared": null},"Point T6-939-24092019110655-GenNb10": {"x": 0.4587692344000005, "y": -1.8034136989501044, "fAckley": 6.618833931682278, "ChiSquared": null},"Point T6-246-24092019110655-GenNb10": {"x": 1.4523561338239996, "y": -0.046923802910374235, "fAckley": 5.432839430660902, "ChiSquared": null},"Point T6-760-24092019110655-GenNb10": {"x": 6.045751999999999, "y": -0.26293768039122956, "fAckley": 12.668503992058582, "ChiSquared": null},"Point T6-467-24092019110656-GenNb10": {"x": -0.540814000000001, "y": -0.049381465881497943, "fAckley": 3.2042919563430314, "ChiSquared": null},"Point T6-354-24092019110656-GenNb11": {"x": 6.045751999999999, "y": -1.0101277708128564, "fAckley": 11.652434379464566, "ChiSquared": null},"Point T6-833-24092019110656-GenNb11": {"x": 0.2384307332761595, "y": 1.0489366518366872, "fAckley": 3.870615020794862, "ChiSquared": null},"Point T6-921-24092019110657-GenNb11": {"x": 3.9868, "y": -2.0967443782075117, "fAckley": 9.66002094925967, "ChiSquared": null},"Point T6-723-24092019110657-GenNb12": {"x": 1.934, "y": -0.4505321192539935, "fAckley": 6.633433430146042, "ChiSquared": null},"Point T6-42-24092019110658-GenNb12": {"x": -0.49133270032384146, "y": 0.24928295050210436, "fAckley": 3.6091010746180427, "ChiSquared": null},"Point T6-878-24092019110658-GenNb12": {"x": 0.46720379643842547, "y": 0.6763440972226863, "fAckley": 4.422911447670806, "ChiSquared": null},"Point T6-62-24092019110658-GenNb12": {"x": 0.33735459620416075, "y": 1.3410948639497322, "fAckley": 5.683312316303162, "ChiSquared": null},"Point T6-998-24092019110659-GenNb13": {"x": -2.8621197683897357, "y": -2.0967443782075117, "fAckley": 8.525059971711418, "ChiSquared": null},"Point T6-826-24092019110659-GenNb14": {"x": 0.07367237663325288, "y": -1.8034136989501044, "fAckley": 5.379673261733355, "ChiSquared": null},"Point T6-169-24092019110700-GenNb14": {"x": 0.9970795309081618, "y": 0.18343359012445193, "fAckley": 3.3698992805865555, "ChiSquared": null},"Point T6-842-24092019110700-GenNb14": {"x": -0.41939936180416126, "y": -0.049381465881497943, "fAckley": 2.838099607266525, "ChiSquared": null},"Point T6-545-24092019110700-GenNb14": {"x": 0.7420206305375743, "y": -1.0101277708128564, "fAckley": 4.360649559264882, "ChiSquared": null},"Point T6-596-24092019110700-GenNb15": {"x": 0.07367237663325288, "y": 0.6265123746611854, "fAckley": 3.323177306159796, "ChiSquared": null},"Point T6-913-24092019110701-GenNb15": {"x": 1.0085484458233862, "y": -0.046923802910374235, "fAckley": 2.7211185053185862, "ChiSquared": null},"Point T6-354-24092019110701-GenNb15": {"x": -2.8621197683897357, "y": -1.1713461985140057, "fAckley": 8.050999518342115, "ChiSquared": null},"Point T6-947-24092019110703-GenNb17": {"x": 0.2990326897888855, "y": -0.09403545068518615, "fAckley": 2.283908412048913, "ChiSquared": null},"Point T6-320-24092019110704-GenNb17": {"x": 0.33735459620416075,