{"Point T3-990-24092019110642-GenNb0": {"x": 19.9886, "y": -8.641867999999999, "fAckley": 20.59613963184955, "ChiSquared": null},"Point T3-12-24092019110642-GenNb0": {"x": -9.494, "y": -29.08257, "fAckley": 21.51735149754827, "ChiSquared": null},"Point T3-609-24092019110642-GenNb0": {"x": -22.3049, "y": -25.904518000000003, "fAckley": 21.283394918123815, "ChiSquared": null},"Point T3-110-24092019110642-GenNb0": {"x": 37.09778, "y": 25.2325, "fAckley": 21.093644726495306, "ChiSquared": null},"Point T3-692-24092019110642-GenNb0": {"x": -46.069542000000006, "y": -23.0582, "fAckley": 20.195375509868843, "ChiSquared": null},"Point T3-160-24092019110642-GenNb0": {"x": 16.5554, "y": -4.6440040000000025, "fAckley": 20.501566817143736, "ChiSquared": null},"Point T3-141-24092019110643-GenNb0": {"x": 3.9179, "y": -19.699812, "fAckley": 20.227442168162828, "ChiSquared": null},"Point T3-508-24092019110643-GenNb0": {"x": 28.9827, "y": -7.779862000000001, "fAckley": 20.626689427748662, "ChiSquared": null},"Point T3-553-24092019110643-GenNb1": {"x": 34.104373720000005, "y": -25.904518000000003, "fAckley": 20.42584882915932, "ChiSquared": null},"Point T3-971-24092019110643-GenNb1": {"x": -13.549905999999998, "y": -4.6440040000000025, "fAckley": 19.623840344005725, "ChiSquared": null},"Point T3-18-24092019110644-GenNb1": {"x": -0.9143422799999961, "y": -19.9374842, "fAckley": 19.091056444910336, "ChiSquared": null},"Point T3-315-24092019110644-GenNb1": {"x": 28.9827, "y": -14.082830119999997, "fAckley": 19.971752378824878, "ChiSquared": null},"Point T3-522-24092019110644-GenNb2": {"x": -7.061641200000004, "y": -8.641867999999999, "fAckley": 17.431257771978295, "ChiSquared": null},"Point T3-799-24092019110645-GenNb2": {"x": -22.0051, "y": 1.0704252391999969, "fAckley": 19.241491971621723, "ChiSquared": null},"Point T3-39-24092019110646-GenNb2": {"x": 28.9827, "y": -22.03499852, "fAckley": 19.924326998518502, "ChiSquared": null},"Point T3-936-24092019110646-GenNb3": {"x": 6.678491760000006, "y": -29.08257, "fAckley": 21.181900631837156, "ChiSquared": null},"Point T3-718-24092019110648-GenNb4": {"x": -12.072911666400007, "y": -2.606111371999998, "fAckley": 18.174209060559935, "ChiSquared": null},"Point T3-600-24092019110649-GenNb5": {"x": -10.09726352160001, "y": 25.2325, "fAckley": 20.698912410019066, "ChiSquared": null},"Point T3-976-24092019110649-GenNb5": {"x": -59.97642557520001, "y": -23.0582, "fAckley": 20.100494005211527, "ChiSquared": null},"Point T3-679-24092019110649-GenNb6": {"x": 6.678491760000006, "y": -6.741518320000001, "fAckley": 16.7082706488879, "ChiSquared": null},"Point T3-73-24092019110652-GenNb7": {"x": 8.833907039999996, "y": -2.606111371999998, "fAckley": 16.413270763232497, "ChiSquared": null},"Point T3-579-24092019110653-GenNb8": {"x": -10.09726352160001, "y": -24.76436710568, "fAckley": 20.687298035437138, "ChiSquared": null},"Point T3-724-24092019110654-GenNb9": {"x": -2.469124615200002, "y": -8.641867999999999, "fAckley": 16.66036398606016, "ChiSquared": null},"Point T3-795-24092019110654-GenNb9": {"x": 14.963811358032, "y": -8.839474447808001, "fAckley": 18.881172427284053, "ChiSquared": null},"Point T3-880-24092019110654-GenNb9": {"x": -13.549905999999998, "y": -0.27458389528000593, "fAckley": 19.200789371121754, "ChiSquared": null},"Point T3-980-24092019110656-GenNb10": {"x": 23.942762881101118, "y": -23.0582, "fAckley": 19.98945020557058, "ChiSquared": null},"Point T3-872-24092019110656-GenNb10": {"x": 19.897026031199996, "y": -15.9614, "fAckley": 19.754502398933003, "ChiSquared": null},"Point T3-887-24092019110656-GenNb11": {"x": -5.886870398400001, "y": -6.741518320000001, "fAckley": 15.6552916659356, "ChiSquared": null},"Point T3-280-24092019110657-GenNb11": {"x": 14.138492652432006, "y": -2.75791894552, "fAckley": 18.695217851646454, "ChiSquared": null},"Point T3-862-24092019110657-GenNb11": {"x": 19.897026031199996, "y": 2.0729721744800003, "fAckley": 19.203604143912077, "ChiSquared": null},"Point T3-833-24092019110657-GenNb12": {"x": -2.469124615200002, "y": 2.3545916918767946, "fAckley": 9.922505249716089, "ChiSquared": null},"Point T3-928-24092019110658-GenNb12": {"x": 12.981735484463991, "y": -26.9416063759568, "fAckley": 19.806369477355485, "ChiSquared": null},"Point T3-310-24092019110659-GenNb12": {"x": 9.925181176073256, "y": 2.0729721744800003, "fAckley": 15.505647495839614, "ChiSquared": null},"Point T3-907-24092019110659-GenNb12": {"x": 7.006873355567997, "y": -22.03499852, "fAckley": 19.27363917040481, "ChiSquared": null},"Point T3-295-24092019110659-GenNb13": {"x": 5.9817721710019, "y": -2.75791894552, "fAckley": 13.154589879357903, "ChiSquared": null},"Point T3-957-24092019110700-GenNb13": {"x": -13.549905999999998, "y": -0.07192247151520226, "fAckley": 18.800674494723445, "ChiSquared": null},"Point T3-60-24092019110700-GenNb13": {"x": -6.511542463791651, "y": 1.0704252391999969, "fAckley": 13.89842411649943, "ChiSquared": null},"Point T3-201-24092019110700-GenNb13": {"x": 6.678491760000007, "y": -2.606111371999998, "fAckley": 14.91855668788795, "ChiSquared": null},"Point T3-445-24092019110700-GenNb13": {"x": 7.006873355567997, "y": 12.491660735551996, "fAckley": 19.0795742251986, "ChiSquared": null},"Point T3-459-24092019110700-GenNb14": {"x": -1.501750062240344, "y": -2.420242490518114, "fAckley": 8.958292404603379, "ChiSquared": null},"Point T3-72-24092019110700-GenNb14": {"x": 12.981735484463991, "y": -12.719502260315204, "fAckley": 19.693923416018972, "ChiSquared": null},"Point T3-134-24092019110701-GenNb14": {"x": 6.266208196841518, "y": 2.549771377072001, "fAckley": 14.444728042053448, "ChiSquared": null},"Point T3-276-24092019110701-GenNb14": {"x": 1.7815965607523552, "y": 3.7997938248799987, "fAckley": 10.383300886009453, "ChiSquared": null},"Point T3-178-24092019110701-GenNb14": {"x": 7.006873355567997, "y": -4.2076107198387165, "fAckley": 14.542785948597508, "ChiSquared": null},"Point T3-52-24092019110701-GenNb15": {"x": -7.843890461311797, "y": -25.904518000000003, "fAckley": 20.287707589405386, "ChiSquared": null},"Point T3-162-24092019110701-GenNb15": {"x": -1.501750062240344, "y": 1.2976021223032406, "fAckley": 7.089402377775336, "ChiSquared": null},"Point T3-179-24092019110702-GenNb15": {"x": 1.7815965607523552, "y": -4.084937258060673, "fAckley": 10.37173920394891, "ChiSquared": null},"Point T3-703-24092019110702-GenNb15": {"x": 7.006873355567997, "y": 3.2526352058315977, "fAckley": 14.376258196910001, "ChiSquared": null},"Point T3-622-24092019110703-GenNb16": {"x": -1.1125828611130189, "y": -25.904518000000003, "fAckley": 19.997734037847458, "ChiSquared": null},"Point T3-156-24092019110703-GenNb16": {"x": 6.482940049916391, "y": -12.719502260315204, "fAckley": 19.509445533915702, "ChiSquared": null},"Point T3-688-24092019110703-GenNb16": {"x": 4.675775982617729, "y": 1.2208822338594665, "fAckley": 11.745860200056484, "ChiSquared": null},"Point T3-775-24092019110704-GenNb17": {"x": 2.7656175641865826, "y": -6.741518320000001, "fAckley": 14.559121829942647, "ChiSquared": null},"Point T3-770-24092019110704-GenNb17": {"x": -0.45206480085264333, "y": 2.1746689568235134, "fAckley": 7.330509880258527, "ChiSquared": null},"Point T3-313-24092019110704-GenNb17": {"x": -1.501750062240344, "y": 0.8337119953219068, "fAckley": 6.251855572376975, "ChiSquared": null},"Point T3-43-24092019110705-GenNb17": {"x": 2.905641230911793, "y": 3.2526352058315977, "fAckley": 10.423568276850016, "ChiSquared": null},"Point T3-443-24092019110706-GenNb18": {"x": 5.868504267034846, "y": 2.0729721744800003, "fAckley": 12.226965382658829, "ChiSquared": null},"Point T3-166-24092019110706-GenNb19": {"x": -2.469124615200002, "y": 0.006326698599094627, "fAckley": 7.604048038069369, "ChiSquared": null},"Point T3-392-24092019110706-GenNb19": {"x": -2.6700389983662616, "y": 2.1746689568235134, "fAckley": 9.44166750860448, "ChiSquared": null},"Point T3-157-24092019110707-GenNb19": {"x": -0.45206480085264333, "y": 1.4264207145320769,