{"Point T2-132-24092019110642-GenNb0": {"x": 19.08775, "y": -25.0899, "fAckley": 20.151117265304734, "ChiSquared": null},"Point T2-621-24092019110642-GenNb0": {"x": 4.9061280000000025, "y": -12.2246, "fAckley": 17.973231848861353, "ChiSquared": null},"Point T2-395-24092019110643-GenNb0": {"x": 15.9247, "y": 0.8473160000000011, "fAckley": 18.541943264568612, "ChiSquared": null},"Point T2-502-24092019110644-GenNb1": {"x": 19.08775, "y": -1.1193580000000019, "fAckley": 19.172305849278025, "ChiSquared": null},"Point T2-693-24092019110644-GenNb1": {"x": -3.711492480000003, "y": 9.259082000000001, "fAckley": 16.976744048029023, "ChiSquared": null},"Point T2-128-24092019110644-GenNb1": {"x": 2.655513519999998, "y": 14.0881, "fAckley": 18.92808330179491, "ChiSquared": null},"Point T2-462-24092019110644-GenNb1": {"x": -16.3995, "y": 1.2691114399999996, "fAckley": 20.13581632127095, "ChiSquared": null},"Point T2-433-24092019110644-GenNb1": {"x": -10.98375, "y": -14.4785, "fAckley": 20.18576491496153, "ChiSquared": null},"Point T2-641-24092019110645-GenNb2": {"x": 2.121077999999999, "y": 9.259082000000001, "fAckley": 16.102844898921877, "ChiSquared": null},"Point T2-860-24092019110645-GenNb2": {"x": -3.2946720000000003, "y": -7.521946, "fAckley": 15.926307264609932, "ChiSquared": null},"Point T2-752-24092019110645-GenNb2": {"x": -4.3439760768000015, "y": 0.8473160000000011, "fAckley": 11.014082873526297, "ChiSquared": null},"Point T2-190-24092019110645-GenNb2": {"x": -10.98375, "y": -9.910415440000001, "fAckley": 17.73996755729205, "ChiSquared": null},"Point T2-684-24092019110646-GenNb3": {"x": 2.121077999999999, "y": 6.155330360000001, "fAckley": 12.852782119802848, "ChiSquared": null},"Point T2-5-24092019110646-GenNb3": {"x": -12.580286480000002, "y": 1.2691114399999996, "fAckley": 18.764920680019316, "ChiSquared": null},"Point T2-682-24092019110646-GenNb3": {"x": 1.9629728293119975, "y": 0.8473160000000011, "fAckley": 5.769438769283742, "ChiSquared": null},"Point T2-877-24092019110647-GenNb3": {"x": -17.9568, "y": -31.97849356, "fAckley": 19.94963308797507, "ChiSquared": null},"Point T2-562-24092019110647-GenNb4": {"x": 0.8173805199999957, "y": 6.155330360000001, "fAckley": 12.782005754942137, "ChiSquared": null},"Point T2-88-24092019110647-GenNb4": {"x": -3.2946720000000003, "y": -1.171498000000001, "fAckley": 9.417729903066963, "ChiSquared": null},"Point T2-759-24092019110647-GenNb4": {"x": 2.655513519999998, "y": -3.433542560000001, "fAckley": 11.414419076835287, "ChiSquared": null},"Point T2-462-24092019110648-GenNb4": {"x": 0.9116905200000032, "y": 14.1671, "fAckley": 18.07058084046607, "ChiSquared": null},"Point T2-927-24092019110648-GenNb4": {"x": -10.98375, "y": -0.4218432495999975, "fAckley": 17.43419766052241, "ChiSquared": null},"Point T2-299-24092019110649-GenNb5": {"x": -1.9588187432000066, "y": 6.155330360000001, "fAckley": 12.550153294589077, "ChiSquared": null},"Point T2-98-24092019110649-GenNb5": {"x": 2.655513519999998, "y": -3.247209899199999, "fAckley": 10.904832484932513, "ChiSquared": null},"Point T2-64-24092019110649-GenNb5": {"x": -10.98375, "y": -0.7290738304, "fAckley": 16.961806014678313, "ChiSquared": null},"Point T2-491-24092019110650-GenNb6": {"x": 19.08775, "y": -1.9492050591999972, "fAckley": 18.9309075280983, "ChiSquared": null},"Point T2-458-24092019110650-GenNb6": {"x": -3.2946720000000003, "y": -0.02889340000000229, "fAckley": 8.743844019524659, "ChiSquared": null},"Point T2-836-24092019110650-GenNb6": {"x": 2.655513519999998, "y": -0.1008584134719992, "fAckley": 7.852599584755229, "ChiSquared": null},"Point T2-638-24092019110651-GenNb6": {"x": 1.9629728293119975, "y": -0.02230541199999836, "fAckley": 4.897857194725994, "ChiSquared": null},"Point T2-185-24092019110651-GenNb6": {"x": 0.9116905200000032, "y": -0.8273580480640012, "fAckley": 3.982177717679399, "ChiSquared": null},"Point T2-402-24092019110651-GenNb7": {"x": -1.9588187432000066, "y": -4.1824460950720015, "fAckley": 10.317882107544014, "ChiSquared": null},"Point T2-299-24092019110652-GenNb7": {"x": 10.862582629488, "y": -7.680893234336, "fAckley": 18.54949150500276, "ChiSquared": null},"Point T2-802-24092019110652-GenNb7": {"x": -9.933585556799997, "y": 0.39255073811647756, "fAckley": 16.746381890474005, "ChiSquared": null},"Point T2-649-24092019110652-GenNb8": {"x": 12.813579776799992, "y": -1.9492050591999972, "fAckley": 17.56677752257304, "ChiSquared": null},"Point T2-432-24092019110653-GenNb8": {"x": -17.9568, "y": 12.138437176192003, "fAckley": 19.55059126657434, "ChiSquared": null},"Point T2-526-24092019110653-GenNb9": {"x": -7.254140275712009, "y": -1.9492050591999972, "fAckley": 14.218106150429808, "ChiSquared": null},"Point T2-205-24092019110654-GenNb9": {"x": 10.862582629488, "y": -2.962537308891523, "fAckley": 16.398716410558798, "ChiSquared": null},"Point T2-29-24092019110654-GenNb9": {"x": -17.9568, "y": 6.809964154373368, "fAckley": 19.449697526622376, "ChiSquared": null},"Point T2-722-24092019110655-GenNb10": {"x": -4.383631012512, "y": -2.962537308891523, "fAckley": 12.133501340768579, "ChiSquared": null},"Point T2-15-24092019110656-GenNb10": {"x": 5.1559469232000055, "y": -12.170261603769948, "fAckley": 17.95350422773491, "ChiSquared": null},"Point T2-601-24092019110656-GenNb11": {"x": 4.9061280000000025, "y": -3.837913130176883, "fAckley": 12.460435458066131, "ChiSquared": null},"Point T2-21-24092019110656-GenNb11": {"x": -1.240105794942087, "y": -2.246241115203598, "fAckley": 7.760837286670872, "ChiSquared": null},"Point T2-439-24092019110657-GenNb11": {"x": -9.933585556799997, "y": -2.2937380240951155, "fAckley": 16.609111095405535, "ChiSquared": null},"Point T2-93-24092019110657-GenNb11": {"x": 5.1559469232000055, "y": 6.1043093688800045, "fAckley": 14.293702214696813, "ChiSquared": null},"Point T2-49-24092019110657-GenNb12": {"x": -3.8284882328000096, "y": -4.9919339660311195, "fAckley": 12.414858518164603, "ChiSquared": null},"Point T2-388-24092019110658-GenNb12": {"x": -1.7703819505420735, "y": -1.695131613819526, "fAckley": 7.676773192176501, "ChiSquared": null},"Point T2-909-24092019110658-GenNb13": {"x": 2.5822585060518377, "y": -3.837913130176883, "fAckley": 11.479231961202188, "ChiSquared": null},"Point T2-156-24092019110658-GenNb13": {"x": 0.36829799923007833, "y": -0.4703009279656311, "fAckley": 3.902253317171376, "ChiSquared": null},"Point T2-757-24092019110659-GenNb13": {"x": -0.7966418889862259, "y": -2.246241115203598, "fAckley": 7.271744795155515, "ChiSquared": null},"Point T2-575-24092019110659-GenNb13": {"x": 4.574660519230082, "y": -1.26876557602963, "fAckley": 11.894558508349357, "ChiSquared": null},"Point T2-356-24092019110659-GenNb13": {"x": -4.302838778650236, "y": -2.2937380240951155, "fAckley": 11.940672481852976, "ChiSquared": null},"Point T2-550-24092019110659-GenNb14": {"x": -3.8284882328000096, "y": -3.9418785009407853, "fAckley": 11.502430913187254, "ChiSquared": null},"Point T2-958-24092019110700-GenNb14": {"x": 0.2690220793731437, "y": -0.46362577715051356, "fAckley": 3.5994416714729423, "ChiSquared": null},"Point T2-213-24092019110701-GenNb15": {"x": 3.8098873363392367, "y": 0.49750985621490446, "fAckley": 10.373663211554291, "ChiSquared": null},"Point T2-613-24092019110701-GenNb15": {"x": -0.28739723664861905, "y": -3.837913130176883, "fAckley": 9.955988911383143, "ChiSquared": null},"Point T2-910-24092019110701-GenNb15": {"x": -2.4083026649382298, "y": -0.07937991306983516, "fAckley": 7.473834818636606, "ChiSquared": null},"Point T2-979-24092019110702-GenNb15": {"x": -3.223745141255071, "y": -2.2937380240951155, "fAckley": 10.340911065663189, "ChiSquared": null},"Point T2-248-24092019110702-GenNb15": {"x": 0.7455380628342743, "y": -1.695131613819526, "fAckley": 6.493584538142777, "ChiSquared": null},"Point T2-701-24092019110702-GenNb16": {"x": -0.1027955648403096, "y": 0.49750985621490446, "fAckley": 3.2005280670919345, "ChiSquared": null},"Point T2-228-24092019110702-GenNb16": {"x": -0.28739723664861905,