{"Point T0-80-24092019110642-GenNb0": {"x": 3.5190639999999984, "y": -14.494, "fAckley": 19.92252260942898, "ChiSquared": null},"Point T0-252-24092019110643-GenNb0": {"x": -23.1631, "y": -3.1809960000000004, "fAckley": 20.385894086933565, "ChiSquared": null},"Point T0-677-24092019110643-GenNb0": {"x": -12.548838, "y": -12.0783, "fAckley": 20.050283542865625, "ChiSquared": null},"Point T0-354-24092019110643-GenNb0": {"x": -29.1595, "y": 0.23008599999999912, "fAckley": 21.00141070104794, "ChiSquared": null},"Point T0-963-24092019110643-GenNb0": {"x": -24.502, "y": 14.975446000000002, "fAckley": 21.379550001895396, "ChiSquared": null},"Point T0-509-24092019110644-GenNb1": {"x": 13.689, "y": 4.78872536, "fAckley": 19.210391975189232, "ChiSquared": null},"Point T0-725-24092019110644-GenNb1": {"x": 13.7161, "y": 1.9889200000000002, "fAckley": 18.419661767252425, "ChiSquared": null},"Point T0-441-24092019110644-GenNb1": {"x": -18.00003376, "y": -12.0783, "fAckley": 19.22396136007461, "ChiSquared": null},"Point T0-561-24092019110644-GenNb1": {"x": -24.826302239999997, "y": 0.23008599999999912, "fAckley": 20.780528075318564, "ChiSquared": null},"Point T0-217-24092019110645-GenNb2": {"x": -11.269989999999998, "y": 1.9889200000000002, "fAckley": 17.20740891192834, "ChiSquared": null},"Point T0-728-24092019110645-GenNb2": {"x": 3.0659739999999993, "y": -14.494, "fAckley": 19.298292274048986, "ChiSquared": null},"Point T0-100-24092019110646-GenNb2": {"x": -24.502, "y": 9.124008759999999, "fAckley": 21.356896512285633, "ChiSquared": null},"Point T0-761-24092019110646-GenNb3": {"x": 13.689, "y": -1.0197819776000006, "fAckley": 18.48559877851135, "ChiSquared": null},"Point T0-457-24092019110646-GenNb3": {"x": 3.0659739999999993, "y": -10.378906737600001, "fAckley": 17.2895036928698, "ChiSquared": null},"Point T0-285-24092019110646-GenNb3": {"x": 2.729460000000003, "y": 0.8855129560000004, "fAckley": 8.023704919323219, "ChiSquared": null},"Point T0-803-24092019110646-GenNb3": {"x": -24.95509, "y": 4.551663399999998, "fAckley": 21.158523362625534, "ChiSquared": null},"Point T0-206-24092019110646-GenNb3": {"x": -6.978692281599999, "y": -3.1809960000000004, "fAckley": 13.93271002141148, "ChiSquared": null},"Point T0-981-24092019110646-GenNb3": {"x": -4.785909760000001, "y": -12.1747092624, "fAckley": 18.169116697849454, "ChiSquared": null},"Point T0-856-24092019110646-GenNb3": {"x": -17.64699976, "y": 0.23008599999999912, "fAckley": 20.2824331803357, "ChiSquared": null},"Point T0-75-24092019110646-GenNb3": {"x": -10.033281999999998, "y": 3.9268146400000004, "fAckley": 15.807553890779207, "ChiSquared": null},"Point T0-563-24092019110647-GenNb4": {"x": -6.110300760000002, "y": -2.4997169977760008, "fAckley": 13.964835724096286, "ChiSquared": null},"Point T0-578-24092019110647-GenNb4": {"x": -1.2135189583999995, "y": 1.9889200000000002, "fAckley": 6.487733383314065, "ChiSquared": null},"Point T0-690-24092019110647-GenNb4": {"x": 3.0659739999999993, "y": -9.2180762976, "fAckley": 15.909762930488512, "ChiSquared": null},"Point T0-75-24092019110647-GenNb4": {"x": 2.4005726816000035, "y": 4.551663399999998, "fAckley": 12.643299428203427, "ChiSquared": null},"Point T0-670-24092019110648-GenNb4": {"x": -6.978692281599999, "y": -2.1806124176000012, "fAckley": 13.57937074417287, "ChiSquared": null},"Point T0-464-24092019110648-GenNb4": {"x": 5.043491040000001, "y": -12.1747092624, "fAckley": 17.58370605039781, "ChiSquared": null},"Point T0-460-24092019110648-GenNb4": {"x": -17.64699976, "y": -6.966762177600001, "fAckley": 20.144832458240113, "ChiSquared": null},"Point T0-700-24092019110648-GenNb5": {"x": -1.2135189583999995, "y": -0.9231177614240005, "fAckley": 4.85320912093065, "ChiSquared": null},"Point T0-782-24092019110649-GenNb5": {"x": 2.4005726816000035, "y": 0.12991901558400087, "fAckley": 7.543874233924294, "ChiSquared": null},"Point T0-364-24092019110649-GenNb5": {"x": 5.043491040000001, "y": 9.734164988175998, "fAckley": 16.935122533216628, "ChiSquared": null},"Point T0-304-24092019110649-GenNb5": {"x": 8.275367029056003, "y": -9.21220884386784, "fAckley": 18.208200172084638, "ChiSquared": null},"Point T0-565-24092019110650-GenNb6": {"x": 3.0659739999999993, "y": -4.5674826830678406, "fAckley": 12.529627077893148, "ChiSquared": null},"Point T0-327-24092019110650-GenNb6": {"x": 7.632658658399999, "y": 3.4143351602838385, "fAckley": 16.12291550092379, "ChiSquared": null},"Point T0-425-24092019110650-GenNb6": {"x": 8.275367029056003, "y": -3.0710363693558396, "fAckley": 15.5283086854859, "ChiSquared": null},"Point T0-913-24092019110651-GenNb7": {"x": -3.022084839999997, "y": 6.2682971056087755, "fAckley": 13.693562541625457, "ChiSquared": null},"Point T0-539-24092019110652-GenNb8": {"x": -3.022084839999997, "y": 0.1739142958998401, "fAckley": 7.61809329619941, "ChiSquared": null},"Point T0-921-24092019110652-GenNb8": {"x": 2.729460000000003, "y": 1.000297328996667, "fAckley": 7.914026346266111, "ChiSquared": null},"Point T0-308-24092019110652-GenNb8": {"x": 1.4447174384000014, "y": 0.12991901558400087, "fAckley": 5.547454708652339, "ChiSquared": null},"Point T0-472-24092019110653-GenNb8": {"x": 3.2830396301439992, "y": -4.068790682393281, "fAckley": 11.74955338330024, "ChiSquared": null},"Point T0-904-24092019110654-GenNb9": {"x": 4.345931456800001, "y": 0.601832984477441, "fAckley": 11.46016334568845, "ChiSquared": null},"Point T0-718-24092019110654-GenNb9": {"x": 7.632658658399999, "y": -0.9111584579223606, "fAckley": 14.882371450055777, "ChiSquared": null},"Point T0-88-24092019110654-GenNb9": {"x": 4.045508379600001, "y": -4.068790682393281, "fAckley": 11.289916032448051, "ChiSquared": null},"Point T0-386-24092019110655-GenNb9": {"x": -2.2030038541440025, "y": 3.9268146400000004, "fAckley": 10.327760328650507, "ChiSquared": null},"Point T0-99-24092019110655-GenNb10": {"x": 5.096979184008001, "y": -1.0197819776000006, "fAckley": 10.65441190000863, "ChiSquared": null},"Point T0-109-24092019110655-GenNb10": {"x": 2.5825006360000007, "y": -0.37770495958009465, "fAckley": 8.439130757951599, "ChiSquared": null},"Point T0-925-24092019110656-GenNb10": {"x": -2.2030038541440025, "y": 0.17035085592050647, "fAckley": 6.615476649771999, "ChiSquared": null},"Point T0-321-24092019110657-GenNb11": {"x": 5.2145233873359995, "y": -0.9111584579223606, "fAckley": 11.551062307502688, "ChiSquared": null},"Point T0-509-24092019110657-GenNb12": {"x": 1.857859530502242, "y": 0.601832984477441, "fAckley": 6.628664227599145, "ChiSquared": null},"Point T0-981-24092019110658-GenNb12": {"x": 1.3477242581599997, "y": 0.12991901558400087, "fAckley": 5.147681753675052, "ChiSquared": null},"Point T0-679-24092019110659-GenNb13": {"x": -0.34492702786400076, "y": -0.9231177614240005, "fAckley": 4.144276916038077, "ChiSquared": null},"Point T0-498-24092019110659-GenNb13": {"x": 2.5825006360000007, "y": -0.7350037727524237, "fAckley": 8.4193427576325, "ChiSquared": null},"Point T0-255-24092019110659-GenNb13": {"x": -0.6382626485314771, "y": -0.9111584579223606, "fAckley": 4.523286354261078, "ChiSquared": null},"Point T0-492-24092019110659-GenNb14": {"x": 3.7790910464070415, "y": -1.0197819776000006, "fAckley": 9.421669022445245, "ChiSquared": null},"Point T0-191-24092019110700-GenNb14": {"x": 0.8019631158495997, "y": 1.000297328996667, "fAckley": 4.099323966578755, "ChiSquared": null},"Point T0-757-24092019110700-GenNb14": {"x": -0.5555632159817478, "y": 1.1689252079043757, "fAckley": 5.265740731083152, "ChiSquared": null},"Point T0-614-24092019110700-GenNb14": {"x": -0.6382626485314771, "y": -0.41784565664626516, "fAckley": 4.2949717917018795, "ChiSquared": null},"Point T0-567-24092019110700-GenNb14": {"x": 4.045508379600001, "y": -3.171683791617526, "fAckley": 11.004964416124526, "ChiSquared": null},"Point T0-497-24092019110700-GenNb15": {"x": -0.34492702786400076, "y": 0.4971374358275664, "fAckley": 3.900470958054147, "ChiSquared": null},"Point T0-94-24092019110701-GenNb15": {"x": -1.2334293480645333,