{"Point T4-116-24092019110642-GenNb0": {"x": 15.3257, "y": 19.153636, "fAckley": 21.03819278591071, "ChiSquared": null},"Point T4-297-24092019110642-GenNb0": {"x": -18.3533, "y": -32.013813999999996, "fAckley": 21.393584467949257, "ChiSquared": null},"Point T4-452-24092019110642-GenNb0": {"x": -3.977124, "y": -24.295378, "fAckley": 20.678076969611162, "ChiSquared": null},"Point T4-81-24092019110642-GenNb0": {"x": -22.0608, "y": 3.6869000000000014, "fAckley": 20.56131391527077, "ChiSquared": null},"Point T4-10-24092019110643-GenNb0": {"x": 0.16734000000000293, "y": 2.3036, "fAckley": 7.204887821881671, "ChiSquared": null},"Point T4-549-24092019110643-GenNb0": {"x": -2.6853, "y": 2.7288380000000005, "fAckley": 10.31200950460398, "ChiSquared": null},"Point T4-623-24092019110643-GenNb0": {"x": -6.140116000000001, "y": 27.3181, "fAckley": 21.219575514598137, "ChiSquared": null},"Point T4-445-24092019110643-GenNb1": {"x": -16.9261, "y": -13.292992000000002, "fAckley": 20.396699343947905, "ChiSquared": null},"Point T4-240-24092019110643-GenNb1": {"x": 23.051528, "y": 19.153636, "fAckley": 20.294409624871374, "ChiSquared": null},"Point T4-20-24092019110644-GenNb1": {"x": -22.0608, "y": -10.022284919999997, "fAckley": 19.459171213324225, "ChiSquared": null},"Point T4-469-24092019110645-GenNb2": {"x": -7.845648560000001, "y": -32.013813999999996, "fAckley": 20.345909313418446, "ChiSquared": null},"Point T4-153-24092019110645-GenNb2": {"x": -5.97897, "y": 4.3753, "fAckley": 14.552006956670176, "ChiSquared": null},"Point T4-127-24092019110645-GenNb2": {"x": -3.977124, "y": 1.8492560000000005, "fAckley": 9.765937525441894, "ChiSquared": null},"Point T4-887-24092019110646-GenNb3": {"x": -7.372123849600001, "y": -13.292992000000002, "fAckley": 19.7693524942101, "ChiSquared": null},"Point T4-392-24092019110646-GenNb3": {"x": -7.845648560000001, "y": 14.389910720000003, "fAckley": 19.845888734330817, "ChiSquared": null},"Point T4-798-24092019110646-GenNb3": {"x": -1.5057599999999973, "y": 1.8492560000000005, "fAckley": 7.631279737798872, "ChiSquared": null},"Point T4-57-24092019110646-GenNb3": {"x": 10.674991440000003, "y": -10.022284919999997, "fAckley": 18.889013452331078, "ChiSquared": null},"Point T4-399-24092019110647-GenNb4": {"x": -7.372123849600001, "y": 3.041586877599997, "fAckley": 15.097958121496479, "ChiSquared": null},"Point T4-750-24092019110647-GenNb4": {"x": -7.845648560000001, "y": -3.5392902400000015, "fAckley": 15.98021944180101, "ChiSquared": null},"Point T4-68-24092019110648-GenNb4": {"x": -5.220634459264, "y": -10.022284919999997, "fAckley": 16.874505378760446, "ChiSquared": null},"Point T4-640-24092019110648-GenNb4": {"x": -6.140116000000001, "y": 4.096160000000001, "fAckley": 13.60134647252189, "ChiSquared": null},"Point T4-26-24092019110648-GenNb4": {"x": -5.2203, "y": -22.428020720000003, "fAckley": 21.24809225926379, "ChiSquared": null},"Point T4-348-24092019110648-GenNb5": {"x": -2.940121439999999, "y": 19.153636, "fAckley": 19.31130706117252, "ChiSquared": null},"Point T4-643-24092019110649-GenNb5": {"x": 9.882929620736, "y": 1.0987388400000029, "fAckley": 15.641032640438214, "ChiSquared": null},"Point T4-937-24092019110649-GenNb5": {"x": -5.220634459264, "y": -5.884185628000004, "fAckley": 14.551156201694623, "ChiSquared": null},"Point T4-798-24092019110649-GenNb5": {"x": -0.1451863088639968, "y": 2.7288380000000005, "fAckley": 7.858275000550082, "ChiSquared": null},"Point T4-469-24092019110649-GenNb5": {"x": -5.2203, "y": 4.1688857407840025, "fAckley": 13.542712484199082, "ChiSquared": null},"Point T4-386-24092019110651-GenNb7": {"x": -2.940121439999999, "y": 3.879958674400002, "fAckley": 10.379233991637173, "ChiSquared": null},"Point T4-342-24092019110651-GenNb7": {"x": -5.220634459264, "y": 4.976410660784003, "fAckley": 13.709124696923025, "ChiSquared": null},"Point T4-136-24092019110652-GenNb7": {"x": -1.5057599999999973, "y": 1.1532377392159976, "fAckley": 6.6162970524990925, "ChiSquared": null},"Point T4-173-24092019110652-GenNb7": {"x": -0.3331614568857575, "y": -5.884185628000004, "fAckley": 12.895792891601948, "ChiSquared": null},"Point T4-234-24092019110652-GenNb7": {"x": -5.2203, "y": 0.7025410454825605, "fAckley": 12.275504593922099, "ChiSquared": null},"Point T4-678-24092019110652-GenNb8": {"x": -0.4505212231142366, "y": 3.041586877599997, "fAckley": 8.763875337167654, "ChiSquared": null},"Point T4-631-24092019110653-GenNb8": {"x": -0.45085568237823637, "y": 4.3753, "fAckley": 11.5454897346741, "ChiSquared": null},"Point T4-727-24092019110653-GenNb8": {"x": -2.006261456885758, "y": 0.7565047030985557, "fAckley": 6.267579716767624, "ChiSquared": null},"Point T4-78-24092019110654-GenNb9": {"x": -6.140116000000001, "y": 3.8882286607840024, "fAckley": 13.548478155386869, "ChiSquared": null},"Point T4-500-24092019110655-GenNb10": {"x": -0.4505212231142366, "y": -0.3001942068829544, "fAckley": 3.6603741806142875, "ChiSquared": null},"Point T4-633-24092019110655-GenNb10": {"x": -2.980934735858841, "y": 3.879958674400002, "fAckley": 10.341266868775566, "ChiSquared": null},"Point T4-338-24092019110655-GenNb10": {"x": -0.45085568237823637, "y": 1.826749039725048, "fAckley": 6.607814029435843, "ChiSquared": null},"Point T4-748-24092019110655-GenNb10": {"x": -2.006261456885758, "y": 1.0266163030985556, "fAckley": 5.47831410711483, "ChiSquared": null},"Point T4-127-24092019110655-GenNb10": {"x": 0.16734000000000293, "y": 1.906866963882558, "fAckley": 5.5170587559304245, "ChiSquared": null},"Point T4-786-24092019110656-GenNb10": {"x": 0.8147903696303658, "y": 0.7025410454825605, "fAckley": 4.488655618716582, "ChiSquared": null},"Point T4-499-24092019110656-GenNb11": {"x": -2.4140498641411563, "y": -0.43004406960668273, "fAckley": 8.164728313507677, "ChiSquared": null},"Point T4-933-24092019110657-GenNb11": {"x": 0.16734000000000293, "y": 0.26141846698111426, "fAckley": 2.340660288421326, "ChiSquared": null},"Point T4-517-24092019110657-GenNb12": {"x": 0.08988255428920672, "y": 1.0266163030985556, "fAckley": 2.9329094013307118, "ChiSquared": null},"Point T4-592-24092019110658-GenNb12": {"x": -0.3331614568857575, "y": 1.4622806905865615, "fAckley": 6.061321646939959, "ChiSquared": null},"Point T4-307-24092019110658-GenNb12": {"x": 0.2626020983914013, "y": 3.8882286607840024, "fAckley": 9.78437927375816, "ChiSquared": null},"Point T4-14-24092019110658-GenNb13": {"x": -2.980934735858841, "y": 0.22789339929053065, "fAckley": 7.853481681567075, "ChiSquared": null},"Point T4-580-24092019110659-GenNb13": {"x": -0.45085568237823637, "y": -1.29662021106019, "fAckley": 5.70985820434198, "ChiSquared": null},"Point T4-309-24092019110659-GenNb13": {"x": -0.1451863088639968, "y": -2.3972898419684654, "fAckley": 7.567100923766015, "ChiSquared": null},"Point T4-166-24092019110700-GenNb13": {"x": 0.8147903696303658, "y": -0.009053305071999862, "fAckley": 2.887120356995436, "ChiSquared": null},"Point T4-348-24092019110700-GenNb14": {"x": 0.01980570981548463, "y": -0.3001942068829544, "fAckley": 2.1449411638939044, "ChiSquared": null},"Point T4-962-24092019110700-GenNb14": {"x": 2.3404634240582385, "y": 0.22789339929053065, "fAckley": 7.557723844623423, "ChiSquared": null},"Point T4-8-24092019110700-GenNb14": {"x": -2.4140498641411563, "y": 0.21192069084317522, "fAckley": 7.78822904433237, "ChiSquared": null},"Point T4-470-24092019110700-GenNb14": {"x": 0.2114801842222758, "y": -1.29662021106019, "fAckley": 5.133610490028971, "ChiSquared": null},"Point T4-16-24092019110700-GenNb14": {"x": 0.3137240125605268, "y": 1.4622806905865615, "fAckley": 6.024798659790086, "ChiSquared": null},"Point T4-290-24092019110701-GenNb14": {"x": -1.2058256056743204, "y": 1.5985565564578703, "fAckley": 6.887258481640302, "ChiSquared": null}}