{"Point T7-773-07082019113954-GenNb19": {"Lambda": 0.7259, "Kappa": 0.8842000000000001, "tanBeta": 4.392292773437498, "mBottom": 4.304446917968749, "ChiSquared": null, "LogL": null, "testCalc": 6.562819539257811, "extTest": {"res1": 8.426632903812038, "res2": 71.00814209560771}}, "Point T7-932-07082019113951-GenNb18": {"Lambda": 0.2763, "Kappa": 1.00475, "tanBeta": 3.412267773437497, "mBottom": 3.344022417968747, "ChiSquared": null, "LogL": null, "testCalc": 5.176828944345699, "extTest": {"res1": -12.518681206432664, "res2": 156.71737914829038}}, "Point T7-357-07082019113955-GenNb19": {"Lambda": 0.5899374999999999, "Kappa": 0.4999, "tanBeta": 3.8642539062499974, "mBottom": 3.7869688281249974, "ChiSquared": null, "LogL": null, "testCalc": 4.173251195703123, "extTest": {"res1": -75.73000719824084, "res2": 5735.03399024561}}, "Point T7-797-07082019113929-GenNb11": {"Lambda": 0.311, "Kappa": 0.462125, "tanBeta": 4.842240624999998, "mBottom": 4.745395812499998, "ChiSquared": null, "LogL": null, "testCalc": 4.707139355078123, "extTest": {"res1": 25.490222346745718, "res2": 649.7514352865347}}, "Point T7-126-07082019113949-GenNb17": {"Lambda": 0.8001, "Kappa": 0.945025, "tanBeta": 5.308082812499997, "mBottom": 5.2019211562499965, "ChiSquared": null, "LogL": null, "testCalc": 8.257391548007806, "extTest": {"res1": -51.23128170722561, "res2": 2624.64422536511}}, "Point T7-56-07082019113949-GenNb17": {"Lambda": 0.5811000000000001, "Kappa": 0.91905, "tanBeta": 6.871915624999997, "mBottom": 6.734477312499997, "ChiSquared": null, "LogL": null, "testCalc": 10.020549921406246, "extTest": {"res1": 36.084524337711535, "res2": 1302.092896678896}}, "Point T7-858-07082019113956-GenNb19": {"Lambda": 0.1633624999999999, "Kappa": 0.9487, "tanBeta": 4.173577148437499, "mBottom": 4.090105605468748, "ChiSquared": null, "LogL": null, "testCalc": 6.031212749863279, "extTest": {"res1": -9.326910091169257, "res2": 86.99125184875491}}, "Point T7-555-07082019113950-GenNb17": {"Lambda": 0.6211749999999999, "Kappa": 0.35931250000000003, "tanBeta": 4.478510937499997, "mBottom": 4.388940718749997, "ChiSquared": null, "LogL": null, "testCalc": 4.189513701230466, "extTest": {"res1": 10.644483618087754, "res2": 113.30503149573858}}, "Point T7-418-07082019113946-GenNb16": {"Lambda": 0.5699, "Kappa": 0.8434, "tanBeta": 5.060956249999998, "mBottom": 4.9597371249999975, "ChiSquared": null, "LogL": null, "testCalc": 7.073065073749997, "extTest": {"res1": 212.2658785233942, "res2": 45056.803185308345}}, "Point T7-945-07082019113950-GenNb17": {"Lambda": 1.2217250000000002, "Kappa": 0.8671, "tanBeta": 5.023281249999997, "mBottom": 4.922815624999997, "ChiSquared": null, "LogL": null, "testCalc": 8.309706959999996, "extTest": {"res1": 57.92071161138559, "res2": 3354.808833569298}}, "Point T7-188-07082019113947-GenNb16": {"Lambda": 1.00445, "Kappa": 0.66385, "tanBeta": 4.464221874999998, "mBottom": 4.374937437499998, "ChiSquared": null, "LogL": null, "testCalc": 6.159962212968749, "extTest": {"res1": 19.645325919784693, "res2": 385.9388304945643}}, "Point T7-674-07082019113957-GenNb19": {"Lambda": 1.3511750000000002, "Kappa": 0.6768375, "tanBeta": 3.682305468749998, "mBottom": 3.608659359374998, "ChiSquared": null, "LogL": null, "testCalc": 6.122325988017576, "extTest": {"res1": -117.41439728978408, "res2": 13786.140690923254}}}