{"Point T2-846-07082019113859-GenNb2": {"Lambda": 0.8325, "Kappa": 0.6935, "tanBeta": 6.236600000000005, "mBottom": 6.111868000000005, "ChiSquared": null, "LogL": null, "testCalc": 8.074072350000005, "extTest": {"res1": 31.401876366971248, "res2": 986.0778393665473}}, "Point T2-42-07082019113926-GenNb9": {"Lambda": 0.0202, "Kappa": 0.8082, "tanBeta": 13.521675000000004, "mBottom": 13.251241500000003, "ChiSquared": null, "LogL": null, "testCalc": 17.554246525000003, "extTest": {"res1": 163.04645506644707, "res2": 26584.146509734943}}, "Point T2-568-07082019113935-GenNb11": {"Lambda": 0.700975, "Kappa": 0.8676, "tanBeta": 4.783234375000007, "mBottom": 4.687569687500007, "ChiSquared": null, "LogL": null, "testCalc": 6.98508493812501, "extTest": {"res1": -21.690777081968037, "res2": 470.4898104196298}}, "Point T2-291-07082019113931-GenNb10": {"Lambda": 0.9624, "Kappa": 0.13102499999999997, "tanBeta": 5.381340625000007, "mBottom": 5.273713812500007, "ChiSquared": null, "LogL": null, "testCalc": 4.268160821640629, "extTest": {"res1": 15.534384723392833, "res2": 241.3171087343806}}, "Point T2-469-07082019113935-GenNb11": {"Lambda": 0.6797, "Kappa": 0.204, "tanBeta": 10.749896875000003, "mBottom": 10.534898937500003, "ChiSquared": null, "LogL": null, "testCalc": 7.922420521250002, "extTest": {"res1": -2135.9751879402284, "res2": 4562390.003496294}}, "Point T2-547-07082019113946-GenNb14": {"Lambda": 0.1101, "Kappa": 0.5737, "tanBeta": 4.284577343750007, "mBottom": 4.198885796875007, "ChiSquared": null, "LogL": null, "testCalc": 4.569626930546882, "extTest": {"res1": -54.58115910651919, "res2": 2979.102929411162}}, "Point T2-43-07082019113932-GenNb10": {"Lambda": 0.6507, "Kappa": 0.47485000000000005, "tanBeta": 10.447275000000003, "mBottom": 10.238329500000003, "ChiSquared": null, "LogL": null, "testCalc": 10.503463773750003, "extTest": {"res1": 41.39508430326818, "res2": 1713.5530044746795}}, "Point T2-451-07082019113943-GenNb13": {"Lambda": 0.4143, "Kappa": 0.14664999999999997, "tanBeta": 5.735568750000004, "mBottom": 5.6208573750000035, "ChiSquared": null, "LogL": null, "testCalc": 3.823194334687502, "extTest": {"res1": -54.03266606057495, "res2": 2919.5290016136078}}, "Point T2-465-07082019113906-GenNb3": {"Lambda": 0.68345, "Kappa": 0.36169999999999997, "tanBeta": 4.8879000000000055, "mBottom": 4.790142000000006, "ChiSquared": null, "LogL": null, "testCalc": 4.630128332500004, "extTest": {"res1": 9.424646828741537, "res2": 88.82396784650791}}, "Point T2-577-07082019113947-GenNb14": {"Lambda": 0.6315, "Kappa": 0.0713, "tanBeta": 4.284577343750007, "mBottom": 4.198885796875007, "ChiSquared": null, "LogL": null, "testCalc": 2.803725513046879, "extTest": {"res1": -19.505764483282718, "res2": 380.47484807729353}}, "Point T2-123-07082019113940-GenNb12": {"Lambda": 0.48432499999999995, "Kappa": 0.9712, "tanBeta": 6.085289062500005, "mBottom": 5.9635832812500045, "ChiSquared": null, "LogL": null, "testCalc": 9.126395083750007, "extTest": {"res1": 588.834680814831, "res2": 346726.28133030393}}, "Point T2-525-07082019113944-GenNb13": {"Lambda": 0.3772, "Kappa": 0.89885, "tanBeta": 5.051520312500007, "mBottom": 4.950489906250007, "ChiSquared": null, "LogL": null, "testCalc": 7.158083826015635, "extTest": {"res1": 211.23959235814706, "res2": 44622.16537963614}}, "Point T2-742-07082019113941-GenNb12": {"Lambda": 0.34504999999999997, "Kappa": 0.6441, "tanBeta": 2.752237500000006, "mBottom": 2.697192750000006, "ChiSquared": null, "LogL": null, "testCalc": 3.2403720512500067, "extTest": {"res1": -217.3252947300529, "res2": 47230.28372950436}}}