{"Point T4-12-07082019113855-GenNb1": {"Lambda": 0.8983, "Kappa": 0.19839999999999997, "tanBeta": 18.24055, "mBottom": 17.875739, "ChiSquared": null, "LogL": null, "testCalc": 13.36373751, "extTest": {"res1": 277.33095726541234, "res2": 76912.45985774997}}, "Point T4-757-07082019113902-GenNb3": {"Lambda": 0.573125, "Kappa": 0.1402, "tanBeta": 13.559300000000004, "mBottom": 13.288114000000004, "ChiSquared": null, "LogL": null, "testCalc": 8.873543125625002, "extTest": {"res1": 318.5388150053085, "res2": 101466.97666498614}}, "Point T4-58-07082019113906-GenNb4": {"Lambda": 0.0015249999999999986, "Kappa": 0.15485000000000002, "tanBeta": 10.338874999999998, "mBottom": 10.132097499999999, "ChiSquared": null, "LogL": null, "testCalc": 6.667025869374999, "extTest": {"res1": -278.3687629149212, "res2": 77489.16816678361}}, "Point T4-809-07082019113906-GenNb4": {"Lambda": 0.25195, "Kappa": 0.4837, "tanBeta": 4.761375000000003, "mBottom": 4.666147500000003, "ChiSquared": null, "LogL": null, "testCalc": 4.699629640000003, "extTest": {"res1": 22.89185699168071, "res2": 524.0371165275611}}, "Point T4-192-07082019113906-GenNb4": {"Lambda": 0.6053, "Kappa": 0.7791, "tanBeta": 5.2017500000000005, "mBottom": 5.097715, "ChiSquared": null, "LogL": null, "testCalc": 6.967929015000001, "extTest": {"res1": -26.461807837357256, "res2": 700.2272740212219}}, "Point T4-910-07082019113913-GenNb6": {"Lambda": 0.5209374999999999, "Kappa": 0.4728, "tanBeta": 1.326749999999997, "mBottom": 1.300214999999997, "ChiSquared": null, "LogL": null, "testCalc": 1.548770778906247, "extTest": {"res1": -1.8840933707207188, "res2": 3.54980782959376}}, "Point T4-858-07082019113910-GenNb5": {"Lambda": 0.3025, "Kappa": 0.1172, "tanBeta": 1.2509125, "mBottom": 1.22589425, "ChiSquared": null, "LogL": null, "testCalc": 0.8510603200000001, "extTest": {"res1": 1.9509817920684307, "res2": 3.806329952982545}}, "Point T4-246-07082019113914-GenNb6": {"Lambda": 0.9716, "Kappa": 0.1341, "tanBeta": 4.166712499999997, "mBottom": 4.083378249999997, "ChiSquared": null, "LogL": null, "testCalc": 3.544451831249998, "extTest": {"res1": 126.15338701879593, "res2": 15914.677056314109}}, "Point T4-541-07082019113910-GenNb5": {"Lambda": 0.3247, "Kappa": 0.44715000000000005, "tanBeta": 0.3812250000000059, "mBottom": 0.3736005000000058, "ChiSquared": null, "LogL": null, "testCalc": 0.46269509875000553, "extTest": {"res1": 0.6884208417299844, "res2": 0.47392325532822027}}, "Point T4-548-07082019113858-GenNb1": {"Lambda": 0.3741, "Kappa": 0.0853, "tanBeta": 9.33025, "mBottom": 9.143645, "ChiSquared": null, "LogL": null, "testCalc": 5.507643635, "extTest": {"res1": 845.1124286465234, "res2": 714215.0170528252}}, "Point T4-34-07082019113907-GenNb4": {"Lambda": 0.62045, "Kappa": 0.7547, "tanBeta": 3.441274999999999, "mBottom": 3.372449499999999, "ChiSquared": null, "LogL": null, "testCalc": 4.668313195, "extTest": {"res1": 13.025332421537906, "res2": 169.6592846915665}}, "Point T4-768-07082019113915-GenNb6": {"Lambda": 0.7519, "Kappa": 0.9138, "tanBeta": 3.325712500000006, "mBottom": 3.259198250000006, "ChiSquared": null, "LogL": null, "testCalc": 5.233988817500008, "extTest": {"res1": 20.05719719759837, "res2": 402.2911594233479}}}