{"Point T5-175-07082019113913-GenNb6": {"Lambda": 0.93935, "Kappa": 0.25354999999999994, "tanBeta": 2.692, "mBottom": 2.63816, "ChiSquared": null, "LogL": null, "testCalc": 2.8840150225, "extTest": {"res1": 7.302044730046758, "res2": 53.31985723960363}}, "Point T5-887-07082019113930-GenNb11": {"Lambda": 0.0713, "Kappa": 0.5364, "tanBeta": 3.9819882812499983, "mBottom": 3.902348515624998, "ChiSquared": null, "LogL": null, "testCalc": 4.092196461874998, "extTest": {"res1": -84.86959842501155, "res2": 7202.8487368227225}}, "Point T5-258-07082019113927-GenNb10": {"Lambda": 0.5772, "Kappa": 0.6505, "tanBeta": 5.932318749999998, "mBottom": 5.813672374999998, "ChiSquared": null, "LogL": null, "testCalc": 7.098969374374997, "extTest": {"res1": -24.54620452851219, "res2": 602.5161567555524}}, "Point T5-804-07082019113911-GenNb5": {"Lambda": 0.4166, "Kappa": 0.6024, "tanBeta": 3.9800875, "mBottom": 3.9004857499999996, "ChiSquared": null, "LogL": null, "testCalc": 4.521403145, "extTest": {"res1": 44.876382752030715, "res2": 2013.8897289067597}}, "Point T5-9-07082019113921-GenNb8": {"Lambda": 0.3113, "Kappa": 0.1896, "tanBeta": 5.926559375, "mBottom": 5.8080281875, "ChiSquared": null, "LogL": null, "testCalc": 4.12459744125, "extTest": {"res1": 61.2062415935076, "res2": 3746.20401000282}}, "Point T5-177-07082019113931-GenNb11": {"Lambda": -0.23599999999999996, "Kappa": 0.3884, "tanBeta": 4.169490625, "mBottom": 4.0861008125, "ChiSquared": null, "LogL": null, "testCalc": 3.7181765650000003, "extTest": {"res1": -75.67264746182366, "res2": 5726.349573881446}}, "Point T5-496-07082019113909-GenNb4": {"Lambda": 0.5584, "Kappa": 0.4755, "tanBeta": 6.2061375000000005, "mBottom": 6.082014750000001, "ChiSquared": null, "LogL": null, "testCalc": 6.303836316250001, "extTest": {"res1": 42.69309271931817, "res2": 1822.7001659402983}}, "Point T5-113-07082019113918-GenNb7": {"Lambda": 0.0862, "Kappa": 0.3761, "tanBeta": 6.6289218750000005, "mBottom": 6.4963434375, "ChiSquared": null, "LogL": null, "testCalc": 5.7487396759375, "extTest": {"res1": 214.0273190140405, "res2": 45807.69328433786}}, "Point T5-759-07082019113929-GenNb10": {"Lambda": 0.1524, "Kappa": 0.4268, "tanBeta": 5.670928125, "mBottom": 5.5575095625, "ChiSquared": null, "LogL": null, "testCalc": 5.222332665, "extTest": {"res1": -26.434324139279763, "res2": 698.7734927005088}}, "Point T5-341-07082019113932-GenNb11": {"Lambda": 0.32275, "Kappa": 0.056949999999999945, "tanBeta": 4.304044531249998, "mBottom": 4.217963640624998, "ChiSquared": null, "LogL": null, "testCalc": 2.458264718867186, "extTest": {"res1": -6.67508458322665, "res2": 44.5567541932301}}, "Point T5-444-07082019113925-GenNb9": {"Lambda": 0.23775000000000002, "Kappa": 0.51005, "tanBeta": 6.061113281249998, "mBottom": 5.939891015624998, "ChiSquared": null, "LogL": null, "testCalc": 6.117941399414061, "extTest": {"res1": 32.85134123754, "res2": 1079.210621105296}}, "Point T5-509-07082019113926-GenNb9": {"Lambda": -0.06334999999999996, "Kappa": 0.4299, "tanBeta": 4.7630328125000005, "mBottom": 4.667772156250001, "ChiSquared": null, "LogL": null, "testCalc": 4.385527106718751, "extTest": {"res1": 27.82223735844303, "res2": 774.076891629543}}}