{"Point T3-570-07082019113929-GenNb10": {"Lambda": 0.811, "Kappa": 0.8119, "tanBeta": 4.912481249999997, "mBottom": 4.814231624999997, "ChiSquared": null, "LogL": null, "testCalc": 7.0532803393749965, "extTest": {"res1": -195.0596056756833, "res2": 38048.24976635305}}, "Point T3-331-07082019114019-GenNb24": {"Lambda": 0.7271, "Kappa": 0.709225, "tanBeta": 4.398945703124994, "mBottom": 4.310966789062494, "ChiSquared": null, "LogL": null, "testCalc": 5.804000070830071, "extTest": {"res1": -50.12087649177096, "res2": 2512.1022603033584}}, "Point T3-258-07082019113957-GenNb18": {"Lambda": 0.9017999999999999, "Kappa": 0.96035, "tanBeta": 4.399765624999997, "mBottom": 4.311770312499997, "ChiSquared": null, "LogL": null, "testCalc": 7.194443314218745, "extTest": {"res1": 19.695332904840605, "res2": 387.906138232497}}, "Point T3-697-07082019114016-GenNb23": {"Lambda": 0.1257, "Kappa": 0.430925, "tanBeta": 4.819674218749997, "mBottom": 4.723280734374997, "ChiSquared": null, "LogL": null, "testCalc": 4.454358969902341, "extTest": {"res1": 32.71227150965513, "res2": 1070.0927073213948}}, "Point T3-866-07082019113958-GenNb18": {"Lambda": 0.13929999999999998, "Kappa": 0.4798, "tanBeta": 4.831639062499997, "mBottom": 4.735006281249997, "ChiSquared": null, "LogL": null, "testCalc": 4.705128052812497, "extTest": {"res1": -22.66137951097854, "res2": 513.5381213405981}}, "Point T3-321-07082019113941-GenNb13": {"Lambda": 0.5237, "Kappa": 0.5918, "tanBeta": 5.758428124999995, "mBottom": 5.643259562499995, "ChiSquared": null, "LogL": null, "testCalc": 6.503729235624994, "extTest": {"res1": -332.6335255214851, "res2": 110645.0623008525}}, "Point T3-635-07082019113939-GenNb12": {"Lambda": 0.5839, "Kappa": 0.9079499999999999, "tanBeta": 5.108662499999995, "mBottom": 5.006489249999995, "ChiSquared": null, "LogL": null, "testCalc": 7.482593951874993, "extTest": {"res1": -88.57863400320267, "res2": 7846.174401873332}}, "Point T3-335-07082019114021-GenNb24": {"Lambda": 0.3707, "Kappa": 0.32142499999999996, "tanBeta": 4.843603906249998, "mBottom": 4.7467318281249975, "ChiSquared": null, "LogL": null, "testCalc": 4.067639789628904, "extTest": {"res1": 110.97200713868314, "res2": 12314.786368387942}}, "Point T3-427-07082019114010-GenNb21": {"Lambda": 0.3406, "Kappa": 0.1622, "tanBeta": 5.168486718749998, "mBottom": 5.065116984374998, "ChiSquared": null, "LogL": null, "testCalc": 3.4868953979687487, "extTest": {"res1": 155.76088082826237, "res2": 24261.451996396154}}, "Point T3-920-07082019114014-GenNb22": {"Lambda": 0.1092, "Kappa": 0.27444999999999997, "tanBeta": 4.861551171874998, "mBottom": 4.764320148437498, "ChiSquared": null, "LogL": null, "testCalc": 3.7283374333398425, "extTest": {"res1": -71.21395190077028, "res2": 5071.426945325224}}, "Point T3-978-07082019113928-GenNb9": {"Lambda": 0.9314, "Kappa": 0.8551249999999999, "tanBeta": 4.475931249999995, "mBottom": 4.386412624999995, "ChiSquared": null, "LogL": null, "testCalc": 6.888192982656243, "extTest": {"res1": -40.27272950925451, "res2": 1621.8927421255792}}, "Point T3-920-07082019113949-GenNb15": {"Lambda": 0.6106, "Kappa": 0.256, "tanBeta": 3.400240624999994, "mBottom": 3.3322358124999942, "ChiSquared": null, "LogL": null, "testCalc": 2.9094118662499957, "extTest": {"res1": 9.898797064402052, "res2": 97.98618332221467}}, "Point T3-125-07082019114023-GenNb24": {"Lambda": 0.4686, "Kappa": 1.171875, "tanBeta": 4.233149999999998, "mBottom": 4.1484869999999985, "ChiSquared": null, "LogL": null, "testCalc": 7.254552116249997, "extTest": {"res1": -35.39016923694266, "res2": 1252.4640786194427}}}