{"Point T3-983-13082019113344-GenNb2": {"x": -9.8984, "y": -5.232875, "fAckley": 17.036318482645406, "ChiSquared": null}, "Point T3-615-13082019113337-GenNb1": {"x": -1.6163750000000006, "y": -12.6301, "fAckley": 18.925159556873503, "ChiSquared": null}, "Point T3-231-13082019113330-GenNb0": {"x": -0.41689999999999994, "y": 7.6068500000000006, "fAckley": 15.470297350472517, "ChiSquared": null}, "Point T3-111-13082019113352-GenNb3": {"x": -5.7788499999999985, "y": 0.6042499999999995, "fAckley": 13.18857512275469, "ChiSquared": null}, "Point T3-995-13082019113345-GenNb2": {"x": -14.973775, "y": -15.9832, "fAckley": 19.12246949066136, "ChiSquared": null}, "Point T3-435-13082019113345-GenNb2": {"x": -9.1516, "y": -12.7192, "fAckley": 19.3236891669013, "ChiSquared": null}, "Point T3-140-13082019113338-GenNb1": {"x": -16.9716, "y": -13.835574999999999, "fAckley": 19.70120897564539, "ChiSquared": null}, "Point T3-558-13082019113338-GenNb1": {"x": 4.4563, "y": 5.914150000000001, "fAckley": 14.75111929869873, "ChiSquared": null}, "Point T3-108-13082019113332-GenNb0": {"x": 0.9668, "y": 2.737400000000001, "fAckley": 7.88502200999792, "ChiSquared": null}, "Point T3-526-13082019113353-GenNb3": {"x": 4.28765, "y": -2.6877, "fAckley": 12.205829143178512, "ChiSquared": null}, "Point T1-810-13082019110223": {"x": 2.1156, "y": -4.3219, "fAckley": 11.422813576686544, "ChiSquared": null}, "Point T3-965-13082019113353-GenNb3": {"x": -0.9509625000000015, "y": 22.554075, "fAckley": 20.891819216488052, "ChiSquared": null}, "Point T3-547-13082019113353-GenNb3": {"x": -8.426912499999998, "y": -8.004924999999998, "fAckley": 17.800193262859928, "ChiSquared": null}, "Point T3-706-13082019113401-GenNb4": {"x": -12.0743, "y": -3.7774500000000004, "fAckley": 17.6734751119892, "ChiSquared": null}, "Point T1-410-13082019110223": {"x": 11.3919, "y": 3.9888, "fAckley": 17.97398360530386, "ChiSquared": null}, "Point T3-203-13082019113347-GenNb2": {"x": -35.0882, "y": 1.9176749999999991, "fAckley": 20.216785605058966, "ChiSquared": null}, "Point T3-566-13082019113402-GenNb4": {"x": -4.259825000000001, "y": -1.1894000000000018, "fAckley": 10.85048896379842, "ChiSquared": null}, "Point T3-753-13082019113341-GenNb1": {"x": -2.3896000000000015, "y": -10.731549999999999, "fAckley": 17.851252670165774, "ChiSquared": null}, "Point T3-37-13082019113402-GenNb4": {"x": 10.844687500000001, "y": 0.1429999999999998, "fAckley": 16.597091346888593, "ChiSquared": null}, "Point T3-914-13082019113355-GenNb3": {"x": -5.980200000000001, "y": -5.715799999999998, "fAckley": 15.034045513894435, "ChiSquared": null}, "Point T3-586-13082019113403-GenNb4": {"x": 0.9312749999999995, "y": -2.2157374999999995, "fAckley": 6.729248007683973, "ChiSquared": null}, "Point T3-743-13082019113403-GenNb4": {"x": 11.16675, "y": -6.460875, "fAckley": 18.701885212028987, "ChiSquared": null}, "Point T3-680-13082019113356-GenNb3": {"x": 9.109200000000001, "y": -3.8641249999999987, "fAckley": 15.73804260692456, "ChiSquared": null}, "Point T3-26-13082019113404-GenNb4": {"x": 3.4756, "y": 15.957124999999998, "fAckley": 19.744332258024585, "ChiSquared": null}, "Point T3-183-13082019113349-GenNb2": {"x": -20.058100000000003, "y": 12.953700000000001, "fAckley": 19.459623161813234, "ChiSquared": null}, "Point T3-270-13082019113343-GenNb1": {"x": -0.0975, "y": -3.0519499999999997, "fAckley": 7.314545062293648, "ChiSquared": null}, "Point T3-773-13082019113404-GenNb4": {"x": 11.0185, "y": 7.7319625, "fAckley": 18.184919504736207, "ChiSquared": null}, "Point T3-395-13082019113405-GenNb4": {"x": -0.07041250000000066, "y": -0.0868500000000001, "fAckley": 0.6229561267705042, "ChiSquared": null}, "Point T3-395-13082019113350-GenNb2": {"x": 1.892425000000002, "y": -15.105100000000002, "fAckley": 18.2030028171957, "ChiSquared": null}, "Point T3-777-13082019113358-GenNb3": {"x": 4.64325, "y": -14.485450000000002, "fAckley": 19.946005525729333, "ChiSquared": null}}