{"Point T2-77-13082019113412-GenNb6": {"x": 1.8797374999999992, "y": -2.487718750000001, "fAckley": 8.975803749541676, "ChiSquared": null}, "Point T2-99-13082019113404-GenNb5": {"x": -5.49441875, "y": -2.4605, "fAckley": 13.808128366162482, "ChiSquared": null}, "Point T2-604-13082019113344-GenNb2": {"x": 4.01155, "y": -3.5448, "fAckley": 12.319024509800988, "ChiSquared": null}, "Point T2-59-13082019113404-GenNb5": {"x": 0.17839999999999812, "y": -11.1116, "fAckley": 16.74297828506894, "ChiSquared": null}, "Point T2-131-13082019113420-GenNb7": {"x": 7.4485375000000005, "y": -1.446343750000001, "fAckley": 15.490740882861141, "ChiSquared": null}, "Point T2-752-13082019113420-GenNb7": {"x": -0.20485624999999885, "y": 0.4960999999999993, "fAckley": 3.482471965144946, "ChiSquared": null}, "Point T2-265-13082019113414-GenNb6": {"x": -5.95215, "y": -2.2078250000000006, "fAckley": 12.731294703300136, "ChiSquared": null}, "Point T2-569-13082019113421-GenNb7": {"x": -1.7061874999999995, "y": -4.921668750000002, "fAckley": 11.787864217491373, "ChiSquared": null}, "Point T2-367-13082019113421-GenNb7": {"x": -3.6722375000000014, "y": -5.559075, "fAckley": 14.426760490332216, "ChiSquared": null}, "Point T2-343-13082019113421-GenNb7": {"x": -2.0867484374999994, "y": -8.1841, "fAckley": 14.785595849743203, "ChiSquared": null}, "Point T2-300-13082019113415-GenNb6": {"x": -1.4956062499999998, "y": -1.1107, "fAckley": 6.459963848295949, "ChiSquared": null}, "Point T2-105-13082019113422-GenNb7": {"x": -9.968249999999998, "y": -2.903015625, "fAckley": 15.652074142592431, "ChiSquared": null}, "Point T2-416-13082019113339-GenNb1": {"x": -3.0465, "y": 2.038449999999999, "fAckley": 8.185793239457606, "ChiSquared": null}, "Point T2-147-13082019113415-GenNb6": {"x": -0.24435625000000094, "y": 6.864599999999999, "fAckley": 13.731910537470274, "ChiSquared": null}, "Point T2-959-13082019113416-GenNb6": {"x": 14.721825, "y": 2.9449937499999996, "fAckley": 18.859618580386748, "ChiSquared": null}, "Point T2-353-13082019113416-GenNb6": {"x": 2.298721875000001, "y": -6.8338, "fAckley": 14.398087239358766, "ChiSquared": null}, "Point T2-489-13082019113408-GenNb5": {"x": 1.1887125000000003, "y": 0.4777875000000007, "fAckley": 5.297172081729705, "ChiSquared": null}, "Point T2-588-13082019113416-GenNb6": {"x": 0.9642750000000007, "y": 1.4957500000000001, "fAckley": 6.180672140817432, "ChiSquared": null}, "Point T2-106-13082019113424-GenNb7": {"x": -2.6292437499999997, "y": 0.7446, "fAckley": 8.432043427605201, "ChiSquared": null}, "Point T2-721-13082019113417-GenNb6": {"x": -4.432096875, "y": 0.18744999999999834, "fAckley": 11.270008335049578, "ChiSquared": null}, "Point T2-423-13082019113418-GenNb6": {"x": -8.7216375, "y": -0.05148750000000213, "fAckley": 15.422300266848298, "ChiSquared": null}, "Point T2-845-13082019113425-GenNb7": {"x": 1.0659234375, "y": -3.3492500000000023, "fAckley": 9.371750520998155, "ChiSquared": null}, "Point T2-215-13082019113410-GenNb5": {"x": 2.0954250000000023, "y": -2.000775, "fAckley": 6.950439294635057, "ChiSquared": null}, "Point T2-645-13082019113355-GenNb3": {"x": -3.9598000000000013, "y": -3.0081500000000005, "fAckley": 10.145192317890048, "ChiSquared": null}, "Point T2-442-13082019113418-GenNb6": {"x": 5.2213031249999995, "y": 1.2961, "fAckley": 12.42431894394393, "ChiSquared": null}, "Point T2-679-13082019113411-GenNb5": {"x": 3.2272374999999993, "y": 3.682949999999999, "fAckley": 11.836716696597696, "ChiSquared": null}, "Point T2-583-13082019113425-GenNb7": {"x": 0.3603500000000004, "y": 3.3877906249999987, "fAckley": 9.868567012414735, "ChiSquared": null}, "Point T2-799-13082019113425-GenNb7": {"x": 1.407412499999999, "y": 6.671087499999999, "fAckley": 14.573415557360274, "ChiSquared": null}, "Point T2-513-13082019113403-GenNb4": {"x": 5.982424999999999, "y": 1.202024999999999, "fAckley": 12.373233170572535, "ChiSquared": null}, "Point T2-899-13082019113426-GenNb7": {"x": 3.7988500000000025, "y": 0.7057812499999994, "fAckley": 10.124010226694287, "ChiSquared": null}}