{"Point T1-755-13082019113344-GenNb2": {"x": 0.21075, "y": 6.583749999999998, "fAckley": 14.106275847341948, "ChiSquared": null}, "Point T1-496-13082019113330-GenNb0": {"x": -4.1286, "y": -13.02325, "fAckley": 17.50471245038248, "ChiSquared": null}, "Point T1-504-13082019113409-GenNb5": {"x": 2.0113750000000006, "y": 5.8509875000000005, "fAckley": 12.16618483341767, "ChiSquared": null}, "Point T1-446-13082019113337-GenNb1": {"x": 0.07019999999999982, "y": -4.760075000000002, "fAckley": 10.895123549119118, "ChiSquared": null}, "Point T1-964-13082019113424-GenNb7": {"x": 4.851, "y": -1.4303687499999995, "fAckley": 12.081601212506786, "ChiSquared": null}, "Point T1-790-13082019113400-GenNb4": {"x": -0.06705000000000005, "y": -5.030156250000001, "fAckley": 10.320672407982713, "ChiSquared": null}, "Point T1-687-13082019113401-GenNb4": {"x": 2.3032500000000002, "y": 0.1112, "fAckley": 7.039335266978469, "ChiSquared": null}, "Point T1-854-13082019113425-GenNb7": {"x": -8.32215, "y": -4.140062500000001, "fAckley": 16.241517986834115, "ChiSquared": null}, "Point T1-966-13082019113410-GenNb5": {"x": -2.774450000000001, "y": 0.9798499999999999, "fAckley": 7.753515602146837, "ChiSquared": null}, "Point T2-116-13082019110627": {"x": 14.2037, "y": -18.8633, "fAckley": 20.40903088594703, "ChiSquared": null}, "Point T1-320-13082019113425-GenNb7": {"x": 4.268887500000002, "y": -0.22212500000000032, "fAckley": 10.763322604054522, "ChiSquared": null}, "Point T1-241-13082019113418-GenNb6": {"x": -0.9330249999999998, "y": 3.0087687499999993, "fAckley": 7.307840134516127, "ChiSquared": null}, "Point T1-220-13082019113426-GenNb7": {"x": -3.8846, "y": 2.339893750000002, "fAckley": 11.073971822178772, "ChiSquared": null}, "Point T1-963-13082019113348-GenNb2": {"x": -7.0931, "y": -3.1297250000000005, "fAckley": 13.899226974999971, "ChiSquared": null}, "Point T1-123-13082019113403-GenNb4": {"x": -1.638, "y": -4.5379875000000025, "fAckley": 12.164030700348517, "ChiSquared": null}, "Point T1-216-13082019113419-GenNb6": {"x": -3.8976187500000004, "y": -2.7234749999999988, "fAckley": 11.135878402081639, "ChiSquared": null}, "Point T1-662-13082019113404-GenNb4": {"x": 2.2067, "y": -4.460299999999999, "fAckley": 12.119262881978988, "ChiSquared": null}, "Point T1-25-13082019113419-GenNb6": {"x": 15.935649999999999, "y": -5.9547875, "fAckley": 18.35542435262422, "ChiSquared": null}, "Point T1-88-13082019113356-GenNb3": {"x": -18.9647, "y": -1.8740875000000008, "fAckley": 19.052856142045282, "ChiSquared": null}, "Point T1-231-13082019113427-GenNb7": {"x": 2.8773500000000003, "y": -1.0274656249999987, "fAckley": 7.392475027024396, "ChiSquared": null}, "Point T1-182-13082019113405-GenNb4": {"x": 0.6545999999999998, "y": -10.946375, "fAckley": 17.267773010518685, "ChiSquared": null}, "Point T4-818-13082019110457": {"x": 7.5557, "y": 3.2561, "fAckley": 15.857356829376148, "ChiSquared": null}, "Point T1-527-13082019113406-GenNb4": {"x": -0.28334999999999866, "y": 14.433999999999997, "fAckley": 19.551764611148148, "ChiSquared": null}, "Point T1-676-13082019113413-GenNb5": {"x": -15.972175000000002, "y": 0.8850249999999993, "fAckley": 18.25509098366352, "ChiSquared": null}, "Point T1-711-13082019113429-GenNb7": {"x": -7.614524999999999, "y": -2.949484375000001, "fAckley": 15.311946928700156, "ChiSquared": null}, "Point T1-842-13082019113429-GenNb7": {"x": 18.924, "y": 3.1618999999999993, "fAckley": 19.364263909831703, "ChiSquared": null}, "Point T1-748-13082019113422-GenNb6": {"x": -14.984974999999999, "y": -3.978256249999998, "fAckley": 17.78614219440189, "ChiSquared": null}, "Point T1-692-13082019113429-GenNb7": {"x": -8.1205, "y": 1.581799999999999, "fAckley": 15.580385810280983, "ChiSquared": null}, "Point T1-410-13082019113351-GenNb2": {"x": 14.90025, "y": -2.1484500000000004, "fAckley": 18.319797460569475, "ChiSquared": null}, "Point T1-153-13082019113351-GenNb2": {"x": -0.10541250000000035, "y": -3.5739, "fAckley": 9.707371038264462, "ChiSquared": null}}