{"Point T4-20-13082019113359-GenNb4": {"x": 0.6722, "y": 0.15300000000000047, "fAckley": 3.523377197959992, "ChiSquared": null}, "Point T4-203-13082019113413-GenNb6": {"x": 5.16525, "y": 3.273987500000002, "fAckley": 13.100292542257696, "ChiSquared": null}, "Point T4-237-13082019113420-GenNb7": {"x": 8.137099999999998, "y": -1.4558624999999994, "fAckley": 15.648709707185878, "ChiSquared": null}, "Point T4-695-13082019113420-GenNb7": {"x": -1.366299999999999, "y": 4.2319, "fAckley": 11.296642397137555, "ChiSquared": null}, "Point T4-734-13082019113414-GenNb6": {"x": -1.8334187499999994, "y": -9.087750000000003, "fAckley": 15.361515149800198, "ChiSquared": null}, "Point T4-554-13082019113400-GenNb4": {"x": 0.8389000000000005, "y": 1.094875, "fAckley": 4.29123498282237, "ChiSquared": null}, "Point T4-225-13082019113414-GenNb6": {"x": 1.0949124999999997, "y": -8.373925, "fAckley": 15.595623307328797, "ChiSquared": null}, "Point T4-782-13082019113422-GenNb7": {"x": -0.9012000000000007, "y": -6.159325000000002, "fAckley": 12.458585721615307, "ChiSquared": null}, "Point T4-902-13082019113408-GenNb5": {"x": -2.0170375000000007, "y": -16.333975000000002, "fAckley": 19.4894077226388, "ChiSquared": null}, "Point T4-458-13082019113422-GenNb7": {"x": 2.2391750000000004, "y": 2.3445874999999994, "fAckley": 9.29169177902397, "ChiSquared": null}, "Point T4-874-13082019113355-GenNb3": {"x": -1.4018, "y": 0.6154874999999986, "fAckley": 6.154261330552174, "ChiSquared": null}, "Point T4-911-13082019113423-GenNb7": {"x": -0.7735500000000004, "y": -13.991887500000004, "fAckley": 18.18809400502007, "ChiSquared": null}, "Point T4-480-13082019113402-GenNb4": {"x": -2.1167, "y": 2.146487499999999, "fAckley": 7.697693242511249, "ChiSquared": null}, "Point T4-370-13082019113402-GenNb4": {"x": -0.8056000000000002, "y": -13.6222, "fAckley": 18.986704722037015, "ChiSquared": null}, "Point T4-707-13082019113423-GenNb7": {"x": 2.3225250000000006, "y": -6.960962500000001, "fAckley": 14.330036709219826, "ChiSquared": null}, "Point T4-665-13082019113423-GenNb7": {"x": 5.2331, "y": -0.6272687500000025, "fAckley": 12.48293473345226, "ChiSquared": null}, "Point T4-670-13082019113424-GenNb7": {"x": -2.391324999999999, "y": 8.1457375, "fAckley": 15.777887414852513, "ChiSquared": null}, "Point T4-614-13082019113424-GenNb7": {"x": 1.687675, "y": 0.7559374999999982, "fAckley": 6.478879818069988, "ChiSquared": null}, "Point T4-657-13082019113356-GenNb3": {"x": 1.7592749999999997, "y": 10.4514, "fAckley": 17.611454929288737, "ChiSquared": null}, "Point T4-341-13082019113349-GenNb2": {"x": -1.0395, "y": -3.16585, "fAckley": 8.144231564224274, "ChiSquared": null}, "Point T4-999-13082019113425-GenNb7": {"x": 0.19855, "y": 0.23929999999999918, "fAckley": 2.366524726482887, "ChiSquared": null}, "Point T4-950-13082019113425-GenNb7": {"x": 1.7008, "y": 0.6969999999999992, "fAckley": 6.566997813065004, "ChiSquared": null}, "Point T4-880-13082019113425-GenNb7": {"x": -12.1954375, "y": 31.2778875, "fAckley": 21.460575244333214, "ChiSquared": null}, "Point T4-379-13082019113426-GenNb7": {"x": 0.7038999999999994, "y": -2.3521625000000013, "fAckley": 7.942669237766946, "ChiSquared": null}, "Point T4-757-13082019113418-GenNb6": {"x": -5.0617, "y": 5.86095, "fAckley": 13.838729183536934, "ChiSquared": null}, "Point T4-687-13082019113426-GenNb7": {"x": -4.643924999999999, "y": -5.078962500000005, "fAckley": 14.021797549667962, "ChiSquared": null}, "Point T7-877-13082019110500": {"x": -0.6975, "y": 3.1332, "fAckley": 8.82720088000425, "ChiSquared": null}, "Point T4-407-13082019113419-GenNb6": {"x": 1.9570624999999993, "y": 10.614425, "fAckley": 17.260534633208106, "ChiSquared": null}, "Point T4-772-13082019113427-GenNb7": {"x": -4.2365375, "y": -0.9718749999999972, "fAckley": 10.195696620781117, "ChiSquared": null}, "Point T4-398-13082019113419-GenNb6": {"x": -4.922799999999999, "y": 0.67880625, "fAckley": 11.560479096241963, "ChiSquared": null}}