{"Point T0-898-13082019113359-GenNb4": {"x": 2.3834250000000026, "y": -5.679537499999999, "fAckley": 13.79161753162444, "ChiSquared": null}, "Point T0-292-13082019113353-GenNb3": {"x": 1.3345499999999997, "y": -0.9911999999999996, "fAckley": 5.629565133887329, "ChiSquared": null}, "Point T0-237-13082019113420-GenNb7": {"x": 4.293259375000004, "y": -4.087920312499999, "fAckley": 12.731691717371437, "ChiSquared": null}, "Point T0-405-13082019113346-GenNb2": {"x": 4.7318625, "y": -6.9232, "fAckley": 15.137869685320604, "ChiSquared": null}, "Point T0-451-13082019113346-GenNb2": {"x": 2.2665500000000005, "y": 0.6977, "fAckley": 7.609032730469613, "ChiSquared": null}, "Point T0-692-13082019113406-GenNb5": {"x": 6.086903125000001, "y": 0.24205000000000254, "fAckley": 12.69584841630314, "ChiSquared": null}, "Point T0-276-13082019113421-GenNb7": {"x": -0.8514250000000043, "y": -1.3395749999999982, "fAckley": 5.708330043726303, "ChiSquared": null}, "Point T0-213-13082019113415-GenNb6": {"x": 2.901112500000001, "y": -0.7618999999999989, "fAckley": 8.073538417759965, "ChiSquared": null}, "Point T0-235-13082019113421-GenNb7": {"x": -3.913721875000001, "y": -4.995225, "fAckley": 12.03633775838847, "ChiSquared": null}, "Point T0-849-13082019113401-GenNb4": {"x": 4.0450124999999995, "y": -19.6554, "fAckley": 20.32579896366357, "ChiSquared": null}, "Point T0-622-13082019113407-GenNb5": {"x": -0.30434375000000324, "y": -0.9518000000000004, "fAckley": 3.9908536464681714, "ChiSquared": null}, "Point T0-721-13082019113422-GenNb7": {"x": -7.20843125, "y": -1.2349937499999974, "fAckley": 14.415972665203165, "ChiSquared": null}, "Point T0-913-13082019113423-GenNb7": {"x": -2.9794171875000024, "y": -8.8161125, "fAckley": 15.345558987675805, "ChiSquared": null}, "Point T0-697-13082019113423-GenNb7": {"x": -2.1894687499999983, "y": 1.6783046874999998, "fAckley": 8.21062091064793, "ChiSquared": null}, "Point T0-614-13082019113416-GenNb6": {"x": -0.8943625000000033, "y": 3.0736031249999995, "fAckley": 7.680681318707466, "ChiSquared": null}, "Point T0-33-13082019113402-GenNb4": {"x": 5.807925000000003, "y": 9.881, "fAckley": 17.039934206384075, "ChiSquared": null}, "Point T0-232-13082019113424-GenNb7": {"x": 7.8840671874999995, "y": -2.305275, "fAckley": 15.233977106770578, "ChiSquared": null}, "Point T0-592-13082019113349-GenNb2": {"x": 0.0654249999999994, "y": 1.9945, "fAckley": 5.029474894239147, "ChiSquared": null}, "Point T0-132-13082019113424-GenNb7": {"x": 2.1330999999999998, "y": 0.26341093750000066, "fAckley": 6.619953727050628, "ChiSquared": null}, "Point T0-566-13082019113424-GenNb7": {"x": 2.3112125, "y": -0.1400687499999984, "fAckley": 7.163252810865638, "ChiSquared": null}, "Point T0-455-13082019113425-GenNb7": {"x": 1.447103124999999, "y": -1.5774999999999983, "fAckley": 7.541768534247245, "ChiSquared": null}, "Point T0-936-13082019113417-GenNb6": {"x": -0.02284999999999915, "y": -0.7072124999999998, "fAckley": 3.186480308449149, "ChiSquared": null}, "Point T0-88-13082019113425-GenNb7": {"x": 5.977771874999999, "y": -6.764425, "fAckley": 15.422180727148348, "ChiSquared": null}, "Point T0-271-13082019113410-GenNb5": {"x": 0.19979999999999887, "y": -1.6333937499999998, "fAckley": 6.034910200133339, "ChiSquared": null}, "Point T0-359-13082019113418-GenNb6": {"x": 8.323590625000001, "y": 1.8569375000000008, "fAckley": 15.638653165135256, "ChiSquared": null}, "Point T0-387-13082019113426-GenNb7": {"x": 0.8504468749999994, "y": -3.344899999999998, "fAckley": 9.427987765621493, "ChiSquared": null}, "Point T0-50-13082019113426-GenNb7": {"x": 0.8301625000000001, "y": 0.16365625000000028, "fAckley": 3.326035058260001, "ChiSquared": null}, "Point T0-406-13082019113411-GenNb5": {"x": 5.296662500000001, "y": -4.266553125, "fAckley": 14.252931969274908, "ChiSquared": null}, "Point T0-890-13082019113426-GenNb7": {"x": 5.622979687500003, "y": 6.956149999999999, "fAckley": 15.942227377347852, "ChiSquared": null}, "Point T0-480-13082019113419-GenNb6": {"x": -6.0855375, "y": 5.610868750000001, "fAckley": 15.467615215555288, "ChiSquared": null}}