{"Point T5-714-13082019113409-GenNb5": {"x": -3.004, "y": -3.45205, "fAckley": 11.225034489851756, "ChiSquared": null}, "Point T5-797-13082019113416-GenNb6": {"x": 21.0793, "y": -7.9851562499999975, "fAckley": 19.34061742013345, "ChiSquared": null}, "Point T5-806-13082019113416-GenNb6": {"x": 13.06205, "y": -4.021887499999998, "fAckley": 17.21769052411596, "ChiSquared": null}, "Point T5-909-13082019113354-GenNb3": {"x": -2.757625000000001, "y": -14.867299999999997, "fAckley": 18.92814379747139, "ChiSquared": null}, "Point T5-419-13082019113354-GenNb3": {"x": 1.4462000000000004, "y": -6.7389875, "fAckley": 14.569700088742138, "ChiSquared": null}, "Point T5-138-13082019113339-GenNb1": {"x": -3.30645, "y": 0.6298, "fAckley": 9.696455063873204, "ChiSquared": null}, "Point T5-265-13082019113347-GenNb2": {"x": 13.0131, "y": -7.855925, "fAckley": 18.14656406946416, "ChiSquared": null}, "Point T5-823-13082019113418-GenNb6": {"x": -1.1718749999999993, "y": 8.07585, "fAckley": 14.437356742669053, "ChiSquared": null}, "Point T5-367-13082019113404-GenNb4": {"x": -8.846625, "y": -3.9424124999999997, "fAckley": 15.511579746501027, "ChiSquared": null}, "Point T5-696-13082019113411-GenNb5": {"x": -13.9100125, "y": 15.9685, "fAckley": 19.227131716718194, "ChiSquared": null}, "Point T5-620-13082019113419-GenNb6": {"x": -5.039574999999999, "y": 3.431100000000001, "fAckley": 13.242444927467632, "ChiSquared": null}, "Point T5-72-13082019113405-GenNb4": {"x": 9.764449999999998, "y": 7.0664, "fAckley": 17.42852241466981, "ChiSquared": null}, "Point T5-152-13082019113419-GenNb6": {"x": -17.939515625, "y": 6.275, "fAckley": 19.886369731718563, "ChiSquared": null}, "Point T5-52-13082019113405-GenNb4": {"x": 12.287849999999999, "y": 8.097987499999999, "fAckley": 18.88569882440778, "ChiSquared": null}, "Point T5-750-13082019113333-GenNb0": {"x": -3.1381, "y": -4.1105, "fAckley": 11.064138935705277, "ChiSquared": null}, "Point T5-12-13082019113420-GenNb6": {"x": -1.9574499999999997, "y": 13.766256250000001, "fAckley": 18.21474653627265, "ChiSquared": null}, "Point T5-186-13082019113413-GenNb5": {"x": -1.0556, "y": 17.97221875, "fAckley": 18.53299584946161, "ChiSquared": null}, "Point T5-8-13082019113406-GenNb4": {"x": -17.963, "y": 5.8980250000000005, "fAckley": 18.909711311686422, "ChiSquared": null}, "Point T5-758-13082019113421-GenNb6": {"x": 1.4336624999999994, "y": 1.8153249999999996, "fAckley": 7.525680731793678, "ChiSquared": null}, "Point T5-100-13082019113351-GenNb2": {"x": -6.389900000000001, "y": -1.074399999999999, "fAckley": 13.655564027380208, "ChiSquared": null}, "Point T5-129-13082019113421-GenNb6": {"x": -4.134365625, "y": 15.773899999999998, "fAckley": 19.223104591817854, "ChiSquared": null}, "Point T5-503-13082019113407-GenNb4": {"x": -3.0214, "y": -7.0306500000000005, "fAckley": 13.260218530829563, "ChiSquared": null}, "Point T5-483-13082019113359-GenNb3": {"x": 0.8015999999999999, "y": -3.921, "fAckley": 9.542053395040652, "ChiSquared": null}, "Point T5-26-13082019113415-GenNb5": {"x": 3.0194312499999993, "y": 13.052, "fAckley": 17.07316332392407, "ChiSquared": null}, "Point T5-582-13082019113415-GenNb5": {"x": -6.8968, "y": 0.6297999999999995, "fAckley": 14.15028075440848, "ChiSquared": null}, "Point T5-576-13082019113415-GenNb5": {"x": -0.7514500000000011, "y": 0.8008000000000006, "fAckley": 4.4199586008753435, "ChiSquared": null}, "Point T5-742-13082019113423-GenNb6": {"x": -0.21100000000000074, "y": -2.165303125000001, "fAckley": 6.560140757165655, "ChiSquared": null}, "Point T5-29-13082019113415-GenNb5": {"x": -0.9624500000000009, "y": 7.223650000000001, "fAckley": 13.816760049689325, "ChiSquared": null}, "Point T5-452-13082019113345-GenNb1": {"x": 0.2053, "y": 1.8772749999999983, "fAckley": 5.761839324973678, "ChiSquared": null}, "Point T5-124-13082019113416-GenNb5": {"x": 1.9008, "y": -3.9122999999999983, "fAckley": 9.609003627383753, "ChiSquared": null}}