{"Point T7-859-13082019113422-GenNb7": {"x": 2.2143, "y": 0.2378625000000012, "fAckley": 6.960753650549616, "ChiSquared": null}, "Point T7-554-13082019113414-GenNb6": {"x": -3.4594250000000004, "y": 9.523700000000002, "fAckley": 17.570294193076645, "ChiSquared": null}, "Point T7-565-13082019113353-GenNb3": {"x": -0.13929999999999865, "y": 3.1157, "fAckley": 7.849577448312404, "ChiSquared": null}, "Point T7-8-13082019113401-GenNb4": {"x": -1.1695, "y": -2.3794, "fAckley": 8.085684298727191, "ChiSquared": null}, "Point T7-304-13082019113408-GenNb5": {"x": -0.042887500000000855, "y": 4.344024999999998, "fAckley": 10.672998836109645, "ChiSquared": null}, "Point T7-238-13082019113423-GenNb7": {"x": 7.949021875, "y": -0.5166406249999987, "fAckley": 15.25762486586038, "ChiSquared": null}, "Point T7-633-13082019113424-GenNb7": {"x": 0.19754999999999967, "y": -0.6750718750000017, "fAckley": 3.6749190184995872, "ChiSquared": null}, "Point T7-444-13082019113354-GenNb3": {"x": -1.7819250000000002, "y": -2.814675000000001, "fAckley": 8.886049193115351, "ChiSquared": null}, "Point T7-661-13082019113424-GenNb7": {"x": 1.04453125, "y": -3.85435, "fAckley": 9.154954056077056, "ChiSquared": null}, "Point T7-342-13082019113416-GenNb6": {"x": -7.998775, "y": -0.39230624999999764, "fAckley": 15.157671194281278, "ChiSquared": null}, "Point T7-417-13082019113425-GenNb7": {"x": 1.7724437499999999, "y": 3.604231250000002, "fAckley": 10.663692009697368, "ChiSquared": null}, "Point T7-446-13082019113402-GenNb4": {"x": -6.2952, "y": 6.964737499999998, "fAckley": 16.000688954626458, "ChiSquared": null}, "Point T7-650-13082019113425-GenNb7": {"x": -4.9326374999999985, "y": -1.93, "fAckley": 10.782141437453035, "ChiSquared": null}, "Point T7-175-13082019113417-GenNb6": {"x": -0.2546, "y": -0.8206937500000011, "fAckley": 3.7849165668257254, "ChiSquared": null}, "Point T7-15-13082019113426-GenNb7": {"x": 5.99159375, "y": -0.9995093750000001, "fAckley": 11.530602767571065, "ChiSquared": null}, "Point T7-406-13082019113426-GenNb7": {"x": -2.9752062499999994, "y": 0.07098125000000177, "fAckley": 7.015960746510357, "ChiSquared": null}, "Point T1-676-13082019110223": {"x": 0.2719, "y": -1.2682, "fAckley": 5.188082370021668, "ChiSquared": null}, "Point T7-621-13082019113427-GenNb7": {"x": -3.9910124999999987, "y": 2.7679562500000015, "fAckley": 10.91254536522777, "ChiSquared": null}, "Point T7-745-13082019113418-GenNb6": {"x": 0.37928125, "y": 1.5035249999999991, "fAckley": 6.234559064194396, "ChiSquared": null}, "Point T7-10-13082019113427-GenNb7": {"x": 3.145550000000002, "y": 0.6695625000000023, "fAckley": 8.961931617948483, "ChiSquared": null}, "Point T7-431-13082019113412-GenNb5": {"x": -3.4400249999999994, "y": 0.48478125000000083, "fAckley": 10.099785912495964, "ChiSquared": null}, "Point T7-645-13082019113428-GenNb7": {"x": 0.968512500000001, "y": 2.805362500000003, "fAckley": 7.637491494443658, "ChiSquared": null}, "Point T7-310-13082019113406-GenNb4": {"x": -3.2498750000000003, "y": 4.7631499999999996, "fAckley": 12.827087155122888, "ChiSquared": null}, "Point T7-867-13082019113428-GenNb7": {"x": -2.118225, "y": -0.00548125000000077, "fAckley": 5.513345317890252, "ChiSquared": null}, "Point T7-652-13082019113406-GenNb4": {"x": -15.101212499999999, "y": 5.136500000000001, "fAckley": 18.548713101115304, "ChiSquared": null}, "Point T7-166-13082019113413-GenNb5": {"x": -3.4277999999999995, "y": 1.338124999999998, "fAckley": 10.34204026169493, "ChiSquared": null}, "Point T7-924-13082019113429-GenNb7": {"x": 3.3134250000000005, "y": -1.5288750000000015, "fAckley": 10.277332060394233, "ChiSquared": null}, "Point T7-708-13082019113429-GenNb7": {"x": -3.182093750000001, "y": 0.5692781249999969, "fAckley": 9.275144000643675, "ChiSquared": null}, "Point T7-629-13082019113421-GenNb6": {"x": 0.1609999999999996, "y": 1.3263499999999997, "fAckley": 5.126650258400058, "ChiSquared": null}}