{"Point T6-185-13082019113346-GenNb2": {"x": -2.805225, "y": 8.968050000000002, "fAckley": 15.487995069767207, "ChiSquared": null}, "Point T6-558-13082019113414-GenNb6": {"x": -5.979774999999999, "y": -1.5733124999999997, "fAckley": 13.32718531487425, "ChiSquared": null}, "Point T6-703-13082019113415-GenNb6": {"x": -14.4037, "y": -5.0759750000000015, "fAckley": 19.377848108008386, "ChiSquared": null}, "Point T6-838-13082019113415-GenNb6": {"x": 6.661574999999999, "y": -0.4384375000000005, "fAckley": 14.454440155268694, "ChiSquared": null}, "Point T6-782-13082019113415-GenNb6": {"x": 4.1008749999999985, "y": -8.06695, "fAckley": 14.794857442615264, "ChiSquared": null}, "Point T6-691-13082019113339-GenNb1": {"x": 1.726, "y": -5.0043500000000005, "fAckley": 11.728898474254903, "ChiSquared": null}, "Point T6-563-13082019113354-GenNb3": {"x": 1.9466, "y": 0.33009999999999984, "fAckley": 6.33100899541726, "ChiSquared": null}, "Point T6-700-13082019113416-GenNb6": {"x": 2.6139875000000004, "y": -0.8641750000000004, "fAckley": 8.215649334507104, "ChiSquared": null}, "Point T6-481-13082019113355-GenNb3": {"x": 2.3254625, "y": 1.7943, "fAckley": 8.603473746945621, "ChiSquared": null}, "Point T6-338-13082019113409-GenNb5": {"x": 5.061249999999999, "y": -3.9887874999999973, "fAckley": 12.061129547024878, "ChiSquared": null}, "Point T6-468-13082019113417-GenNb6": {"x": 2.6515750000000002, "y": 6.786575000000002, "fAckley": 14.742518848951892, "ChiSquared": null}, "Point T6-573-13082019113410-GenNb5": {"x": 7.189225, "y": 0.3412000000000006, "fAckley": 14.572163969898307, "ChiSquared": null}, "Point T6-215-13082019113402-GenNb4": {"x": -1.1807999999999996, "y": -5.3151, "fAckley": 12.446149578019583, "ChiSquared": null}, "Point T6-982-13082019113332-GenNb0": {"x": -4.4493, "y": 3.7617000000000003, "fAckley": 13.299336768752868, "ChiSquared": null}, "Point T6-424-13082019113403-GenNb4": {"x": -0.8933, "y": -8.241924999999998, "fAckley": 15.008273757484274, "ChiSquared": null}, "Point T6-614-13082019113411-GenNb5": {"x": 9.4954875, "y": -2.0310750000000013, "fAckley": 16.661843756434354, "ChiSquared": null}, "Point T6-124-13082019113419-GenNb6": {"x": -2.306650000000001, "y": -9.3836375, "fAckley": 17.039589000058307, "ChiSquared": null}, "Point T6-232-13082019113349-GenNb2": {"x": 4.3748, "y": 0.9225000000000012, "fAckley": 10.998035638899795, "ChiSquared": null}, "Point T6-34-13082019113419-GenNb6": {"x": -6.4863, "y": 1.9375500000000017, "fAckley": 14.075626141182441, "ChiSquared": null}, "Point T6-481-13082019113412-GenNb5": {"x": -15.8348875, "y": -1.2553875000000008, "fAckley": 19.334918474698213, "ChiSquared": null}, "Point T6-112-13082019113349-GenNb2": {"x": -40.020875, "y": 22.97, "fAckley": 20.006210747429176, "ChiSquared": null}, "Point T6-925-13082019113334-GenNb0": {"x": -5.60225, "y": -2.4195, "fAckley": 13.847762549223331, "ChiSquared": null}, "Point T6-932-13082019113405-GenNb4": {"x": -8.137249999999998, "y": -8.0685, "fAckley": 16.581777678146956, "ChiSquared": null}, "Point T6-278-13082019113405-GenNb4": {"x": 2.523649999999999, "y": -8.604, "fAckley": 16.68064369734985, "ChiSquared": null}, "Point T6-475-13082019113359-GenNb3": {"x": -0.8452999999999999, "y": -0.6662999999999997, "fAckley": 4.510925437876775, "ChiSquared": null}, "Point T6-23-13082019113413-GenNb5": {"x": -10.0883625, "y": 4.108225, "fAckley": 16.17647240681389, "ChiSquared": null}, "Point T6-65-13082019113413-GenNb5": {"x": -2.7541249999999997, "y": 0.6951000000000018, "fAckley": 8.479266877422118, "ChiSquared": null}, "Point T6-654-13082019113406-GenNb4": {"x": -2.654325000000002, "y": -5.300550000000001, "fAckley": 13.425068921325574, "ChiSquared": null}, "Point T6-467-13082019113422-GenNb6": {"x": 6.644212499999999, "y": -0.5913500000000012, "fAckley": 14.449098193025788, "ChiSquared": null}, "Point T6-81-13082019113422-GenNb6": {"x": -5.982674999999999, "y": -1.5529437499999985, "fAckley": 13.348924544811167, "ChiSquared": null}}