{"Point T2-318-26072019155110-GenNb0": {"Lambda": 0.1636, "Kappa": 0.3694, "tanBeta": 16.73995, "mBottom": 16.405151, "ChiSquared": null, "LogL": null, "testCalc": 14.41307799, "extTest": {"res1": 418.9514925483492, "res2": 175520.3531084895}},"Point T2-72-26072019155110-GenNb1": {"Lambda": 0.0427, "Kappa": 0.0636, "tanBeta": 2.5092499999999998, "mBottom": 2.459065, "ChiSquared": null, "LogL": null, "testCalc": 1.3909440899999999, "extTest": {"res1": 52.76016957571637, "res2": 2783.635493658347}},"Point T2-670-26072019155112-GenNb1": {"Lambda": 0.2035, "Kappa": 0.0106, "tanBeta": 6.313975, "mBottom": 6.1876955, "ChiSquared": null, "LogL": null, "testCalc": 3.202188135, "extTest": {"res1": -46.16273100768801, "res2": 2130.99773408816}},"Point T2-644-26072019155114-GenNb2": {"Lambda": 0.2007, "Kappa": 0.4038, "tanBeta": 5.340625000000001, "mBottom": 5.233812500000001, "ChiSquared": null, "LogL": null, "testCalc": 4.813731115, "extTest": {"res1": 47.22831605810182, "res2": 2230.513837683958}},"Point T2-263-26072019155114-GenNb2": {"Lambda": 0.1648, "Kappa": 0.7345, "tanBeta": 11.85715, "mBottom": 11.620007000000001, "ChiSquared": null, "LogL": null, "testCalc": 14.546239215, "extTest": {"res1": 399.311079855403, "res2": 159449.33849528804}},"Point T2-325-26072019155117-GenNb3": {"Lambda": 0.6374, "Kappa": 0.0916, "tanBeta": 30.532249999999998, "mBottom": 29.921604999999996, "ChiSquared": null, "LogL": null, "testCalc": 18.163835359999997, "extTest": {"res1": -20583.616738294375, "res2": 423685278.02899235}},"Point T2-79-26072019155118-GenNb3": {"Lambda": 0.1624, "Kappa": 0.3132, "tanBeta": 5.214400000000001, "mBottom": 5.110112000000001, "ChiSquared": null, "LogL": null, "testCalc": 4.214579840000001, "extTest": {"res1": -73.0439402837557, "res2": 5335.417212176869}}}