{"Point T7-266-26072019155109-GenNb1": {"Lambda": 0.6505, "Kappa": 0.0989, "tanBeta": 30.356575, "mBottom": 29.749443499999998, "ChiSquared": null, "LogL": null, "testCalc": 18.3001372675, "extTest": {"res1": -594.665643297231, "res2": 353627.22731810954}},"Point T7-597-26072019155112-GenNb1": {"Lambda": 0.2312, "Kappa": 0.5924, "tanBeta": 23.342425000000002, "mBottom": 22.8755765, "ChiSquared": null, "LogL": null, "testCalc": 25.319294260000003, "extTest": {"res1": -698.0256248842019, "res2": 487239.7729949805}},"Point T7-375-26072019155113-GenNb1": {"Lambda": 0.6015, "Kappa": 0.7280500000000001, "tanBeta": 23.338600000000003, "mBottom": 22.871828000000004, "ChiSquared": null, "LogL": null, "testCalc": 28.789383980000004, "extTest": {"res1": 2825.6694739565596, "res2": 7984407.97604994}},"Point T7-136-26072019155115-GenNb2": {"Lambda": 0.0945, "Kappa": 0.2768, "tanBeta": 10.895, "mBottom": 10.6771, "ChiSquared": null, "LogL": null, "testCalc": 8.363216249999999, "extTest": {"res1": -91.55488050424626, "res2": 8382.29614414681}},"Point T7-196-26072019155115-GenNb2": {"Lambda": 0.2312, "Kappa": 0.5924, "tanBeta": 9.4792, "mBottom": 9.289616, "ChiSquared": null, "LogL": null, "testCalc": 10.313739520000002, "extTest": {"res1": -98.50103776481735, "res2": 9702.454440745974}},"Point T7-551-26072019155119-GenNb3": {"Lambda": 0.3635, "Kappa": 0.2818, "tanBeta": 4.631799999999998, "mBottom": 4.539163999999999, "ChiSquared": null, "LogL": null, "testCalc": 3.706955489999999, "extTest": {"res1": -473.4782257729539, "res2": 224181.63028110433}}}