{"Point T5-756-26072019155108-GenNb0": {"Lambda": 0.0802, "Kappa": 0.06215000000000005, "tanBeta": 29.5794875, "mBottom": 28.98789775, "ChiSquared": null, "LogL": null, "testCalc": 16.338746063125, "extTest": {"res1": 1411.456007651756, "res2": 1992208.0615362339}},"Point T5-444-26072019155111-GenNb1": {"Lambda": 0.996, "Kappa": 0.8723, "tanBeta": 24.110225, "mBottom": 23.628020499999998, "ChiSquared": null, "LogL": null, "testCalc": 33.83737551749999, "extTest": {"res1": 763.6498638043279, "res2": 583161.1144883685}},"Point T5-533-26072019155112-GenNb1": {"Lambda": 0.0779, "Kappa": 0.7938, "tanBeta": 14.6691, "mBottom": 14.375717999999999, "ChiSquared": null, "LogL": null, "testCalc": 18.83825899, "extTest": {"res1": 340.4342604089213, "res2": 115895.48566016926}},"Point T5-657-26072019155113-GenNb1": {"Lambda": 0.0925, "Kappa": 0.1953, "tanBeta": 24.664624999999997, "mBottom": 24.1713325, "ChiSquared": null, "LogL": null, "testCalc": 16.9112237625, "extTest": {"res1": 3156.461449256875, "res2": 9963248.880644811}},"Point T5-21-26072019155115-GenNb2": {"Lambda": 0.0802, "Kappa": 0.40354999999999996, "tanBeta": 21.89235, "mBottom": 21.454503, "ChiSquared": null, "LogL": null, "testCalc": 19.568341382499998, "extTest": {"res1": 1657.6726071079822, "res2": 2747878.4723561746}}}