{"Point T4-626-26072019155108-GenNb0": {"Lambda": 0.5173, "Kappa": 0.9266, "tanBeta": 10.18865, "mBottom": 9.984877000000001, "ChiSquared": null, "LogL": null, "testCalc": 14.700840880000001, "extTest": {"res1": 66.79776471256612, "res2": 4461.941370595344}},"Point T4-882-26072019155109-GenNb1": {"Lambda": 0.2993, "Kappa": 0.25120000000000003, "tanBeta": 8.59635, "mBottom": 8.424422999999999, "ChiSquared": null, "LogL": null, "testCalc": 6.46119511, "extTest": {"res1": 110.44267812378699, "res2": 12197.585151154417}},"Point T4-265-26072019155115-GenNb2": {"Lambda": 0.14655, "Kappa": 0.6694, "tanBeta": 13.973849999999999, "mBottom": 13.694372999999999, "ChiSquared": null, "LogL": null, "testCalc": 16.2227585925, "extTest": {"res1": 207.2357218170608, "res2": 42946.64439703821}},"Point T4-291-26072019155116-GenNb2": {"Lambda": 0.836, "Kappa": -0.035999999999999976, "tanBeta": 22.460924999999996, "mBottom": 22.011706499999995, "ChiSquared": null, "LogL": null, "testCalc": 10.896155949999997, "extTest": {"res1": -226.27764554489704, "res2": 51201.57287334206}}}