{"Point T0-930-26072019155106-GenNb0": {"Lambda": 0.0562, "Kappa": 0.5089, "tanBeta": 14.2874, "mBottom": 14.001652, "ChiSquared": null, "LogL": null, "testCalc": 14.2748423, "extTest": {"res1": 165.38237215807453, "res2": 27351.329020631867}},"Point T0-951-26072019155107-GenNb0": {"Lambda": 0.6566000000000001, "Kappa": 0.6376499999999999, "tanBeta": 6.263275, "mBottom": 6.1380095, "ChiSquared": null, "LogL": null, "testCalc": 7.49390561375, "extTest": {"res1": 25.12963516334438, "res2": 631.4985634427942}},"Point T0-304-26072019155110-GenNb0": {"Lambda": 0.8606, "Kappa": 0.7322500000000001, "tanBeta": 23.609524999999998, "mBottom": 23.137334499999998, "ChiSquared": null, "LogL": null, "testCalc": 29.59737429125, "extTest": {"res1": 833.0796629077099, "res2": 694021.7247504236}},"Point T0-335-26072019155110-GenNb1": {"Lambda": -0.07900000000000001, "Kappa": 0.9536, "tanBeta": 9.858249999999998, "mBottom": 9.661084999999998, "ChiSquared": null, "LogL": null, "testCalc": 14.237610699999998, "extTest": {"res1": 813.7920985301016, "res2": 662257.5796300266}},"Point T0-760-26072019155111-GenNb1": {"Lambda": 0.3513, "Kappa": 0.4547, "tanBeta": 7.8632124999999995, "mBottom": 7.70594825, "ChiSquared": null, "LogL": null, "testCalc": 7.5517885387499994, "extTest": {"res1": 3482.4139433374125, "res2": 12127206.872750828}},"Point T0-408-26072019155112-GenNb1": {"Lambda": 0.1417, "Kappa": 0.3071, "tanBeta": 18.205699999999997, "mBottom": 17.841585999999996, "ChiSquared": null, "LogL": null, "testCalc": 14.531842359999997, "extTest": {"res1": 12804.035215874881, "res2": 163943317.8093641}},"Point T0-949-26072019155112-GenNb1": {"Lambda": 0.4567, "Kappa": 0.0209, "tanBeta": 15.909675, "mBottom": 15.5914815, "ChiSquared": null, "LogL": null, "testCalc": 8.3368278475, "extTest": {"res1": 401.09605031270604, "res2": 160878.04157645282}},"Point T0-412-26072019155112-GenNb1": {"Lambda": 0.1379, "Kappa": 0.09727499999999997, "tanBeta": 14.96975, "mBottom": 14.670354999999999, "ChiSquared": null, "LogL": null, "testCalc": 8.810376341249999, "extTest": {"res1": -260.68132731103793, "res2": 67954.7544086445}},"Point T0-913-26072019155113-GenNb1": {"Lambda": -0.17875000000000002, "Kappa": 0.2877, "tanBeta": 7.427150000000001, "mBottom": 7.278607000000001, "ChiSquared": null, "LogL": null, "testCalc": 5.808046117500001, "extTest": {"res1": 129.06028938573732, "res2": 16656.558296330262}},"Point T0-945-26072019155116-GenNb3": {"Lambda": -0.07900000000000001, "Kappa": 0.9536, "tanBeta": 7.458056249999998, "mBottom": 7.308895124999998, "ChiSquared": null, "LogL": null, "testCalc": 10.772691002499997, "extTest": {"res1": -196.47044788778268, "res2": 38600.63689322593}},"Point T0-543-26072019155116-GenNb3": {"Lambda": 0.0562, "Kappa": 0.5089, "tanBeta": 3.415087500000001, "mBottom": 3.346785750000001, "ChiSquared": null, "LogL": null, "testCalc": 3.414489343750001, "extTest": {"res1": 7.627149715199167, "res2": 58.17341277806273}},"Point T0-466-26072019155118-GenNb3": {"Lambda": 0.1417, "Kappa": 0.3071, "tanBeta": 8.813675000000002, "mBottom": 8.637401500000001, "ChiSquared": null, "LogL": null, "testCalc": 7.045459232500001, "extTest": {"res1": -208.89966572455626, "res2": 43639.07033983134}}}