{"Point T1-509-26072019155107-GenNb0": {"Lambda": 0.62415, "Kappa": 0.45035, "tanBeta": 8.725525000000001, "mBottom": 8.5510145, "ChiSquared": null, "LogL": null, "testCalc": 8.594610656250001, "extTest": {"res1": 62.92856734311644, "res2": 3960.004587857141}},"Point T1-897-26072019155107-GenNb0": {"Lambda": 0.5154, "Kappa": 0.5268, "tanBeta": 27.879537500000005, "mBottom": 27.321946750000006, "ChiSquared": null, "LogL": null, "testCalc": 28.613550890000006, "extTest": {"res1": -737.757829193951, "res2": 544286.614536971}},"Point T1-762-26072019155108-GenNb0": {"Lambda": 0.6161, "Kappa": 0.8182, "tanBeta": 9.9558125, "mBottom": 9.756696250000001, "ChiSquared": null, "LogL": null, "testCalc": 13.403773122500002, "extTest": {"res1": 10028.64881110448, "res2": 100573796.9764673}},"Point T1-569-26072019155109-GenNb0": {"Lambda": 0.7463, "Kappa": 0.73915, "tanBeta": 14.2299, "mBottom": 13.945302, "ChiSquared": null, "LogL": null, "testCalc": 18.047645275, "extTest": {"res1": -697.6676539046895, "res2": 486740.1553048736}},"Point T1-406-26072019155110-GenNb1": {"Lambda": 0.0064, "Kappa": 0.3645, "tanBeta": 10.783681249999997, "mBottom": 10.568007624999996, "ChiSquared": null, "LogL": null, "testCalc": 9.214696588124998, "extTest": {"res1": -136.1038871421195, "res2": 18524.268095194802}},"Point T1-495-26072019155111-GenNb1": {"Lambda": 0.814125, "Kappa": 0.587475, "tanBeta": 9.8391125, "mBottom": 9.64233025, "ChiSquared": null, "LogL": null, "testCalc": 11.2641972565625, "extTest": {"res1": 127.18570100101086, "res2": 16176.202539118534}},"Point T1-827-26072019155111-GenNb1": {"Lambda": 0.6161, "Kappa": 0.8182, "tanBeta": 9.558200000000001, "mBottom": 9.367036, "ChiSquared": null, "LogL": null, "testCalc": 12.883616450000002, "extTest": {"res1": -97.3529448366632, "res2": 9477.595868370388}},"Point T1-543-26072019155112-GenNb2": {"Lambda": 0.3959, "Kappa": 0.9595, "tanBeta": 12.523471874999997, "mBottom": 12.273002437499997, "ChiSquared": null, "LogL": null, "testCalc": 18.309509292812496, "extTest": {"res1": -207.99542108888568, "res2": 43262.09519394287}},"Point T1-571-26072019155114-GenNb2": {"Lambda": 0.814125, "Kappa": 0.746975, "tanBeta": 5.4703125, "mBottom": 5.36090625, "ChiSquared": null, "LogL": null, "testCalc": 7.4294393203124995, "extTest": {"res1": 104.11017362350988, "res2": 10838.928251917372}},"Point T1-550-26072019155114-GenNb2": {"Lambda": 0.4177, "Kappa": 0.2376, "tanBeta": 6.267249999999999, "mBottom": 6.141904999999999, "ChiSquared": null, "LogL": null, "testCalc": 4.734524389999999, "extTest": {"res1": -42.88463646140195, "res2": 1839.0920444266058}},"Point T1-364-26072019155114-GenNb2": {"Lambda": 0.3901, "Kappa": 0.7178, "tanBeta": 8.290568750000004, "mBottom": 8.124757375000003, "ChiSquared": null, "LogL": null, "testCalc": 10.165526946250004, "extTest": {"res1": 72.380236585877, "res2": 5238.898648227528}},"Point T1-150-26072019155116-GenNb3": {"Lambda": 0.5137, "Kappa": 0.810425, "tanBeta": 7.7285281249999995, "mBottom": 7.5739575624999995, "ChiSquared": null, "LogL": null, "testCalc": 10.314258876953124, "extTest": {"res1": 39.289307965772174, "res2": 1543.649720429289}},"Point T1-107-26072019155118-GenNb3": {"Lambda": 0.4177, "Kappa": 0.2376, "tanBeta": 5.488321874999998, "mBottom": 5.3785554374999975, "ChiSquared": null, "LogL": null, "testCalc": 4.167776286249998, "extTest": {"res1": 12.238463108778696, "res2": 149.77997926493708}},"Point T1-970-26072019155119-GenNb3": {"Lambda": 0.2259, "Kappa": 0.6783, "tanBeta": 14.012421875000001, "mBottom": 13.7321734375, "ChiSquared": null, "LogL": null, "testCalc": 16.421743286562503, "extTest": {"res1": -213.22148063544037, "res2": 45463.399804369474}}}