{"Point T1-589-07082019113417-GenNb0": {"Lambda": 0.3943, "Kappa": 0.5615, "tanBeta": 4.590676, "mBottom": 4.4988624800000006, "ChiSquared": null, "LogL": null, "testCalc": 4.982568304000001, "extTest": {"res1": 36.5603414716887, "res2": 1336.6585685264808}}, "Point T1-41-07082019113429-GenNb3": {"Lambda": 0.662238, "Kappa": 1.2104696, "tanBeta": 3.8971763600000005, "mBottom": 3.8192328328000005, "ChiSquared": null, "LogL": null, "testCalc": 7.0655890946626565, "extTest": {"res1": -22.318221969017188, "res2": 498.10303185832146}}, "Point T7-176-07082019112343": {"Lambda": 0.16, "Kappa": 0.4709, "tanBeta": 13.5311, "mBottom": 13.260478, "ChiSquared": null, "LogL": null, "testCalc": 13.02763399, "extTest": {"res1": -234.11917946842337, "res2": 54811.79019496783}}, "Point T1-589-07082019113437-GenNb5": {"Lambda": 0.6353220659562129, "Kappa": 0.0209, "tanBeta": 10.038964612400871, "mBottom": 9.838185320152853, "ChiSquared": null, "LogL": null, "testCalc": 5.532541147966475, "extTest": {"res1": 71.15938585206902, "res2": 5063.658194843641}}, "Point T1-653-07082019113441-GenNb6": {"Lambda": 0.097, "Kappa": 0.1053, "tanBeta": 1.1292214276111725, "mBottom": 1.106636999058949, "ChiSquared": null, "LogL": null, "testCalc": 0.681634515856931, "extTest": {"res1": -7.086919536111586, "res2": 50.22442851132006}}, "Point T1-930-07082019113444-GenNb7": {"Lambda": 0.1763, "Kappa": 0.6185346678961973, "tanBeta": 5.179336815553696, "mBottom": 5.075750079242622, "ChiSquared": null, "LogL": null, "testCalc": 5.772556106752364, "extTest": {"res1": 47.17460503685751, "res2": 2225.443360383502}}, "Point T1-957-07082019113426-GenNb2": {"Lambda": 0.5787, "Kappa": 0.4856, "tanBeta": 9.404768800000001, "mBottom": 9.216673424000001, "ChiSquared": null, "LogL": null, "testCalc": 9.510186131280001, "extTest": {"res1": 365.5917653311055, "res2": 133657.3388779141}}, "Point T1-19-07082019113441-GenNb6": {"Lambda": 0.17722223977767296, "Kappa": 0.1645, "tanBeta": 5.995511166864386, "mBottom": 5.875600943527098, "ChiSquared": null, "LogL": null, "testCalc": 3.955469780984555, "extTest": {"res1": 40.894391330707606, "res2": 1672.3512423090533}}, "Point T1-980-07082019113445-GenNb7": {"Lambda": 0.7396106597593968, "Kappa": -0.7651405495582337, "tanBeta": 3.762157132445221, "mBottom": 3.6869139897963166, "ChiSquared": null, "LogL": null, "testCalc": -0.48809805291567665, "extTest": {"res1": -64.06550099424088, "res2": 4104.388417643079}}, "Point T1-595-07082019113431-GenNb3": {"Lambda": 0.5643764433861929, "Kappa": 0.7265620447852028, "tanBeta": 17.984957582784897, "mBottom": 17.6252584311292, "ChiSquared": null, "LogL": null, "testCalc": 22.198337542137182, "extTest": {"res1": -6091.814639253477, "res2": 37110205.59902297}}, "Point T1-93-07082019113439-GenNb5": {"Lambda": 0.41447091999999996, "Kappa": 0.3847770800000001, "tanBeta": 5.381444202399999, "mBottom": 5.273815318351999, "ChiSquared": null, "LogL": null, "testCalc": 4.879350189084047, "extTest": {"res1": -36.57011125763171, "res2": 1337.3730373955614}}, "Point T1-700-07082019113442-GenNb6": {"Lambda": 0.5940895642337638, "Kappa": -0.49455999999999994, "tanBeta": 2.9274532380049303, "mBottom": 2.8689041732448315, "ChiSquared": null, "LogL": null, "testCalc": 0.33959322356616095, "extTest": {"res1": 15.556918301777625, "res2": 242.0177070481836}}, "Point T1-771-07082019113420-GenNb0": {"Lambda": 0.72, "Kappa": 0.0408, "tanBeta": 13.70011, "mBottom": 13.4261078, "ChiSquared": null, "LogL": null, "testCalc": 7.790418388, "extTest": {"res1": -958.6137174444702, "res2": 918940.2592727066}}}