{"Point T2-493-07082019113442-GenNb7": {"Lambda": -0.27297394300508043, "Kappa": -0.21522574142756123, "tanBeta": 4.555473777793569, "mBottom": 4.464364302237698, "ChiSquared": null, "LogL": null, "testCalc": 1.3262417032991554, "extTest": {"res1": -959.7385902902023, "res2": 921098.1616922248}}, "Point T2-377-07082019113433-GenNb5": {"Lambda": 1.4436598000000003, "Kappa": 0.04424691999999996, "tanBeta": 5.240874412799993, "mBottom": 5.136056924543993, "ChiSquared": null, "LogL": null, "testCalc": 4.884074631281245, "extTest": {"res1": -88.75150556405096, "res2": 7876.8297398857685}}, "Point T2-719-07082019113427-GenNb3": {"Lambda": 0.9778, "Kappa": 0.06230816063614304, "tanBeta": 6.096377616599089, "mBottom": 5.974450064267106, "ChiSquared": null, "LogL": null, "testCalc": 4.323171947967197, "extTest": {"res1": -212.33912521239404, "res2": 45087.904095964754}}, "Point T2-760-07082019113439-GenNb6": {"Lambda": 1.7565970473730377, "Kappa": 0.0085, "tanBeta": 0.017439728634331075, "mBottom": 0.017090934061644452, "ChiSquared": null, "LogL": null, "testCalc": 3.094326891563888, "extTest": {"res1": -5.03512279788193, "res2": 25.35246158975035}}, "Point T2-289-07082019113439-GenNb6": {"Lambda": 1.86032968, "Kappa": 0.7385068072000001, "tanBeta": 12.584993947200001, "mBottom": 12.333294068256, "ChiSquared": null, "LogL": null, "testCalc": 18.9215772509949, "extTest": {"res1": -878.1354101261641, "res2": 771121.7985174464}}, "Point T2-518-07082019113431-GenNb4": {"Lambda": -0.552218, "Kappa": -0.26599400000000006, "tanBeta": 9.714653999999996, "mBottom": 9.520360919999996, "ChiSquared": null, "LogL": null, "testCalc": 2.481085503447999, "extTest": {"res1": 151.873867713255, "res2": 23065.671694183282}}, "Point T2-920-07082019113443-GenNb7": {"Lambda": 0.6507, "Kappa": 0.11353902746168221, "tanBeta": 1.9072589108636393, "mBottom": 1.8691137326463665, "ChiSquared": null, "LogL": null, "testCalc": 1.5745156781802678, "extTest": {"res1": -5.411483025095799, "res2": 29.284148530899976}}, "Point T2-426-07082019113444-GenNb7": {"Lambda": 0.051115616733795194, "Kappa": 0.178604120636143, "tanBeta": 5.78729263269099, "mBottom": 5.67154678003717, "ChiSquared": null, "LogL": null, "testCalc": 3.8720205078184646, "extTest": {"res1": 118.07194401777915, "res2": 13940.983964137573}}, "Point T2-207-07082019113432-GenNb4": {"Lambda": 1.8276478000000003, "Kappa": 0.4592, "tanBeta": 5.1917331469553964, "mBottom": 5.087898484016288, "ChiSquared": null, "LogL": null, "testCalc": 8.268289583934902, "extTest": {"res1": -88.33809863303168, "res2": 7803.619670099233}}, "Point T2-528-07082019113426-GenNb2": {"Lambda": 1.0472638, "Kappa": -0.09356108000000005, "tanBeta": 8.362915919999999, "mBottom": 8.195657601599999, "ChiSquared": null, "LogL": null, "testCalc": 4.412146822166045, "extTest": {"res1": 40.00716751391412, "res2": 1600.5734524863853}}, "Point T2-819-07082019113445-GenNb7": {"Lambda": 1.138786, "Kappa": 0.9712, "tanBeta": 3.002567491643767, "mBottom": 2.942516141810892, "ChiSquared": null, "LogL": null, "testCalc": 5.684185172585872, "extTest": {"res1": -15.640959875902947, "res2": 244.63962583960594}}, "Point T2-497-07082019113445-GenNb7": {"Lambda": 1.184774315799028, "Kappa": -0.3750890192534559, "tanBeta": 7.014129088359684, "mBottom": 6.87384650659249, "ChiSquared": null, "LogL": null, "testCalc": 2.20969063200333, "extTest": {"res1": -205.51214105009868, "res2": 42235.24011899565}}, "Point T2-272-07082019113426-GenNb2": {"Lambda": 0.6093025518196546, "Kappa": 0.5218275161153683, "tanBeta": 13.20866305545317, "mBottom": 12.944489794344108, "ChiSquared": null, "LogL": null, "testCalc": 13.736138330257955, "extTest": {"res1": -361.6913485277525, "res2": 130820.63159982413}}}