{"Point T6-135-07082019113436-GenNb6": {"Lambda": 0.043929745464080315, "Kappa": 0.4064, "tanBeta": 6.933065029212656, "mBottom": 6.794403728628403, "ChiSquared": null, "LogL": null, "testCalc": 6.216729314722764, "extTest": {"res1": 176.3819875895097, "res2": 31110.605546025952}}, "Point T6-828-07082019113440-GenNb7": {"Lambda": -0.4939777170355058, "Kappa": 0.7182394297732995, "tanBeta": 6.683011002188986, "mBottom": 6.549350782145207, "ChiSquared": null, "LogL": null, "testCalc": 8.318691387381119, "extTest": {"res1": 35.643347371071606, "res2": 1270.4482118148771}}, "Point T6-813-07082019113443-GenNb8": {"Lambda": 0.27869073740981565, "Kappa": 0.24087199999999995, "tanBeta": 5.746127493086454, "mBottom": 5.631204943224724, "ChiSquared": null, "LogL": null, "testCalc": 4.277352220245109, "extTest": {"res1": 116.11927030309354, "res2": 13483.684935722902}}, "Point T6-29-07082019113437-GenNb6": {"Lambda": 0.2100299024995862, "Kappa": -0.004535320173299662, "tanBeta": 2.398576594422564, "mBottom": 2.3506050625341124, "ChiSquared": null, "LogL": null, "testCalc": 1.2085367783951528, "extTest": {"res1": -7.155800821661103, "res2": 51.20548539928571}}, "Point T6-252-07082019113431-GenNb4": {"Lambda": 0.5120277839542662, "Kappa": 0.9527647124867051, "tanBeta": 5.5768673959471275, "mBottom": 5.465330048028185, "ChiSquared": null, "LogL": null, "testCalc": 8.308279936631255, "extTest": {"res1": 17.907593209833507, "res2": 320.6818945688751}}, "Point T6-339-07082019113438-GenNb6": {"Lambda": 0.111204, "Kappa": 0.6417816832, "tanBeta": 9.112902712475552, "mBottom": 8.930644658226042, "ChiSquared": null, "LogL": null, "testCalc": 10.326182700379427, "extTest": {"res1": -78.1675203197526, "res2": 6110.161232938935}}, "Point T6-811-07082019113434-GenNb5": {"Lambda": 0.1044, "Kappa": 0.31506599999999996, "tanBeta": 5.302089004955656, "mBottom": 5.196047224856542, "ChiSquared": null, "LogL": null, "testCalc": 4.279430946863629, "extTest": {"res1": -89.44319128813781, "res2": 8000.084467806411}}, "Point T6-293-07082019113444-GenNb8": {"Lambda": 0.24247768139786258, "Kappa": 0.9728863364792198, "tanBeta": 3.581432455585916, "mBottom": 3.509803806474198, "ChiSquared": null, "LogL": null, "testCalc": 5.298024030275941, "extTest": {"res1": 18.85195747691142, "res2": 355.39630071127635}}, "Point T6-111-07082019113442-GenNb7": {"Lambda": 0.4499855332347332, "Kappa": 0.5014, "tanBeta": 9.792077112151805, "mBottom": 9.59623556990877, "ChiSquared": null, "LogL": null, "testCalc": 9.910352229107847, "extTest": {"res1": 418.28987682870303, "res2": 174966.42105737154}}, "Point T6-737-07082019113439-GenNb6": {"Lambda": 0.8234, "Kappa": 0.1836, "tanBeta": 8.94513409654327, "mBottom": 8.766231414612404, "ChiSquared": null, "LogL": null, "testCalc": 6.703429887431547, "extTest": {"res1": 893.1289040026198, "res2": 797679.2391649209}}, "Point T6-179-07082019113429-GenNb3": {"Lambda": 0.7545, "Kappa": 0.4344, "tanBeta": 10.743524302795093, "mBottom": 10.52865381673919, "ChiSquared": null, "LogL": null, "testCalc": 10.500584115503784, "extTest": {"res1": 72.69044559548914, "res2": 5283.900880870766}}, "Point T6-935-07082019113442-GenNb7": {"Lambda": 0.2535228064919668, "Kappa": 0.6384826357457904, "tanBeta": 16.783235413921766, "mBottom": 16.44757070564333, "ChiSquared": null, "LogL": null, "testCalc": 19.00386354965609, "extTest": {"res1": 293.01709593659825, "res2": 85859.01851111763}}}