{"Point T4-423-07082019113417-GenNb0": {"Lambda": 0.8983, "Kappa": 0.904096, "tanBeta": 15.278654, "mBottom": 14.97308092, "ChiSquared": null, "LogL": null, "testCalc": 22.106853316783997, "extTest": {"res1": 400.4771137171709, "res2": 160381.91861123583}}, "Point T4-594-07082019113418-GenNb0": {"Lambda": 0.598384, "Kappa": 0.1402, "tanBeta": 7.523505999999999, "mBottom": 7.373035879999999, "ChiSquared": null, "LogL": null, "testCalc": 5.099376892655999, "extTest": {"res1": 4485.543793693219, "res2": 20120103.125139758}}, "Point T5-356-07082019112343": {"Lambda": 0.5857, "Kappa": 0.6001, "tanBeta": 13.8749, "mBottom": 13.597402, "ChiSquared": null, "LogL": null, "testCalc": 15.468072979999999, "extTest": {"res1": -247.10177982345758, "res2": 61059.289591920504}}, "Point T4-234-07082019113422-GenNb1": {"Lambda": 0.9808, "Kappa": 0.07623007613743675, "tanBeta": 11.413605604795722, "mBottom": 11.185333492699806, "ChiSquared": null, "LogL": null, "testCalc": 7.424695410606156, "extTest": {"res1": -506.3281949367802, "res2": 256368.2409879381}}, "Point T4-532-07082019113419-GenNb0": {"Lambda": 0.46196200000000004, "Kappa": 0.7791, "tanBeta": 13.500201999999998, "mBottom": 13.230197959999998, "ChiSquared": null, "LogL": null, "testCalc": 17.346515247644, "extTest": {"res1": 303.84180195681574, "res2": 92319.84061636483}}, "Point T4-811-07082019113423-GenNb1": {"Lambda": 0.6067, "Kappa": -0.16666599999999995, "tanBeta": 20.450190000000003, "mBottom": 20.041186200000002, "ChiSquared": null, "LogL": null, "testCalc": 6.980326623460002, "extTest": {"res1": -494.7366005805094, "res2": 244764.30395395847}}, "Point T4-221-07082019113426-GenNb2": {"Lambda": 0.737248, "Kappa": 0.9831, "tanBeta": 4.301781999999999, "mBottom": 4.215746359999999, "ChiSquared": null, "LogL": null, "testCalc": 6.8804896777039986, "extTest": {"res1": -37.078783496087695, "res2": 1374.8361855497453}}, "Point T4-710-07082019113419-GenNb0": {"Lambda": 0.7932, "Kappa": 0.09141007613743675, "tanBeta": 9.645337564795721, "mBottom": 9.452430813499806, "ChiSquared": null, "LogL": null, "testCalc": 6.237062687919159, "extTest": {"res1": 309.42538298582605, "res2": 95744.06763592512}}, "Point T4-389-07082019113427-GenNb2": {"Lambda": 0.6136959126598949, "Kappa": 0.0122, "tanBeta": 19.105070101010913, "mBottom": 18.722968698990694, "ChiSquared": null, "LogL": null, "testCalc": 9.971188877943142, "extTest": {"res1": 1509.5159504134574, "res2": 2278638.4045526437}}, "Point T2-486-07082019112345": {"Lambda": 0.3741, "Kappa": 0.0853, "tanBeta": 17.211, "mBottom": 16.86678, "ChiSquared": null, "LogL": null, "testCalc": 10.041439109999999, "extTest": {"res1": 1467.4022041735502, "res2": 2153269.2288133935}}, "Point T4-53-07082019113427-GenNb2": {"Lambda": 0.5577399999999999, "Kappa": -0.18867163852246696, "tanBeta": 19.062520511369588, "mBottom": 18.681270101142196, "ChiSquared": null, "LogL": null, "testCalc": 6.055151978922862, "extTest": {"res1": 357.9386937949537, "res2": 128120.1085156376}}, "Point T5-72-07082019112346": {"Lambda": 0.7519, "Kappa": 0.9138, "tanBeta": 19.3909, "mBottom": 19.003082, "ChiSquared": null, "LogL": null, "testCalc": 27.786299029999995, "extTest": {"res1": 57021.81072437541, "res2": 3251486898.2864947}}}