{"Point T5-809-07082019113439-GenNb7": {"Lambda": 0.14769847025672872, "Kappa": 0.55253, "tanBeta": 5.770097976568124, "mBottom": 5.654696017036762, "ChiSquared": null, "LogL": null, "testCalc": 6.037315081627744, "extTest": {"res1": 24.785643734700813, "res2": 614.3281353435136}}, "Point T5-244-07082019113433-GenNb5": {"Lambda": 0.45608741792576984, "Kappa": 0.5364, "tanBeta": 8.09867241110491, "mBottom": 7.936698962882812, "ChiSquared": null, "LogL": null, "testCalc": 8.520493095548275, "extTest": {"res1": -35.19355095096294, "res2": 1238.5860285380243}}, "Point T5-508-07082019113434-GenNb5": {"Lambda": 0.7362386280354271, "Kappa": 0.2726602, "tanBeta": 3.7264022670909833, "mBottom": 3.6518742217491638, "ChiSquared": null, "LogL": null, "testCalc": 3.3840260157115507, "extTest": {"res1": 28.318082157346012, "res2": 801.9137770701985}}, "Point T5-456-07082019113440-GenNb7": {"Lambda": 1.1528928989620013, "Kappa": 0.955406, "tanBeta": 4.251590904366601, "mBottom": 4.166559086279269, "ChiSquared": null, "LogL": null, "testCalc": 7.474437039193919, "extTest": {"res1": 16.605138454283274, "res2": 275.7306230859171}}, "Point T5-288-07082019113440-GenNb7": {"Lambda": 0.2976162432244772, "Kappa": 0.534076, "tanBeta": 5.733057112593218, "mBottom": 5.6183959703413535, "ChiSquared": null, "LogL": null, "testCalc": 5.959661623867063, "extTest": {"res1": 26.349174296730965, "res2": 694.2789861195077}}, "Point T5-431-07082019113441-GenNb7": {"Lambda": 0.37087021118542074, "Kappa": 0.7027924520000001, "tanBeta": 4.491963398035232, "mBottom": 4.402124130074527, "ChiSquared": null, "LogL": null, "testCalc": 5.495524749381415, "extTest": {"res1": 34.943833040399724, "res2": 1221.0714675553315}}, "Point T5-975-07082019113435-GenNb5": {"Lambda": 0.6633128131614303, "Kappa": 0.4004778634001414, "tanBeta": 4.4297090950675395, "mBottom": 4.341114913166189, "ChiSquared": null, "LogL": null, "testCalc": 4.3845417785640475, "extTest": {"res1": -62.76676436005516, "res2": 3939.666708230691}}, "Point T5-817-07082019113438-GenNb6": {"Lambda": 0.0862, "Kappa": 0.29559199999999997, "tanBeta": 5.809180687872047, "mBottom": 5.692997074114606, "ChiSquared": null, "LogL": null, "testCalc": 4.571076314946777, "extTest": {"res1": -54.193290623197626, "res2": 2936.91274857036}}, "Point T5-968-07082019113432-GenNb4": {"Lambda": 0.9100967312406907, "Kappa": 0.10667784612910626, "tanBeta": 3.695329063935948, "mBottom": 3.621422482657229, "ChiSquared": null, "LogL": null, "testCalc": 3.0331970468225777, "extTest": {"res1": -17.58201089175072, "res2": 309.12710699764096}}, "Point T5-374-07082019113442-GenNb7": {"Lambda": 0.7058737999081551, "Kappa": 0.9956, "tanBeta": 2.6143565896320764, "mBottom": 2.562069457839435, "ChiSquared": null, "LogL": null, "testCalc": 4.382145970954191, "extTest": {"res1": 4.73103495849363, "res2": 22.382691778488827}}, "Point T5-152-07082019113442-GenNb7": {"Lambda": 0.7654145880354271, "Kappa": 0.3233727803874451, "tanBeta": 2.180851432672692, "mBottom": 2.137234404019238, "ChiSquared": null, "LogL": null, "testCalc": 2.359704684982373, "extTest": {"res1": -2.8830003727883984, "res2": 8.311691149498044}}, "Point T5-370-07082019113436-GenNb5": {"Lambda": 0.8481, "Kappa": 0.7908540000000001, "tanBeta": 6.68119267604213, "mBottom": 6.547568822521288, "ChiSquared": null, "LogL": null, "testCalc": 9.276905973879266, "extTest": {"res1": -64.3105453720355, "res2": 4135.846246048637}}}