{"Point T7-611-07082019113440-GenNb7": {"Lambda": 0.1402659602631929, "Kappa": 0.21258322160213428, "tanBeta": 19.700873183201406, "mBottom": 19.306855719537378, "ChiSquared": null, "LogL": null, "testCalc": 13.861177489037292, "extTest": {"res1": 284.8749908483969, "res2": 81153.76041087422}}, "Point T7-807-07082019113435-GenNb5": {"Lambda": 0.2763, "Kappa": -0.10886400000000002, "tanBeta": 17.517524921599993, "mBottom": 17.167174423167992, "ChiSquared": null, "LogL": null, "testCalc": 6.752901068518934, "extTest": {"res1": -151.42712690712415, "res2": 22930.174763346284}}, "Point T7-541-07082019113445-GenNb8": {"Lambda": 0.6859, "Kappa": 0.27952116, "tanBeta": 12.389823929836467, "mBottom": 12.142027451239738, "ChiSquared": null, "LogL": null, "testCalc": 10.004690492683517, "extTest": {"res1": 539.6293522372681, "res2": 291199.83779601357}}, "Point T7-572-07082019113441-GenNb7": {"Lambda": 0.6990756657561896, "Kappa": 0.8187873787938477, "tanBeta": 14.27343829209606, "mBottom": 13.987969526254139, "ChiSquared": null, "LogL": null, "testCalc": 19.169602675140595, "extTest": {"res1": 362.28922418584864, "res2": 131253.4819611841}}, "Point T7-382-07082019113433-GenNb4": {"Lambda": 0.7820885307680768, "Kappa": 0.3948, "tanBeta": 16.29000762074597, "mBottom": 15.964207468331052, "ChiSquared": null, "LogL": null, "testCalc": 15.025061212795006, "extTest": {"res1": 169.51117885971777, "res2": 28734.03975841123}}, "Point T7-328-07082019113435-GenNb5": {"Lambda": 0.7907566743532928, "Kappa": 0.5173, "tanBeta": 17.513276378050158, "mBottom": 17.163010850489155, "ChiSquared": null, "LogL": null, "testCalc": 18.2664194136442, "extTest": {"res1": -335.89617901776825, "res2": 112826.24307873662}}, "Point T7-789-07082019113433-GenNb4": {"Lambda": 0.6555674795961359, "Kappa": 0.2241679656, "tanBeta": 21.61238668544439, "mBottom": 21.1801389517355, "ChiSquared": null, "LogL": null, "testCalc": 15.864642951208378, "extTest": {"res1": -1712.0463634181233, "res2": 2931102.7504932205}}, "Point T7-606-07082019113436-GenNb5": {"Lambda": 1.0324050673015266, "Kappa": 0.425864857296, "tanBeta": 18.265663482537295, "mBottom": 17.90035021288655, "ChiSquared": null, "LogL": null, "testCalc": 17.79473950184065, "extTest": {"res1": 115.55585105215309, "res2": 13353.15471238739}}, "Point T7-989-07082019113446-GenNb8": {"Lambda": 0.8547523028855418, "Kappa": 1.139402757621866, "tanBeta": 22.891797795838723, "mBottom": 22.43396183992195, "ChiSquared": null, "LogL": null, "testCalc": 38.030559954749904, "extTest": {"res1": -1211.552399246999, "res2": 1467859.2161211595}}, "Point T7-657-07082019113443-GenNb7": {"Lambda": 0.46851087761497706, "Kappa": 0.5686164467416297, "tanBeta": 16.277730112997165, "mBottom": 15.952175510737222, "ChiSquared": null, "LogL": null, "testCalc": 17.451375255683843, "extTest": {"res1": 316.4650026699161, "res2": 100150.09791487}}, "Point T7-77-07082019113437-GenNb5": {"Lambda": 1.0067916867076905, "Kappa": 0.6254323144568621, "tanBeta": 23.7044969162196, "mBottom": 23.230406977895207, "ChiSquared": null, "LogL": null, "testCalc": 27.454391358718095, "extTest": {"res1": -450.81770829456246, "res2": 203236.6061119612}}, "Point T7-89-07082019113444-GenNb7": {"Lambda": 0.37067517055577326, "Kappa": -0.05952767242209031, "tanBeta": 22.30380259733989, "mBottom": 21.857726545393092, "ChiSquared": null, "LogL": null, "testCalc": 9.738569899981682, "extTest": {"res1": 517.8612780807767, "res2": 268180.3033354556}}}