{"Point T1-912-23072019104203-GenNb1": {"Lambda": 0.5055, "Kappa": 0.2272, "tanBeta": 19.0359, "mBottom": 18.655182, "ChiSquared": null, "testCalc": 13.90807773, "extTest": {"res1": 1365.5381830035783, "res2": 1864694.5292407142}},"Point T1-892-23072019104205-GenNb3": {"Lambda": 0.2188, "Kappa": 0.0633, "tanBeta": 13.4364, "mBottom": 13.167672000000001, "ChiSquared": null, "testCalc": 7.482233560000001, "extTest": {"res1": -220.53307063242903, "res2": 48634.83524256793}},"Point T1-952-23072019104206-GenNb4": {"Lambda": 0.5055, "Kappa": 0.2272, "tanBeta": 14.914450000000002, "mBottom": 14.616161000000002, "ChiSquared": null, "testCalc": 10.952173790000002, "extTest": {"res1": -495.1624325305901, "res2": 245185.8345896112}},"Point T1-405-23072019104208-GenNb6": {"Lambda": -0.1498, "Kappa": 0.42549999999999993, "tanBeta": 10.02535, "mBottom": 9.824843, "ChiSquared": null, "testCalc": 9.200647964999998, "extTest": {"res1": -144.93282308952033, "res2": 21005.523208698196}},"Point T1-567-23072019104211-GenNb7": {"Lambda": 0.9228, "Kappa": 0.3443, "tanBeta": 13.208925, "mBottom": 12.9447465, "ChiSquared": null, "testCalc": 11.8717659675, "extTest": {"res1": -179.85834808695395, "res2": 32349.025376567894}},"Point T1-449-23072019104212-GenNb9": {"Lambda": 0.5055, "Kappa": 0.2272, "tanBeta": 12.5836375, "mBottom": 12.33196475, "ChiSquared": null, "testCalc": 9.280515065, "extTest": {"res1": -1078.104185868316, "res2": 1162308.6355867847}},"Point T1-152-23072019104213-GenNb9": {"Lambda": 0.9228, "Kappa": 0.3443, "tanBeta": 12.469899999999999, "mBottom": 12.220502, "ChiSquared": null, "testCalc": 11.255197410000001, "extTest": {"res1": -101.72822650899826, "res2": 10348.632068666057}},"Point T1-73-23072019104214-GenNb10": {"Lambda": 0.5055, "Kappa": 0.2272, "tanBeta": 9.96848125, "mBottom": 9.769111624999999, "ChiSquared": null, "testCalc": 7.404925002499999, "extTest": {"res1": -457.8793977981426, "res2": 209653.5429279897}},"Point T1-171-23072019104214-GenNb11": {"Lambda": 0.2188, "Kappa": 0.0633, "tanBeta": 8.74620625, "mBottom": 8.571282125, "ChiSquared": null, "testCalc": 4.887149358125, "extTest": {"res1": 43.36460245063675, "res2": 1880.488745701771}},"Point T1-445-23072019104216-GenNb12": {"Lambda": 0.54645, "Kappa": 0.2272, "tanBeta": 8.717771875, "mBottom": 8.5434164375, "ChiSquared": null, "testCalc": 6.55099359125, "extTest": {"res1": -103.11528016036824, "res2": 10632.761002551233}},"Point T1-809-23072019104217-GenNb13": {"Lambda": 0.9228, "Kappa": 0.3443, "tanBeta": 10.0395671875, "mBottom": 9.83877584375, "ChiSquared": null, "testCalc": 9.22757074453125, "extTest": {"res1": -134.98901404961202, "res2": 18222.03391408635}},"Point T1-463-23072019104218-GenNb14": {"Lambda": -0.1498, "Kappa": 0.42549999999999993, "tanBeta": 8.08530859375, "mBottom": 7.923602421875, "ChiSquared": null, "testCalc": 7.424540057578124, "extTest": {"res1": 38.68647947474765, "res2": 1496.6436941500713}},"Point T1-25-23072019104220-GenNb15": {"Lambda": 0.9228, "Kappa": 0.566, "tanBeta": 8.731989062499999, "mBottom": 8.557349281249998, "ChiSquared": null, "testCalc": 10.072540289999997, "extTest": {"res1": -306.6256190463824, "res2": 94019.27025557721}},"Point T1-958-23072019104220-GenNb16": {"Lambda": 0.2188, "Kappa": 0.0633, "tanBeta": 8.415757421874998, "mBottom": 8.247442273437498, "ChiSquared": null, "testCalc": 4.704312021523436, "extTest": {"res1": 63.69294625800599, "res2": 4056.791403025239}},"Point T1-458-23072019104222-GenNb17": {"Lambda": 0.9228, "Kappa": 0.566, "tanBeta": 7.934301367187499, "mBottom": 7.775615339843749, "ChiSquared": null, "testCalc": 9.230182083749998, "extTest": {"res1": 4.073951903549492, "res2": 16.59708411243453}},"Point T1-550-23072019104222-GenNb18": {"Lambda": 0.03837499999999999, "Kappa": 0.0633, "tanBeta": 7.6935733398437485, "mBottom": 7.539701873046873, "ChiSquared": null, "testCalc": 4.258326769560545, "extTest": {"res1": 110.2917147334125, "res2": 12164.26233883644}},"Point T1-960-23072019104225-GenNb20": {"Lambda": 0.9228, "Kappa": 0.566, "tanBeta": 7.301838085937497, "mBottom": 7.155801324218747, "ChiSquared": null, "testCalc": 8.562300858749996, "extTest": {"res1": -29.903731827967935, "res2": 894.2331772390224}},"Point T1-931-23072019104225-GenNb21": {"Lambda": 1.270925, "Kappa": 0.42549999999999993, "tanBeta": 7.6180697265624975, "mBottom": 7.465708332031247, "ChiSquared": null, "testCalc": 8.589593190292966, "extTest": {"res1": 45.42426434888331, "res2": 2063.3637916372313}},"Point T1-150-23072019104226-GenNb22": {"Lambda": 0.03837499999999999, "Kappa": 0.6651499999999999, "tanBeta": 6.751987011718746, "mBottom": 6.616947271484371, "ChiSquared": null, "testCalc": 7.801030437211908, "extTest": {"res1": -143.96038829775023, "res2": 20724.59339883902}},"Point T1-266-23072019104229-GenNb25": {"Lambda": 1.270925, "Kappa": 0.42549999999999993, "tanBeta": 6.202135937499994, "mBottom": 6.078093218749994, "ChiSquared": null, "testCalc": 7.293305806406244, "extTest": {"res1": -44.860484450051125, "res2": 2012.4630650932788}},"Point T1-748-23072019104229-GenNb25": {"Lambda": 0.54645, "Kappa": 0.2272, "tanBeta": 8.326036621093749, "mBottom": 8.159515888671875, "ChiSquared": null, "testCalc": 6.270041067148437, "extTest": {"res1": -48.28306202166046, "res2": 2331.254078187511}},"Point T1-132-23072019104233-GenNb28": {"Lambda": 0.03837499999999999, "Kappa": 0.6651499999999999, "tanBeta": 6.202135937499994, "mBottom": 6.078093218749994, "ChiSquared": null, "testCalc": 7.165869968828117, "extTest": {"res1": -66.65794487263616, "res2": 4443.281614643402}},"Point T1-169-23072019104234-GenNb29": {"Lambda": 0.54645, "Kappa": 0.2272, "tanBeta": 7.301838085937497, "mBottom": 7.155801324218747, "ChiSquared": null, "testCalc": 5.535485877734374, "extTest": {"res1": -160.1629971928627, "res2": 25652.185669800943}},"Point T1-817-23072019104236-GenNb31": {"Lambda": 0.54645, "Kappa": 0.8345499999999999, "tanBeta": 6.202135937499994, "mBottom": 6.078093218749994, "ChiSquared": null, "testCalc": 8.513646758515616, "extTest": {"res1": -274.61265656651483, "res2": 75412.11114651863}},"Point T1-699-23072019104237-GenNb32": {"Lambda": 0.03837499999999999, "Kappa": 0.6651499999999999, "tanBeta": 5.652284863281243, "mBottom": 5.5392391660156175, "ChiSquared": null, "testCalc": 6.530709500444327, "extTest": {"res1": 34.24213988864663, "res2": 1172.5241441536448}},"Point T1-302-23072019104240-GenNb34": {"Lambda": 0.9228, "Kappa": 0.566, "tanBeta": 5.652284863281243, "mBottom": 5.5392391660156175, "ChiSquared": null, "testCalc": 6.8203726556249915, "extTest": {"res1": -42.60674757885654, "res2": 1815.3349392483979}},"Point T1-106-23072019104240-GenNb35": {"Lambda": 1.270925, "Kappa": 0.42549999999999993, "tanBeta": 5.927210400390619, "mBottom": 5.808666192382806, "ChiSquared": null, "testCalc": 7.041611477182611, "extTest": {"res1": 24.625345333492263, "res2": 606.4076327937491}},"Point T1-345-23072019104242-GenNb36": {"Lambda": 1.270925, "Kappa": 0.42549999999999993, "tanBeta": 5.377359326171867, "mBottom": 5.269812139648429, "ChiSquared": null, "testCalc": 6.538222818735343, "extTest": {"res1": 167.93672703793064, "res2": 28202.744288212423}},"Point T1-198-23072019104242-GenNb36": {"Lambda": 0.54645, "Kappa": 0.6507, "tanBeta": 5.927210400390619, "mBottom": 5.808666192382806, "ChiSquared": null, "testCalc": 7.059776506225578, "extTest": {"res1": 181.5084516160873, "res2": 32945.31800806951}}}