{"Point T0-459-23072019104202-GenNb0": {"Lambda": 0.5289, "Kappa": 0.1198, "tanBeta": 13.458, "mBottom": 13.18884, "ChiSquared": null, "testCalc": 8.486423610000001, "extTest": {"res1": -113.31954986152186, "res2": 12841.32038081794}},"Point T0-761-23072019104205-GenNb3": {"Lambda": 0.3236, "Kappa": 0.8286, "tanBeta": 9.386800000000001, "mBottom": 9.199064, "ChiSquared": null, "testCalc": 12.48215144, "extTest": {"res1": 1712.265644808211, "res2": 2931853.638390478}},"Point T0-476-23072019104205-GenNb3": {"Lambda": 0.0054, "Kappa": 0.318, "tanBeta": 13.458, "mBottom": 13.18884, "ChiSquared": null, "testCalc": 10.874093160000001, "extTest": {"res1": -221.03633489610016, "res2": 48857.06134430094}},"Point T0-467-23072019104205-GenNb3": {"Lambda": 0.6646, "Kappa": 0.5593, "tanBeta": 9.9817, "mBottom": 9.782066, "ChiSquared": null, "testCalc": 10.91549097, "extTest": {"res1": -725.6394306466204, "res2": 526552.5833091515}},"Point T0-630-23072019104205-GenNb3": {"Lambda": 0.5289, "Kappa": 0.1198, "tanBeta": 9.9817, "mBottom": 9.782066, "ChiSquared": null, "testCalc": 6.36657587, "extTest": {"res1": 84.5299547172315, "res2": 7145.313244497209}},"Point T0-447-23072019104206-GenNb4": {"Lambda": 0.0054, "Kappa": -0.014849999999999988, "tanBeta": 10.27915, "mBottom": 10.073566999999999, "ChiSquared": null, "testCalc": 4.8841672825, "extTest": {"res1": 52.34935200216226, "res2": 2740.45465504629}},"Point T0-451-23072019104206-GenNb4": {"Lambda": 0.6646, "Kappa": 0.5593, "tanBeta": 9.386800000000001, "mBottom": 9.199064, "ChiSquared": null, "testCalc": 10.2912624, "extTest": {"res1": -196.56472771885288, "res2": 38637.692183186766}},"Point T0-19-23072019104206-GenNb4": {"Lambda": 0.92635, "Kappa": 0.1198, "tanBeta": 8.243549999999999, "mBottom": 8.078679, "ChiSquared": null, "testCalc": 5.8850411125, "extTest": {"res1": 40.13278016400571, "res2": 1610.64004369241}},"Point T0-733-23072019104207-GenNb5": {"Lambda": 0.6646, "Kappa": 0.5593, "tanBeta": 8.689725, "mBottom": 8.5159305, "ChiSquared": null, "testCalc": 9.5598216025, "extTest": {"res1": 75.36072440787079, "res2": 5679.238783279053}},"Point T0-472-23072019104208-GenNb6": {"Lambda": 0.3236, "Kappa": 0.8286, "tanBeta": 7.448837499999999, "mBottom": 7.299860749999999, "ChiSquared": null, "testCalc": 9.926754087499999, "extTest": {"res1": -79.76721120835839, "res2": 6362.807983958856}},"Point T0-41-23072019104208-GenNb6": {"Lambda": 0.0054, "Kappa": -0.014849999999999988, "tanBeta": 8.5920875, "mBottom": 8.42024575, "ChiSquared": null, "testCalc": 4.082559535625, "extTest": {"res1": 46.72023292639784, "res2": 2182.780164696869}},"Point T0-749-23072019104214-GenNb12": {"Lambda": 0.36322499999999996, "Kappa": -0.014849999999999988, "tanBeta": 8.29236875, "mBottom": 8.126521375, "ChiSquared": null, "testCalc": 4.072051412187499, "extTest": {"res1": 63.65323500271252, "res2": 4051.7343263105463}},"Point T0-415-23072019104215-GenNb13": {"Lambda": 0.6447875, "Kappa": 0.5593, "tanBeta": 8.267959374999998, "mBottom": 8.102600187499998, "ChiSquared": null, "testCalc": 9.091320692343748, "extTest": {"res1": -32.07255015362589, "res2": 1028.6484733568482}},"Point T0-127-23072019104216-GenNb15": {"Lambda": 0.3236, "Kappa": 0.8286, "tanBeta": 7.436632812499998, "mBottom": 7.287900156249998, "ChiSquared": null, "testCalc": 9.910660986562497, "extTest": {"res1": 1781.1029658254085, "res2": 3172327.7748720665}},"Point T0-298-23072019104217-GenNb15": {"Lambda": 0.6447875, "Kappa": 0.5593, "tanBeta": 8.231345312499998, "mBottom": 8.066718406249999, "ChiSquared": null, "testCalc": 9.0529015565625, "extTest": {"res1": -52.481904000567354, "res2": 2754.350247524768}},"Point T0-92-23072019104218-GenNb17": {"Lambda": 0.36322499999999996, "Kappa": -0.014849999999999988, "tanBeta": 7.827886718749998, "mBottom": 7.671328984374997, "ChiSquared": null, "testCalc": 3.8513527750390613, "extTest": {"res1": -930.9580400379294, "res2": 866682.872311263}},"Point T0-266-23072019104222-GenNb20": {"Lambda": 0.6447875, "Kappa": 0.5593, "tanBeta": 7.228801171874998, "mBottom": 7.084225148437498, "ChiSquared": null, "testCalc": 8.000931989804686, "extTest": {"res1": 78.35437276906214, "res2": 6139.407732033146}},"Point T0-266-23072019104224-GenNb22": {"Lambda": 0.36322499999999996, "Kappa": -0.014849999999999988, "tanBeta": 6.825342578124998, "mBottom": 6.688835726562497, "ChiSquared": null, "testCalc": 3.374993926621092, "extTest": {"res1": -147.933121921742, "res2": 21884.208561512987}},"Point T0-928-23072019104224-GenNb22": {"Lambda": 0.6447875, "Kappa": 0.5593, "tanBeta": 6.929258398437497, "mBottom": 6.790673230468747, "ChiSquared": null, "testCalc": 7.686621757636716, "extTest": {"res1": -50.80563945759984, "res2": 2581.2130006956254}},"Point T0-317-23072019104225-GenNb23": {"Lambda": 0.52381875, "Kappa": -0.14949999999999997, "tanBeta": 6.5716553710937475, "mBottom": 6.440222263671872, "ChiSquared": null, "testCalc": 2.512034736708984, "extTest": {"res1": 126.6509986849227, "res2": 16040.475467888291}},"Point T0-544-23072019104228-GenNb25": {"Lambda": 0.52381875, "Kappa": -0.14949999999999997, "tanBeta": 6.525799804687496, "mBottom": 6.395283808593747, "ChiSquared": null, "testCalc": 2.496420916347655, "extTest": {"res1": -50.33896620412395, "res2": 2534.011518499933}},"Point T0-463-23072019104228-GenNb25": {"Lambda": 0.6447875, "Kappa": 0.42465, "tanBeta": 6.093311083984371, "mBottom": 5.971444862304684, "ChiSquared": null, "testCalc": 5.988997903122556, "extTest": {"res1": -26.768009972058334, "res2": 716.5263578642143}},"Point T0-598-23072019104230-GenNb27": {"Lambda": 0.3236, "Kappa": 0.8286, "tanBeta": 6.1223412109374955, "mBottom": 5.999894386718745, "ChiSquared": null, "testCalc": 8.177636080742182, "extTest": {"res1": 23.845862922368173, "res2": 568.6251785123732}},"Point T0-727-23072019104231-GenNb27": {"Lambda": 0.6447875, "Kappa": 0.42465, "tanBeta": 5.854138940429683, "mBottom": 5.73705616162109, "ChiSquared": null, "testCalc": 5.77023910202026, "extTest": {"res1": 149.13188409629095, "res2": 22240.318854109555}},"Point T0-459-23072019104237-GenNb32": {"Lambda": 0.384084375, "Kappa": -0.14949999999999997, "tanBeta": 5.786510778808589, "mBottom": 5.670780563232417, "ChiSquared": null, "testCalc": 2.117827727303465, "extTest": {"res1": 34.92282506661501, "res2": 1219.6037106333938}},"Point T0-948-23072019104237-GenNb32": {"Lambda": 0.92635, "Kappa": 0.1198, "tanBeta": 6.659900939941402, "mBottom": 6.526702921142574, "ChiSquared": null, "testCalc": 4.919331915676267, "extTest": {"res1": 29.985807691311155, "res2": 899.1486629002952}},"Point T0-73-23072019104238-GenNb33": {"Lambda": 0.92635, "Kappa": 0.1198, "tanBeta": 5.68622372436523, "mBottom": 5.572499249877925, "ChiSquared": null, "testCalc": 4.325583549617917, "extTest": {"res1": 26.110984676415363, "res2": 681.7835207719979}},"Point T0-737-23072019104239-GenNb34": {"Lambda": 0.3236, "Kappa": 0.8286, "tanBeta": 5.552122589111324, "mBottom": 5.441080137329098, "ChiSquared": null, "testCalc": 7.425745806002192, "extTest": {"res1": -54.55264501073916, "res2": 2975.9910776677243}}}